NAME	DESCRIPTION	1	2	3	4	5	6	7
AL627309.1	na	0.0	0.0	0.0	0.0	0.0	0.0	0.0
AL669831.5	na	0.0	0.0	0.0	0.0	0.0	0.0	0.0
LINC00115	na	0.0	0.0	0.0	0.0	0.0	0.0	0.0
FAM41C	na	0.0	0.0	0.0	0.0	0.0	0.0	0.0
AL645608.1	na	0.0	0.0	0.0	0.0	0.0	0.0	0.0
SAMD11	na	0.0	0.0	0.0	0.0	0.0	0.0	0.0
NOC2L	na	0.0	0.0	0.0	0.0	0.0	0.0	0.0
KLHL17	na	0.0	0.0	0.0	0.0	0.0	0.0	0.0
PLEKHN1	na	0.0	0.0	0.0	0.0	0.0	0.0	0.0
PERM1	na	0.0	0.0	0.0	0.0	0.0	0.0	0.0
AL645608.8	na	0.0	0.0	0.0	0.0	0.0	0.0	0.0
HES4	na	0.0	0.0	0.0	0.0	0.0	0.0	0.0
ISG15	na	0.2643733780337433	0.6905375908005633	0.09507386723918491	0.027091394926158318	0.19467701499502915	0.6229459911121902	0.6517452178648133
AGRN	na	0.05022758072709406	0.0609458010873289	0.06652125489979151	0.05588158368178861	0.05682045935380209	0.07591223936188364	0.10157737748956128
RNF223	na	0.0	0.0	0.0	0.0	0.0	0.0	0.0
C1orf159	na	0.0	0.0	0.0	0.0	0.0	0.0	0.0
AL390719.2	na	0.0	0.0	0.0	0.0	0.0	0.0	0.0
TNFRSF18	na	0.0	0.0	0.0	0.0	0.0	0.0	0.0
TNFRSF4	na	0.0	0.0	0.0	0.0	0.0	0.0	0.0
SDF4	na	0.03651655294104293	0.0627725008510311	0.060898325615706995	0.040159883173986125	0.04715508103389475	0.07273571255305604	0.08997837357929178
B3GALT6	na	0.0	0.0	0.0	0.0	0.0	0.0	0.0
C1QTNF12	na	0.0	0.0	0.0	0.0	0.0	0.0	0.0
UBE2J2	na	0.0	0.0	0.0	0.0	0.0	0.0	0.0
SCNN1D	na	0.0	0.0	0.0	0.0	0.0	0.0	0.0
ACAP3	na	0.0	0.0	0.0	0.0	0.0	0.0	0.0
PUSL1	na	0.0	0.0	0.0	0.0	0.0	0.0	0.0
INTS11	na	0.0	0.0	0.0	0.0	0.0	0.0	0.0
CPTP	na	0.0	0.0	0.0	0.0	0.0	0.0	0.0
TAS1R3	na	0.0	0.0	0.0	0.0	0.0	0.0	0.0
DVL1	na	0.0	0.0	0.0	0.0	0.0	0.0	0.0
MXRA8	na	0.0	0.0	0.0	0.0	0.0	0.0	0.0
AURKAIP1	na	0.10928555009020646	0.22267161958151072	0.05769154912006028	0.0818076250923222	0.09319399994817788	0.17443949263923786	0.21240671780236475
CCNL2	na	0.05067846713495148	0.05307469649056712	0.04869071681009546	0.04806893745260773	0.044214533423624865	0.06239177625542136	0.07500498727342365
MRPL20	na	0.07153831142907023	0.14111478053109197	0.04874702796567798	0.07498301942142326	0.06545350619117557	0.11616470702834991	0.1246676598379193
AL391244.3	na	0.0	0.0	0.0	0.0	0.0	0.0	0.0
ANKRD65	na	0.0	0.0	0.0	0.0	0.0	0.0	0.0
VWA1	na	0.0	0.0	0.0	0.0	0.0	0.0	0.0
ATAD3C	na	0.0	0.0	0.0	0.0	0.0	0.0	0.0
ATAD3B	na	0.0	0.0	0.0	0.0	0.0	0.0	0.0
ATAD3A	na	0.0	0.0	0.0	0.0	0.0	0.0	0.0
SSU72	na	0.056980793314085086	0.09032616247399268	0.060833878841513735	0.05226556241468631	0.05620194356645443	0.1067868963703262	0.11008058028877601
FNDC10	na	0.0	0.0	0.0	0.0	0.0	0.0	0.0
AL691432.2	na	0.0	0.0	0.0	0.0	0.0	0.0	0.0
MIB2	na	0.0	0.0	0.0	0.0	0.0	0.0	0.0
MMP23B	na	0.0	0.0	0.0	0.0	0.0	0.0	0.0
CDK11B	na	0.0	0.0	0.0	0.0	0.0	0.0	0.0
SLC35E2B	na	0.0	0.0	0.0	0.0	0.0	0.0	0.0
CDK11A	na	0.0	0.0	0.0	0.0	0.0	0.0	0.0
SLC35E2A	na	0.0	0.0	0.0	0.0	0.0	0.0	0.0
NADK	na	0.0	0.0	0.0	0.0	0.0	0.0	0.0
GNB1	na	0.075346168504092	0.15258765675952696	0.05151247769730893	0.0627108526650662	0.07206362350095144	0.13709882089034442	0.1599436089137826
TMEM52	na	0.0	0.0	0.0	0.0	0.0	0.0	0.0
GABRD	na	0.0	0.0	0.0	0.0	0.0	0.0	0.0
PRKCZ	na	0.0	0.0	0.0	0.0	0.0	0.0	0.0
FAAP20	na	0.04401930285012177	0.07944235341726437	0.046086256775943545	0.03638391795084233	0.04793511546965041	0.08303932429354649	0.09103927223649122
SKI	na	0.0	0.0	0.0	0.0	0.0	0.0	0.0
MORN1	na	0.0	0.0	0.0	0.0	0.0	0.0	0.0
RER1	na	0.05154287559436516	0.12035124408282698	0.0458646944492763	0.05968256874583072	0.059613928017389586	0.0964492158347245	0.10813373483182967
PEX10	na	0.0	0.0	0.0	0.0	0.0	0.0	0.0
PLCH2	na	0.0	0.0	0.0	0.0	0.0	0.0	0.0
PANK4	na	0.0	0.0	0.0	0.0	0.0	0.0	0.0
AL139246.5	na	0.0	0.0	0.0	0.0	0.0	0.0	0.0
TNFRSF14	na	0.0	0.0	0.0	0.0	0.0	0.0	0.0
FAM213B	na	0.0	0.0	0.0	0.0	0.0	0.0	0.0
MMEL1	na	0.0	0.0	0.0	0.0	0.0	0.0	0.0
LINC00982	na	0.0	0.0	0.0	0.0	0.0	0.0	0.0
PRDM16	na	0.0	0.0	0.0	0.0	0.0	0.0	0.0
ARHGEF16	na	0.0	0.0	0.0	0.0	0.0	0.0	0.0
MEGF6	na	0.0	0.0	0.0	0.0	0.0	0.0	0.0
TPRG1L	na	0.0	0.0	0.0	0.0	0.0	0.0	0.0
WRAP73	na	0.0	0.0	0.0	0.0	0.0	0.0	0.0
TP73	na	0.0	0.0	0.0	0.0	0.0	0.0	0.0
SMIM1	na	0.0	0.0	0.0	0.0	0.0	0.0	0.0
LRRC47	na	0.0	0.0	0.0	0.0	0.0	0.0	0.0
CEP104	na	0.0	0.0	0.0	0.0	0.0	0.0	0.0
DFFB	na	0.0	0.0	0.0	0.0	0.0	0.0	0.0
C1orf174	na	0.0	0.0	0.0	0.0	0.0	0.0	0.0
NPHP4	na	0.0	0.0	0.0	0.0	0.0	0.0	0.0
KCNAB2	na	0.0	0.0	0.0	0.0	0.0	0.0	0.0
RPL22	na	0.48338295498061673	1.1052314482582448	0.03476775027045199	0.2311235152002948	0.2968632546606382	0.8313411827883359	0.8931657537071962
RNF207	na	0.0	0.0	0.0	0.0	0.0	0.0	0.0
ICMT	na	0.0	0.0	0.0	0.0	0.0	0.0	0.0
GPR153	na	0.0	0.0	0.0	0.0	0.0	0.0	0.0
ACOT7	na	0.0	0.0	0.0	0.0	0.0	0.0	0.0
HES2	na	0.0	0.0	0.0	0.0	0.0	0.0	0.0
ESPN	na	0.0	0.0	0.0	0.0	0.0	0.0	0.0
TNFRSF25	na	0.0	0.0	0.0	0.0	0.0	0.0	0.0
PLEKHG5	na	0.0	0.0	0.0	0.0	0.0	0.0	0.0
NOL9	na	0.0	0.0	0.0	0.0	0.0	0.0	0.0
ZBTB48	na	0.0	0.0	0.0	0.0	0.0	0.0	0.0
KLHL21	na	0.0	0.0	0.0	0.0	0.0	0.0	0.0
PHF13	na	0.0	0.0	0.0	0.0	0.0	0.0	0.0
THAP3	na	0.0	0.0	0.0	0.0	0.0	0.0	0.0
DNAJC11	na	0.0	0.0	0.0	0.0	0.0	0.0	0.0
CAMTA1	na	0.0	0.0	0.0	0.0	0.0	0.0	0.0
VAMP3	na	0.0	0.0	0.0	0.0	0.0	0.0	0.0
PER3	na	0.0	0.0	0.0	0.0	0.0	0.0	0.0
PARK7	na	0.15671445184317476	0.31372272132446466	0.0622096526694352	0.05439972418502744	0.10488860308540471	0.24781387946081346	0.27242949738324934
ERRFI1	na	0.0	0.0	0.0	0.0	0.0	0.0	0.0
RERE	na	0.0	0.0	0.0	0.0	0.0	0.0	0.0
ENO1	na	0.14705312066452525	0.3268657726693595	0.021855365579073537	0.11504823671976121	0.12229035550565619	0.31193995159886806	0.2816413039319402
SLC2A5	na	0.0	0.0	0.0	0.0	0.0	0.0	0.0
GPR157	na	0.0	0.0	0.0	0.0	0.0	0.0	0.0
MIR34AHG	na	0.0	0.0	0.0	0.0	0.0	0.0	0.0
H6PD	na	0.0	0.0	0.0	0.0	0.0	0.0	0.0
SPSB1	na	0.0	0.0	0.0	0.0	0.0	0.0	0.0
SLC25A33	na	0.0	0.0	0.0	0.0	0.0	0.0	0.0
TMEM201	na	0.0	0.0	0.0	0.0	0.0	0.0	0.0
PIK3CD	na	0.0	0.0	0.0	0.0	0.0	0.0	0.0
PIK3CD-AS2	na	0.0	0.0	0.0	0.0	0.0	0.0	0.0
CLSTN1	na	0.060809910165656206	0.08501807000023649	0.06277025438526736	0.0429067037269333	0.055873843433055764	0.09144045171838733	0.10458088649694727
CTNNBIP1	na	0.0	0.0	0.0	0.0	0.0	0.0	0.0
LZIC	na	0.0	0.0	0.0	0.0	0.0	0.0	0.0
NMNAT1	na	0.0	0.0	0.0	0.0	0.0	0.0	0.0
RBP7	na	0.0	0.0	0.0	0.0	0.0	0.0	0.0
UBE4B	na	0.0	0.0	0.0	0.0	0.0	0.0	0.0
KIF1B	na	0.0	0.0	0.0	0.0	0.0	0.0	0.0
PGD	na	0.04237727614486119	0.06844569067266516	0.04560655939440259	0.049315168902887674	0.049323356556579115	0.06918070149552472	0.08694545877024762
CENPS	na	0.0	0.0	0.0	0.0	0.0	0.0	0.0
DFFA	na	0.0	0.0	0.0	0.0	0.0	0.0	0.0
PEX14	na	0.0	0.0	0.0	0.0	0.0	0.0	0.0
CASZ1	na	0.0	0.0	0.0	0.0	0.0	0.0	0.0
C1orf127	na	0.0	0.0	0.0	0.0	0.0	0.0	0.0
TARDBP	na	0.058807822233756	0.06487915206526354	0.05434114669689044	0.05504666342583257	0.05271001538640138	0.078410086246051	0.09324955995656202
SRM	na	0.04931082655102488	0.07617422227331237	0.04723692071510969	0.042143961409491365	0.04541815381093757	0.05959499267042514	0.07389127079724052
EXOSC10	na	0.0	0.0	0.0	0.0	0.0	0.0	0.0
AL109811.2	na	0.0	0.0	0.0	0.0	0.0	0.0	0.0
MTOR	na	0.0	0.0	0.0	0.0	0.0	0.0	0.0
UBIAD1	na	0.0	0.0	0.0	0.0	0.0	0.0	0.0
DISP3	na	0.0	0.0	0.0	0.0	0.0	0.0	0.0
FBXO2	na	0.0	0.0	0.0	0.0	0.0	0.0	0.0
FBXO44	na	0.0	0.0	0.0	0.0	0.0	0.0	0.0
FBXO6	na	0.0	0.0	0.0	0.0	0.0	0.0	0.0
MAD2L2	na	0.0	0.0	0.0	0.0	0.0	0.0	0.0
AGTRAP	na	0.05574028007427664	0.08476426331274398	0.04093385517827828	0.048703321228182266	0.04816008996041955	0.07323407754573019	0.08328302468849044
C1orf167	na	0.0	0.0	0.0	0.0	0.0	0.0	0.0
MTHFR	na	0.0	0.0	0.0	0.0	0.0	0.0	0.0
CLCN6	na	0.0	0.0	0.0	0.0	0.0	0.0	0.0
KIAA2013	na	0.0	0.0	0.0	0.0	0.0	0.0	0.0
PLOD1	na	0.0	0.0	0.0	0.0	0.0	0.0	0.0
MFN2	na	0.0	0.0	0.0	0.0	0.0	0.0	0.0
MIIP	na	0.0	0.0	0.0	0.0	0.0	0.0	0.0
TNFRSF1B	na	0.0	0.0	0.0	0.0	0.0	0.0	0.0
VPS13D	na	0.0	0.0	0.0	0.0	0.0	0.0	0.0
DHRS3	na	0.0	0.0	0.0	0.0	0.0	0.0	0.0
PDPN	na	0.0	0.0	0.0	0.0	0.0	0.0	0.0
PRDM2	na	0.0	0.0	0.0	0.0	0.0	0.0	0.0
KAZN	na	0.0	0.0	0.0	0.0	0.0	0.0	0.0
KAZN-AS1	na	0.0	0.0	0.0	0.0	0.0	0.0	0.0
TMEM51-AS1	na	0.0	0.0	0.0	0.0	0.0	0.0	0.0
TMEM51	na	0.0	0.0	0.0	0.0	0.0	0.0	0.0
FHAD1	na	0.0	0.0	0.0	0.0	0.0	0.0	0.0
EFHD2	na	0.03586148482639889	0.06135906660240853	0.059295405746327606	0.04052103095183883	0.04909510544524079	0.07877255774619459	0.09467207794478409
CASP9	na	0.0	0.0	0.0	0.0	0.0	0.0	0.0
DNAJC16	na	0.0	0.0	0.0	0.0	0.0	0.0	0.0
DDI2	na	0.0	0.0	0.0	0.0	0.0	0.0	0.0
PLEKHM2	na	0.0	0.0	0.0	0.0	0.0	0.0	0.0
FBLIM1	na	0.0	0.0	0.0	0.0	0.0	0.0	0.0
UQCRHL	na	0.0	0.0	0.0	0.0	0.0	0.0	0.0
AL450998.2	na	0.0	0.0	0.0	0.0	0.0	0.0	0.0
SPEN	na	0.0	0.0	0.0	0.0	0.0	0.0	0.0
ZBTB17	na	0.0	0.0	0.0	0.0	0.0	0.0	0.0
SRARP	na	0.0	0.0	0.0	0.0	0.0	0.0	0.0
HSPB7	na	0.0	0.0	0.0	0.0	0.0	0.0	0.0
EPHA2	na	0.0	0.0	0.0	0.0	0.0	0.0	0.0
ARHGEF19	na	0.0	0.0	0.0	0.0	0.0	0.0	0.0
CPLANE2	na	0.0	0.0	0.0	0.0	0.0	0.0	0.0
FBXO42	na	0.0	0.0	0.0	0.0	0.0	0.0	0.0
SZRD1	na	0.04658699333240264	0.07629054100077777	0.05417938695138135	0.038426714828158355	0.04977563776842153	0.07593621098478352	0.09338335524123395
NECAP2	na	0.0	0.0	0.0	0.0	0.0	0.0	0.0
AL137802.2	na	0.0	0.0	0.0	0.0	0.0	0.0	0.0
NBPF1	na	0.0	0.0	0.0	0.0	0.0	0.0	0.0
CROCC	na	0.0	0.0	0.0	0.0	0.0	0.0	0.0
BX284668.5	na	0.0	0.0	0.0	0.0	0.0	0.0	0.0
MFAP2	na	0.0	0.0	0.0	0.0	0.0	0.0	0.0
ATP13A2	na	0.0	0.0	0.0	0.0	0.0	0.0	0.0
SDHB	na	0.0	0.0	0.0	0.0	0.0	0.0	0.0
PADI2	na	0.0	0.0	0.0	0.0	0.0	0.0	0.0
PADI3	na	0.0	0.0	0.0	0.0	0.0	0.0	0.0
RCC2	na	0.06936665096291143	0.10066123202464232	0.05653234452439078	0.05166314414367642	0.06207198926725908	0.09541125928904326	0.10473371882242545
ARHGEF10L	na	0.0	0.0	0.0	0.0	0.0	0.0	0.0
ACTL8	na	0.0	0.0	0.0	0.0	0.0	0.0	0.0
IGSF21	na	0.0	0.0	0.0	0.0	0.0	0.0	0.0
KLHDC7A	na	0.0	0.0	0.0	0.0	0.0	0.0	0.0
ALDH4A1	na	0.0	0.0	0.0	0.0	0.0	0.0	0.0
IFFO2	na	0.0	0.0	0.0	0.0	0.0	0.0	0.0
UBR4	na	0.0	0.0	0.0	0.0	0.0	0.0	0.0
EMC1	na	0.0	0.0	0.0	0.0	0.0	0.0	0.0
MRTO4	na	0.0	0.0	0.0	0.0	0.0	0.0	0.0
AKR7A3	na	0.0625518887936434	0.0605321719656315	0.0621594675296822	0.03696783481922981	0.04943610462547831	0.07077253313774746	0.09178771514685785
AKR7A2	na	0.053833408966938175	0.05728052930142354	0.043932196543590867	0.0470836636446636	0.04460850670190039	0.05883586826343715	0.08301797682393243
PQLC2	na	0.0	0.0	0.0	0.0	0.0	0.0	0.0
CAPZB	na	0.07396759067884352	0.1460979128474263	0.07009575343092896	0.04315209867231054	0.07265457240603058	0.13594132417381957	0.15932254121250622
MINOS1	na	0.10956972394385822	0.2538372956448609	0.03444045166332909	0.08836499740426235	0.09604458752902358	0.23635347385084757	0.2102187596789546
NBL1	na	0.06242236330130173	0.08808116578318621	0.06112803959620151	0.027984667675162975	0.05499263508948357	0.09235765711338055	0.10050176233886693
TMCO4	na	0.0	0.0	0.0	0.0	0.0	0.0	0.0
OTUD3	na	0.0	0.0	0.0	0.0	0.0	0.0	0.0
PLA2G2A	na	0.0	0.0	0.0	0.0	0.0	0.0	0.0
PLA2G5	na	0.0	0.0	0.0	0.0	0.0	0.0	0.0
UBXN10-AS1	na	0.0	0.0	0.0	0.0	0.0	0.0	0.0
UBXN10	na	0.0	0.0	0.0	0.0	0.0	0.0	0.0
CAMK2N1	na	0.07128907574326465	0.13549859506575057	0.06863178900514795	0.0472074305666984	0.07066645406708141	0.12224862239854924	0.15092000549106946
MUL1	na	0.0	0.0	0.0	0.0	0.0	0.0	0.0
CDA	na	0.0	0.0	0.0	0.0	0.0	0.0	0.0
PINK1	na	0.0	0.0	0.0	0.0	0.0	0.0	0.0
DDOST	na	0.052977348706696965	0.06078602066030698	0.05420710144882079	0.04611564003748636	0.04384954678527943	0.05968083449285325	0.07519666671104001
HP1BP3	na	0.03671809258228262	0.06714005676762287	0.05679351673753742	0.05000749073486618	0.04652309398855231	0.06973342245368935	0.08690057406216455
EIF4G3	na	0.0	0.0	0.0	0.0	0.0	0.0	0.0
ECE1	na	0.045367544931451884	0.05708094923964041	0.052103281621358744	0.04984129186713978	0.04668921711988544	0.04080549253650243	0.07697442824799793
NBPF3	na	0.0	0.0	0.0	0.0	0.0	0.0	0.0
ALPL	na	0.0	0.0	0.0	0.0	0.0	0.0	0.0
RAP1GAP	na	0.0	0.0	0.0	0.0	0.0	0.0	0.0
USP48	na	0.0	0.0	0.0	0.0	0.0	0.0	0.0
HSPG2	na	0.04035201753840473	0.07059557247093114	0.053515694970672836	0.04130045026133174	0.05255000511253731	0.0905287991441266	0.11532497952160048
CDC42	na	0.08396626093942819	0.16664985060155776	0.07348725237130393	0.04912599239195674	0.07893709521574163	0.1734618770893104	0.1696056177333611
WNT4	na	0.0	0.0	0.0	0.0	0.0	0.0	0.0
ZBTB40	na	0.0	0.0	0.0	0.0	0.0	0.0	0.0
C1QA	na	0.05814108926186387	0.20733044563170694	0.03532238523723204	0.06050132634526875	0.08150704133905916	0.20973522817350732	0.16998672973324463
C1QC	na	0.08165034790416394	0.17788069319277217	0.046948245424659474	0.0493090920672354	0.08032981447562398	0.1680031868568798	0.16832905681983193
C1QB	na	0.06639705087840832	0.26154804579408225	0.011049313616289764	0.0744137664731655	0.09689213842844904	0.27492628329845653	0.22704801504581065
EPHB2	na	0.0	0.0	0.0	0.0	0.0	0.0	0.0
KDM1A	na	0.0	0.0	0.0	0.0	0.0	0.0	0.0
LUZP1	na	0.0	0.0	0.0	0.0	0.0	0.0	0.0
HTR1D	na	0.0	0.0	0.0	0.0	0.0	0.0	0.0
LINC01355	na	0.0	0.0	0.0	0.0	0.0	0.0	0.0
HNRNPR	na	0.0500110726906693	0.09857340694107389	0.06130683809208441	0.04596065839114634	0.05639096184928305	0.09221775642568976	0.11738870821569926
ZNF436	na	0.0	0.0	0.0	0.0	0.0	0.0	0.0
ZNF436-AS1	na	0.0	0.0	0.0	0.0	0.0	0.0	0.0
TCEA3	na	0.0	0.0	0.0	0.0	0.0	0.0	0.0
ASAP3	na	0.0	0.0	0.0	0.0	0.0	0.0	0.0
E2F2	na	0.0	0.0	0.0	0.0	0.0	0.0	0.0
ID3	na	0.05408122929888646	0.12009757781290227	0.033496037861193456	0.04154909284987648	0.05620815413175477	0.11311995761650159	0.09686783284584348
RPL11	na	0.42829046369525003	0.8096310053178788	0.20533670600917645	0.009368746259917652	0.24491476106243681	0.6070257516676766	0.7738096732083924
ELOA	na	0.0	0.0	0.0	0.0	0.0	0.0	0.0
ELOA-AS1	na	0.0	0.0	0.0	0.0	0.0	0.0	0.0
PITHD1	na	0.0	0.0	0.0	0.0	0.0	0.0	0.0
LYPLA2	na	0.050762420623795663	0.06606036417529243	0.05043725300549868	0.05013269974227596	0.04773953895639279	0.07654518417737545	0.08832380802046509
GALE	na	0.0	0.0	0.0	0.0	0.0	0.0	0.0
HMGCL	na	0.0	0.0	0.0	0.0	0.0	0.0	0.0
FUCA1	na	0.0	0.0	0.0	0.0	0.0	0.0	0.0
PNRC2	na	0.0	0.0	0.0	0.0	0.0	0.0	0.0
SRSF10	na	0.06655904107838032	0.07526838282233542	0.042396323104074846	0.04853362204007738	0.04973331102377969	0.08131634711440339	0.08604776225545158
IFNLR1	na	0.0	0.0	0.0	0.0	0.0	0.0	0.0
GRHL3	na	0.0	0.0	0.0	0.0	0.0	0.0	0.0
STPG1	na	0.0	0.0	0.0	0.0	0.0	0.0	0.0
NIPAL3	na	0.0	0.0	0.0	0.0	0.0	0.0	0.0
RCAN3	na	0.0	0.0	0.0	0.0	0.0	0.0	0.0
SRRM1	na	0.0	0.0	0.0	0.0	0.0	0.0	0.0
CLIC4	na	0.0595558852359473	0.08465106921564983	0.05079985084544835	0.04004499066472838	0.04916712532195669	0.08847934874484645	0.0957011765264293
RUNX3	na	0.0	0.0	0.0	0.0	0.0	0.0	0.0
SYF2	na	0.04663224739798619	0.06681790492410378	0.04176655656659968	0.05034630274658983	0.050549525854568345	0.07374882220558476	0.08818462400471504
RSRP1	na	0.0	0.0	0.0	0.0	0.0	0.0	0.0
TMEM50A	na	0.06142674666744853	0.10889349068302047	0.05175430127847555	0.039046640105873824	0.055375665804630415	0.08651753475000025	0.09774022032263022
MACO1	na	0.0	0.0	0.0	0.0	0.0	0.0	0.0
LDLRAP1	na	0.0	0.0	0.0	0.0	0.0	0.0	0.0
MAN1C1	na	0.0	0.0	0.0	0.0	0.0	0.0	0.0
SELENON	na	0.0	0.0	0.0	0.0	0.0	0.0	0.0
MTFR1L	na	0.0	0.0	0.0	0.0	0.0	0.0	0.0
AUNIP	na	0.0	0.0	0.0	0.0	0.0	0.0	0.0
PAQR7	na	0.0	0.0	0.0	0.0	0.0	0.0	0.0
STMN1	na	0.07255040270967847	0.20167595231989482	0.04086262830971371	0.06853778039082993	0.08086117902004077	0.16663936977238444	0.17998925875215135
PAFAH2	na	0.0	0.0	0.0	0.0	0.0	0.0	0.0
EXTL1	na	0.0	0.0	0.0	0.0	0.0	0.0	0.0
SLC30A2	na	0.0	0.0	0.0	0.0	0.0	0.0	0.0
PDIK1L	na	0.0	0.0	0.0	0.0	0.0	0.0	0.0
ZNF593	na	0.04318665937815775	0.07213883848012524	0.045511695101725744	0.05325877518092232	0.044990437051778076	0.0619635561589027	0.08584499839209846
CNKSR1	na	0.0	0.0	0.0	0.0	0.0	0.0	0.0
CEP85	na	0.0	0.0	0.0	0.0	0.0	0.0	0.0
SH3BGRL3	na	0.09388375509656545	0.2649215481448948	0.020084213367074662	0.07313919924132688	0.09240962360626553	0.2561753668570682	0.19232100376321165
UBXN11	na	0.0	0.0	0.0	0.0	0.0	0.0	0.0
CD52	na	0.0	0.0	0.0	0.0	0.0	0.0	0.0
ZNF683	na	0.0	0.0	0.0	0.0	0.0	0.0	0.0
DHDDS	na	0.0	0.0	0.0	0.0	0.0	0.0	0.0
HMGN2	na	0.16821893690175796	0.31622418137045055	0.07481382160355435	0.08575827947038205	0.11872601767958321	0.2769558292705423	0.28887313576971074
RPS6KA1	na	0.0	0.0	0.0	0.0	0.0	0.0	0.0
ARID1A	na	0.0	0.0	0.0	0.0	0.0	0.0	0.0
PIGV	na	0.0	0.0	0.0	0.0	0.0	0.0	0.0
ZDHHC18	na	0.0	0.0	0.0	0.0	0.0	0.0	0.0
SFN	na	0.0	0.0	0.0	0.0	0.0	0.0	0.0
GPN2	na	0.0	0.0	0.0	0.0	0.0	0.0	0.0
GPATCH3	na	0.0	0.0	0.0	0.0	0.0	0.0	0.0
NUDC	na	0.057285036555587615	0.11239280795843151	0.05377947686021329	0.05301958989420989	0.05821553016146775	0.0928070411606309	0.10657777603313491
KDF1	na	0.0	0.0	0.0	0.0	0.0	0.0	0.0
TRNP1	na	0.0	0.0	0.0	0.0	0.0	0.0	0.0
TENT5B	na	0.0	0.0	0.0	0.0	0.0	0.0	0.0
SLC9A1	na	0.0	0.0	0.0	0.0	0.0	0.0	0.0
WDTC1	na	0.0	0.0	0.0	0.0	0.0	0.0	0.0
TMEM222	na	0.0	0.0	0.0	0.0	0.0	0.0	0.0
SYTL1	na	0.0	0.0	0.0	0.0	0.0	0.0	0.0
MAP3K6	na	0.0	0.0	0.0	0.0	0.0	0.0	0.0
FCN3	na	0.0	0.0	0.0	0.0	0.0	0.0	0.0
WASF2	na	0.0	0.0	0.0	0.0	0.0	0.0	0.0
AHDC1	na	0.0	0.0	0.0	0.0	0.0	0.0	0.0
FGR	na	0.0	0.0	0.0	0.0	0.0	0.0	0.0
IFI6	na	0.2351968277004891	0.4104309964793982	0.2637242479533285	0.18087312109599507	0.22619118017714374	0.4682752280270108	0.5062053608462616
FAM76A	na	0.0	0.0	0.0	0.0	0.0	0.0	0.0
STX12	na	0.0	0.0	0.0	0.0	0.0	0.0	0.0
PPP1R8	na	0.0	0.0	0.0	0.0	0.0	0.0	0.0
THEMIS2	na	0.0	0.0	0.0	0.0	0.0	0.0	0.0
RPA2	na	0.0	0.0	0.0	0.0	0.0	0.0	0.0
SMPDL3B	na	0.0	0.0	0.0	0.0	0.0	0.0	0.0
XKR8	na	0.0	0.0	0.0	0.0	0.0	0.0	0.0
EYA3	na	0.0	0.0	0.0	0.0	0.0	0.0	0.0
PTAFR	na	0.0	0.0	0.0	0.0	0.0	0.0	0.0
DNAJC8	na	0.0	0.0	0.0	0.0	0.0	0.0	0.0
ATP5IF1	na	0.18154072310449734	0.3664153265754953	0.06533138920252758	0.045823559368665806	0.1189327049812872	0.2892191085390735	0.3186330967660608
AL353622.1	na	0.0	0.0	0.0	0.0	0.0	0.0	0.0
SESN2	na	0.0	0.0	0.0	0.0	0.0	0.0	0.0
MED18	na	0.0	0.0	0.0	0.0	0.0	0.0	0.0
PHACTR4	na	0.0	0.0	0.0	0.0	0.0	0.0	0.0
RCC1	na	0.0	0.0	0.0	0.0	0.0	0.0	0.0
TRNAU1AP	na	0.0	0.0	0.0	0.0	0.0	0.0	0.0
SNHG12	na	0.0	0.0	0.0	0.0	0.0	0.0	0.0
TAF12	na	0.0	0.0	0.0	0.0	0.0	0.0	0.0
RAB42	na	0.0	0.0	0.0	0.0	0.0	0.0	0.0
AL360012.1	na	0.0	0.0	0.0	0.0	0.0	0.0	0.0
GMEB1	na	0.0	0.0	0.0	0.0	0.0	0.0	0.0
YTHDF2	na	0.04662283085737296	0.06325317548135564	0.046169279878727	0.044461544154873654	0.04533911996677686	0.07787991668027641	0.08046794823988813
OPRD1	na	0.0	0.0	0.0	0.0	0.0	0.0	0.0
EPB41	na	0.0	0.0	0.0	0.0	0.0	0.0	0.0
TMEM200B	na	0.0	0.0	0.0	0.0	0.0	0.0	0.0
SRSF4	na	0.0	0.0	0.0	0.0	0.0	0.0	0.0
MECR	na	0.0	0.0	0.0	0.0	0.0	0.0	0.0
PTPRU	na	0.0	0.0	0.0	0.0	0.0	0.0	0.0
LAPTM5	na	0.08140880399506596	0.15673570869489944	0.04591542150870442	0.054676493960430894	0.08189835190247854	0.1981430500559524	0.19876908821824757
LINC01778	na	0.0	0.0	0.0	0.0	0.0	0.0	0.0
SDC3	na	0.0	0.0	0.0	0.0	0.0	0.0	0.0
PUM1	na	0.044357541282156375	0.054795580361152015	0.049829707559734586	0.05020415180537857	0.044552718181595084	0.06287358543782719	0.07993878259133584
NKAIN1	na	0.0	0.0	0.0	0.0	0.0	0.0	0.0
SNRNP40	na	0.0	0.0	0.0	0.0	0.0	0.0	0.0
ZCCHC17	na	0.0	0.0	0.0	0.0	0.0	0.0	0.0
FABP3	na	0.0	0.0	0.0	0.0	0.0	0.0	0.0
SERINC2	na	0.08136058304514454	0.1413189036691615	0.05031165330490145	0.061869151635218035	0.06448551863891097	0.14182926586643382	0.14212028359099574
TINAGL1	na	0.0	0.0	0.0	0.0	0.0	0.0	0.0
PEF1	na	0.0	0.0	0.0	0.0	0.0	0.0	0.0
COL16A1	na	0.0	0.0	0.0	0.0	0.0	0.0	0.0
ADGRB2	na	0.0	0.0	0.0	0.0	0.0	0.0	0.0
SPOCD1	na	0.0	0.0	0.0	0.0	0.0	0.0	0.0
PTP4A2	na	0.03812920204890315	0.09121533132524584	0.05448638457239579	0.06053512879858633	0.05781149651332723	0.08931252914452623	0.11479046247427552
KHDRBS1	na	0.05357246863900429	0.11459352816353319	0.055486812630357096	0.06212152319054857	0.06527939280923523	0.09967634362526517	0.13655948428426626
TMEM39B	na	0.0	0.0	0.0	0.0	0.0	0.0	0.0
KPNA6	na	0.0	0.0	0.0	0.0	0.0	0.0	0.0
TXLNA	na	0.0	0.0	0.0	0.0	0.0	0.0	0.0
CCDC28B	na	0.0	0.0	0.0	0.0	0.0	0.0	0.0
IQCC	na	0.0	0.0	0.0	0.0	0.0	0.0	0.0
TMEM234	na	0.0	0.0	0.0	0.0	0.0	0.0	0.0
EIF3I	na	0.06636822824463523	0.11030074340477318	0.05967890082186334	0.04534488017527511	0.0596803803763676	0.09206751249875116	0.11257247987695915
FAM167B	na	0.0	0.0	0.0	0.0	0.0	0.0	0.0
LCK	na	0.0	0.0	0.0	0.0	0.0	0.0	0.0
HDAC1	na	0.055445473087298	0.0872892490923512	0.05160754754249973	0.03695662709618546	0.04725196019605036	0.06447454169213092	0.08422497991728582
MARCKSL1	na	0.16566779021030736	0.29113779313935084	0.12276085569903031	0.07383667920143135	0.12750374136145962	0.2876483793679245	0.315311260169807
FAM229A	na	0.0	0.0	0.0	0.0	0.0	0.0	0.0
BSDC1	na	0.0	0.0	0.0	0.0	0.0	0.0	0.0
ZBTB8A	na	0.0	0.0	0.0	0.0	0.0	0.0	0.0
ZBTB8OS	na	0.0	0.0	0.0	0.0	0.0	0.0	0.0
RBBP4	na	0.054802170585213056	0.10842219894257933	0.07433896070116813	0.03698109128962477	0.057762178557054414	0.051085658807910016	0.1417499669139593
SYNC	na	0.0	0.0	0.0	0.0	0.0	0.0	0.0
KIAA1522	na	0.08468200882885422	0.11171584889167518	0.08416153838695625	0.03575004447900856	0.0635786098962731	0.09519136081227032	0.12533652818824212
YARS	na	0.0	0.0	0.0	0.0	0.0	0.0	0.0
S100PBP	na	0.0	0.0	0.0	0.0	0.0	0.0	0.0
TMEM54	na	0.05046490312886985	0.07580392908170328	0.049602392412022384	0.04843836636992927	0.05265375257522893	0.09040149859200133	0.10019178710739964
RNF19B	na	0.0	0.0	0.0	0.0	0.0	0.0	0.0
AK2	na	0.04964909355569427	0.081116631830717	0.054896337150949964	0.040243083869037514	0.05015525556219013	0.07216786133306484	0.09044695749491728
AZIN2	na	0.0	0.0	0.0	0.0	0.0	0.0	0.0
TRIM62	na	0.0	0.0	0.0	0.0	0.0	0.0	0.0
ZNF362	na	0.0	0.0	0.0	0.0	0.0	0.0	0.0
PHC2	na	0.055329078628573315	0.07675477596394778	0.04368554527297462	0.05430468428822379	0.049239425366268616	0.07310736713123166	0.08602134681232083
SMIM12	na	0.0	0.0	0.0	0.0	0.0	0.0	0.0
GJA4	na	0.0	0.0	0.0	0.0	0.0	0.0	0.0
DLGAP3	na	0.0	0.0	0.0	0.0	0.0	0.0	0.0
AC114490.2	na	0.0	0.0	0.0	0.0	0.0	0.0	0.0
ZMYM6	na	0.0	0.0	0.0	0.0	0.0	0.0	0.0
ZMYM1	na	0.0	0.0	0.0	0.0	0.0	0.0	0.0
SFPQ	na	0.06329664133265062	0.12235349607683316	0.0710821325364486	0.06232437999842848	0.07002111035021641	0.1261213019899345	0.14259843803916702
ZMYM4	na	0.0	0.0	0.0	0.0	0.0	0.0	0.0
KIAA0319L	na	0.0	0.0	0.0	0.0	0.0	0.0	0.0
NCDN	na	0.0	0.0	0.0	0.0	0.0	0.0	0.0
TFAP2E	na	0.0	0.0	0.0	0.0	0.0	0.0	0.0
PSMB2	na	0.045053618810448795	0.09566448463803835	0.03886267532269872	0.06616473854984202	0.05024788790994864	0.07092838200494596	0.0921499230285149
C1orf216	na	0.0	0.0	0.0	0.0	0.0	0.0	0.0
CLSPN	na	0.0	0.0	0.0	0.0	0.0	0.0	0.0
AGO4	na	0.0	0.0	0.0	0.0	0.0	0.0	0.0
AGO1	na	0.0	0.0	0.0	0.0	0.0	0.0	0.0
AGO3	na	0.0	0.0	0.0	0.0	0.0	0.0	0.0
TEKT2	na	0.0	0.0	0.0	0.0	0.0	0.0	0.0
ADPRHL2	na	0.0	0.0	0.0	0.0	0.0	0.0	0.0
COL8A2	na	0.0	0.0	0.0	0.0	0.0	0.0	0.0
TRAPPC3	na	0.0	0.0	0.0	0.0	0.0	0.0	0.0
MAP7D1	na	0.0	0.0	0.0	0.0	0.0	0.0	0.0
THRAP3	na	0.0	0.0	0.0	0.0	0.0	0.0	0.0
SH3D21	na	0.0	0.0	0.0	0.0	0.0	0.0	0.0
EVA1B	na	0.0	0.0	0.0	0.0	0.0	0.0	0.0
AL591845.1	na	0.0	0.0	0.0	0.0	0.0	0.0	0.0
STK40	na	0.0	0.0	0.0	0.0	0.0	0.0	0.0
LSM10	na	0.0	0.0	0.0	0.0	0.0	0.0	0.0
OSCP1	na	0.0	0.0	0.0	0.0	0.0	0.0	0.0
MRPS15	na	0.0	0.0	0.0	0.0	0.0	0.0	0.0
CSF3R	na	0.0	0.0	0.0	0.0	0.0	0.0	0.0
LINC01137	na	0.0	0.0	0.0	0.0	0.0	0.0	0.0
ZC3H12A	na	0.0	0.0	0.0	0.0	0.0	0.0	0.0
MEAF6	na	0.06679536437238356	0.11397884032764131	0.047790045955523636	0.05830503673291566	0.05691030951959388	0.0959584320379628	0.11741522458987175
SNIP1	na	0.0	0.0	0.0	0.0	0.0	0.0	0.0
DNALI1	na	0.04644219040417742	0.06838733670014313	0.04731702511068105	0.04838381480195786	0.04738483716974338	0.06123434157112556	0.08953128989290611
GNL2	na	0.0	0.0	0.0	0.0	0.0	0.0	0.0
C1orf109	na	0.0	0.0	0.0	0.0	0.0	0.0	0.0
CDCA8	na	0.0	0.0	0.0	0.0	0.0	0.0	0.0
EPHA10	na	0.0	0.0	0.0	0.0	0.0	0.0	0.0
MANEAL	na	0.0	0.0	0.0	0.0	0.0	0.0	0.0
YRDC	na	0.0	0.0	0.0	0.0	0.0	0.0	0.0
C1orf122	na	0.05190418559673921	0.10131118167540182	0.03211439091215085	0.06795837981854685	0.05769321455512983	0.09849298114479714	0.10231970990321286
MTF1	na	0.0	0.0	0.0	0.0	0.0	0.0	0.0
INPP5B	na	0.0	0.0	0.0	0.0	0.0	0.0	0.0
SF3A3	na	0.05272133659976613	0.08101648862037047	0.048518874611253066	0.049472334399380036	0.049686949123777635	0.06343536776474021	0.08179256619921078
FHL3	na	0.0	0.0	0.0	0.0	0.0	0.0	0.0
UTP11	na	0.0	0.0	0.0	0.0	0.0	0.0	0.0
RRAGC	na	0.04580940058172361	0.06605353489580461	0.038946115020935985	0.052835945725984754	0.045471741872289355	0.058790950868817735	0.07999316221983697
MYCBP	na	0.04754032140338843	0.0795289959510071	0.04692088933183913	0.052987231762767525	0.0472410171860423	0.06917923468147864	0.08737898809421628
RHBDL2	na	0.0	0.0	0.0	0.0	0.0	0.0	0.0
AKIRIN1	na	0.06197778937493033	0.07116064319387459	0.04084532709523187	0.0524937329219246	0.04754329891384362	0.06926073343764155	0.07612607066733625
NDUFS5	na	0.7216824808760939	1.6320306650388818	0.25142316174067947	6.09827401845888e-14	0.4260822243679521	1.1211354774317572	1.5376555119505648
MACF1	na	0.040655785692915246	0.07242283650819223	0.05605142382797409	0.05423718310595032	0.049553325515477954	0.06719283312792258	0.08795800556234491
PABPC4	na	0.10256203225939665	0.17099371399383548	0.060001572556373714	0.06969442050071795	0.08149648370223177	0.1637454938669784	0.17450207927090283
HEYL	na	0.0	0.0	0.0	0.0	0.0	0.0	0.0
PPIE	na	0.0493837358982376	0.08378697889317578	0.04780369222910499	0.04980191306188757	0.04926720429964159	0.06059234521590124	0.08466706291013892
BMP8B	na	0.0	0.0	0.0	0.0	0.0	0.0	0.0
OXCT2	na	0.0	0.0	0.0	0.0	0.0	0.0	0.0
AL033527.5	na	0.0	0.0	0.0	0.0	0.0	0.0	0.0
TRIT1	na	0.0	0.0	0.0	0.0	0.0	0.0	0.0
MYCL	na	0.0	0.0	0.0	0.0	0.0	0.0	0.0
MFSD2A	na	0.048362154124850246	0.06967990714129435	0.04542394437501758	0.05942755036983376	0.046247286296232606	0.057228890715643035	0.07829513828127582
CAP1	na	0.12018439283320777	0.2985727871734315	0.07614589923239541	0.04006331335387142	0.1029249046566617	0.24033086809701013	0.27189563617973134
PPT1	na	0.08226181352008516	0.1764052975734239	0.057632646170970886	0.06501279785785243	0.07598688576021478	0.13806757774163567	0.18736338949086664
RLF	na	0.0	0.0	0.0	0.0	0.0	0.0	0.0
AL050341.2	na	0.0	0.0	0.0	0.0	0.0	0.0	0.0
ZMPSTE24	na	0.05743322279534108	0.060201147424327875	0.0516949551725504	0.05274711957324044	0.04700604404452009	0.06659440654414918	0.07977753745857276
COL9A2	na	0.0	0.0	0.0	0.0	0.0	0.0	0.0
SMAP2	na	0.0	0.0	0.0	0.0	0.0	0.0	0.0
ZFP69B	na	0.0	0.0	0.0	0.0	0.0	0.0	0.0
ZFP69	na	0.0	0.0	0.0	0.0	0.0	0.0	0.0
EXO5	na	0.0	0.0	0.0	0.0	0.0	0.0	0.0
ZNF684	na	0.0	0.0	0.0	0.0	0.0	0.0	0.0
RIMS3	na	0.0	0.0	0.0	0.0	0.0	0.0	0.0
NFYC	na	0.0	0.0	0.0	0.0	0.0	0.0	0.0
CITED4	na	0.04779451713600038	0.05465863898713297	0.08411994813407335	0.05185552271310195	0.06141910460779646	0.07367154811225322	0.10985202691744164
CTPS1	na	0.0	0.0	0.0	0.0	0.0	0.0	0.0
SCMH1	na	0.0	0.0	0.0	0.0	0.0	0.0	0.0
FOXO6	na	0.0	0.0	0.0	0.0	0.0	0.0	0.0
EDN2	na	0.0	0.0	0.0	0.0	0.0	0.0	0.0
HIVEP3	na	0.0	0.0	0.0	0.0	0.0	0.0	0.0
FOXJ3	na	0.0	0.0	0.0	0.0	0.0	0.0	0.0
RIMKLA	na	0.0	0.0	0.0	0.0	0.0	0.0	0.0
ZMYND12	na	0.0	0.0	0.0	0.0	0.0	0.0	0.0
PPCS	na	0.05000290624251658	0.07975829058895946	0.04398376292062744	0.06601866080751123	0.05241489064987848	0.078562284278483	0.08950213631630682
CCDC30	na	0.0	0.0	0.0	0.0	0.0	0.0	0.0
PPIH	na	0.0	0.0	0.0	0.0	0.0	0.0	0.0
YBX1	na	0.0819570941118993	0.2559393434095493	0.017262798183510984	0.08260863112572786	0.08798575259153402	0.22378648228082984	0.19023272491750653
P3H1	na	0.0	0.0	0.0	0.0	0.0	0.0	0.0
C1orf50	na	0.0	0.0	0.0	0.0	0.0	0.0	0.0
SVBP	na	0.0	0.0	0.0	0.0	0.0	0.0	0.0
ERMAP	na	0.0	0.0	0.0	0.0	0.0	0.0	0.0
ZNF691	na	0.0	0.0	0.0	0.0	0.0	0.0	0.0
SLC2A1	na	0.052618166389388044	0.07718307639344119	0.0416911973143302	0.0639342454648704	0.052164730744187864	0.07295971277374393	0.08087479848606485
SLC2A1-AS1	na	0.0	0.0	0.0	0.0	0.0	0.0	0.0
EBNA1BP2	na	0.05492286105856606	0.09921174018275604	0.0513810313408554	0.042418626422534515	0.05160619269136546	0.07651970080262306	0.08654552851552665
CFAP57	na	0.0	0.0	0.0	0.0	0.0	0.0	0.0
TMEM125	na	0.0	0.0	0.0	0.0	0.0	0.0	0.0
C1orf210	na	0.0	0.0	0.0	0.0	0.0	0.0	0.0
TIE1	na	0.0	0.0	0.0	0.0	0.0	0.0	0.0
AL139289.2	na	0.0	0.0	0.0	0.0	0.0	0.0	0.0
CDC20	na	0.0	0.0	0.0	0.0	0.0	0.0	0.0
ELOVL1	na	0.048243428003770676	0.0918617350452241	0.04409692832735034	0.0568242107657455	0.05220924351773418	0.08239257124826227	0.10546103596330066
MED8	na	0.0	0.0	0.0	0.0	0.0	0.0	0.0
SZT2	na	0.0	0.0	0.0	0.0	0.0	0.0	0.0
HYI	na	0.0	0.0	0.0	0.0	0.0	0.0	0.0
PTPRF	na	0.1913984760591575	0.20375090910698276	0.2059443578247346	0.20249696046200122	0.1662814882263205	0.1775016627059858	0.2733785412123752
KDM4A	na	0.0	0.0	0.0	0.0	0.0	0.0	0.0
ST3GAL3	na	0.0	0.0	0.0	0.0	0.0	0.0	0.0
IPO13	na	0.0	0.0	0.0	0.0	0.0	0.0	0.0
DPH2	na	0.0	0.0	0.0	0.0	0.0	0.0	0.0
ATP6V0B	na	0.23245436379615605	0.471711700223634	0.08903723150400573	0.2140902874499392	0.1780742526883985	0.40979084893408574	0.3747320071481251
B4GALT2	na	0.0	0.0	0.0	0.0	0.0	0.0	0.0
CCDC24	na	0.0	0.0	0.0	0.0	0.0	0.0	0.0
SLC6A9	na	0.0	0.0	0.0	0.0	0.0	0.0	0.0
AL139220.2	na	0.0	0.0	0.0	0.0	0.0	0.0	0.0
DMAP1	na	0.0	0.0	0.0	0.0	0.0	0.0	0.0
ERI3	na	0.06456808436170396	0.07449280040815694	0.050036673456727424	0.048661575765044304	0.04898821424463024	0.07957900269703465	0.08488153044843487
RNF220	na	0.0	0.0	0.0	0.0	0.0	0.0	0.0
TMEM53	na	0.0	0.0	0.0	0.0	0.0	0.0	0.0
KIF2C	na	0.0	0.0	0.0	0.0	0.0	0.0	0.0
RPS8	na	1.3911517751187923	4.109680832188098	1.6814171397199285e-20	0.30446160424130897	0.852457071072142	3.041001108905675	2.951716790109342
PLK3	na	0.0	0.0	0.0	0.0	0.0	0.0	0.0
TCTEX1D4	na	0.0	0.0	0.0	0.0	0.0	0.0	0.0
BTBD19	na	0.0	0.0	0.0	0.0	0.0	0.0	0.0
PTCH2	na	0.0	0.0	0.0	0.0	0.0	0.0	0.0
EIF2B3	na	0.0	0.0	0.0	0.0	0.0	0.0	0.0
HECTD3	na	0.0	0.0	0.0	0.0	0.0	0.0	0.0
UROD	na	0.0	0.0	0.0	0.0	0.0	0.0	0.0
ZSWIM5	na	0.0	0.0	0.0	0.0	0.0	0.0	0.0
MUTYH	na	0.0	0.0	0.0	0.0	0.0	0.0	0.0
TOE1	na	0.0	0.0	0.0	0.0	0.0	0.0	0.0
TESK2	na	0.0	0.0	0.0	0.0	0.0	0.0	0.0
MMACHC	na	0.0	0.0	0.0	0.0	0.0	0.0	0.0
PRDX1	na	0.2695808807724565	0.5598169859497303	0.18439835964419765	0.1110154709928963	0.21517277309688432	0.4612232975027926	0.558940695389944
AKR1A1	na	0.08340483468665363	0.15760265080224317	0.05810383850177429	0.0606879870967994	0.07323422423871544	0.14005894757738344	0.16539591064992035
NASP	na	0.05962053982806173	0.07488992842163515	0.07705958405651218	0.061766880387067784	0.06163369129039702	0.08432589256643011	0.09931341838873307
CCDC17	na	0.0	0.0	0.0	0.0	0.0	0.0	0.0
GPBP1L1	na	0.05775272723356061	0.06738645870420214	0.05202981189588874	0.05787188780199463	0.04923163366086043	0.0510064971725051	0.08118836971398181
TMEM69	na	0.05401980206143052	0.07570692187909643	0.052924142942639404	0.03899101734404444	0.046946097684629984	0.06260316181319418	0.08230918943006713
IPP	na	0.0	0.0	0.0	0.0	0.0	0.0	0.0
MAST2	na	0.0	0.0	0.0	0.0	0.0	0.0	0.0
PIK3R3	na	0.05589487028556834	0.08830159135529862	0.0507039705673565	0.0691266192303948	0.05769514625871231	0.09245687086307411	0.0929042462079917
AL358075.2	na	0.0	0.0	0.0	0.0	0.0	0.0	0.0
TSPAN1	na	0.057884312752819085	0.1807412167720239	0.0472520158990412	0.11662444507217368	0.08484800531417631	0.2018668723845382	0.14278872208516716
POMGNT1	na	0.0	0.0	0.0	0.0	0.0	0.0	0.0
RAD54L	na	0.0	0.0	0.0	0.0	0.0	0.0	0.0
LRRC41	na	0.05953719130557072	0.07655333776950425	0.05908096918602542	0.04491209340834135	0.052502958060254054	0.0727890182611771	0.10275600525107245
UQCRH	na	0.29197034499756636	0.8507980211603597	4.617895532067966e-15	0.10422658868366738	0.20604102898280835	0.6052812479526964	0.6307949922691444
NSUN4	na	0.0	0.0	0.0	0.0	0.0	0.0	0.0
FAAH	na	0.040419976241257136	0.054751087421322175	0.05728013843866616	0.056044425342260104	0.051175147861495233	0.06152745440261768	0.07495420147350146
MKNK1	na	0.0	0.0	0.0	0.0	0.0	0.0	0.0
MOB3C	na	0.0	0.0	0.0	0.0	0.0	0.0	0.0
ATPAF1	na	0.0538447578039388	0.06478358439396197	0.05845656537459271	0.04794603175865565	0.04789285029897102	0.07398218640058132	0.0829504336835575
EFCAB14	na	0.04359834298846206	0.06716507848776553	0.055340924387420984	0.043786986922412494	0.04376519285875734	0.06387064160087164	0.08071479394012264
CYP4B1	na	0.0	0.0	0.0	0.0	0.0	0.0	0.0
CYP4X1	na	0.054890310540624807	0.06670358593378302	0.0566007007030471	0.03771600657990614	0.0460868557770849	0.05523350116708175	0.0933524571575743
CYP4Z1	na	0.05519680356818661	0.13138029707741852	0.029627492344546633	0.053307579289495734	0.05679347504681199	0.1058437643439047	0.08795349409229244
LINC00853	na	0.0	0.0	0.0	0.0	0.0	0.0	0.0
PDZK1IP1	na	0.0664092721901148	0.15239639039582517	0.03867681038731098	0.05904164361570835	0.06107925791192313	0.10925167425103044	0.11890255886729863
STIL	na	0.0	0.0	0.0	0.0	0.0	0.0	0.0
CMPK1	na	0.07316412575854472	0.11216078606881957	0.04508637497871352	0.06789545265500357	0.06635013339983796	0.09085048888857812	0.11926317127221064
FOXD2-AS1	na	0.0	0.0	0.0	0.0	0.0	0.0	0.0
FOXD2	na	0.0	0.0	0.0	0.0	0.0	0.0	0.0
SPATA6	na	0.0	0.0	0.0	0.0	0.0	0.0	0.0
BEND5	na	0.0	0.0	0.0	0.0	0.0	0.0	0.0
FAF1	na	0.0	0.0	0.0	0.0	0.0	0.0	0.0
CDKN2C	na	0.0	0.0	0.0	0.0	0.0	0.0	0.0
RNF11	na	0.05146886208823354	0.07064612762933764	0.06022041683377016	0.05043251080467469	0.05430072137931854	0.07724617341848758	0.10157037836718111
TTC39A	na	0.050947252448140766	0.059107214381528335	0.05905389702246572	0.051301528559526834	0.04551387250093971	0.05612242820852129	0.07597560961686267
EPS15	na	0.0	0.0	0.0	0.0	0.0	0.0	0.0
OSBPL9	na	0.0	0.0	0.0	0.0	0.0	0.0	0.0
NRDC	na	0.051000565988723164	0.06762776276743686	0.045376760367522	0.046765164350589465	0.04640153462980815	0.06307102126196616	0.07881571780478931
RAB3B	na	0.0	0.0	0.0	0.0	0.0	0.0	0.0
TXNDC12	na	0.0	0.0	0.0	0.0	0.0	0.0	0.0
KTI12	na	0.0	0.0	0.0	0.0	0.0	0.0	0.0
BTF3L4	na	0.04177950562427373	0.0856994249700842	0.043435818386439035	0.054753010752951595	0.04837175283720107	0.0673342351941474	0.09038352741319657
ZFYVE9	na	0.0	0.0	0.0	0.0	0.0	0.0	0.0
CC2D1B	na	0.0	0.0	0.0	0.0	0.0	0.0	0.0
ORC1	na	0.0	0.0	0.0	0.0	0.0	0.0	0.0
PRPF38A	na	0.0	0.0	0.0	0.0	0.0	0.0	0.0
TUT4	na	0.0	0.0	0.0	0.0	0.0	0.0	0.0
GPX7	na	0.0	0.0	0.0	0.0	0.0	0.0	0.0
SHISAL2A	na	0.0	0.0	0.0	0.0	0.0	0.0	0.0
COA7	na	0.0	0.0	0.0	0.0	0.0	0.0	0.0
ZYG11B	na	0.0	0.0	0.0	0.0	0.0	0.0	0.0
ZYG11A	na	0.0	0.0	0.0	0.0	0.0	0.0	0.0
ECHDC2	na	0.0	0.0	0.0	0.0	0.0	0.0	0.0
SCP2	na	0.05825065339132875	0.10800725724579413	0.04193596641893021	0.05725837825495909	0.05484643547504476	0.08087780732442736	0.09904586094486796
PODN	na	0.0	0.0	0.0	0.0	0.0	0.0	0.0
CPT2	na	0.0	0.0	0.0	0.0	0.0	0.0	0.0
C1orf123	na	0.0	0.0	0.0	0.0	0.0	0.0	0.0
MAGOH	na	0.04260116647143236	0.0754795534399217	0.04687312602500512	0.0472167520051247	0.045078080653928286	0.07802858666011425	0.08067685009289799
LRP8	na	0.0	0.0	0.0	0.0	0.0	0.0	0.0
NDC1	na	0.0	0.0	0.0	0.0	0.0	0.0	0.0
YIPF1	na	0.0	0.0	0.0	0.0	0.0	0.0	0.0
HSPB11	na	0.0	0.0	0.0	0.0	0.0	0.0	0.0
LRRC42	na	0.0	0.0	0.0	0.0	0.0	0.0	0.0
LDLRAD1	na	0.0	0.0	0.0	0.0	0.0	0.0	0.0
TMEM59	na	0.11720503643090507	0.21980867604805765	0.07319644120039817	0.049771609623756534	0.0939749814430397	0.16887362440390835	0.2254465895505069
TCEANC2	na	0.0	0.0	0.0	0.0	0.0	0.0	0.0
CYB5RL	na	0.0	0.0	0.0	0.0	0.0	0.0	0.0
MRPL37	na	0.047934618603412735	0.06330324037550022	0.04709206250488332	0.05178742765747501	0.04433437969897903	0.06767649259227151	0.08316485324623689
SSBP3	na	0.0	0.0	0.0	0.0	0.0	0.0	0.0
ACOT11	na	0.0	0.0	0.0	0.0	0.0	0.0	0.0
TTC4	na	0.0	0.0	0.0	0.0	0.0	0.0	0.0
PARS2	na	0.0	0.0	0.0	0.0	0.0	0.0	0.0
DHCR24	na	0.06205968324458813	0.11871027965247992	0.06972181906335073	0.08988336627327836	0.07022020775861712	0.12230828803395859	0.10638965602604761
TMEM61	na	0.0	0.0	0.0	0.0	0.0	0.0	0.0
USP24	na	0.0	0.0	0.0	0.0	0.0	0.0	0.0
PLPP3	na	0.0	0.0	0.0	0.0	0.0	0.0	0.0
PRKAA2	na	0.0	0.0	0.0	0.0	0.0	0.0	0.0
FYB2	na	0.0	0.0	0.0	0.0	0.0	0.0	0.0
OMA1	na	0.0	0.0	0.0	0.0	0.0	0.0	0.0
TACSTD2	na	0.0	0.0	0.0	0.0	0.0	0.0	0.0
MYSM1	na	0.0	0.0	0.0	0.0	0.0	0.0	0.0
JUN	na	0.07117924521199542	0.11637068044904758	0.07001538564906087	0.03974226059711872	0.06741258661980662	0.11895874772432818	0.14591077619069467
FGGY	na	0.0	0.0	0.0	0.0	0.0	0.0	0.0
HOOK1	na	0.0	0.0	0.0	0.0	0.0	0.0	0.0
LINC01748	na	0.0	0.0	0.0	0.0	0.0	0.0	0.0
NFIA	na	0.0	0.0	0.0	0.0	0.0	0.0	0.0
TM2D1	na	0.0	0.0	0.0	0.0	0.0	0.0	0.0
AC099791.2	na	0.0	0.0	0.0	0.0	0.0	0.0	0.0
PATJ	na	0.0	0.0	0.0	0.0	0.0	0.0	0.0
USP1	na	0.0	0.0	0.0	0.0	0.0	0.0	0.0
DOCK7	na	0.0	0.0	0.0	0.0	0.0	0.0	0.0
ATG4C	na	0.0	0.0	0.0	0.0	0.0	0.0	0.0
FOXD3-AS1	na	0.0	0.0	0.0	0.0	0.0	0.0	0.0
ALG6	na	0.0	0.0	0.0	0.0	0.0	0.0	0.0
ITGB3BP	na	0.0	0.0	0.0	0.0	0.0	0.0	0.0
EFCAB7	na	0.0	0.0	0.0	0.0	0.0	0.0	0.0
PGM1	na	0.0	0.0	0.0	0.0	0.0	0.0	0.0
ROR1	na	0.0	0.0	0.0	0.0	0.0	0.0	0.0
CACHD1	na	0.0	0.0	0.0	0.0	0.0	0.0	0.0
RAVER2	na	0.0	0.0	0.0	0.0	0.0	0.0	0.0
JAK1	na	0.0542732392220037	0.057766791372836884	0.043074651792338596	0.049705431336792325	0.04530580379147734	0.06332782211803178	0.07598168953558905
AK4	na	0.053988143616200045	0.06070856216128476	0.05951872566178564	0.04430689402608463	0.04512406444729052	0.06251946158952298	0.07250571764721533
LEPROT	na	0.0	0.0	0.0	0.0	0.0	0.0	0.0
LEPR	na	0.0	0.0	0.0	0.0	0.0	0.0	0.0
PDE4B	na	0.0	0.0	0.0	0.0	0.0	0.0	0.0
SGIP1	na	0.0	0.0	0.0	0.0	0.0	0.0	0.0
WDR78	na	0.0	0.0	0.0	0.0	0.0	0.0	0.0
MIER1	na	0.0	0.0	0.0	0.0	0.0	0.0	0.0
SLC35D1	na	0.0	0.0	0.0	0.0	0.0	0.0	0.0
SERBP1	na	0.09893713727656435	0.18771769036790928	0.08227706408305165	0.05210054978255518	0.08540711979194808	0.17204697921901863	0.18267534949392247
GADD45A	na	0.0	0.0	0.0	0.0	0.0	0.0	0.0
GNG12	na	0.0	0.0	0.0	0.0	0.0	0.0	0.0
WLS	na	0.0	0.0	0.0	0.0	0.0	0.0	0.0
DEPDC1	na	0.0	0.0	0.0	0.0	0.0	0.0	0.0
LRRC40	na	0.0	0.0	0.0	0.0	0.0	0.0	0.0
SRSF11	na	0.049029755146488926	0.0791608927344	0.0594336456156862	0.06694648770572667	0.05435234212805677	0.07754714404345926	0.1012402564382017
ANKRD13C	na	0.0	0.0	0.0	0.0	0.0	0.0	0.0
HHLA3	na	0.0	0.0	0.0	0.0	0.0	0.0	0.0
CTH	na	0.0	0.0	0.0	0.0	0.0	0.0	0.0
ZRANB2	na	0.0	0.0	0.0	0.0	0.0	0.0	0.0
NEGR1	na	0.0	0.0	0.0	0.0	0.0	0.0	0.0
FPGT	na	0.0	0.0	0.0	0.0	0.0	0.0	0.0
CRYZ	na	0.0	0.0	0.0	0.0	0.0	0.0	0.0
TYW3	na	0.0	0.0	0.0	0.0	0.0	0.0	0.0
SLC44A5	na	0.0	0.0	0.0	0.0	0.0	0.0	0.0
ACADM	na	0.0	0.0	0.0	0.0	0.0	0.0	0.0
RABGGTB	na	0.0	0.0	0.0	0.0	0.0	0.0	0.0
ST6GALNAC5	na	0.0	0.0	0.0	0.0	0.0	0.0	0.0
PIGK	na	0.0	0.0	0.0	0.0	0.0	0.0	0.0
AC118549.1	na	0.0	0.0	0.0	0.0	0.0	0.0	0.0
USP33	na	0.0	0.0	0.0	0.0	0.0	0.0	0.0
MIGA1	na	0.0	0.0	0.0	0.0	0.0	0.0	0.0
NEXN	na	0.0	0.0	0.0	0.0	0.0	0.0	0.0
FUBP1	na	0.04321804642636349	0.06375861265430463	0.05443581474458254	0.04883900976456455	0.050001857867500665	0.06883561298435052	0.09176145949242337
DNAJB4	na	0.0	0.0	0.0	0.0	0.0	0.0	0.0
AC103591.3	na	0.0	0.0	0.0	0.0	0.0	0.0	0.0
IFI44L	na	0.0	0.0	0.0	0.0	0.0	0.0	0.0
IFI44	na	0.0	0.0	0.0	0.0	0.0	0.0	0.0
ADGRL4	na	0.0	0.0	0.0	0.0	0.0	0.0	0.0
LINC01781	na	0.0	0.0	0.0	0.0	0.0	0.0	0.0
ADGRL2	na	0.0	0.0	0.0	0.0	0.0	0.0	0.0
TTLL7	na	0.0	0.0	0.0	0.0	0.0	0.0	0.0
AL359504.2	na	0.0	0.0	0.0	0.0	0.0	0.0	0.0
PRKACB	na	0.0	0.0	0.0	0.0	0.0	0.0	0.0
SAMD13	na	0.0	0.0	0.0	0.0	0.0	0.0	0.0
RPF1	na	0.0	0.0	0.0	0.0	0.0	0.0	0.0
GNG5	na	0.14637360575517533	0.36376278885739904	0.026390850603397582	0.07440640765872848	0.11189537691061396	0.3125095704150014	0.2963468670898182
SPATA1	na	0.0	0.0	0.0	0.0	0.0	0.0	0.0
CTBS	na	0.0	0.0	0.0	0.0	0.0	0.0	0.0
SSX2IP	na	0.0	0.0	0.0	0.0	0.0	0.0	0.0
LPAR3	na	0.0	0.0	0.0	0.0	0.0	0.0	0.0
MCOLN2	na	0.0	0.0	0.0	0.0	0.0	0.0	0.0
SYDE2	na	0.0	0.0	0.0	0.0	0.0	0.0	0.0
C1orf52	na	0.0	0.0	0.0	0.0	0.0	0.0	0.0
BCL10	na	0.0	0.0	0.0	0.0	0.0	0.0	0.0
DDAH1	na	0.0	0.0	0.0	0.0	0.0	0.0	0.0
CYR61	na	0.0	0.0	0.0	0.0	0.0	0.0	0.0
ZNHIT6	na	0.0	0.0	0.0	0.0	0.0	0.0	0.0
COL24A1	na	0.0	0.0	0.0	0.0	0.0	0.0	0.0
AL136382.1	na	0.0	0.0	0.0	0.0	0.0	0.0	0.0
ODF2L	na	0.0	0.0	0.0	0.0	0.0	0.0	0.0
CLCA2	na	0.0	0.0	0.0	0.0	0.0	0.0	0.0
SH3GLB1	na	0.04272190455219468	0.08359291455326628	0.04164532588658642	0.048331117724724405	0.04699657540743853	0.053227956545301575	0.0854609051907605
SELENOF	na	0.06685753575185334	0.14973858700973885	0.04208403124296309	0.06763681077698855	0.06687619225503481	0.11122348518351566	0.13807413113329742
HS2ST1	na	0.0	0.0	0.0	0.0	0.0	0.0	0.0
LMO4	na	0.0	0.0	0.0	0.0	0.0	0.0	0.0
PKN2	na	0.0	0.0	0.0	0.0	0.0	0.0	0.0
GTF2B	na	0.0	0.0	0.0	0.0	0.0	0.0	0.0
KYAT3	na	0.0	0.0	0.0	0.0	0.0	0.0	0.0
RBMXL1	na	0.0	0.0	0.0	0.0	0.0	0.0	0.0
GBP3	na	0.0	0.0	0.0	0.0	0.0	0.0	0.0
GBP1	na	0.0	0.0	0.0	0.0	0.0	0.0	0.0
GBP2	na	0.0380647239606749	0.07077480264250965	0.051831686198147806	0.048758302180936304	0.04677747917533233	0.05576797278108856	0.08477451062894693
GBP4	na	0.0	0.0	0.0	0.0	0.0	0.0	0.0
GBP5	na	0.0	0.0	0.0	0.0	0.0	0.0	0.0
LRRC8B	na	0.0	0.0	0.0	0.0	0.0	0.0	0.0
LRRC8C	na	0.0	0.0	0.0	0.0	0.0	0.0	0.0
LRRC8D	na	0.0	0.0	0.0	0.0	0.0	0.0	0.0
ZNF326	na	0.0	0.0	0.0	0.0	0.0	0.0	0.0
ZNF644	na	0.0	0.0	0.0	0.0	0.0	0.0	0.0
CDC7	na	0.0	0.0	0.0	0.0	0.0	0.0	0.0
TGFBR3	na	0.0	0.0	0.0	0.0	0.0	0.0	0.0
BTBD8	na	0.0	0.0	0.0	0.0	0.0	0.0	0.0
GLMN	na	0.0	0.0	0.0	0.0	0.0	0.0	0.0
RPAP2	na	0.0	0.0	0.0	0.0	0.0	0.0	0.0
EVI5	na	0.0	0.0	0.0	0.0	0.0	0.0	0.0
RPL5	na	0.35924816508288565	0.9464719006728796	0.02141287506813217	0.20820735611675723	0.2555934955858285	0.756261791693651	0.7275647585551818
FAM69A	na	0.0	0.0	0.0	0.0	0.0	0.0	0.0
MTF2	na	0.0	0.0	0.0	0.0	0.0	0.0	0.0
TMED5	na	0.0	0.0	0.0	0.0	0.0	0.0	0.0
CCDC18	na	0.0	0.0	0.0	0.0	0.0	0.0	0.0
DR1	na	0.0	0.0	0.0	0.0	0.0	0.0	0.0
FNBP1L	na	0.04482491806319197	0.07385794709422167	0.058514647382119624	0.037831577005497184	0.0475501087080537	0.07651778069878995	0.08684689309551419
BCAR3	na	0.0	0.0	0.0	0.0	0.0	0.0	0.0
DNTTIP2	na	0.0	0.0	0.0	0.0	0.0	0.0	0.0
GCLM	na	0.0	0.0	0.0	0.0	0.0	0.0	0.0
ABCA4	na	0.0	0.0	0.0	0.0	0.0	0.0	0.0
ARHGAP29	na	0.0	0.0	0.0	0.0	0.0	0.0	0.0
AC097059.1	na	0.0	0.0	0.0	0.0	0.0	0.0	0.0
ABCD3	na	0.0	0.0	0.0	0.0	0.0	0.0	0.0
F3	na	0.0	0.0	0.0	0.0	0.0	0.0	0.0
SLC44A3	na	0.0	0.0	0.0	0.0	0.0	0.0	0.0
CNN3	na	0.09940831937236794	0.16796023376265581	0.07698721435508893	0.09697973072683665	0.08876002402064154	0.1634544324610645	0.15714555074624734
AC105942.1	na	0.0	0.0	0.0	0.0	0.0	0.0	0.0
ALG14	na	0.0	0.0	0.0	0.0	0.0	0.0	0.0
TMEM56	na	0.0	0.0	0.0	0.0	0.0	0.0	0.0
RWDD3	na	0.0	0.0	0.0	0.0	0.0	0.0	0.0
AC092802.2	na	0.0	0.0	0.0	0.0	0.0	0.0	0.0
PTBP2	na	0.0	0.0	0.0	0.0	0.0	0.0	0.0
DPYD	na	0.0	0.0	0.0	0.0	0.0	0.0	0.0
SNX7	na	0.0	0.0	0.0	0.0	0.0	0.0	0.0
PALMD	na	0.0	0.0	0.0	0.0	0.0	0.0	0.0
AGL	na	0.0	0.0	0.0	0.0	0.0	0.0	0.0
SLC35A3	na	0.04776738835704951	0.06593180956320252	0.04742473190228347	0.05499455495338663	0.04769227211814128	0.059633382315987526	0.08429052795241065
MFSD14A	na	0.0	0.0	0.0	0.0	0.0	0.0	0.0
SASS6	na	0.0	0.0	0.0	0.0	0.0	0.0	0.0
TRMT13	na	0.0	0.0	0.0	0.0	0.0	0.0	0.0
DBT	na	0.0	0.0	0.0	0.0	0.0	0.0	0.0
RTCA-AS1	na	0.0	0.0	0.0	0.0	0.0	0.0	0.0
RTCA	na	0.0	0.0	0.0	0.0	0.0	0.0	0.0
CDC14A	na	0.0	0.0	0.0	0.0	0.0	0.0	0.0
VCAM1	na	0.0	0.0	0.0	0.0	0.0	0.0	0.0
EXTL2	na	0.0	0.0	0.0	0.0	0.0	0.0	0.0
AC104506.1	na	0.0	0.0	0.0	0.0	0.0	0.0	0.0
SLC30A7	na	0.0	0.0	0.0	0.0	0.0	0.0	0.0
DPH5	na	0.0	0.0	0.0	0.0	0.0	0.0	0.0
AC093157.1	na	0.0	0.0	0.0	0.0	0.0	0.0	0.0
S1PR1	na	0.0	0.0	0.0	0.0	0.0	0.0	0.0
COL11A1	na	0.0	0.0	0.0	0.0	0.0	0.0	0.0
RNPC3	na	0.0	0.0	0.0	0.0	0.0	0.0	0.0
AMY2B	na	0.0	0.0	0.0	0.0	0.0	0.0	0.0
PRMT6	na	0.0	0.0	0.0	0.0	0.0	0.0	0.0
NTNG1	na	0.0	0.0	0.0	0.0	0.0	0.0	0.0
VAV3	na	0.05238579040359315	0.08578675890101195	0.049503211873251206	0.05216373896188048	0.050017469761840384	0.062494975422571264	0.09431362990392077
SLC25A24	na	0.0	0.0	0.0	0.0	0.0	0.0	0.0
AL359258.2	na	0.0	0.0	0.0	0.0	0.0	0.0	0.0
FAM102B	na	0.0	0.0	0.0	0.0	0.0	0.0	0.0
HENMT1	na	0.0	0.0	0.0	0.0	0.0	0.0	0.0
PRPF38B	na	0.0	0.0	0.0	0.0	0.0	0.0	0.0
STXBP3	na	0.0	0.0	0.0	0.0	0.0	0.0	0.0
GPSM2	na	0.0	0.0	0.0	0.0	0.0	0.0	0.0
CLCC1	na	0.0	0.0	0.0	0.0	0.0	0.0	0.0
WDR47	na	0.0	0.0	0.0	0.0	0.0	0.0	0.0
TAF13	na	0.0	0.0	0.0	0.0	0.0	0.0	0.0
TMEM167B	na	0.0	0.0	0.0	0.0	0.0	0.0	0.0
AL356488.2	na	0.0	0.0	0.0	0.0	0.0	0.0	0.0
KIAA1324	na	0.07384093503884545	0.08767218290443791	0.09149688681048067	0.08053989007617453	0.07163192119066514	0.07781729526976536	0.13364254228767047
SARS	na	0.04522291560544244	0.07246912452630261	0.040761653488274284	0.05427471614868361	0.04663748279189491	0.05884630757384196	0.0845342343643308
CELSR2	na	0.0	0.0	0.0	0.0	0.0	0.0	0.0
PSRC1	na	0.0	0.0	0.0	0.0	0.0	0.0	0.0
SORT1	na	0.0500927513391609	0.07026568307006023	0.061020939918558344	0.042147208789063535	0.04949132412965499	0.06784626914601043	0.0799579066037791
PSMA5	na	0.05370805691517181	0.13128857071389508	0.02936619358382521	0.06614963609159183	0.06003722550728187	0.11054880314438245	0.10723305316059273
ATXN7L2	na	0.0	0.0	0.0	0.0	0.0	0.0	0.0
CYB561D1	na	0.0	0.0	0.0	0.0	0.0	0.0	0.0
AMIGO1	na	0.0	0.0	0.0	0.0	0.0	0.0	0.0
GNAI3	na	0.047092260137087616	0.07008146391105902	0.05351762633920027	0.039371646481588606	0.043793008029332	0.06391195103039403	0.07598450707042081
AMPD2	na	0.0	0.0	0.0	0.0	0.0	0.0	0.0
GSTM4	na	0.0	0.0	0.0	0.0	0.0	0.0	0.0
GSTM3	na	0.16307319611165583	0.33235323330400535	0.08435524747156468	0.06705719515716514	0.11602556486771516	0.21913394795974578	0.30615691703886944
CSF1	na	0.0	0.0	0.0	0.0	0.0	0.0	0.0
AHCYL1	na	0.05380898540033755	0.06252049266610696	0.04511482457100128	0.04263684305809888	0.044892102858195455	0.07954743907353631	0.07234699992809084
STRIP1	na	0.0	0.0	0.0	0.0	0.0	0.0	0.0
AL160006.1	na	0.0	0.0	0.0	0.0	0.0	0.0	0.0
KCNC4	na	0.0	0.0	0.0	0.0	0.0	0.0	0.0
RBM15	na	0.0	0.0	0.0	0.0	0.0	0.0	0.0
SLC16A4	na	0.0	0.0	0.0	0.0	0.0	0.0	0.0
AL355488.1	na	0.0	0.0	0.0	0.0	0.0	0.0	0.0
LAMTOR5	na	0.09379534015340496	0.1844120765066615	0.02742470886684819	0.0817976899290902	0.08086945755172319	0.1628559536456963	0.1635337036925447
AL365361.1	na	0.0	0.0	0.0	0.0	0.0	0.0	0.0
CD53	na	0.0	0.0	0.0	0.0	0.0	0.0	0.0
LRIF1	na	0.0	0.0	0.0	0.0	0.0	0.0	0.0
DRAM2	na	0.0	0.0	0.0	0.0	0.0	0.0	0.0
CEPT1	na	0.0	0.0	0.0	0.0	0.0	0.0	0.0
AL355816.2	na	0.0	0.0	0.0	0.0	0.0	0.0	0.0
DENND2D	na	0.0	0.0	0.0	0.0	0.0	0.0	0.0
CHI3L2	na	0.0	0.0	0.0	0.0	0.0	0.0	0.0
PIFO	na	0.0	0.0	0.0	0.0	0.0	0.0	0.0
OVGP1	na	0.0	0.0	0.0	0.0	0.0	0.0	0.0
WDR77	na	0.0	0.0	0.0	0.0	0.0	0.0	0.0
ATP5PB	na	0.07008622309940918	0.19747787431571595	0.04257543422742365	0.05970892731028388	0.07676887420133728	0.1536820624765101	0.16357364440002103
C1orf162	na	0.0	0.0	0.0	0.0	0.0	0.0	0.0
TMIGD3	na	0.0	0.0	0.0	0.0	0.0	0.0	0.0
ADORA3	na	0.0	0.0	0.0	0.0	0.0	0.0	0.0
RAP1A	na	0.03269884787582091	0.07301180573863159	0.04045786680336378	0.0462805311011432	0.04535124524681696	0.06289852746292462	0.08440989947670437
DDX20	na	0.0	0.0	0.0	0.0	0.0	0.0	0.0
KCND3	na	0.0	0.0	0.0	0.0	0.0	0.0	0.0
CTTNBP2NL	na	0.0	0.0	0.0	0.0	0.0	0.0	0.0
ST7L	na	0.0	0.0	0.0	0.0	0.0	0.0	0.0
CAPZA1	na	0.05775943116565794	0.10942782370343761	0.05857888560847149	0.04694739797888529	0.055456668619416644	0.07612642039216387	0.10988985094014062
MOV10	na	0.058758292186866956	0.07164343341015202	0.05773397319211182	0.052788366299100886	0.05308653979016999	0.06772037760731918	0.09481251488498904
RHOC	na	0.13728413898014655	0.3159569808897905	0.0429776167414923	0.11899813548987255	0.1202307837665766	0.2663880469770607	0.26868998453013165
PPM1J	na	0.0	0.0	0.0	0.0	0.0	0.0	0.0
SLC16A1	na	0.0	0.0	0.0	0.0	0.0	0.0	0.0
LRIG2	na	0.0	0.0	0.0	0.0	0.0	0.0	0.0
MAGI3	na	0.0	0.0	0.0	0.0	0.0	0.0	0.0
PHTF1	na	0.0	0.0	0.0	0.0	0.0	0.0	0.0
RSBN1	na	0.0	0.0	0.0	0.0	0.0	0.0	0.0
PTPN22	na	0.0	0.0	0.0	0.0	0.0	0.0	0.0
AP4B1	na	0.0	0.0	0.0	0.0	0.0	0.0	0.0
DCLRE1B	na	0.0	0.0	0.0	0.0	0.0	0.0	0.0
HIPK1	na	0.0	0.0	0.0	0.0	0.0	0.0	0.0
OLFML3	na	0.0	0.0	0.0	0.0	0.0	0.0	0.0
TRIM33	na	0.0	0.0	0.0	0.0	0.0	0.0	0.0
BCAS2	na	0.04552672985699517	0.07220105515866573	0.051739905938957935	0.037875169135506974	0.04423783956364723	0.0602929784329607	0.0775866137234474
NRAS	na	0.0	0.0	0.0	0.0	0.0	0.0	0.0
CSDE1	na	0.09385464524646694	0.16066206080861173	0.08185524973523464	0.06907817802066907	0.08548195476693005	0.149036686687925	0.17870516243658352
SIKE1	na	0.0	0.0	0.0	0.0	0.0	0.0	0.0
TSPAN2	na	0.0	0.0	0.0	0.0	0.0	0.0	0.0
NGF	na	0.0	0.0	0.0	0.0	0.0	0.0	0.0
VANGL1	na	0.0	0.0	0.0	0.0	0.0	0.0	0.0
SLC22A15	na	0.0	0.0	0.0	0.0	0.0	0.0	0.0
ATP1A1	na	0.0873683089575882	0.15885293972957742	0.08802610677460601	0.07367950834998464	0.08546517772357877	0.1589758107006696	0.1670931587092509
LINC01762	na	0.0	0.0	0.0	0.0	0.0	0.0	0.0
CD58	na	0.0	0.0	0.0	0.0	0.0	0.0	0.0
IGSF3	na	0.041019401188147724	0.07392497180727549	0.04907648548654937	0.049303100254954255	0.04422304677658494	0.06464903346163979	0.08879918479236258
CD2	na	0.0	0.0	0.0	0.0	0.0	0.0	0.0
PTGFRN	na	0.0	0.0	0.0	0.0	0.0	0.0	0.0
TTF2	na	0.0	0.0	0.0	0.0	0.0	0.0	0.0
TRIM45	na	0.0	0.0	0.0	0.0	0.0	0.0	0.0
VTCN1	na	0.0	0.0	0.0	0.0	0.0	0.0	0.0
MAN1A2	na	0.0	0.0	0.0	0.0	0.0	0.0	0.0
TENT5C	na	0.0	0.0	0.0	0.0	0.0	0.0	0.0
GDAP2	na	0.0	0.0	0.0	0.0	0.0	0.0	0.0
WDR3	na	0.0	0.0	0.0	0.0	0.0	0.0	0.0
SPAG17	na	0.0	0.0	0.0	0.0	0.0	0.0	0.0
TBX15	na	0.0	0.0	0.0	0.0	0.0	0.0	0.0
WARS2	na	0.0	0.0	0.0	0.0	0.0	0.0	0.0
AL359915.2	na	0.0	0.0	0.0	0.0	0.0	0.0	0.0
ZNF697	na	0.0	0.0	0.0	0.0	0.0	0.0	0.0
PHGDH	na	0.0	0.0	0.0	0.0	0.0	0.0	0.0
NOTCH2	na	0.04445070234855755	0.048108698683011826	0.05303170020300858	0.0447053150898418	0.04412479611472615	0.06226810947308933	0.07361258034548163
SEC22B	na	0.04487221610411296	0.06011451430097149	0.06132421671554957	0.041089523919369215	0.04591134561219974	0.06472886305924219	0.08150741039271424
NBPF26	na	0.0	0.0	0.0	0.0	0.0	0.0	0.0
LINC00623	na	0.0	0.0	0.0	0.0	0.0	0.0	0.0
FCGR1B	na	0.0	0.0	0.0	0.0	0.0	0.0	0.0
SRGAP2C	na	0.0	0.0	0.0	0.0	0.0	0.0	0.0
AC239800.2	na	0.0	0.0	0.0	0.0	0.0	0.0	0.0
AC239800.3	na	0.0	0.0	0.0	0.0	0.0	0.0	0.0
FAM72C	na	0.0	0.0	0.0	0.0	0.0	0.0	0.0
AC245595.1	na	0.0	0.0	0.0	0.0	0.0	0.0	0.0
AC246785.3	na	0.0	0.0	0.0	0.0	0.0	0.0	0.0
NBPF15	na	0.0	0.0	0.0	0.0	0.0	0.0	0.0
SRGAP2B	na	0.0	0.0	0.0	0.0	0.0	0.0	0.0
FAM72D	na	0.0	0.0	0.0	0.0	0.0	0.0	0.0
AC245014.3	na	0.0	0.0	0.0	0.0	0.0	0.0	0.0
AC245014.1	na	0.0	0.0	0.0	0.0	0.0	0.0	0.0
NBPF20	na	0.0	0.0	0.0	0.0	0.0	0.0	0.0
GPR89A	na	0.0	0.0	0.0	0.0	0.0	0.0	0.0
RNF115	na	0.0	0.0	0.0	0.0	0.0	0.0	0.0
POLR3C	na	0.0	0.0	0.0	0.0	0.0	0.0	0.0
NUDT17	na	0.0	0.0	0.0	0.0	0.0	0.0	0.0
PIAS3	na	0.0	0.0	0.0	0.0	0.0	0.0	0.0
ANKRD35	na	0.0	0.0	0.0	0.0	0.0	0.0	0.0
PEX11B	na	0.0	0.0	0.0	0.0	0.0	0.0	0.0
RBM8A	na	0.14824388959484716	0.26986651630276964	0.07432244380393264	0.08045443696454611	0.10404697636618218	0.22378228954026277	0.2268622410947769
LIX1L-AS1	na	0.0	0.0	0.0	0.0	0.0	0.0	0.0
LIX1L	na	0.0	0.0	0.0	0.0	0.0	0.0	0.0
POLR3GL	na	0.0	0.0	0.0	0.0	0.0	0.0	0.0
TXNIP	na	0.10899622165473474	0.1816648640796255	0.09352296007095046	0.09471949113311674	0.09537468176163841	0.18460042213149597	0.18705447959041338
NBPF10	na	0.0	0.0	0.0	0.0	0.0	0.0	0.0
NOTCH2NL	na	0.0	0.0	0.0	0.0	0.0	0.0	0.0
NBPF12	na	0.0	0.0	0.0	0.0	0.0	0.0	0.0
PRKAB2	na	0.0	0.0	0.0	0.0	0.0	0.0	0.0
AC242426.2	na	0.0	0.0	0.0	0.0	0.0	0.0	0.0
FMO5	na	0.0	0.0	0.0	0.0	0.0	0.0	0.0
CHD1L	na	0.0	0.0	0.0	0.0	0.0	0.0	0.0
BCL9	na	0.0	0.0	0.0	0.0	0.0	0.0	0.0
ACP6	na	0.0	0.0	0.0	0.0	0.0	0.0	0.0
GJA5	na	0.0	0.0	0.0	0.0	0.0	0.0	0.0
GPR89B	na	0.0	0.0	0.0	0.0	0.0	0.0	0.0
AC239803.3	na	0.0	0.0	0.0	0.0	0.0	0.0	0.0
NBPF11	na	0.0	0.0	0.0	0.0	0.0	0.0	0.0
NBPF14	na	0.0	0.0	0.0	0.0	0.0	0.0	0.0
PDE4DIP	na	0.0	0.0	0.0	0.0	0.0	0.0	0.0
NBPF9	na	0.0	0.0	0.0	0.0	0.0	0.0	0.0
AC245297.3	na	0.0	0.0	0.0	0.0	0.0	0.0	0.0
AC245297.2	na	0.0	0.0	0.0	0.0	0.0	0.0	0.0
NBPF19	na	0.0	0.0	0.0	0.0	0.0	0.0	0.0
FCGR1A	na	0.0	0.0	0.0	0.0	0.0	0.0	0.0
HIST2H2BF	na	0.0	0.0	0.0	0.0	0.0	0.0	0.0
HIST2H4A	na	0.0	0.0	0.0	0.0	0.0	0.0	0.0
AC239868.3	na	0.0	0.0	0.0	0.0	0.0	0.0	0.0
HIST2H2AA4	na	0.0	0.0	0.0	0.0	0.0	0.0	0.0
AC239868.2	na	0.0	0.0	0.0	0.0	0.0	0.0	0.0
HIST2H2BE	na	0.05933127587252756	0.09868782359009581	0.04902015423154837	0.04507104095363004	0.05751953222448555	0.10422293597300063	0.104213179295183
HIST2H2AC	na	0.0	0.0	0.0	0.0	0.0	0.0	0.0
BOLA1	na	0.0	0.0	0.0	0.0	0.0	0.0	0.0
SF3B4	na	0.04463154643549105	0.08327265175917205	0.05338521202786947	0.04091251373660987	0.04979906091458424	0.07495293877915413	0.10238445652517014
MTMR11	na	0.0	0.0	0.0	0.0	0.0	0.0	0.0
OTUD7B	na	0.0	0.0	0.0	0.0	0.0	0.0	0.0
VPS45	na	0.0	0.0	0.0	0.0	0.0	0.0	0.0
PLEKHO1	na	0.05222282769145817	0.08747065495316188	0.054848601872404056	0.04046966306619105	0.052326185886156416	0.0776598554205996	0.10606668245578997
ANP32E	na	0.0	0.0	0.0	0.0	0.0	0.0	0.0
APH1A	na	0.07850547605665016	0.0799872849924771	0.06323228884767068	0.06141838843832604	0.06209669638039344	0.08438734972657062	0.108955110220189
C1orf54	na	0.0	0.0	0.0	0.0	0.0	0.0	0.0
CIART	na	0.0	0.0	0.0	0.0	0.0	0.0	0.0
MRPS21	na	0.11181723350900008	0.24684439745324677	0.04700481950208149	0.05069701602137099	0.08865880544770904	0.19007078264790547	0.23066891795744737
PRPF3	na	0.05444313166864951	0.08097765106548288	0.05679920113789774	0.045942380010770105	0.05088682988994858	0.06537822474484274	0.09055640564142657
RPRD2	na	0.0	0.0	0.0	0.0	0.0	0.0	0.0
TARS2	na	0.0	0.0	0.0	0.0	0.0	0.0	0.0
ECM1	na	0.05248569043291736	0.04903904678641476	0.06003283671268782	0.05549755923134433	0.05041656269316497	0.08732514941250562	0.06837823617581164
ADAMTSL4	na	0.0	0.0	0.0	0.0	0.0	0.0	0.0
MCL1	na	0.08169040016699519	0.1773263878543384	0.08332387482062859	0.038416039338623253	0.07942332751444503	0.1566767311057053	0.18953985723693667
ENSA	na	0.09400372825954716	0.12595193422354498	0.09028400834878149	0.02635222694462795	0.07136526272588595	0.11645016527241649	0.17167136565144134
GOLPH3L	na	0.0	0.0	0.0	0.0	0.0	0.0	0.0
CTSS	na	0.0	0.0	0.0	0.0	0.0	0.0	0.0
CTSK	na	0.0	0.0	0.0	0.0	0.0	0.0	0.0
ARNT	na	0.0	0.0	0.0	0.0	0.0	0.0	0.0
SETDB1	na	0.0	0.0	0.0	0.0	0.0	0.0	0.0
CERS2	na	0.08350275316115206	0.18110254368071554	0.06870308793859531	0.036984255328003764	0.07883828138012974	0.14119785690795897	0.21177523253602665
AL590133.2	na	0.0	0.0	0.0	0.0	0.0	0.0	0.0
ANXA9	na	0.0	0.0	0.0	0.0	0.0	0.0	0.0
MINDY1	na	0.0	0.0	0.0	0.0	0.0	0.0	0.0
PRUNE1	na	0.0	0.0	0.0	0.0	0.0	0.0	0.0
BNIPL	na	0.0	0.0	0.0	0.0	0.0	0.0	0.0
C1orf56	na	0.0	0.0	0.0	0.0	0.0	0.0	0.0
CDC42SE1	na	0.06364218317806172	0.07563803544616843	0.0694113237489039	0.024311871385944962	0.053228710508732374	0.08866759651246196	0.10470913980083463
MLLT11	na	0.0	0.0	0.0	0.0	0.0	0.0	0.0
GABPB2	na	0.0	0.0	0.0	0.0	0.0	0.0	0.0
SEMA6C	na	0.0	0.0	0.0	0.0	0.0	0.0	0.0
TNFAIP8L2	na	0.0	0.0	0.0	0.0	0.0	0.0	0.0
SCNM1	na	0.0	0.0	0.0	0.0	0.0	0.0	0.0
LYSMD1	na	0.0	0.0	0.0	0.0	0.0	0.0	0.0
VPS72	na	0.0	0.0	0.0	0.0	0.0	0.0	0.0
PIP5K1A	na	0.0	0.0	0.0	0.0	0.0	0.0	0.0
PSMD4	na	0.051004977268931634	0.0999329116944756	0.060671743244401354	0.04300799430386122	0.056560976089549776	0.0781344800045151	0.11907905032048303
AL391069.2	na	0.0	0.0	0.0	0.0	0.0	0.0	0.0
ZNF687	na	0.0	0.0	0.0	0.0	0.0	0.0	0.0
PI4KB	na	0.0	0.0	0.0	0.0	0.0	0.0	0.0
RFX5	na	0.0	0.0	0.0	0.0	0.0	0.0	0.0
AL391069.3	na	0.0	0.0	0.0	0.0	0.0	0.0	0.0
SELENBP1	na	0.085961933641411	0.12434941277886381	0.07698604411974644	0.06910770221256775	0.07773705245655468	0.11994251003646668	0.1539082836572287
PSMB4	na	0.12984922274623054	0.21308597434508564	0.08705623824281386	0.035607719224546225	0.09076888682516938	0.1759871988412756	0.2191769916666601
POGZ	na	0.0	0.0	0.0	0.0	0.0	0.0	0.0
CGN	na	0.0	0.0	0.0	0.0	0.0	0.0	0.0
TUFT1	na	0.0	0.0	0.0	0.0	0.0	0.0	0.0
SNX27	na	0.0	0.0	0.0	0.0	0.0	0.0	0.0
RIIAD1	na	0.0	0.0	0.0	0.0	0.0	0.0	0.0
MRPL9	na	0.0	0.0	0.0	0.0	0.0	0.0	0.0
OAZ3	na	0.0	0.0	0.0	0.0	0.0	0.0	0.0
TDRKH	na	0.0	0.0	0.0	0.0	0.0	0.0	0.0
TDRKH-AS1	na	0.0	0.0	0.0	0.0	0.0	0.0	0.0
RORC	na	0.0	0.0	0.0	0.0	0.0	0.0	0.0
C2CD4D	na	0.0	0.0	0.0	0.0	0.0	0.0	0.0
THEM4	na	0.0	0.0	0.0	0.0	0.0	0.0	0.0
S100A10	na	0.04699012197823058	0.17798377298179127	1.3337561840758689e-15	0.11392659822865896	0.08002385311400473	0.20135112812546482	0.11914517996928185
S100A11	na	0.7569172039482978	2.124583566388469	0.04319731217820401	0.04585483657949599	0.4745028675583236	1.5993656929224613	1.7183770398374176
PGLYRP4	na	0.0	0.0	0.0	0.0	0.0	0.0	0.0
S100A9	na	3.099702342868481	7.12099628303244	1.0652777664104543e-26	2.67423846869923e-28	1.3739347739812897	3.9012554729653695	6.417751263362641
S100A12	na	0.0	0.0	0.0	0.0	0.0	0.0	0.0
S100A8	na	1.6549578626616734	3.666961606492049	0.21803040478148847	5.70323529213551e-17	0.8281301097169163	1.7256076006038048	3.7592012533661747
S100A7A	na	0.0627341052321428	0.09550111311365866	0.051966180139772625	0.033095137658391	0.05319654560234406	0.08998407262338413	0.12832012771048323
S100A7	na	6.707850471372014	12.330728641176002	0.018520039270155525	4.644470331932155e-18	2.685079948276894	4.570823082490749	14.687822218596049
S100A6	na	0.4312144089503847	1.1973775834674352	0.05899646581156392	0.18032983730782678	0.31100456690665557	0.9515945222837308	0.9769314441879671
S100A4	na	0.06279439981710934	0.2237592098603956	4.314562825420262e-15	0.08005547096273775	0.08190335267113928	0.19685906543447487	0.13602792778871586
S100A2	na	0.0	0.0	0.0	0.0	0.0	0.0	0.0
S100A16	na	0.1675764898551131	0.3368732973993484	0.09060294185756221	0.027798428114607997	0.11297068338650842	0.25436340944761754	0.3190172475601132
S100A14	na	0.13060118454846203	0.23917880380387277	0.0542444587290159	0.10143877115552304	0.10675078115590665	0.1986120314621879	0.25333480392364477
S100A13	na	0.16902440306656977	0.3699588671604269	4.72166303952346e-16	0.09769733665523561	0.11734138104493992	0.2997470167867438	0.2804938910260917
S100A1	na	0.0	0.0	0.0	0.0	0.0	0.0	0.0
CHTOP	na	0.04812876018744682	0.07603586121082741	0.056851683653744024	0.05013646852448425	0.05189269885993037	0.06957631247610259	0.1021950395382319
SNAPIN	na	0.0	0.0	0.0	0.0	0.0	0.0	0.0
ILF2	na	0.10722187693576259	0.17019613187467664	0.053244266846083674	0.054448673762340964	0.07612463181725562	0.12699311400739605	0.171450331852091
NPR1	na	0.0	0.0	0.0	0.0	0.0	0.0	0.0
INTS3	na	0.0	0.0	0.0	0.0	0.0	0.0	0.0
SLC27A3	na	0.0	0.0	0.0	0.0	0.0	0.0	0.0
GATAD2B	na	0.0	0.0	0.0	0.0	0.0	0.0	0.0
DENND4B	na	0.0	0.0	0.0	0.0	0.0	0.0	0.0
CRTC2	na	0.0	0.0	0.0	0.0	0.0	0.0	0.0
SLC39A1	na	0.04932410461998385	0.08631243686999715	0.057078877587884345	0.03511862406548735	0.046498319111422715	0.07053907949172203	0.09637894066405317
CREB3L4	na	0.062053785856835283	0.09123577637991687	0.059067128544155204	0.05560283666770574	0.05700616582325279	0.08941393797376815	0.11141476716966296
JTB	na	0.09932227278334309	0.19486725878725616	0.053589315643688816	0.055946360661382546	0.07914954162967149	0.13809449082351422	0.1873601791798731
AL358472.2	na	0.0	0.0	0.0	0.0	0.0	0.0	0.0
RAB13	na	0.06716286912173003	0.0717926234798913	0.04090711172740558	0.04446182167783607	0.04721421647583557	0.0635737900477476	0.09348576413801579
RPS27	na	1.7622571946782812	5.017531831982969	2.892836510940609e-18	4.160060789836688e-17	0.8025114166676471	3.7215655891143413	3.2467005894252186
TPM3	na	0.11705346064694612	0.2759608147513551	0.05554586559085207	0.055532272668546864	0.10487131386213897	0.26830247477017494	0.2610828455820778
C1orf43	na	0.1249355569693645	0.23658242487921313	0.07841422793841545	0.048929532755104733	0.09096850893950859	0.17810085905351075	0.23744828386188344
UBAP2L	na	0.05636017246858154	0.092562620555711	0.06800513542416502	0.0363137935950569	0.0587013049672193	0.08684201685194887	0.11678065405230605
HAX1	na	0.0	0.0	0.0	0.0	0.0	0.0	0.0
ATP8B2	na	0.0	0.0	0.0	0.0	0.0	0.0	0.0
IL6R	na	0.0	0.0	0.0	0.0	0.0	0.0	0.0
SHE	na	0.0	0.0	0.0	0.0	0.0	0.0	0.0
UBE2Q1	na	0.057344051569133886	0.07789448394362461	0.050924725280451055	0.039192701963925686	0.04785035215677477	0.06554112765238203	0.08486454405563475
ADAR	na	0.09106385418380597	0.15463460131085535	0.08774090577743053	0.06040796608295305	0.08355827284250668	0.14748639845322173	0.16795787764165007
KCNN3	na	0.0	0.0	0.0	0.0	0.0	0.0	0.0
PMVK	na	0.07265409318574127	0.10854306142499254	0.0675745648844243	0.054422953881878615	0.06365653508076514	0.0869329274158301	0.12170322119580693
PBXIP1	na	0.05270410634369913	0.06833817971030691	0.059610882179087256	0.03952499847161459	0.04798618816863694	0.04975168953624495	0.08899789876295701
PYGO2	na	0.05855896135932988	0.060732021302531976	0.04823566898129207	0.047101748586414645	0.04834404168222791	0.053464247528308355	0.07772662524778946
AL451085.2	na	0.0	0.0	0.0	0.0	0.0	0.0	0.0
SHC1	na	0.05737808744145765	0.08056725044603284	0.05641023068643407	0.0388107033131898	0.04862493110779702	0.07636754988761453	0.0909898941403723
CKS1B	na	0.07265989304278753	0.12802139398268028	0.03963215045633385	0.06074621816469794	0.05841111996961921	0.1098561056165917	0.1080557823875885
FLAD1	na	0.06638238345828425	0.11111328467650458	0.05763066748700641	0.05037474354048863	0.060118992744333105	0.08323646963495915	0.11502999748755176
ZBTB7B	na	0.06070360873199266	0.06828063135790569	0.050859172262083106	0.05551019836090572	0.048996277708779686	0.06809210701216309	0.09832614198569883
DCST2	na	0.0	0.0	0.0	0.0	0.0	0.0	0.0
DCST1-AS1	na	0.0	0.0	0.0	0.0	0.0	0.0	0.0
ADAM15	na	0.058554566026510546	0.07387457111917849	0.06090926517055521	0.05623700706111162	0.06072635193384231	0.10112190234976944	0.11782995223633942
EFNA4	na	0.0	0.0	0.0	0.0	0.0	0.0	0.0
EFNA3	na	0.0	0.0	0.0	0.0	0.0	0.0	0.0
EFNA1	na	0.10276517966745385	0.14894411678179956	0.10438831042549727	0.05242233442030972	0.08537596967084668	0.12748788584502418	0.21028766371161203
SLC50A1	na	0.06290414297988238	0.0663528520305361	0.05964233580283619	0.058336353269043524	0.04907388709999052	0.056622687771279365	0.08737958086295546
DPM3	na	0.15133509623254113	0.29663737258766415	0.059274154839331586	0.0695452032242719	0.1067550950384082	0.2375931055579643	0.2601156977990893
KRTCAP2	na	0.08023805912050543	0.20671727972308562	0.038435982209157504	0.06913281002728959	0.07780689636952914	0.1701059068278564	0.18251438110181084
TRIM46	na	0.0	0.0	0.0	0.0	0.0	0.0	0.0
MUC1	na	0.05089672820376789	0.050977920847819255	0.07175916325807648	0.07203738729415374	0.0580696889373969	0.05291095837281589	0.07691968435004812
AC234582.1	na	0.0	0.0	0.0	0.0	0.0	0.0	0.0
THBS3	na	0.0	0.0	0.0	0.0	0.0	0.0	0.0
MTX1	na	0.04247085579686206	0.07839961534236688	0.05338187515907285	0.03896005257522401	0.044228722710489464	0.05904407345676643	0.08673707133605783
GBA	na	0.05047416061088866	0.05124369158234389	0.06210904626527137	0.04663471443279891	0.04710641789681232	0.0488388493434083	0.07695901683730173
FAM189B	na	0.0	0.0	0.0	0.0	0.0	0.0	0.0
SCAMP3	na	0.06316780473387326	0.08693355256781084	0.07522131690356323	0.04504379738956945	0.05495419780883915	0.06214136164768523	0.10104441506438584
CLK2	na	0.04654450104692584	0.05818643223613863	0.06003573320499105	0.04728571849380014	0.04657993048646455	0.0461449054935219	0.06612978607393442
HCN3	na	0.0	0.0	0.0	0.0	0.0	0.0	0.0
FDPS	na	0.06094031495409907	0.11598535623901512	0.058618026548711295	0.05829503273924191	0.06600510793074864	0.12861282195006263	0.13956859650806192
RUSC1-AS1	na	0.0	0.0	0.0	0.0	0.0	0.0	0.0
RUSC1	na	0.054595562364947	0.0747881304386459	0.06847245664543908	0.03466247293884197	0.04958002743695245	0.06577131511054188	0.09027528558354667
ASH1L	na	0.0	0.0	0.0	0.0	0.0	0.0	0.0
ASH1L-AS1	na	0.0	0.0	0.0	0.0	0.0	0.0	0.0
MSTO1	na	0.0	0.0	0.0	0.0	0.0	0.0	0.0
YY1AP1	na	0.047484274821939135	0.06434097245111513	0.054818893836410636	0.04880479548447432	0.046654199919820165	0.05243928562146334	0.08828225552116985
DAP3	na	0.05056309488025443	0.09905894257678116	0.04848089763601693	0.048065171120252756	0.0533151725184945	0.07501911216453236	0.09661191379323739
GON4L	na	0.0	0.0	0.0	0.0	0.0	0.0	0.0
SYT11	na	0.0	0.0	0.0	0.0	0.0	0.0	0.0
RIT1	na	0.0	0.0	0.0	0.0	0.0	0.0	0.0
KHDC4	na	0.0	0.0	0.0	0.0	0.0	0.0	0.0
ARHGEF2	na	0.0	0.0	0.0	0.0	0.0	0.0	0.0
SSR2	na	0.0802532022496674	0.12182881742192689	0.06708048336925668	0.04820620789363313	0.06594841697278533	0.09147800007004694	0.13227989546757407
UBQLN4	na	0.0	0.0	0.0	0.0	0.0	0.0	0.0
LAMTOR2	na	0.05363804022860848	0.08652458430261362	0.045594634685114335	0.05193437043853741	0.052658429514676953	0.08007511777041447	0.10272901099881178
RAB25	na	0.0	0.0	0.0	0.0	0.0	0.0	0.0
MEX3A	na	0.0	0.0	0.0	0.0	0.0	0.0	0.0
LMNA	na	0.09594482606791535	0.13581227538085405	0.0863972815956739	0.03287321160430497	0.07823231753601248	0.12906085244337387	0.1634707682932792
SEMA4A	na	0.0	0.0	0.0	0.0	0.0	0.0	0.0
SLC25A44	na	0.0	0.0	0.0	0.0	0.0	0.0	0.0
PMF1	na	0.0	0.0	0.0	0.0	0.0	0.0	0.0
PAQR6	na	0.0	0.0	0.0	0.0	0.0	0.0	0.0
SMG5	na	0.0	0.0	0.0	0.0	0.0	0.0	0.0
TMEM79	na	0.0	0.0	0.0	0.0	0.0	0.0	0.0
GLMP	na	0.0	0.0	0.0	0.0	0.0	0.0	0.0
CCT3	na	0.08049181303837183	0.16812915317138213	0.08131743386327613	0.04153257842039356	0.08320957206185638	0.1380738767613999	0.1843460366889928
TSACC	na	0.0	0.0	0.0	0.0	0.0	0.0	0.0
RHBG	na	0.0	0.0	0.0	0.0	0.0	0.0	0.0
AL139412.1	na	0.0	0.0	0.0	0.0	0.0	0.0	0.0
MEF2D	na	0.0	0.0	0.0	0.0	0.0	0.0	0.0
IQGAP3	na	0.0	0.0	0.0	0.0	0.0	0.0	0.0
NAXE	na	0.05095168771063695	0.07603742539519256	0.04776109481181496	0.050887405301588355	0.049017642271378586	0.052725036319946426	0.08208418833615141
GPATCH4	na	0.0	0.0	0.0	0.0	0.0	0.0	0.0
NES	na	0.0	0.0	0.0	0.0	0.0	0.0	0.0
CRABP2	na	0.16286195679144316	0.3129278727588529	0.07606112536563249	0.010925252238781283	0.11626454079248884	0.25325082093296375	0.29603164994490533
ISG20L2	na	0.0	0.0	0.0	0.0	0.0	0.0	0.0
RRNAD1	na	0.0	0.0	0.0	0.0	0.0	0.0	0.0
MRPL24	na	0.050854783464385905	0.06847006580825983	0.061689168787794	0.03586145002604012	0.045158400191276246	0.05414436269021327	0.0831528291940693
HDGF	na	0.06806312514259903	0.09158018627542083	0.08199950801838442	0.06601106056813856	0.06382652991638	0.08877094832061604	0.1271234836880843
PRCC	na	0.0	0.0	0.0	0.0	0.0	0.0	0.0
SH2D2A	na	0.0	0.0	0.0	0.0	0.0	0.0	0.0
PEAR1	na	0.0	0.0	0.0	0.0	0.0	0.0	0.0
ARHGEF11	na	0.0	0.0	0.0	0.0	0.0	0.0	0.0
ETV3	na	0.0	0.0	0.0	0.0	0.0	0.0	0.0
FCRL5	na	0.0	0.0	0.0	0.0	0.0	0.0	0.0
KIRREL1	na	0.0	0.0	0.0	0.0	0.0	0.0	0.0
CD1D	na	0.0	0.0	0.0	0.0	0.0	0.0	0.0
CD1A	na	0.0	0.0	0.0	0.0	0.0	0.0	0.0
MNDA	na	0.0	0.0	0.0	0.0	0.0	0.0	0.0
IFI16	na	0.0	0.0	0.0	0.0	0.0	0.0	0.0
AIM2	na	0.0	0.0	0.0	0.0	0.0	0.0	0.0
FCER1A	na	0.0	0.0	0.0	0.0	0.0	0.0	0.0
DUSP23	na	0.06804574547895734	0.07982595391958297	0.05053445719147223	0.039210552881717285	0.050401855235727634	0.07658354029808058	0.09245021955424917
SLAMF8	na	0.0	0.0	0.0	0.0	0.0	0.0	0.0
AL590560.2	na	0.0	0.0	0.0	0.0	0.0	0.0	0.0
CFAP45	na	0.0	0.0	0.0	0.0	0.0	0.0	0.0
TAGLN2	na	0.23581495719132736	0.4422463664071697	0.11060620084732092	0.09088457874954517	0.1585322478947315	0.3464355938741639	0.3893626255052444
IGSF9	na	0.0	0.0	0.0	0.0	0.0	0.0	0.0
SLAMF9	na	0.0	0.0	0.0	0.0	0.0	0.0	0.0
PIGM	na	0.0	0.0	0.0	0.0	0.0	0.0	0.0
IGSF8	na	0.0504627054211143	0.06407339392068515	0.06997349556730079	0.0441988604511166	0.053694953746097826	0.06983176532694813	0.09754849475109884
ATP1A4	na	0.0	0.0	0.0	0.0	0.0	0.0	0.0
PEA15	na	0.06278835915060163	0.11392190348288697	0.05467073021121522	0.033108486334135434	0.05993748052677954	0.1087194401943997	0.10924754303910897
DCAF8	na	0.0	0.0	0.0	0.0	0.0	0.0	0.0
PEX19	na	0.0	0.0	0.0	0.0	0.0	0.0	0.0
COPA	na	0.07550777699330563	0.10240108637124722	0.05343485988165352	0.04573367767152757	0.05446863286082701	0.0867481635677864	0.11063317937899668
NCSTN	na	0.04620943647665461	0.06406880283518902	0.04978879583516773	0.04539544106156223	0.044194202431956424	0.0514395211544201	0.0870384163848103
VANGL2	na	0.0	0.0	0.0	0.0	0.0	0.0	0.0
SLAMF6	na	0.0	0.0	0.0	0.0	0.0	0.0	0.0
CD84	na	0.0	0.0	0.0	0.0	0.0	0.0	0.0
CD48	na	0.0	0.0	0.0	0.0	0.0	0.0	0.0
SLAMF7	na	0.0	0.0	0.0	0.0	0.0	0.0	0.0
F11R	na	0.06536556099249222	0.07632947487154419	0.07413910063522011	0.05987441665285027	0.061153850384054735	0.07958991017692037	0.11350882245281142
TSTD1	na	0.15080847554549084	0.307964088939944	0.05743559547640976	0.07445641231494865	0.11423533413772384	0.25236403980536415	0.2760332183853539
USF1	na	0.0	0.0	0.0	0.0	0.0	0.0	0.0
ARHGAP30	na	0.0	0.0	0.0	0.0	0.0	0.0	0.0
NECTIN4	na	0.0	0.0	0.0	0.0	0.0	0.0	0.0
KLHDC9	na	0.0	0.0	0.0	0.0	0.0	0.0	0.0
PFDN2	na	0.07226077168422693	0.13020863955490392	0.04540308964376296	0.06130260999586016	0.06452136278102161	0.10193087350132421	0.13727182066262436
NIT1	na	0.0	0.0	0.0	0.0	0.0	0.0	0.0
DEDD	na	0.0	0.0	0.0	0.0	0.0	0.0	0.0
UFC1	na	0.07954257944484412	0.1339532811098058	0.046925988907969056	0.06422987419371753	0.06228859232287155	0.07311437485088376	0.12538385666068572
AL590714.1	na	0.0	0.0	0.0	0.0	0.0	0.0	0.0
USP21	na	0.0	0.0	0.0	0.0	0.0	0.0	0.0
PPOX	na	0.0	0.0	0.0	0.0	0.0	0.0	0.0
B4GALT3	na	0.05857998465986939	0.06575906696656621	0.06004727445517994	0.04184107336898196	0.046036960691646804	0.052581312867112324	0.08608138396126161
ADAMTS4	na	0.0	0.0	0.0	0.0	0.0	0.0	0.0
NDUFS2	na	0.09607747951050903	0.1221974072973546	0.08523923382399923	0.03599302681706793	0.06961352764704083	0.11659179495378183	0.1528411397353586
FCER1G	na	0.0	0.0	0.0	0.0	0.0	0.0	0.0
TOMM40L	na	0.0	0.0	0.0	0.0	0.0	0.0	0.0
PCP4L1	na	0.0	0.0	0.0	0.0	0.0	0.0	0.0
SDHC	na	0.06873295406999289	0.1413814387360159	0.07310401917610401	0.02851537831703238	0.06682411808081892	0.11639486457109059	0.14170566584721112
CFAP126	na	0.0	0.0	0.0	0.0	0.0	0.0	0.0
FCGR2A	na	0.0	0.0	0.0	0.0	0.0	0.0	0.0
HSPA6	na	0.0	0.0	0.0	0.0	0.0	0.0	0.0
FCGR3A	na	0.05672298435628433	0.12560096939181434	0.05306511381320294	0.036076013372640145	0.06133501387118168	0.11846399321096392	0.12626700742158667
FCGR2B	na	0.0	0.0	0.0	0.0	0.0	0.0	0.0
FCRLB	na	0.0	0.0	0.0	0.0	0.0	0.0	0.0
DUSP12	na	0.0	0.0	0.0	0.0	0.0	0.0	0.0
ATF6	na	0.0	0.0	0.0	0.0	0.0	0.0	0.0
OLFML2B	na	0.0	0.0	0.0	0.0	0.0	0.0	0.0
C1orf226	na	0.0	0.0	0.0	0.0	0.0	0.0	0.0
UHMK1	na	0.04908948421214018	0.061400484079044554	0.05726306592306773	0.05210651781791348	0.04709670814984698	0.05736274856615703	0.08666618016743356
UAP1	na	0.036840879208455087	0.07223206679005693	0.05125732243242864	0.043139041373130044	0.04477995287451996	0.0635106596736615	0.0850327883287531
DDR2	na	0.0	0.0	0.0	0.0	0.0	0.0	0.0
HSD17B7	na	0.0	0.0	0.0	0.0	0.0	0.0	0.0
RGS4	na	0.0	0.0	0.0	0.0	0.0	0.0	0.0
RGS5	na	0.0	0.0	0.0	0.0	0.0	0.0	0.0
NUF2	na	0.0	0.0	0.0	0.0	0.0	0.0	0.0
PBX1	na	0.05829787026543504	0.08317642028774615	0.06094045198842753	0.05357111546257081	0.05485133466301663	0.0565771321517951	0.08861338268857107
MGST3	na	0.05509360858372868	0.11671667325614983	0.05049629664769949	0.057390941752358635	0.05953696412753334	0.08821033150050327	0.11158240550428872
ALDH9A1	na	0.0	0.0	0.0	0.0	0.0	0.0	0.0
TMCO1	na	0.061376654369182736	0.10136073292601332	0.0810307600902886	0.034027791686898186	0.05749975055510349	0.0895079215659551	0.12544242272572934
UCK2	na	0.0	0.0	0.0	0.0	0.0	0.0	0.0
POGK	na	0.0	0.0	0.0	0.0	0.0	0.0	0.0
TADA1	na	0.0	0.0	0.0	0.0	0.0	0.0	0.0
POU2F1	na	0.0	0.0	0.0	0.0	0.0	0.0	0.0
CD247	na	0.0	0.0	0.0	0.0	0.0	0.0	0.0
CREG1	na	0.04266829189166771	0.06416676247652423	0.0552838653454841	0.033271340638258776	0.04503461816470495	0.07414773720701757	0.0846763229105116
RCSD1	na	0.0	0.0	0.0	0.0	0.0	0.0	0.0
MPZL1	na	0.06131879426989703	0.06580006597160916	0.05886755508786778	0.04174631502643744	0.04753829154075887	0.06211277740857081	0.08040354792305852
MPC2	na	0.05713596321845658	0.08868211712466775	0.046913025127373074	0.05328586945449809	0.05041272607765855	0.06378365673737948	0.09853253360007963
DCAF6	na	0.0	0.0	0.0	0.0	0.0	0.0	0.0
GPR161	na	0.0	0.0	0.0	0.0	0.0	0.0	0.0
TIPRL	na	0.0	0.0	0.0	0.0	0.0	0.0	0.0
SFT2D2	na	0.0	0.0	0.0	0.0	0.0	0.0	0.0
TBX19	na	0.0	0.0	0.0	0.0	0.0	0.0	0.0
DPT	na	0.0	0.0	0.0	0.0	0.0	0.0	0.0
ATP1B1	na	0.04724475644295261	0.061917680931921695	0.06838367516418897	0.05652931625979581	0.059411541370028596	0.07825530280513596	0.09923730677763704
NME7	na	0.0	0.0	0.0	0.0	0.0	0.0	0.0
BLZF1	na	0.0	0.0	0.0	0.0	0.0	0.0	0.0
SLC19A2	na	0.0	0.0	0.0	0.0	0.0	0.0	0.0
F5	na	0.0	0.0	0.0	0.0	0.0	0.0	0.0
C1orf112	na	0.0	0.0	0.0	0.0	0.0	0.0	0.0
SELL	na	0.0	0.0	0.0	0.0	0.0	0.0	0.0
METTL18	na	0.0	0.0	0.0	0.0	0.0	0.0	0.0
SCYL3	na	0.0	0.0	0.0	0.0	0.0	0.0	0.0
KIFAP3	na	0.0	0.0	0.0	0.0	0.0	0.0	0.0
GORAB	na	0.0	0.0	0.0	0.0	0.0	0.0	0.0
PRRX1	na	0.0	0.0	0.0	0.0	0.0	0.0	0.0
AL021026.1	na	0.0	0.0	0.0	0.0	0.0	0.0	0.0
FMO4	na	0.0	0.0	0.0	0.0	0.0	0.0	0.0
PRRC2C	na	0.04047281245954737	0.06979566940326469	0.06359312524714002	0.039038438239850724	0.052029072080057616	0.07441322917294914	0.10390729661111213
VAMP4	na	0.0	0.0	0.0	0.0	0.0	0.0	0.0
METTL13	na	0.0	0.0	0.0	0.0	0.0	0.0	0.0
DNM3	na	0.0	0.0	0.0	0.0	0.0	0.0	0.0
DNM3OS	na	0.0	0.0	0.0	0.0	0.0	0.0	0.0
PIGC	na	0.0	0.0	0.0	0.0	0.0	0.0	0.0
SUCO	na	0.0	0.0	0.0	0.0	0.0	0.0	0.0
TNFSF4	na	0.0	0.0	0.0	0.0	0.0	0.0	0.0
PRDX6	na	0.11397386227632576	0.20902985365600385	0.08460839519494667	0.07409191828376051	0.09465323166589913	0.1504422322098926	0.2182347322401711
KLHL20	na	0.0	0.0	0.0	0.0	0.0	0.0	0.0
CENPL	na	0.0	0.0	0.0	0.0	0.0	0.0	0.0
DARS2	na	0.0	0.0	0.0	0.0	0.0	0.0	0.0
GAS5-AS1	na	0.0	0.0	0.0	0.0	0.0	0.0	0.0
ZBTB37	na	0.0	0.0	0.0	0.0	0.0	0.0	0.0
RC3H1	na	0.0	0.0	0.0	0.0	0.0	0.0	0.0
RABGAP1L	na	0.0	0.0	0.0	0.0	0.0	0.0	0.0
CACYBP	na	0.06790915770695084	0.12287273585870742	0.05078742047500215	0.03976498351903678	0.06146147321580794	0.09719575908409529	0.11144998868126274
MRPS14	na	0.0	0.0	0.0	0.0	0.0	0.0	0.0
KIAA0040	na	0.0	0.0	0.0	0.0	0.0	0.0	0.0
COP1	na	0.0	0.0	0.0	0.0	0.0	0.0	0.0
SEC16B	na	0.0	0.0	0.0	0.0	0.0	0.0	0.0
RASAL2	na	0.0	0.0	0.0	0.0	0.0	0.0	0.0
RALGPS2	na	0.0	0.0	0.0	0.0	0.0	0.0	0.0
FAM20B	na	0.0	0.0	0.0	0.0	0.0	0.0	0.0
TOR3A	na	0.0	0.0	0.0	0.0	0.0	0.0	0.0
ABL2	na	0.0	0.0	0.0	0.0	0.0	0.0	0.0
SOAT1	na	0.0	0.0	0.0	0.0	0.0	0.0	0.0
TDRD5	na	0.0	0.0	0.0	0.0	0.0	0.0	0.0
TOR1AIP2	na	0.0	0.0	0.0	0.0	0.0	0.0	0.0
TOR1AIP1	na	0.0	0.0	0.0	0.0	0.0	0.0	0.0
CEP350	na	0.0	0.0	0.0	0.0	0.0	0.0	0.0
QSOX1	na	0.06110634262892819	0.050601989570671725	0.06699010572341839	0.07923670682143379	0.05730289480522714	0.07894795139676264	0.08144700552227424
ACBD6	na	0.0	0.0	0.0	0.0	0.0	0.0	0.0
XPR1	na	0.0	0.0	0.0	0.0	0.0	0.0	0.0
KIAA1614	na	0.0	0.0	0.0	0.0	0.0	0.0	0.0
KIAA1614-AS1	na	0.0	0.0	0.0	0.0	0.0	0.0	0.0
STX6	na	0.0	0.0	0.0	0.0	0.0	0.0	0.0
MR1	na	0.0	0.0	0.0	0.0	0.0	0.0	0.0
IER5	na	0.0	0.0	0.0	0.0	0.0	0.0	0.0
ZNF648	na	0.0	0.0	0.0	0.0	0.0	0.0	0.0
GLUL	na	0.15269126765241342	0.22184341673846886	0.10480876552482925	0.06234008981363609	0.10835417377210009	0.21663199090518062	0.28813766192174867
RNASEL	na	0.0	0.0	0.0	0.0	0.0	0.0	0.0
RGS16	na	0.0	0.0	0.0	0.0	0.0	0.0	0.0
NPL	na	0.0	0.0	0.0	0.0	0.0	0.0	0.0
DHX9	na	0.053787802085151146	0.0831852524815136	0.0607689275251725	0.04864893763144997	0.05509499909235453	0.08138371075833045	0.09798401018624875
LAMC1	na	0.0	0.0	0.0	0.0	0.0	0.0	0.0
LAMC2	na	0.0	0.0	0.0	0.0	0.0	0.0	0.0
SMG7	na	0.0	0.0	0.0	0.0	0.0	0.0	0.0
NCF2	na	0.0	0.0	0.0	0.0	0.0	0.0	0.0
ARPC5	na	0.06589756899759301	0.12601021030570464	0.052583287723691856	0.05104129116708427	0.062312275249330785	0.1114010235733295	0.12588312044372124
RGL1	na	0.0	0.0	0.0	0.0	0.0	0.0	0.0
TSEN15	na	0.0	0.0	0.0	0.0	0.0	0.0	0.0
C1orf21	na	0.0	0.0	0.0	0.0	0.0	0.0	0.0
EDEM3	na	0.0	0.0	0.0	0.0	0.0	0.0	0.0
FAM129A	na	0.0	0.0	0.0	0.0	0.0	0.0	0.0
RNF2	na	0.0	0.0	0.0	0.0	0.0	0.0	0.0
TRMT1L	na	0.0	0.0	0.0	0.0	0.0	0.0	0.0
SWT1	na	0.0	0.0	0.0	0.0	0.0	0.0	0.0
IVNS1ABP	na	0.0	0.0	0.0	0.0	0.0	0.0	0.0
HMCN1	na	0.0	0.0	0.0	0.0	0.0	0.0	0.0
TPR	na	0.0	0.0	0.0	0.0	0.0	0.0	0.0
ODR4	na	0.0	0.0	0.0	0.0	0.0	0.0	0.0
PLA2G4A	na	0.0	0.0	0.0	0.0	0.0	0.0	0.0
RGS1	na	0.0539532143758729	0.10875016050799961	0.02642339618324677	0.05915268998565053	0.05877487906283963	0.11227512933811358	0.10065390253696818
AL136454.1	na	0.0	0.0	0.0	0.0	0.0	0.0	0.0
RGS2	na	0.0	0.0	0.0	0.0	0.0	0.0	0.0
UCHL5	na	0.0	0.0	0.0	0.0	0.0	0.0	0.0
TROVE2	na	0.0	0.0	0.0	0.0	0.0	0.0	0.0
GLRX2	na	0.0	0.0	0.0	0.0	0.0	0.0	0.0
CDC73	na	0.0	0.0	0.0	0.0	0.0	0.0	0.0
CFH	na	0.0	0.0	0.0	0.0	0.0	0.0	0.0
ASPM	na	0.0	0.0	0.0	0.0	0.0	0.0	0.0
ZBTB41	na	0.0	0.0	0.0	0.0	0.0	0.0	0.0
DENND1B	na	0.0	0.0	0.0	0.0	0.0	0.0	0.0
C1orf53	na	0.0	0.0	0.0	0.0	0.0	0.0	0.0
NEK7	na	0.0	0.0	0.0	0.0	0.0	0.0	0.0
PTPRC	na	0.0	0.0	0.0	0.0	0.0	0.0	0.0
ZNF281	na	0.0	0.0	0.0	0.0	0.0	0.0	0.0
KIF14	na	0.0	0.0	0.0	0.0	0.0	0.0	0.0
DDX59	na	0.0	0.0	0.0	0.0	0.0	0.0	0.0
CAMSAP2	na	0.0	0.0	0.0	0.0	0.0	0.0	0.0
INAVA	na	0.0	0.0	0.0	0.0	0.0	0.0	0.0
KIF21B	na	0.0	0.0	0.0	0.0	0.0	0.0	0.0
TMEM9	na	0.07112063425783847	0.13536502490726243	0.06552413018094268	0.06247425747650702	0.07062259416772643	0.11805505068784226	0.1408155437759595
PKP1	na	0.0	0.0	0.0	0.0	0.0	0.0	0.0
TNNT2	na	0.0	0.0	0.0	0.0	0.0	0.0	0.0
LAD1	na	0.06455204957730158	0.08434599973252069	0.06060427163805758	0.050245248752948994	0.05450074103385604	0.07791985749725541	0.10778471277516766
PHLDA3	na	0.0	0.0	0.0	0.0	0.0	0.0	0.0
CSRP1	na	0.07775138498420979	0.10206579757668009	0.05338762690579409	0.05746888747372179	0.06089480763477611	0.09326551958036061	0.14001229221966494
AC096677.1	na	0.0	0.0	0.0	0.0	0.0	0.0	0.0
NAV1	na	0.0	0.0	0.0	0.0	0.0	0.0	0.0
IPO9	na	0.0	0.0	0.0	0.0	0.0	0.0	0.0
SHISA4	na	0.0	0.0	0.0	0.0	0.0	0.0	0.0
LMOD1	na	0.0	0.0	0.0	0.0	0.0	0.0	0.0
TIMM17A	na	0.05904922786205481	0.09222244130695618	0.04701661150788582	0.06370797811827648	0.056549151231744574	0.07026607607180561	0.09737067963988771
RNPEP	na	0.0442500584905634	0.07359654977345964	0.04720487541520821	0.04837278453381964	0.050062550820611416	0.07994941362968176	0.09140679487386486
ELF3-AS1	na	0.0	0.0	0.0	0.0	0.0	0.0	0.0
ELF3	na	0.0761633099850844	0.10266053968238958	0.06694381417375823	0.07677541296976528	0.07062803764205704	0.11046826875747227	0.13454641523010874
ARL8A	na	0.04234161704147929	0.05797519563978977	0.05794597074682044	0.05300671951867703	0.046735945365949716	0.06327653176339265	0.08170223506935063
PTPN7	na	0.0	0.0	0.0	0.0	0.0	0.0	0.0
UBE2T	na	0.04379317238834008	0.09756149849612132	0.03992889441228937	0.06393731329752735	0.050265795649729605	0.07507038765289638	0.08918642905309745
PPP1R12B	na	0.0	0.0	0.0	0.0	0.0	0.0	0.0
KDM5B	na	0.05124393956636641	0.07717091797492436	0.0561410482168169	0.045324324343467316	0.04970255708818798	0.05289128985307405	0.09052757013109879
PCAT6	na	0.0	0.0	0.0	0.0	0.0	0.0	0.0
RABIF	na	0.0	0.0	0.0	0.0	0.0	0.0	0.0
KLHL12	na	0.0	0.0	0.0	0.0	0.0	0.0	0.0
ADIPOR1	na	0.07761503999916168	0.10660072875778351	0.06082841461340265	0.059528317572704964	0.06059148583550821	0.08554972314911055	0.12133173109285109
CYB5R1	na	0.0425572526885659	0.06408303733655901	0.053917533716284216	0.047299630832618005	0.04710212257861981	0.06624872578845777	0.08449884491941459
TMEM183A	na	0.0	0.0	0.0	0.0	0.0	0.0	0.0
PPFIA4	na	0.0	0.0	0.0	0.0	0.0	0.0	0.0
ADORA1	na	0.0	0.0	0.0	0.0	0.0	0.0	0.0
CHI3L1	na	0.0	0.0	0.0	0.0	0.0	0.0	0.0
LINC01136	na	0.0	0.0	0.0	0.0	0.0	0.0	0.0
BTG2	na	0.052173792278947764	0.052770018163917076	0.059263899203165715	0.05212535883865011	0.04766714425858514	0.048604836903422426	0.07608053858354726
FMOD	na	0.0	0.0	0.0	0.0	0.0	0.0	0.0
PRELP	na	0.0	0.0	0.0	0.0	0.0	0.0	0.0
ATP2B4	na	0.0	0.0	0.0	0.0	0.0	0.0	0.0
SNRPE	na	0.1514958695169971	0.3818523648255015	0.06031924440596493	0.09745273970209699	0.12571710348838447	0.2716537279516117	0.3231021626334794
SOX13	na	0.0	0.0	0.0	0.0	0.0	0.0	0.0
ETNK2	na	0.0	0.0	0.0	0.0	0.0	0.0	0.0
GOLT1A	na	0.0	0.0	0.0	0.0	0.0	0.0	0.0
PLEKHA6	na	0.0	0.0	0.0	0.0	0.0	0.0	0.0
PPP1R15B	na	0.0	0.0	0.0	0.0	0.0	0.0	0.0
PIK3C2B	na	0.0	0.0	0.0	0.0	0.0	0.0	0.0
MDM4	na	0.0	0.0	0.0	0.0	0.0	0.0	0.0
LRRN2	na	0.0	0.0	0.0	0.0	0.0	0.0	0.0
NFASC	na	0.0	0.0	0.0	0.0	0.0	0.0	0.0
TMEM81	na	0.0	0.0	0.0	0.0	0.0	0.0	0.0
RBBP5	na	0.0	0.0	0.0	0.0	0.0	0.0	0.0
DSTYK	na	0.0	0.0	0.0	0.0	0.0	0.0	0.0
NUAK2	na	0.0	0.0	0.0	0.0	0.0	0.0	0.0
CDK18	na	0.0	0.0	0.0	0.0	0.0	0.0	0.0
ELK4	na	0.0	0.0	0.0	0.0	0.0	0.0	0.0
SLC45A3	na	0.0	0.0	0.0	0.0	0.0	0.0	0.0
NUCKS1	na	0.06438155964573136	0.16252292185115758	0.06596962967597692	0.06003217922115886	0.07546251157177908	0.1444028931954511	0.1681534456353101
RAB29	na	0.0	0.0	0.0	0.0	0.0	0.0	0.0
SLC41A1	na	0.0	0.0	0.0	0.0	0.0	0.0	0.0
RAB7B	na	0.0	0.0	0.0	0.0	0.0	0.0	0.0
SRGAP2	na	0.0	0.0	0.0	0.0	0.0	0.0	0.0
IKBKE	na	0.0	0.0	0.0	0.0	0.0	0.0	0.0
RASSF5	na	0.0	0.0	0.0	0.0	0.0	0.0	0.0
EIF2D	na	0.0	0.0	0.0	0.0	0.0	0.0	0.0
MAPKAPK2	na	0.05545737043347165	0.05536856127078915	0.05908702472076838	0.051829156087062914	0.0500754362076436	0.06480545218035795	0.08181587429075987
IL10	na	0.0	0.0	0.0	0.0	0.0	0.0	0.0
FCMR	na	0.0	0.0	0.0	0.0	0.0	0.0	0.0
PIGR	na	0.0	0.0	0.0	0.0	0.0	0.0	0.0
PFKFB2	na	0.0	0.0	0.0	0.0	0.0	0.0	0.0
CD55	na	0.0	0.0	0.0	0.0	0.0	0.0	0.0
CD46	na	0.06601867739866199	0.12123455711348828	0.07730073547029961	0.05894664154540326	0.07119379765757192	0.10956792356637463	0.1421317121991671
MIR29B2CHG	na	0.0	0.0	0.0	0.0	0.0	0.0	0.0
CD34	na	0.0	0.0	0.0	0.0	0.0	0.0	0.0
PLXNA2	na	0.0	0.0	0.0	0.0	0.0	0.0	0.0
CAMK1G	na	0.0	0.0	0.0	0.0	0.0	0.0	0.0
LAMB3	na	0.0	0.0	0.0	0.0	0.0	0.0	0.0
G0S2	na	0.0	0.0	0.0	0.0	0.0	0.0	0.0
TRAF3IP3	na	0.0	0.0	0.0	0.0	0.0	0.0	0.0
C1orf74	na	0.0	0.0	0.0	0.0	0.0	0.0	0.0
IRF6	na	0.0	0.0	0.0	0.0	0.0	0.0	0.0
UTP25	na	0.0	0.0	0.0	0.0	0.0	0.0	0.0
SERTAD4-AS1	na	0.0	0.0	0.0	0.0	0.0	0.0	0.0
SERTAD4	na	0.0	0.0	0.0	0.0	0.0	0.0	0.0
HHAT	na	0.0	0.0	0.0	0.0	0.0	0.0	0.0
RCOR3	na	0.0	0.0	0.0	0.0	0.0	0.0	0.0
TRAF5	na	0.0	0.0	0.0	0.0	0.0	0.0	0.0
LINC00467	na	0.0	0.0	0.0	0.0	0.0	0.0	0.0
SLC30A1	na	0.0	0.0	0.0	0.0	0.0	0.0	0.0
NEK2	na	0.0	0.0	0.0	0.0	0.0	0.0	0.0
AC096637.2	na	0.0	0.0	0.0	0.0	0.0	0.0	0.0
LPGAT1	na	0.042543878579686153	0.06398506504910702	0.06552072600733691	0.050068681248938866	0.050091740645102814	0.060020347300611086	0.09377004213324858
INTS7	na	0.0	0.0	0.0	0.0	0.0	0.0	0.0
DTL	na	0.0	0.0	0.0	0.0	0.0	0.0	0.0
PPP2R5A	na	0.052673613996447544	0.0641915190352084	0.05429799155646287	0.04158580661267003	0.04276529639304772	0.053717291911679045	0.0801930586395891
TMEM206	na	0.0	0.0	0.0	0.0	0.0	0.0	0.0
NENF	na	0.03982015298166788	0.06517912837159319	0.067758537190022	0.03609952101076136	0.04835338349214743	0.05810350207049342	0.09386624216259591
AC092803.2	na	0.0	0.0	0.0	0.0	0.0	0.0	0.0
ATF3	na	0.0	0.0	0.0	0.0	0.0	0.0	0.0
BATF3	na	0.0	0.0	0.0	0.0	0.0	0.0	0.0
NSL1	na	0.0	0.0	0.0	0.0	0.0	0.0	0.0
TATDN3	na	0.0	0.0	0.0	0.0	0.0	0.0	0.0
FLVCR1	na	0.0	0.0	0.0	0.0	0.0	0.0	0.0
VASH2	na	0.0	0.0	0.0	0.0	0.0	0.0	0.0
ANGEL2	na	0.0	0.0	0.0	0.0	0.0	0.0	0.0
RPS6KC1	na	0.0	0.0	0.0	0.0	0.0	0.0	0.0
SMYD2	na	0.0	0.0	0.0	0.0	0.0	0.0	0.0
PTPN14	na	0.0	0.0	0.0	0.0	0.0	0.0	0.0
CENPF	na	0.0	0.0	0.0	0.0	0.0	0.0	0.0
KCTD3	na	0.0	0.0	0.0	0.0	0.0	0.0	0.0
ESRRG	na	0.0	0.0	0.0	0.0	0.0	0.0	0.0
GPATCH2	na	0.0	0.0	0.0	0.0	0.0	0.0	0.0
SPATA17	na	0.0	0.0	0.0	0.0	0.0	0.0	0.0
RRP15	na	0.0	0.0	0.0	0.0	0.0	0.0	0.0
TGFB2	na	0.0	0.0	0.0	0.0	0.0	0.0	0.0
LYPLAL1	na	0.0	0.0	0.0	0.0	0.0	0.0	0.0
EPRS	na	0.0472746014989672	0.09392300391026981	0.029065086470010663	0.05686852386128644	0.050431476792645785	0.09131750854392783	0.08920452887078956
BPNT1	na	0.0	0.0	0.0	0.0	0.0	0.0	0.0
IARS2	na	0.04033879340724209	0.10379715632671711	0.034233823590238244	0.06798214525618432	0.05357797451401579	0.08232432597424327	0.09798449349447523
RAB3GAP2	na	0.0	0.0	0.0	0.0	0.0	0.0	0.0
MARK1	na	0.0	0.0	0.0	0.0	0.0	0.0	0.0
C1orf115	na	0.0	0.0	0.0	0.0	0.0	0.0	0.0
MARC2	na	0.0	0.0	0.0	0.0	0.0	0.0	0.0
MARC1	na	0.0	0.0	0.0	0.0	0.0	0.0	0.0
RNU6ATAC35P	na	0.0	0.0	0.0	0.0	0.0	0.0	0.0
HLX	na	0.0	0.0	0.0	0.0	0.0	0.0	0.0
DUSP10	na	0.0	0.0	0.0	0.0	0.0	0.0	0.0
LINC01705	na	0.0	0.0	0.0	0.0	0.0	0.0	0.0
HHIPL2	na	0.0	0.0	0.0	0.0	0.0	0.0	0.0
TAF1A	na	0.0	0.0	0.0	0.0	0.0	0.0	0.0
TAF1A-AS1	na	0.0	0.0	0.0	0.0	0.0	0.0	0.0
MIA3	na	0.0	0.0	0.0	0.0	0.0	0.0	0.0
AL592148.3	na	0.0	0.0	0.0	0.0	0.0	0.0	0.0
AIDA	na	0.0	0.0	0.0	0.0	0.0	0.0	0.0
BROX	na	0.0	0.0	0.0	0.0	0.0	0.0	0.0
AL392172.1	na	0.0	0.0	0.0	0.0	0.0	0.0	0.0
DISP1	na	0.0	0.0	0.0	0.0	0.0	0.0	0.0
TLR5	na	0.0	0.0	0.0	0.0	0.0	0.0	0.0
SUSD4	na	0.0	0.0	0.0	0.0	0.0	0.0	0.0
CAPN8	na	0.0	0.0	0.0	0.0	0.0	0.0	0.0
CAPN2	na	0.05650033567178586	0.12645383764932552	0.03833934360324894	0.04968307821065587	0.05829585242786479	0.12514441364981863	0.10965218662869894
TP53BP2	na	0.0	0.0	0.0	0.0	0.0	0.0	0.0
FBXO28	na	0.0	0.0	0.0	0.0	0.0	0.0	0.0
DEGS1	na	0.04151431875447119	0.09208726182353945	0.034912928943911556	0.06229944823384499	0.04776652546033073	0.0774436651870893	0.07402277838478068
NVL	na	0.0	0.0	0.0	0.0	0.0	0.0	0.0
CNIH4	na	0.07010777314326609	0.16452964819742297	0.02461041505712309	0.07627681309215414	0.061893107778069924	0.1163354851749183	0.11414969544392957
WDR26	na	0.04838826594973611	0.08455105572686111	0.05584477895850695	0.04760494421556993	0.05187202751102529	0.07763940987652371	0.08542294134034323
CNIH3	na	0.0	0.0	0.0	0.0	0.0	0.0	0.0
DNAH14	na	0.0	0.0	0.0	0.0	0.0	0.0	0.0
LBR	na	0.0	0.0	0.0	0.0	0.0	0.0	0.0
ENAH	na	0.08051218344201577	0.12654853738501703	0.04837484499015947	0.072163111141837	0.06730954805931917	0.1363567784538262	0.14292524336303072
SRP9	na	0.19749804656427866	0.4278478401926385	0.08909712473329784	0.09391940927392783	0.15167803538756683	0.35984413817993033	0.38334464166873466
EPHX1	na	0.0	0.0	0.0	0.0	0.0	0.0	0.0
AL591895.1	na	0.0	0.0	0.0	0.0	0.0	0.0	0.0
TMEM63A	na	0.06064340248802333	0.06569808779175704	0.06407124015467741	0.03563942047028305	0.04859591200001276	0.05799627030516249	0.08615268560598617
LEFTY1	na	0.0	0.0	0.0	0.0	0.0	0.0	0.0
PYCR2	na	0.06022343676634069	0.08454615652132616	0.053064371740001184	0.043388430841035046	0.05163151776913408	0.09305106738006033	0.09098144376634729
SDE2	na	0.0	0.0	0.0	0.0	0.0	0.0	0.0
H3F3A	na	0.5746968654431442	1.7270824021138877	0.007568248906751851	0.1776210528371536	0.39490763401740275	1.4603882199790146	1.2473909832567334
ACBD3	na	0.044815744430953916	0.0597556661074728	0.05716207395388143	0.047157951787515355	0.04638554069692321	0.06939114715007891	0.0853105914161379
LIN9	na	0.0	0.0	0.0	0.0	0.0	0.0	0.0
PARP1	na	0.056297695974666294	0.11566558036193787	0.0640320113969438	0.042006235415768395	0.059062937896973935	0.10539417049659457	0.11007697369605082
STUM	na	0.0	0.0	0.0	0.0	0.0	0.0	0.0
ITPKB	na	0.0	0.0	0.0	0.0	0.0	0.0	0.0
PSEN2	na	0.0	0.0	0.0	0.0	0.0	0.0	0.0
COQ8A	na	0.0	0.0	0.0	0.0	0.0	0.0	0.0
CDC42BPA	na	0.0	0.0	0.0	0.0	0.0	0.0	0.0
LINC01641	na	0.0	0.0	0.0	0.0	0.0	0.0	0.0
ZNF678	na	0.0	0.0	0.0	0.0	0.0	0.0	0.0
SNAP47	na	0.0	0.0	0.0	0.0	0.0	0.0	0.0
JMJD4	na	0.0	0.0	0.0	0.0	0.0	0.0	0.0
WNT9A	na	0.0	0.0	0.0	0.0	0.0	0.0	0.0
WNT3A	na	0.0	0.0	0.0	0.0	0.0	0.0	0.0
ARF1	na	0.19414326723518055	0.3570451250351337	0.1334422225030188	0.04717725253872591	0.1416143972488574	0.3046778295483426	0.37694516120384874
C1orf35	na	0.0	0.0	0.0	0.0	0.0	0.0	0.0
MRPL55	na	0.06744408916066938	0.09819408258873626	0.0565125364618266	0.048619335551231276	0.05477466536324231	0.0776935576742522	0.11924711449889988
GUK1	na	0.29302547730602996	0.6023352181147675	0.10227216568310991	0.05586236450233236	0.18949643296430746	0.45396923248918064	0.5709546178245772
GJC2	na	0.0	0.0	0.0	0.0	0.0	0.0	0.0
IBA57	na	0.0	0.0	0.0	0.0	0.0	0.0	0.0
OBSCN-AS1	na	0.0	0.0	0.0	0.0	0.0	0.0	0.0
OBSCN	na	0.0	0.0	0.0	0.0	0.0	0.0	0.0
TRIM11	na	0.0	0.0	0.0	0.0	0.0	0.0	0.0
HIST3H2A	na	0.0	0.0	0.0	0.0	0.0	0.0	0.0
HIST3H2BB	na	0.0	0.0	0.0	0.0	0.0	0.0	0.0
RNF187	na	0.05625927613265981	0.06666041602241533	0.0659218581596211	0.05673434155091508	0.056918628899254343	0.06336622195819784	0.09152205089239379
RHOU	na	0.0	0.0	0.0	0.0	0.0	0.0	0.0
AL137793.1	na	0.0	0.0	0.0	0.0	0.0	0.0	0.0
RAB4A	na	0.0	0.0	0.0	0.0	0.0	0.0	0.0
CCSAP	na	0.0	0.0	0.0	0.0	0.0	0.0	0.0
ACTA1	na	0.0	0.0	0.0	0.0	0.0	0.0	0.0
NUP133	na	0.0	0.0	0.0	0.0	0.0	0.0	0.0
ABCB10	na	0.0	0.0	0.0	0.0	0.0	0.0	0.0
TAF5L	na	0.0	0.0	0.0	0.0	0.0	0.0	0.0
URB2	na	0.0	0.0	0.0	0.0	0.0	0.0	0.0
GALNT2	na	0.0	0.0	0.0	0.0	0.0	0.0	0.0
PGBD5	na	0.0	0.0	0.0	0.0	0.0	0.0	0.0
COG2	na	0.0	0.0	0.0	0.0	0.0	0.0	0.0
CAPN9	na	0.0	0.0	0.0	0.0	0.0	0.0	0.0
C1orf198	na	0.06509965025083668	0.07511541458111036	0.0774885194425752	0.04890586226683466	0.05772455338519666	0.06524422374134643	0.12041041925538112
TTC13	na	0.0	0.0	0.0	0.0	0.0	0.0	0.0
ARV1	na	0.0	0.0	0.0	0.0	0.0	0.0	0.0
FAM89A	na	0.0	0.0	0.0	0.0	0.0	0.0	0.0
C1orf131	na	0.0	0.0	0.0	0.0	0.0	0.0	0.0
GNPAT	na	0.04858266498692472	0.03426335907366583	0.0762912308533642	0.058613200845329	0.05399653851679515	0.06527306483011809	0.08409679082986282
EXOC8	na	0.0	0.0	0.0	0.0	0.0	0.0	0.0
SPRTN	na	0.0	0.0	0.0	0.0	0.0	0.0	0.0
EGLN1	na	0.0	0.0	0.0	0.0	0.0	0.0	0.0
AL445524.1	na	0.0	0.0	0.0	0.0	0.0	0.0	0.0
TSNAX	na	0.0	0.0	0.0	0.0	0.0	0.0	0.0
DISC1	na	0.0	0.0	0.0	0.0	0.0	0.0	0.0
SIPA1L2	na	0.0	0.0	0.0	0.0	0.0	0.0	0.0
MAP10	na	0.0	0.0	0.0	0.0	0.0	0.0	0.0
NTPCR	na	0.0	0.0	0.0	0.0	0.0	0.0	0.0
PCNX2	na	0.0	0.0	0.0	0.0	0.0	0.0	0.0
MAP3K21	na	0.0	0.0	0.0	0.0	0.0	0.0	0.0
KCNK1	na	0.0	0.0	0.0	0.0	0.0	0.0	0.0
AL355472.1	na	0.0	0.0	0.0	0.0	0.0	0.0	0.0
COA6	na	0.04437663617321637	0.08482314450429719	0.04849544096009768	0.04807971721383617	0.04489132864062727	0.05309169667922439	0.08982182006296532
TARBP1	na	0.0	0.0	0.0	0.0	0.0	0.0	0.0
IRF2BP2	na	0.1292634946100694	0.22721629691074507	0.11669351490034399	0.05528857920278678	0.10482986595474256	0.18294495047297843	0.243253978405529
AL160408.1	na	0.0	0.0	0.0	0.0	0.0	0.0	0.0
AL160408.4	na	0.0	0.0	0.0	0.0	0.0	0.0	0.0
LINC01132	na	0.0	0.0	0.0	0.0	0.0	0.0	0.0
AL391832.1	na	0.0	0.0	0.0	0.0	0.0	0.0	0.0
AL391832.2	na	0.0	0.0	0.0	0.0	0.0	0.0	0.0
LINC01348	na	0.0	0.0	0.0	0.0	0.0	0.0	0.0
TOMM20	na	0.09281478252846273	0.2051225065260031	0.055868212459373366	0.06380071221183593	0.08378607293602153	0.14578033673954682	0.1818823673973706
RBM34	na	0.0	0.0	0.0	0.0	0.0	0.0	0.0
ARID4B	na	0.0472605531135147	0.0615561881787522	0.04848550475152625	0.04361906846009654	0.04488548266890276	0.05707322429619568	0.07462386243531709
GGPS1	na	0.0	0.0	0.0	0.0	0.0	0.0	0.0
TBCE	na	0.0	0.0	0.0	0.0	0.0	0.0	0.0
B3GALNT2	na	0.0	0.0	0.0	0.0	0.0	0.0	0.0
GNG4	na	0.0	0.0	0.0	0.0	0.0	0.0	0.0
LYST	na	0.0	0.0	0.0	0.0	0.0	0.0	0.0
NID1	na	0.0	0.0	0.0	0.0	0.0	0.0	0.0
GPR137B	na	0.0	0.0	0.0	0.0	0.0	0.0	0.0
ERO1B	na	0.0	0.0	0.0	0.0	0.0	0.0	0.0
EDARADD	na	0.0	0.0	0.0	0.0	0.0	0.0	0.0
LGALS8	na	0.07477034828923675	0.09620950203675331	0.07675023684380008	0.039421879554645524	0.06256020364083094	0.08525433639228211	0.13176718566756868
LGALS8-AS1	na	0.0	0.0	0.0	0.0	0.0	0.0	0.0
HEATR1	na	0.0	0.0	0.0	0.0	0.0	0.0	0.0
MTR	na	0.0	0.0	0.0	0.0	0.0	0.0	0.0
LINC01139	na	0.0	0.0	0.0	0.0	0.0	0.0	0.0
FH	na	0.04482162136293121	0.07410340804424878	0.06073183446754481	0.03348003423868331	0.044750431090976636	0.06267553339169786	0.08631051050026589
KMO	na	0.0	0.0	0.0	0.0	0.0	0.0	0.0
OPN3	na	0.0	0.0	0.0	0.0	0.0	0.0	0.0
CHML	na	0.0	0.0	0.0	0.0	0.0	0.0	0.0
EXO1	na	0.0	0.0	0.0	0.0	0.0	0.0	0.0
CEP170	na	0.0	0.0	0.0	0.0	0.0	0.0	0.0
SDCCAG8	na	0.0	0.0	0.0	0.0	0.0	0.0	0.0
AKT3	na	0.0	0.0	0.0	0.0	0.0	0.0	0.0
ZBTB18	na	0.0	0.0	0.0	0.0	0.0	0.0	0.0
ADSS	na	0.05859992839088836	0.11323913809050291	0.031852520118396316	0.061873409423484356	0.05747747887490465	0.12144430514233079	0.09504258330483288
DESI2	na	0.0	0.0	0.0	0.0	0.0	0.0	0.0
COX20	na	0.06696642080929786	0.15395293785224626	0.041169056498814256	0.06488227603078929	0.0710064828259223	0.12495203504516685	0.13755631680563332
HNRNPU	na	0.09454162110947778	0.21817274258905006	0.1235924310709136	0.0675248921865967	0.10758517712496062	0.23063491189591587	0.22232462609484002
EFCAB2	na	0.0	0.0	0.0	0.0	0.0	0.0	0.0
KIF26B	na	0.0	0.0	0.0	0.0	0.0	0.0	0.0
SMYD3	na	0.0	0.0	0.0	0.0	0.0	0.0	0.0
AC092801.1	na	0.0	0.0	0.0	0.0	0.0	0.0	0.0
TFB2M	na	0.0	0.0	0.0	0.0	0.0	0.0	0.0
CNST	na	0.0	0.0	0.0	0.0	0.0	0.0	0.0
SCCPDH	na	0.0	0.0	0.0	0.0	0.0	0.0	0.0
AHCTF1	na	0.0	0.0	0.0	0.0	0.0	0.0	0.0
ZNF695	na	0.0	0.0	0.0	0.0	0.0	0.0	0.0
ZNF670	na	0.0	0.0	0.0	0.0	0.0	0.0	0.0
ZNF669	na	0.0	0.0	0.0	0.0	0.0	0.0	0.0
ZNF124	na	0.0	0.0	0.0	0.0	0.0	0.0	0.0
AL390728.6	na	0.0	0.0	0.0	0.0	0.0	0.0	0.0
ZNF496	na	0.0	0.0	0.0	0.0	0.0	0.0	0.0
NLRP3	na	0.0	0.0	0.0	0.0	0.0	0.0	0.0
SH3BP5L	na	0.0	0.0	0.0	0.0	0.0	0.0	0.0
ZNF672	na	0.0	0.0	0.0	0.0	0.0	0.0	0.0
ZNF692	na	0.0	0.0	0.0	0.0	0.0	0.0	0.0
PGBD2	na	0.0	0.0	0.0	0.0	0.0	0.0	0.0
FAM110C	na	0.0	0.0	0.0	0.0	0.0	0.0	0.0
SH3YL1	na	0.0	0.0	0.0	0.0	0.0	0.0	0.0
ACP1	na	0.062214349086912	0.08435315779171579	0.042480999840043686	0.060097832236921736	0.048002939351552254	0.06316198113402167	0.08720293730135247
LINC01875	na	0.0	0.0	0.0	0.0	0.0	0.0	0.0
TMEM18	na	0.0	0.0	0.0	0.0	0.0	0.0	0.0
PXDN	na	0.0	0.0	0.0	0.0	0.0	0.0	0.0
EIPR1	na	0.0	0.0	0.0	0.0	0.0	0.0	0.0
TRAPPC12	na	0.0	0.0	0.0	0.0	0.0	0.0	0.0
ADI1	na	0.0	0.0	0.0	0.0	0.0	0.0	0.0
RNASEH1	na	0.0	0.0	0.0	0.0	0.0	0.0	0.0
RNASEH1-AS1	na	0.0	0.0	0.0	0.0	0.0	0.0	0.0
RPS7	na	0.3384328454186214	1.161485835733897	1.0679024492681763e-20	0.14968879672484284	0.2403433069693296	0.9372483823352673	0.6900959860144643
SOX11	na	0.07033607925572609	0.09610613954827764	0.07362239133172026	0.0418039221107088	0.05939772049130399	0.09557484540748225	0.100968554591357
CMPK2	na	0.0	0.0	0.0	0.0	0.0	0.0	0.0
RSAD2	na	0.0	0.0	0.0	0.0	0.0	0.0	0.0
RNF144A	na	0.0	0.0	0.0	0.0	0.0	0.0	0.0
LINC01871	na	0.0	0.0	0.0	0.0	0.0	0.0	0.0
LINC01814	na	0.0	0.0	0.0	0.0	0.0	0.0	0.0
ID2-AS1	na	0.0	0.0	0.0	0.0	0.0	0.0	0.0
ID2	na	0.14299153782499027	0.28869416841551754	0.0640794465919071	0.043270390785545065	0.106765681118588	0.26178982422516556	0.2661301598841165
KIDINS220	na	0.03548367678592128	0.0575615981742966	0.05188143498129226	0.04255768996520122	0.04584505577500792	0.061882098378149356	0.08456509270186374
MBOAT2	na	0.0651952324460818	0.08645706485771028	0.0584081339800418	0.04822069582844688	0.05434816786067722	0.08370593960782412	0.10836681887901946
AC093904.4	na	0.0	0.0	0.0	0.0	0.0	0.0	0.0
ASAP2	na	0.0	0.0	0.0	0.0	0.0	0.0	0.0
ITGB1BP1	na	0.0	0.0	0.0	0.0	0.0	0.0	0.0
CPSF3	na	0.0	0.0	0.0	0.0	0.0	0.0	0.0
IAH1	na	0.0	0.0	0.0	0.0	0.0	0.0	0.0
ADAM17	na	0.0	0.0	0.0	0.0	0.0	0.0	0.0
AC073195.1	na	0.0	0.0	0.0	0.0	0.0	0.0	0.0
YWHAQ	na	0.16001520357021373	0.3475407084705141	0.09710455415230712	0.062266272298648034	0.13059667389036916	0.30040480078890613	0.2997243469304915
TAF1B	na	0.0	0.0	0.0	0.0	0.0	0.0	0.0
AC010969.2	na	0.0	0.0	0.0	0.0	0.0	0.0	0.0
GRHL1	na	0.0	0.0	0.0	0.0	0.0	0.0	0.0
AC104794.2	na	0.0	0.0	0.0	0.0	0.0	0.0	0.0
KLF11	na	0.0	0.0	0.0	0.0	0.0	0.0	0.0
CYS1	na	0.0	0.0	0.0	0.0	0.0	0.0	0.0
RRM2	na	0.0	0.0	0.0	0.0	0.0	0.0	0.0
HPCAL1	na	0.0	0.0	0.0	0.0	0.0	0.0	0.0
ODC1	na	0.0	0.0	0.0	0.0	0.0	0.0	0.0
NOL10	na	0.0	0.0	0.0	0.0	0.0	0.0	0.0
ATP6V1C2	na	0.0	0.0	0.0	0.0	0.0	0.0	0.0
PDIA6	na	0.055891408061945556	0.11231715168219548	0.07073275241411556	0.07226047924526875	0.0669117527576629	0.09601686704984852	0.1257292048532233
PQLC3	na	0.0	0.0	0.0	0.0	0.0	0.0	0.0
ROCK2	na	0.0	0.0	0.0	0.0	0.0	0.0	0.0
E2F6	na	0.0	0.0	0.0	0.0	0.0	0.0	0.0
GREB1	na	0.0	0.0	0.0	0.0	0.0	0.0	0.0
NTSR2	na	0.0	0.0	0.0	0.0	0.0	0.0	0.0
LPIN1	na	0.0	0.0	0.0	0.0	0.0	0.0	0.0
TRIB2	na	0.0	0.0	0.0	0.0	0.0	0.0	0.0
LINC00276	na	0.0	0.0	0.0	0.0	0.0	0.0	0.0
FAM84A	na	0.0	0.0	0.0	0.0	0.0	0.0	0.0
NBAS	na	0.0	0.0	0.0	0.0	0.0	0.0	0.0
DDX1	na	0.050041889377987876	0.0741041452258569	0.05135604456281278	0.0403212045384843	0.048129223799100125	0.07327756129130539	0.08637941076454327
MYCNOS	na	0.0	0.0	0.0	0.0	0.0	0.0	0.0
MYCN	na	0.0	0.0	0.0	0.0	0.0	0.0	0.0
FAM49A	na	0.0	0.0	0.0	0.0	0.0	0.0	0.0
SMC6	na	0.0	0.0	0.0	0.0	0.0	0.0	0.0
GEN1	na	0.0	0.0	0.0	0.0	0.0	0.0	0.0
KCNS3	na	0.0	0.0	0.0	0.0	0.0	0.0	0.0
RDH14	na	0.0	0.0	0.0	0.0	0.0	0.0	0.0
TTC32	na	0.0	0.0	0.0	0.0	0.0	0.0	0.0
WDR35	na	0.0	0.0	0.0	0.0	0.0	0.0	0.0
MATN3	na	0.0	0.0	0.0	0.0	0.0	0.0	0.0
LAPTM4A	na	0.146957442963131	0.3582951855174611	0.1302169246088059	0.10253523514927487	0.14782849114038946	0.31437391616421106	0.354757576093528
SDC1	na	0.14290448889486185	0.18362118128427218	0.12105268071258479	0.08059460972060455	0.105096423056922	0.20329285974404268	0.1994944942122408
PUM2	na	0.052873130130748965	0.07950442236233717	0.059202487070916694	0.056705804289681194	0.05667365859712683	0.09388396523164705	0.10529165118089445
RHOB	na	0.1413096087303053	0.2586276581607088	0.1906195585886625	0.022782931171434883	0.13159900168214117	0.19686549781499788	0.35768921320275354
HS1BP3	na	0.0	0.0	0.0	0.0	0.0	0.0	0.0
LDAH	na	0.0	0.0	0.0	0.0	0.0	0.0	0.0
ATAD2B	na	0.0	0.0	0.0	0.0	0.0	0.0	0.0
UBXN2A	na	0.0	0.0	0.0	0.0	0.0	0.0	0.0
WDCP	na	0.0	0.0	0.0	0.0	0.0	0.0	0.0
FKBP1B	na	0.0	0.0	0.0	0.0	0.0	0.0	0.0
SF3B6	na	0.15726741690400334	0.3594102397296889	0.09199444315795081	0.11158325294297322	0.13560988529497614	0.28441094828004093	0.3131503020986123
FAM228B	na	0.0	0.0	0.0	0.0	0.0	0.0	0.0
TP53I3	na	0.0	0.0	0.0	0.0	0.0	0.0	0.0
ITSN2	na	0.0	0.0	0.0	0.0	0.0	0.0	0.0
NCOA1	na	0.0	0.0	0.0	0.0	0.0	0.0	0.0
PTRHD1	na	0.07133853765452865	0.1202481839700698	0.0283022344971447	0.06001409180219215	0.05416822338724473	0.06543879262385678	0.0918464754220521
CENPO	na	0.0	0.0	0.0	0.0	0.0	0.0	0.0
ADCY3	na	0.0	0.0	0.0	0.0	0.0	0.0	0.0
AC012073.1	na	0.0	0.0	0.0	0.0	0.0	0.0	0.0
DNAJC27	na	0.0	0.0	0.0	0.0	0.0	0.0	0.0
DNAJC27-AS1	na	0.0	0.0	0.0	0.0	0.0	0.0	0.0
EFR3B	na	0.0	0.0	0.0	0.0	0.0	0.0	0.0
POMC	na	0.0	0.0	0.0	0.0	0.0	0.0	0.0
DNMT3A	na	0.0	0.0	0.0	0.0	0.0	0.0	0.0
DTNB	na	0.0	0.0	0.0	0.0	0.0	0.0	0.0
ASXL2	na	0.0	0.0	0.0	0.0	0.0	0.0	0.0
KIF3C	na	0.0	0.0	0.0	0.0	0.0	0.0	0.0
RAB10	na	0.051825890735303574	0.10590558604982385	0.0549331598354519	0.04990656499232168	0.05758536073780247	0.09238126629706057	0.11366261619491434
GAREM2	na	0.0	0.0	0.0	0.0	0.0	0.0	0.0
HADHA	na	0.058378433523730754	0.10594428947206384	0.05791445763274655	0.0466301789483801	0.05456098414049363	0.07893147474973829	0.12051691939824032
HADHB	na	0.04867386847360028	0.07859292423245345	0.05650124695880429	0.04001240486578876	0.05031976392763072	0.08521940183122498	0.09925449534792688
SELENOI	na	0.0	0.0	0.0	0.0	0.0	0.0	0.0
C2orf70	na	0.0	0.0	0.0	0.0	0.0	0.0	0.0
SLC35F6	na	0.0	0.0	0.0	0.0	0.0	0.0	0.0
CENPA	na	0.0	0.0	0.0	0.0	0.0	0.0	0.0
MAPRE3	na	0.0	0.0	0.0	0.0	0.0	0.0	0.0
TMEM214	na	0.0	0.0	0.0	0.0	0.0	0.0	0.0
AGBL5	na	0.0	0.0	0.0	0.0	0.0	0.0	0.0
OST4	na	0.2627671571528058	0.5803085794762435	0.004435913021354161	0.08496161670672926	0.16101639028135767	0.4748018227363749	0.4623715567484114
EMILIN1	na	0.0	0.0	0.0	0.0	0.0	0.0	0.0
KHK	na	0.0	0.0	0.0	0.0	0.0	0.0	0.0
CGREF1	na	0.0	0.0	0.0	0.0	0.0	0.0	0.0
PREB	na	0.0	0.0	0.0	0.0	0.0	0.0	0.0
SLC5A6	na	0.06340256285669586	0.09110259169084708	0.06563425404274655	0.04997989415926151	0.061137505086349485	0.0815807523058862	0.11583838545547842
ATRAID	na	0.058858619892604304	0.10349042900941165	0.04142692265387529	0.05186699192877066	0.05094006324352151	0.07995579861580393	0.08641626130307835
CAD	na	0.0	0.0	0.0	0.0	0.0	0.0	0.0
TRIM54	na	0.0	0.0	0.0	0.0	0.0	0.0	0.0
UCN	na	0.0	0.0	0.0	0.0	0.0	0.0	0.0
MPV17	na	0.0	0.0	0.0	0.0	0.0	0.0	0.0
GTF3C2	na	0.0	0.0	0.0	0.0	0.0	0.0	0.0
AC074117.1	na	0.0	0.0	0.0	0.0	0.0	0.0	0.0
EIF2B4	na	0.0	0.0	0.0	0.0	0.0	0.0	0.0
SNX17	na	0.04287272195419085	0.0629754333934288	0.048468244770390065	0.03994423335390438	0.04290263167913971	0.06654148432223302	0.07823756633217772
ZNF513	na	0.0	0.0	0.0	0.0	0.0	0.0	0.0
PPM1G	na	0.053935945026815785	0.07859966874232875	0.055178800624368605	0.05407355583188023	0.054079921476455836	0.057649850648233934	0.09270964020162234
NRBP1	na	0.05662274066548043	0.0807987118430991	0.05468119260156917	0.046186941792984854	0.052666560739346266	0.08137388278015532	0.09835568892373395
KRTCAP3	na	0.0	0.0	0.0	0.0	0.0	0.0	0.0
IFT172	na	0.0	0.0	0.0	0.0	0.0	0.0	0.0
FNDC4	na	0.0	0.0	0.0	0.0	0.0	0.0	0.0
ZNF512	na	0.0	0.0	0.0	0.0	0.0	0.0	0.0
CCDC121	na	0.0	0.0	0.0	0.0	0.0	0.0	0.0
GPN1	na	0.0	0.0	0.0	0.0	0.0	0.0	0.0
SUPT7L	na	0.0	0.0	0.0	0.0	0.0	0.0	0.0
SLC4A1AP	na	0.0	0.0	0.0	0.0	0.0	0.0	0.0
MRPL33	na	0.06507303066716227	0.13188517541672995	0.033436010050111785	0.06477085050636601	0.06076081274155982	0.12209314742475759	0.10818192263699518
RBKS	na	0.0	0.0	0.0	0.0	0.0	0.0	0.0
BABAM2	na	0.0	0.0	0.0	0.0	0.0	0.0	0.0
FOSL2	na	0.0	0.0	0.0	0.0	0.0	0.0	0.0
PLB1	na	0.0	0.0	0.0	0.0	0.0	0.0	0.0
AC092164.1	na	0.0	0.0	0.0	0.0	0.0	0.0	0.0
PPP1CB	na	0.09012375346235932	0.15385084769339005	0.09677975872491099	0.04060793163121777	0.07791999862551842	0.12379995374602068	0.163629920060399
TRMT61B	na	0.0	0.0	0.0	0.0	0.0	0.0	0.0
WDR43	na	0.0	0.0	0.0	0.0	0.0	0.0	0.0
CLIP4	na	0.0	0.0	0.0	0.0	0.0	0.0	0.0
YPEL5	na	0.06397755623330283	0.07241067171459137	0.057945527792898265	0.04236449956017967	0.04965513769828519	0.06709864848880237	0.07728730298475886
LBH	na	0.0	0.0	0.0	0.0	0.0	0.0	0.0
LCLAT1	na	0.0	0.0	0.0	0.0	0.0	0.0	0.0
CAPN13	na	0.0	0.0	0.0	0.0	0.0	0.0	0.0
GALNT14	na	0.0	0.0	0.0	0.0	0.0	0.0	0.0
EHD3	na	0.0	0.0	0.0	0.0	0.0	0.0	0.0
XDH	na	0.0	0.0	0.0	0.0	0.0	0.0	0.0
SRD5A2	na	0.0	0.0	0.0	0.0	0.0	0.0	0.0
MEMO1	na	0.0	0.0	0.0	0.0	0.0	0.0	0.0
DPY30	na	0.06505269063363549	0.1512257641034521	0.04671280944931496	0.05272857701996163	0.06444192046003096	0.14386938783044542	0.12594792856660889
SPAST	na	0.0	0.0	0.0	0.0	0.0	0.0	0.0
SLC30A6	na	0.0	0.0	0.0	0.0	0.0	0.0	0.0
NLRC4	na	0.0	0.0	0.0	0.0	0.0	0.0	0.0
YIPF4	na	0.0	0.0	0.0	0.0	0.0	0.0	0.0
BIRC6	na	0.0	0.0	0.0	0.0	0.0	0.0	0.0
TTC27	na	0.0	0.0	0.0	0.0	0.0	0.0	0.0
LTBP1	na	0.0	0.0	0.0	0.0	0.0	0.0	0.0
RASGRP3	na	0.0	0.0	0.0	0.0	0.0	0.0	0.0
FAM98A	na	0.0	0.0	0.0	0.0	0.0	0.0	0.0
AC009414.2	na	0.0	0.0	0.0	0.0	0.0	0.0	0.0
CRIM1	na	0.0	0.0	0.0	0.0	0.0	0.0	0.0
FEZ2	na	0.0	0.0	0.0	0.0	0.0	0.0	0.0
VIT	na	0.0	0.0	0.0	0.0	0.0	0.0	0.0
STRN	na	0.0	0.0	0.0	0.0	0.0	0.0	0.0
HEATR5B	na	0.0	0.0	0.0	0.0	0.0	0.0	0.0
GPATCH11	na	0.0	0.0	0.0	0.0	0.0	0.0	0.0
EIF2AK2	na	0.05406580403468496	0.0620666577983217	0.04957691169808873	0.039903759486811075	0.044686244836779535	0.07462539409546501	0.07254189411346569
CEBPZOS	na	0.0	0.0	0.0	0.0	0.0	0.0	0.0
CEBPZ	na	0.0	0.0	0.0	0.0	0.0	0.0	0.0
NDUFAF7	na	0.0	0.0	0.0	0.0	0.0	0.0	0.0
PRKD3	na	0.0	0.0	0.0	0.0	0.0	0.0	0.0
QPCT	na	0.0	0.0	0.0	0.0	0.0	0.0	0.0
CDC42EP3	na	0.0	0.0	0.0	0.0	0.0	0.0	0.0
RMDN2	na	0.0	0.0	0.0	0.0	0.0	0.0	0.0
CYP1B1	na	0.0	0.0	0.0	0.0	0.0	0.0	0.0
ATL2	na	0.0	0.0	0.0	0.0	0.0	0.0	0.0
HNRNPLL	na	0.0	0.0	0.0	0.0	0.0	0.0	0.0
GALM	na	0.0	0.0	0.0	0.0	0.0	0.0	0.0
SRSF7	na	0.06226668935761417	0.11531551044514693	0.04500452957092378	0.05692724814622495	0.05970193373005396	0.1052149849214061	0.1050337981146746
GEMIN6	na	0.0	0.0	0.0	0.0	0.0	0.0	0.0
DHX57	na	0.0	0.0	0.0	0.0	0.0	0.0	0.0
MORN2	na	0.0	0.0	0.0	0.0	0.0	0.0	0.0
SOS1	na	0.0	0.0	0.0	0.0	0.0	0.0	0.0
MAP4K3	na	0.0	0.0	0.0	0.0	0.0	0.0	0.0
AC007388.1	na	0.0	0.0	0.0	0.0	0.0	0.0	0.0
TMEM178A	na	0.0	0.0	0.0	0.0	0.0	0.0	0.0
THUMPD2	na	0.0	0.0	0.0	0.0	0.0	0.0	0.0
SLC8A1	na	0.0	0.0	0.0	0.0	0.0	0.0	0.0
PKDCC	na	0.0	0.0	0.0	0.0	0.0	0.0	0.0
EML4	na	0.0	0.0	0.0	0.0	0.0	0.0	0.0
COX7A2L	na	0.056033999801896085	0.09767606994388824	0.0442151151664021	0.05833603309148709	0.05107785838100075	0.07597685909504148	0.08943837282768852
MTA3	na	0.0	0.0	0.0	0.0	0.0	0.0	0.0
HAAO	na	0.0	0.0	0.0	0.0	0.0	0.0	0.0
ZFP36L2	na	0.05482532503015148	0.07971431759554301	0.04917854135865017	0.03325949946285533	0.045866162262688234	0.06759388212028324	0.09174204196149695
THADA	na	0.0	0.0	0.0	0.0	0.0	0.0	0.0
PLEKHH2	na	0.0	0.0	0.0	0.0	0.0	0.0	0.0
DYNC2LI1	na	0.0	0.0	0.0	0.0	0.0	0.0	0.0
LRPPRC	na	0.06357786213633804	0.0994526680664087	0.04770139959542474	0.07378001946827056	0.059827627756576615	0.09234088424011265	0.11133355746775847
PPM1B	na	0.0	0.0	0.0	0.0	0.0	0.0	0.0
PREPL	na	0.0	0.0	0.0	0.0	0.0	0.0	0.0
CAMKMT	na	0.0	0.0	0.0	0.0	0.0	0.0	0.0
LINC01833	na	0.0	0.0	0.0	0.0	0.0	0.0	0.0
SIX3	na	0.0	0.0	0.0	0.0	0.0	0.0	0.0
SIX2	na	0.0	0.0	0.0	0.0	0.0	0.0	0.0
AC093833.1	na	0.0	0.0	0.0	0.0	0.0	0.0	0.0
SRBD1	na	0.0	0.0	0.0	0.0	0.0	0.0	0.0
PRKCE	na	0.0	0.0	0.0	0.0	0.0	0.0	0.0
EPAS1	na	0.0	0.0	0.0	0.0	0.0	0.0	0.0
ATP6V1E2	na	0.0	0.0	0.0	0.0	0.0	0.0	0.0
RHOQ	na	0.0	0.0	0.0	0.0	0.0	0.0	0.0
PIGF	na	0.0	0.0	0.0	0.0	0.0	0.0	0.0
CRIPT	na	0.0	0.0	0.0	0.0	0.0	0.0	0.0
SOCS5	na	0.0	0.0	0.0	0.0	0.0	0.0	0.0
MCFD2	na	0.0	0.0	0.0	0.0	0.0	0.0	0.0
TTC7A	na	0.0	0.0	0.0	0.0	0.0	0.0	0.0
CALM2	na	0.27993866959075814	0.7085158968654064	0.04323442434541985	0.1572566053968791	0.20204650372932317	0.6398376995141182	0.5365516602947913
AC106869.1	na	0.0	0.0	0.0	0.0	0.0	0.0	0.0
EPCAM	na	0.13699997891259202	0.2607335204002132	0.10888771810953181	0.09483341579967429	0.1154714932065427	0.2402698121153063	0.2654924977609841
MSH2	na	0.0	0.0	0.0	0.0	0.0	0.0	0.0
KCNK12	na	0.0	0.0	0.0	0.0	0.0	0.0	0.0
MSH6	na	0.0	0.0	0.0	0.0	0.0	0.0	0.0
FBXO11	na	0.0	0.0	0.0	0.0	0.0	0.0	0.0
FOXN2	na	0.0	0.0	0.0	0.0	0.0	0.0	0.0
PPP1R21	na	0.0	0.0	0.0	0.0	0.0	0.0	0.0
STON1	na	0.0	0.0	0.0	0.0	0.0	0.0	0.0
ASB3	na	0.0	0.0	0.0	0.0	0.0	0.0	0.0
CHAC2	na	0.0	0.0	0.0	0.0	0.0	0.0	0.0
ERLEC1	na	0.039580132072634056	0.05441862586490409	0.045685180167843044	0.05007465467366412	0.044023954001905556	0.06092075350985297	0.08713001309463063
PSME4	na	0.049808761349541625	0.0685803668868619	0.05504308401681514	0.04679977271403267	0.048020737385439466	0.05761190996035189	0.0767076514126857
ACYP2	na	0.0	0.0	0.0	0.0	0.0	0.0	0.0
AC008280.3	na	0.0	0.0	0.0	0.0	0.0	0.0	0.0
SPTBN1	na	0.073143808506616	0.07760892330161336	0.06375193975752315	0.049903880700129515	0.05367669783446547	0.07102017331145291	0.09439798052753183
RTN4	na	0.06069996498679825	0.13920347656946871	0.06365305308600729	0.06322184850118646	0.06991356247500448	0.11643949610988273	0.14279058005809733
CLHC1	na	0.0	0.0	0.0	0.0	0.0	0.0	0.0
RPS27A	na	0.7540991600706759	2.7222583945424152	5.770626503141302e-20	0.3956651792573104	0.5194595515430291	1.8023815781083559	1.5779228934535718
MTIF2	na	0.0	0.0	0.0	0.0	0.0	0.0	0.0
CCDC88A	na	0.0	0.0	0.0	0.0	0.0	0.0	0.0
CFAP36	na	0.0	0.0	0.0	0.0	0.0	0.0	0.0
PPP4R3B	na	0.0539001689303369	0.054871643088623336	0.043034256553549546	0.05235456301541256	0.044230881922281216	0.06874191687562334	0.08036839293700312
AC015982.1	na	0.0	0.0	0.0	0.0	0.0	0.0	0.0
PNPT1	na	0.0	0.0	0.0	0.0	0.0	0.0	0.0
EFEMP1	na	0.0	0.0	0.0	0.0	0.0	0.0	0.0
VRK2	na	0.0	0.0	0.0	0.0	0.0	0.0	0.0
FANCL	na	0.0	0.0	0.0	0.0	0.0	0.0	0.0
PAPOLG	na	0.0	0.0	0.0	0.0	0.0	0.0	0.0
REL	na	0.0	0.0	0.0	0.0	0.0	0.0	0.0
PUS10	na	0.0	0.0	0.0	0.0	0.0	0.0	0.0
PEX13	na	0.0	0.0	0.0	0.0	0.0	0.0	0.0
KIAA1841	na	0.0	0.0	0.0	0.0	0.0	0.0	0.0
C2orf74	na	0.0	0.0	0.0	0.0	0.0	0.0	0.0
USP34	na	0.0	0.0	0.0	0.0	0.0	0.0	0.0
AC016727.1	na	0.0	0.0	0.0	0.0	0.0	0.0	0.0
XPO1	na	0.050020264747729325	0.08491767616342957	0.04656778612539625	0.05883738475643912	0.05075436678267558	0.0801154998654095	0.09375304084814454
FAM161A	na	0.0	0.0	0.0	0.0	0.0	0.0	0.0
CCT4	na	0.07964801518606687	0.19744379361112305	0.056486227018627495	0.07511421722309525	0.083036730762363	0.1505931136247245	0.1692894353302427
AC107081.2	na	0.0	0.0	0.0	0.0	0.0	0.0	0.0
COMMD1	na	0.0	0.0	0.0	0.0	0.0	0.0	0.0
B3GNT2	na	0.0	0.0	0.0	0.0	0.0	0.0	0.0
TMEM17	na	0.0	0.0	0.0	0.0	0.0	0.0	0.0
EHBP1	na	0.0	0.0	0.0	0.0	0.0	0.0	0.0
WDPCP	na	0.0	0.0	0.0	0.0	0.0	0.0	0.0
MDH1	na	0.056992921820960725	0.09321353662022282	0.04012273044467452	0.060548373063675366	0.05107915640733153	0.079630610480182	0.09819782139885032
UGP2	na	0.05197881211551166	0.07003272213755753	0.038589220943492195	0.05059557328313879	0.04628614193445589	0.06735580478808635	0.0829604109823551
VPS54	na	0.0	0.0	0.0	0.0	0.0	0.0	0.0
PELI1	na	0.0	0.0	0.0	0.0	0.0	0.0	0.0
LGALSL	na	0.0	0.0	0.0	0.0	0.0	0.0	0.0
AFTPH	na	0.0	0.0	0.0	0.0	0.0	0.0	0.0
SERTAD2	na	0.0	0.0	0.0	0.0	0.0	0.0	0.0
SLC1A4	na	0.0	0.0	0.0	0.0	0.0	0.0	0.0
CEP68	na	0.0	0.0	0.0	0.0	0.0	0.0	0.0
RAB1A	na	0.06810287399652695	0.1304767131574499	0.05300728459073621	0.06482018809019854	0.06374342119699329	0.10391974254697076	0.13744217842744177
ACTR2	na	0.060148499664729176	0.13200911834765902	0.044451945589040864	0.06132917924084986	0.06652646243746516	0.11886023564472921	0.1307442579271561
SPRED2	na	0.0	0.0	0.0	0.0	0.0	0.0	0.0
MEIS1	na	0.0	0.0	0.0	0.0	0.0	0.0	0.0
ETAA1	na	0.0	0.0	0.0	0.0	0.0	0.0	0.0
C1D	na	0.0	0.0	0.0	0.0	0.0	0.0	0.0
WDR92	na	0.0	0.0	0.0	0.0	0.0	0.0	0.0
PNO1	na	0.0	0.0	0.0	0.0	0.0	0.0	0.0
PPP3R1	na	0.0	0.0	0.0	0.0	0.0	0.0	0.0
CNRIP1	na	0.0	0.0	0.0	0.0	0.0	0.0	0.0
PLEK	na	0.0	0.0	0.0	0.0	0.0	0.0	0.0
FBXO48	na	0.0	0.0	0.0	0.0	0.0	0.0	0.0
ARHGAP25	na	0.0	0.0	0.0	0.0	0.0	0.0	0.0
ANTXR1	na	0.0	0.0	0.0	0.0	0.0	0.0	0.0
GFPT1	na	0.04177851924804552	0.057255237303907906	0.058331026719955506	0.06557085746052747	0.05426556860905191	0.06262167974651353	0.0927056973143336
NFU1	na	0.0	0.0	0.0	0.0	0.0	0.0	0.0
AAK1	na	0.0	0.0	0.0	0.0	0.0	0.0	0.0
ANXA4	na	0.0	0.0	0.0	0.0	0.0	0.0	0.0
GMCL1	na	0.0	0.0	0.0	0.0	0.0	0.0	0.0
SNRNP27	na	0.0	0.0	0.0	0.0	0.0	0.0	0.0
MXD1	na	0.0	0.0	0.0	0.0	0.0	0.0	0.0
PCBP1	na	0.11347101374618362	0.23273002128365725	0.07143497129294743	0.08977278924785341	0.10356851516923182	0.22273995843749578	0.22679777230862003
C2orf42	na	0.0	0.0	0.0	0.0	0.0	0.0	0.0
TIA1	na	0.056134971846432145	0.06738575135521445	0.057266952592484766	0.04671317973098547	0.049345478520290136	0.07234143588115897	0.07884287614018792
PCYOX1	na	0.0	0.0	0.0	0.0	0.0	0.0	0.0
SNRPG	na	0.1820983112604773	0.5279423857010795	1.489350952545585e-15	0.12695077579767458	0.14799086226322916	0.4000275953793811	0.382996489021199
FAM136A	na	0.04534011461852145	0.08177328172194853	0.03959457299327524	0.06033712285102178	0.048270615006197844	0.05818984261601466	0.08780245100184181
TGFA	na	0.0	0.0	0.0	0.0	0.0	0.0	0.0
CD207	na	0.0	0.0	0.0	0.0	0.0	0.0	0.0
VAX2	na	0.0	0.0	0.0	0.0	0.0	0.0	0.0
ATP6V1B1	na	0.0	0.0	0.0	0.0	0.0	0.0	0.0
TEX261	na	0.0	0.0	0.0	0.0	0.0	0.0	0.0
NAGK	na	0.046957805726120086	0.05714254826670267	0.04887984259838832	0.042625279959371556	0.045589531969070195	0.06233421639816545	0.08653834057671608
MCEE	na	0.0	0.0	0.0	0.0	0.0	0.0	0.0
MPHOSPH10	na	0.0	0.0	0.0	0.0	0.0	0.0	0.0
PAIP2B	na	0.0	0.0	0.0	0.0	0.0	0.0	0.0
ZNF638	na	0.0	0.0	0.0	0.0	0.0	0.0	0.0
DYSF	na	0.0	0.0	0.0	0.0	0.0	0.0	0.0
EXOC6B	na	0.0	0.0	0.0	0.0	0.0	0.0	0.0
SPR	na	0.0	0.0	0.0	0.0	0.0	0.0	0.0
SFXN5	na	0.0	0.0	0.0	0.0	0.0	0.0	0.0
RAB11FIP5	na	0.0	0.0	0.0	0.0	0.0	0.0	0.0
SMYD5	na	0.0	0.0	0.0	0.0	0.0	0.0	0.0
PRADC1	na	0.0	0.0	0.0	0.0	0.0	0.0	0.0
CCT7	na	0.0672062837810065	0.1775464889326399	0.05289415420394065	0.05698985008878356	0.07884088105211197	0.15116143548987368	0.17272338967015474
FBXO41	na	0.0	0.0	0.0	0.0	0.0	0.0	0.0
ALMS1	na	0.0	0.0	0.0	0.0	0.0	0.0	0.0
NAT8	na	0.0	0.0	0.0	0.0	0.0	0.0	0.0
TPRKB	na	0.0	0.0	0.0	0.0	0.0	0.0	0.0
DUSP11	na	0.0	0.0	0.0	0.0	0.0	0.0	0.0
STAMBP	na	0.0	0.0	0.0	0.0	0.0	0.0	0.0
ACTG2	na	0.0	0.0	0.0	0.0	0.0	0.0	0.0
DGUOK	na	0.047822338416099806	0.08730314192049604	0.03142019556877588	0.06500298860861288	0.04657059910057828	0.07781624626070237	0.08650333198268692
DGUOK-AS1	na	0.0	0.0	0.0	0.0	0.0	0.0	0.0
TET3	na	0.0	0.0	0.0	0.0	0.0	0.0	0.0
AC073263.1	na	0.0	0.0	0.0	0.0	0.0	0.0	0.0
BOLA3	na	0.06012691080285902	0.10715915375436219	0.027387129464017685	0.0529369296811188	0.05325696276570612	0.08127175959034488	0.08294767661643429
MOB1A	na	0.04067721276684621	0.08783829604432167	0.0461018486867804	0.04555150167176463	0.05134210334730966	0.08436926090015955	0.09450588951558866
MTHFD2	na	0.061351193521763256	0.10046134311441543	0.06110913175586983	0.06974920547340215	0.061141316204186974	0.09381695844555205	0.11933376296460464
SLC4A5	na	0.0	0.0	0.0	0.0	0.0	0.0	0.0
DCTN1	na	0.0547442866179196	0.04902037480138281	0.055396032184667134	0.052474474885991454	0.048940691361455006	0.059835362572487366	0.08907805854842717
C2orf81	na	0.0	0.0	0.0	0.0	0.0	0.0	0.0
WDR54	na	0.0	0.0	0.0	0.0	0.0	0.0	0.0
RTKN	na	0.0	0.0	0.0	0.0	0.0	0.0	0.0
INO80B	na	0.0	0.0	0.0	0.0	0.0	0.0	0.0
WBP1	na	0.0	0.0	0.0	0.0	0.0	0.0	0.0
MOGS	na	0.0	0.0	0.0	0.0	0.0	0.0	0.0
MRPL53	na	0.0	0.0	0.0	0.0	0.0	0.0	0.0
CCDC142	na	0.0	0.0	0.0	0.0	0.0	0.0	0.0
TTC31	na	0.0	0.0	0.0	0.0	0.0	0.0	0.0
LBX2-AS1	na	0.0	0.0	0.0	0.0	0.0	0.0	0.0
PCGF1	na	0.0	0.0	0.0	0.0	0.0	0.0	0.0
DQX1	na	0.0	0.0	0.0	0.0	0.0	0.0	0.0
AUP1	na	0.06357189586936524	0.11554249846415615	0.05375146816805241	0.05743365123607229	0.06330589286910536	0.08666167853531488	0.12098540752514429
HTRA2	na	0.0	0.0	0.0	0.0	0.0	0.0	0.0
LOXL3	na	0.0	0.0	0.0	0.0	0.0	0.0	0.0
DOK1	na	0.0	0.0	0.0	0.0	0.0	0.0	0.0
SEMA4F	na	0.0	0.0	0.0	0.0	0.0	0.0	0.0
AC019069.1	na	0.0	0.0	0.0	0.0	0.0	0.0	0.0
HK2	na	0.05991475946280277	0.07680577679369545	0.058666636447113056	0.05535880382592555	0.05863504268216535	0.08696638723149208	0.11046704965457227
POLE4	na	0.06048442307178699	0.10074376419477873	0.04370213084659475	0.05114997029810662	0.0538483376096951	0.08116351481340467	0.09558918363484595
AC007681.1	na	0.0	0.0	0.0	0.0	0.0	0.0	0.0
EVA1A	na	0.0	0.0	0.0	0.0	0.0	0.0	0.0
MRPL19	na	0.0	0.0	0.0	0.0	0.0	0.0	0.0
GCFC2	na	0.0	0.0	0.0	0.0	0.0	0.0	0.0
AC005034.3	na	0.0	0.0	0.0	0.0	0.0	0.0	0.0
SUCLG1	na	0.04726915916116282	0.0733256649464042	0.053295538823979714	0.04421276596967509	0.04522179916670464	0.06355785202359712	0.08462170445668048
TMSB10	na	5.790508959026532	14.46044998838455	0.32376938801227023	1.0669468527539974	3.3023466401775785	10.773949196111126	11.594381034786089
KCMF1	na	0.0	0.0	0.0	0.0	0.0	0.0	0.0
TCF7L1	na	0.0	0.0	0.0	0.0	0.0	0.0	0.0
TGOLN2	na	0.044943233378669414	0.07728316520195415	0.05152428985798069	0.056018275014953385	0.04975379898074058	0.053120326108849605	0.08440116360828892
RETSAT	na	0.0	0.0	0.0	0.0	0.0	0.0	0.0
ELMOD3	na	0.0	0.0	0.0	0.0	0.0	0.0	0.0
CAPG	na	0.06895776432840207	0.11475741056692096	0.06117532229118532	0.04275533015895647	0.06436569460183618	0.11773871470729613	0.14680246779330292
MAT2A	na	0.04356675658323044	0.06608426860558811	0.0640528883781097	0.04861065048362702	0.05020910328440984	0.057694602569004855	0.08635016175013181
GGCX	na	0.0	0.0	0.0	0.0	0.0	0.0	0.0
VAMP8	na	0.12400037796502955	0.306032944940793	0.035166283135482895	0.07280345815023831	0.10124546256243828	0.25183483418391683	0.24201259743758177
VAMP5	na	0.0	0.0	0.0	0.0	0.0	0.0	0.0
RNF181	na	0.10425458360687401	0.20196980972690684	0.04135899876691149	0.07785931598126661	0.08307687586630785	0.16981799654386884	0.1556781143097188
TMEM150A	na	0.0	0.0	0.0	0.0	0.0	0.0	0.0
USP39	na	0.0	0.0	0.0	0.0	0.0	0.0	0.0
C2orf68	na	0.0	0.0	0.0	0.0	0.0	0.0	0.0
GNLY	na	0.0	0.0	0.0	0.0	0.0	0.0	0.0
ST3GAL5	na	0.0	0.0	0.0	0.0	0.0	0.0	0.0
POLR1A	na	0.0	0.0	0.0	0.0	0.0	0.0	0.0
PTCD3	na	0.045580815659934035	0.06102484593640954	0.06008220955953662	0.03963798881030958	0.04351642138817629	0.05778697137906404	0.07417755157182634
IMMT	na	0.04408278907378367	0.07298202247806415	0.051919564685618584	0.05393597716274399	0.046344803243271976	0.04851346278146925	0.07403310998902791
AC009309.1	na	0.0	0.0	0.0	0.0	0.0	0.0	0.0
MRPL35	na	0.0	0.0	0.0	0.0	0.0	0.0	0.0
REEP1	na	0.0	0.0	0.0	0.0	0.0	0.0	0.0
KDM3A	na	0.0	0.0	0.0	0.0	0.0	0.0	0.0
CHMP3	na	0.043426971607578226	0.07073568216816234	0.0473091678356881	0.043317969168629414	0.04487062013669576	0.07649367123870947	0.08611922870110089
RNF103	na	0.0	0.0	0.0	0.0	0.0	0.0	0.0
RMND5A	na	0.0	0.0	0.0	0.0	0.0	0.0	0.0
CD8A	na	0.0	0.0	0.0	0.0	0.0	0.0	0.0
CD8B	na	0.0	0.0	0.0	0.0	0.0	0.0	0.0
PLGLB1	na	0.0	0.0	0.0	0.0	0.0	0.0	0.0
LINC01943	na	0.0	0.0	0.0	0.0	0.0	0.0	0.0
CYTOR	na	0.058929183999492846	0.11543494241850057	0.03264471421394292	0.05239604785948414	0.055353480027870626	0.10540127975502292	0.10680053632284807
KRCC1	na	0.0	0.0	0.0	0.0	0.0	0.0	0.0
THNSL2	na	0.0	0.0	0.0	0.0	0.0	0.0	0.0
EIF2AK3	na	0.0	0.0	0.0	0.0	0.0	0.0	0.0
AC062029.1	na	0.0	0.0	0.0	0.0	0.0	0.0	0.0
RPIA	na	0.0	0.0	0.0	0.0	0.0	0.0	0.0
IGKC	na	0.7841582012050582	9.167305763377898	1.6324000968306553e-19	0.9097008382150212	1.4012016610422073	7.048310629758973	3.6640809754345933
IGKV4-1	na	0.0	0.0	0.0	0.0	0.0	0.0	0.0
IGKV1-5	na	0.0	0.0	0.0	0.0	0.0	0.0	0.0
IGKV3-20	na	0.0	0.0	0.0	0.0	0.0	0.0	0.0
TEKT4	na	0.0	0.0	0.0	0.0	0.0	0.0	0.0
MRPS5	na	0.0	0.0	0.0	0.0	0.0	0.0	0.0
ZNF514	na	0.0	0.0	0.0	0.0	0.0	0.0	0.0
ZNF2	na	0.0	0.0	0.0	0.0	0.0	0.0	0.0
PROM2	na	0.05252448996912968	0.059088734702129324	0.05795778682522287	0.060835607174538925	0.04737153674121864	0.043924846609343184	0.08175586491434446
FAHD2A	na	0.0	0.0	0.0	0.0	0.0	0.0	0.0
AC009237.14	na	0.0	0.0	0.0	0.0	0.0	0.0	0.0
AC008268.1	na	0.0	0.0	0.0	0.0	0.0	0.0	0.0
LINC00342	na	0.0	0.0	0.0	0.0	0.0	0.0	0.0
ANKRD36C	na	0.0	0.0	0.0	0.0	0.0	0.0	0.0
GPAT2	na	0.0	0.0	0.0	0.0	0.0	0.0	0.0
DUSP2	na	0.0	0.0	0.0	0.0	0.0	0.0	0.0
STARD7	na	0.04693661949946611	0.07533465846247177	0.042318543404980105	0.05373223450965296	0.04969484669064971	0.05988400791125646	0.09082209574821223
TMEM127	na	0.047315914257387875	0.05959567758060803	0.050215890099739716	0.04572676842942657	0.04450439825496471	0.06097355000770932	0.0807712205739111
CIAO1	na	0.0	0.0	0.0	0.0	0.0	0.0	0.0
SNRNP200	na	0.09110313509659376	0.1640488731878938	0.06863955379021022	0.06743996581883108	0.08093023162911711	0.13710403620108624	0.17622510028886126
NCAPH	na	0.0	0.0	0.0	0.0	0.0	0.0	0.0
NEURL3	na	0.0	0.0	0.0	0.0	0.0	0.0	0.0
ARID5A	na	0.0	0.0	0.0	0.0	0.0	0.0	0.0
KANSL3	na	0.0	0.0	0.0	0.0	0.0	0.0	0.0
LMAN2L	na	0.0	0.0	0.0	0.0	0.0	0.0	0.0
CNNM4	na	0.0	0.0	0.0	0.0	0.0	0.0	0.0
CNNM3	na	0.0	0.0	0.0	0.0	0.0	0.0	0.0
ANKRD23	na	0.0	0.0	0.0	0.0	0.0	0.0	0.0
ANKRD39	na	0.0	0.0	0.0	0.0	0.0	0.0	0.0
SEMA4C	na	0.05740172141951564	0.07333675187257616	0.08302460265315317	0.06093087679189858	0.06344728810872602	0.059147243518462136	0.125643070029692
FAM178B	na	0.0	0.0	0.0	0.0	0.0	0.0	0.0
FAHD2B	na	0.0	0.0	0.0	0.0	0.0	0.0	0.0
ANKRD36	na	0.0	0.0	0.0	0.0	0.0	0.0	0.0
AC092683.1	na	0.0	0.0	0.0	0.0	0.0	0.0	0.0
ANKRD36B	na	0.0	0.0	0.0	0.0	0.0	0.0	0.0
COX5B	na	0.282517700022002	0.6570149184468618	0.010423866591084683	0.11072821375212155	0.1699642173342246	0.42694540990928326	0.52097908026371
ACTR1B	na	0.0	0.0	0.0	0.0	0.0	0.0	0.0
C2orf92	na	0.0	0.0	0.0	0.0	0.0	0.0	0.0
ZAP70	na	0.0	0.0	0.0	0.0	0.0	0.0	0.0
TMEM131	na	0.0	0.0	0.0	0.0	0.0	0.0	0.0
INPP4A	na	0.0	0.0	0.0	0.0	0.0	0.0	0.0
COA5	na	0.0	0.0	0.0	0.0	0.0	0.0	0.0
UNC50	na	0.0	0.0	0.0	0.0	0.0	0.0	0.0
MGAT4A	na	0.10054138636046642	0.1066307977551029	0.14111895350031825	0.06498847801901421	0.08977341141565352	0.07840892110851873	0.16615210051520948
AC109826.1	na	0.0	0.0	0.0	0.0	0.0	0.0	0.0
KIAA1211L	na	0.0	0.0	0.0	0.0	0.0	0.0	0.0
TSGA10	na	0.0	0.0	0.0	0.0	0.0	0.0	0.0
C2orf15	na	0.0	0.0	0.0	0.0	0.0	0.0	0.0
LIPT1	na	0.0	0.0	0.0	0.0	0.0	0.0	0.0
AC092587.1	na	0.0	0.0	0.0	0.0	0.0	0.0	0.0
MITD1	na	0.0	0.0	0.0	0.0	0.0	0.0	0.0
MRPL30	na	0.0	0.0	0.0	0.0	0.0	0.0	0.0
LYG1	na	0.0	0.0	0.0	0.0	0.0	0.0	0.0
TXNDC9	na	0.0	0.0	0.0	0.0	0.0	0.0	0.0
EIF5B	na	0.052696662913048	0.07449980703935541	0.03917444625442683	0.051389862475233375	0.04626057553862144	0.06944110825307928	0.08601375689103767
REV1	na	0.0	0.0	0.0	0.0	0.0	0.0	0.0
AFF3	na	0.0	0.0	0.0	0.0	0.0	0.0	0.0
LONRF2	na	0.0	0.0	0.0	0.0	0.0	0.0	0.0
CHST10	na	0.0	0.0	0.0	0.0	0.0	0.0	0.0
PDCL3	na	0.0	0.0	0.0	0.0	0.0	0.0	0.0
NPAS2	na	0.0	0.0	0.0	0.0	0.0	0.0	0.0
RPL31	na	0.7219250218417655	1.897833386550427	0.021541640706929665	0.09681475261901525	0.42713700221908457	1.3602478813310943	1.5495296772570686
TBC1D8	na	0.0	0.0	0.0	0.0	0.0	0.0	0.0
CNOT11	na	0.0	0.0	0.0	0.0	0.0	0.0	0.0
RNF149	na	0.0	0.0	0.0	0.0	0.0	0.0	0.0
MAP4K4	na	0.0	0.0	0.0	0.0	0.0	0.0	0.0
IL1R1	na	0.0	0.0	0.0	0.0	0.0	0.0	0.0
SLC9A2	na	0.0	0.0	0.0	0.0	0.0	0.0	0.0
MFSD9	na	0.0	0.0	0.0	0.0	0.0	0.0	0.0
MRPS9	na	0.0	0.0	0.0	0.0	0.0	0.0	0.0
TGFBRAP1	na	0.0	0.0	0.0	0.0	0.0	0.0	0.0
AC012360.3	na	0.0	0.0	0.0	0.0	0.0	0.0	0.0
C2orf49	na	0.0	0.0	0.0	0.0	0.0	0.0	0.0
FHL2	na	0.0	0.0	0.0	0.0	0.0	0.0	0.0
NCK2	na	0.0	0.0	0.0	0.0	0.0	0.0	0.0
UXS1	na	0.0	0.0	0.0	0.0	0.0	0.0	0.0
ST6GAL2	na	0.0	0.0	0.0	0.0	0.0	0.0	0.0
GCC2	na	0.0	0.0	0.0	0.0	0.0	0.0	0.0
LIMS1	na	0.0	0.0	0.0	0.0	0.0	0.0	0.0
RANBP2	na	0.05120477265690204	0.060441233311099476	0.03953806057571025	0.0506651074943744	0.04345749629576575	0.06215338962399982	0.08130353885604233
CCDC138	na	0.0	0.0	0.0	0.0	0.0	0.0	0.0
SH3RF3	na	0.0	0.0	0.0	0.0	0.0	0.0	0.0
SEPT10	na	0.0	0.0	0.0	0.0	0.0	0.0	0.0
SOWAHC	na	0.0	0.0	0.0	0.0	0.0	0.0	0.0
MALL	na	0.0	0.0	0.0	0.0	0.0	0.0	0.0
NPHP1	na	0.0	0.0	0.0	0.0	0.0	0.0	0.0
SMIM37	na	0.04278466518132043	0.11306500847130756	0.030899982479049515	0.0639604308739563	0.05486189258667056	0.10112502415466924	0.10503840820039174
LINC01106	na	0.0	0.0	0.0	0.0	0.0	0.0	0.0
BUB1	na	0.0	0.0	0.0	0.0	0.0	0.0	0.0
MIR4435-2HG	na	0.0	0.0	0.0	0.0	0.0	0.0	0.0
BCL2L11	na	0.0	0.0	0.0	0.0	0.0	0.0	0.0
ANAPC1	na	0.0	0.0	0.0	0.0	0.0	0.0	0.0
MERTK	na	0.0	0.0	0.0	0.0	0.0	0.0	0.0
TMEM87B	na	0.0	0.0	0.0	0.0	0.0	0.0	0.0
ZC3H8	na	0.0	0.0	0.0	0.0	0.0	0.0	0.0
ZC3H6	na	0.0	0.0	0.0	0.0	0.0	0.0	0.0
TTL	na	0.0	0.0	0.0	0.0	0.0	0.0	0.0
POLR1B	na	0.0	0.0	0.0	0.0	0.0	0.0	0.0
CHCHD5	na	0.05048119388652893	0.07967369751481844	0.03388889574923301	0.05127098727034439	0.04541465348169705	0.07068478034424638	0.09443052542714574
AC079922.2	na	0.0	0.0	0.0	0.0	0.0	0.0	0.0
SLC20A1	na	0.0	0.0	0.0	0.0	0.0	0.0	0.0
CKAP2L	na	0.0	0.0	0.0	0.0	0.0	0.0	0.0
IL1B	na	0.0	0.0	0.0	0.0	0.0	0.0	0.0
IL1RN	na	0.0	0.0	0.0	0.0	0.0	0.0	0.0
PSD4	na	0.0	0.0	0.0	0.0	0.0	0.0	0.0
PAX8	na	0.0	0.0	0.0	0.0	0.0	0.0	0.0
CBWD2	na	0.0	0.0	0.0	0.0	0.0	0.0	0.0
RABL2A	na	0.0	0.0	0.0	0.0	0.0	0.0	0.0
SLC35F5	na	0.0	0.0	0.0	0.0	0.0	0.0	0.0
AC104653.1	na	0.0	0.0	0.0	0.0	0.0	0.0	0.0
ACTR3	na	0.05753531965202929	0.13095189174611127	0.03818247915442499	0.05830240007172292	0.061861718073050055	0.11234161849926558	0.12375010598071065
DDX18	na	0.04866203172998832	0.07536542057506579	0.039764955031246406	0.05040240422579864	0.04445531132155811	0.06516748534849948	0.08100060054223411
AC009404.1	na	0.0	0.0	0.0	0.0	0.0	0.0	0.0
CCDC93	na	0.0	0.0	0.0	0.0	0.0	0.0	0.0
INSIG2	na	0.0	0.0	0.0	0.0	0.0	0.0	0.0
AC093901.1	na	0.0	0.0	0.0	0.0	0.0	0.0	0.0
EN1	na	0.0	0.0	0.0	0.0	0.0	0.0	0.0
MARCO	na	0.0	0.0	0.0	0.0	0.0	0.0	0.0
STEAP3	na	0.0	0.0	0.0	0.0	0.0	0.0	0.0
C2orf76	na	0.0	0.0	0.0	0.0	0.0	0.0	0.0
DBI	na	0.18577274387140444	0.5862482420597035	0.0009155450472373232	0.14096650531870428	0.1625034383918068	0.4376458363904552	0.4249133224912912
TMEM37	na	0.0	0.0	0.0	0.0	0.0	0.0	0.0
TMEM177	na	0.0	0.0	0.0	0.0	0.0	0.0	0.0
PTPN4	na	0.0	0.0	0.0	0.0	0.0	0.0	0.0
EPB41L5	na	0.0	0.0	0.0	0.0	0.0	0.0	0.0
TMEM185B	na	0.0	0.0	0.0	0.0	0.0	0.0	0.0
RALB	na	0.0	0.0	0.0	0.0	0.0	0.0	0.0
INHBB	na	0.0	0.0	0.0	0.0	0.0	0.0	0.0
AC073257.2	na	0.0	0.0	0.0	0.0	0.0	0.0	0.0
GLI2	na	0.0	0.0	0.0	0.0	0.0	0.0	0.0
CLASP1	na	0.0	0.0	0.0	0.0	0.0	0.0	0.0
NIFK-AS1	na	0.0	0.0	0.0	0.0	0.0	0.0	0.0
NIFK	na	0.0	0.0	0.0	0.0	0.0	0.0	0.0
TSN	na	0.05035383792973504	0.07224636154395053	0.05733296964613724	0.04301287418326613	0.04887519276710263	0.08332758176052796	0.08703669932230375
GYPC	na	0.0	0.0	0.0	0.0	0.0	0.0	0.0
BIN1	na	0.0	0.0	0.0	0.0	0.0	0.0	0.0
ERCC3	na	0.0	0.0	0.0	0.0	0.0	0.0	0.0
MAP3K2	na	0.0	0.0	0.0	0.0	0.0	0.0	0.0
IWS1	na	0.0	0.0	0.0	0.0	0.0	0.0	0.0
LIMS2	na	0.0	0.0	0.0	0.0	0.0	0.0	0.0
WDR33	na	0.0	0.0	0.0	0.0	0.0	0.0	0.0
SFT2D3	na	0.0	0.0	0.0	0.0	0.0	0.0	0.0
POLR2D	na	0.0	0.0	0.0	0.0	0.0	0.0	0.0
AMMECR1L	na	0.0	0.0	0.0	0.0	0.0	0.0	0.0
AC012306.2	na	0.0	0.0	0.0	0.0	0.0	0.0	0.0
SAP130	na	0.0	0.0	0.0	0.0	0.0	0.0	0.0
UGGT1	na	0.0	0.0	0.0	0.0	0.0	0.0	0.0
HS6ST1	na	0.0	0.0	0.0	0.0	0.0	0.0	0.0
RAB6C	na	0.0	0.0	0.0	0.0	0.0	0.0	0.0
SMPD4	na	0.0437765610208824	0.05146348324867252	0.052384555083845805	0.05713861534546288	0.04758131136680415	0.06281566601824437	0.0771734242698334
MZT2B	na	0.16478030918359776	0.41399697727152673	0.010545835504422278	0.10997053935620078	0.13875841385768298	0.40187391546692186	0.3518691673600571
CCDC115	na	0.0	0.0	0.0	0.0	0.0	0.0	0.0
IMP4	na	0.03653061520385973	0.06548517240137967	0.049861518494357375	0.04618223522509107	0.04355854712551219	0.04883174233633124	0.07851427207660427
PTPN18	na	0.0	0.0	0.0	0.0	0.0	0.0	0.0
ARHGEF4	na	0.0	0.0	0.0	0.0	0.0	0.0	0.0
FAM168B	na	0.0	0.0	0.0	0.0	0.0	0.0	0.0
PLEKHB2	na	0.04965852304414198	0.06393327163498741	0.04819005675826135	0.04950547355469722	0.047493515449683624	0.05985052514114032	0.06972538472418245
MZT2A	na	0.10317224064530112	0.2845347165796599	0.0054970620887819415	0.1113210062644818	0.10135485522506225	0.29087818369347984	0.19865968309516704
CCDC74A	na	0.0	0.0	0.0	0.0	0.0	0.0	0.0
C2orf27B	na	0.0	0.0	0.0	0.0	0.0	0.0	0.0
GPR39	na	0.0	0.0	0.0	0.0	0.0	0.0	0.0
NCKAP5	na	0.0	0.0	0.0	0.0	0.0	0.0	0.0
MGAT5	na	0.0	0.0	0.0	0.0	0.0	0.0	0.0
TMEM163	na	0.0	0.0	0.0	0.0	0.0	0.0	0.0
CCNT2-AS1	na	0.0	0.0	0.0	0.0	0.0	0.0	0.0
CCNT2	na	0.0	0.0	0.0	0.0	0.0	0.0	0.0
RAB3GAP1	na	0.0	0.0	0.0	0.0	0.0	0.0	0.0
ZRANB3	na	0.0	0.0	0.0	0.0	0.0	0.0	0.0
R3HDM1	na	0.0	0.0	0.0	0.0	0.0	0.0	0.0
UBXN4	na	0.05608328864333426	0.08499880391188448	0.04490457208156286	0.045540600413212666	0.04782693558995582	0.06513134852042515	0.0920220790324934
MCM6	na	0.0	0.0	0.0	0.0	0.0	0.0	0.0
DARS	na	0.0	0.0	0.0	0.0	0.0	0.0	0.0
DARS-AS1	na	0.0	0.0	0.0	0.0	0.0	0.0	0.0
CXCR4	na	0.07110412335110197	0.08663603986017747	0.07679191595830977	0.06429411767483947	0.06475873631852859	0.090458556806244	0.13008475849777282
HNMT	na	0.0	0.0	0.0	0.0	0.0	0.0	0.0
SPOPL	na	0.0	0.0	0.0	0.0	0.0	0.0	0.0
KYNU	na	0.0	0.0	0.0	0.0	0.0	0.0	0.0
ARHGAP15	na	0.0	0.0	0.0	0.0	0.0	0.0	0.0
GTDC1	na	0.0	0.0	0.0	0.0	0.0	0.0	0.0
ZEB2	na	0.0	0.0	0.0	0.0	0.0	0.0	0.0
ACVR2A	na	0.0	0.0	0.0	0.0	0.0	0.0	0.0
ORC4	na	0.0	0.0	0.0	0.0	0.0	0.0	0.0
MBD5	na	0.0	0.0	0.0	0.0	0.0	0.0	0.0
EPC2	na	0.0	0.0	0.0	0.0	0.0	0.0	0.0
KIF5C	na	0.0	0.0	0.0	0.0	0.0	0.0	0.0
LYPD6B	na	0.0	0.0	0.0	0.0	0.0	0.0	0.0
LYPD6	na	0.0	0.0	0.0	0.0	0.0	0.0	0.0
MMADHC	na	0.04744194662661817	0.09203395263909664	0.05459470219874911	0.05177843350414224	0.05612833825091216	0.0724368643723454	0.1006878938433075
RND3	na	0.0	0.0	0.0	0.0	0.0	0.0	0.0
RBM43	na	0.0	0.0	0.0	0.0	0.0	0.0	0.0
NMI	na	0.0	0.0	0.0	0.0	0.0	0.0	0.0
TNFAIP6	na	0.0	0.0	0.0	0.0	0.0	0.0	0.0
RIF1	na	0.0	0.0	0.0	0.0	0.0	0.0	0.0
NEB	na	0.0	0.0	0.0	0.0	0.0	0.0	0.0
ARL5A	na	0.0	0.0	0.0	0.0	0.0	0.0	0.0
STAM2	na	0.0	0.0	0.0	0.0	0.0	0.0	0.0
FMNL2	na	0.0	0.0	0.0	0.0	0.0	0.0	0.0
PRPF40A	na	0.05306400054339348	0.08063237460566347	0.04475769263828221	0.043849976796467564	0.04773862253889014	0.07421666706194334	0.08484779104756617
ARL6IP6	na	0.0	0.0	0.0	0.0	0.0	0.0	0.0
KCNJ3	na	0.0	0.0	0.0	0.0	0.0	0.0	0.0
NR4A2	na	0.0	0.0	0.0	0.0	0.0	0.0	0.0
GPD2	na	0.0	0.0	0.0	0.0	0.0	0.0	0.0
GALNT5	na	0.0	0.0	0.0	0.0	0.0	0.0	0.0
CYTIP	na	0.0	0.0	0.0	0.0	0.0	0.0	0.0
ACVR1	na	0.0	0.0	0.0	0.0	0.0	0.0	0.0
PKP4	na	0.0	0.0	0.0	0.0	0.0	0.0	0.0
PKP4-AS1	na	0.0	0.0	0.0	0.0	0.0	0.0	0.0
DAPL1	na	0.0	0.0	0.0	0.0	0.0	0.0	0.0
TANC1	na	0.0	0.0	0.0	0.0	0.0	0.0	0.0
WDSUB1	na	0.0	0.0	0.0	0.0	0.0	0.0	0.0
BAZ2B	na	0.0	0.0	0.0	0.0	0.0	0.0	0.0
AC009506.1	na	0.0	0.0	0.0	0.0	0.0	0.0	0.0
MARCH7	na	0.043074772409417754	0.0712464646623739	0.050140198807307565	0.042898003541761605	0.04456222509722243	0.06754819599740741	0.08052635025092829
CD302	na	0.0	0.0	0.0	0.0	0.0	0.0	0.0
LY75	na	0.0	0.0	0.0	0.0	0.0	0.0	0.0
PLA2R1	na	0.0	0.0	0.0	0.0	0.0	0.0	0.0
ITGB6	na	0.1393551161697796	0.24623023999935192	0.08561848688164952	0.07010513532555789	0.10391893956677889	0.21884936796504312	0.24473323798260382
LINC02478	na	0.0	0.0	0.0	0.0	0.0	0.0	0.0
RBMS1	na	0.0	0.0	0.0	0.0	0.0	0.0	0.0
TANK	na	0.0	0.0	0.0	0.0	0.0	0.0	0.0
PSMD14	na	0.05106614203953702	0.05747564673607688	0.04395328295939416	0.044195046156519	0.04579486729274527	0.07257479583110965	0.08242880571971885
FAP	na	0.0	0.0	0.0	0.0	0.0	0.0	0.0
IFIH1	na	0.0	0.0	0.0	0.0	0.0	0.0	0.0
GCA	na	0.0	0.0	0.0	0.0	0.0	0.0	0.0
GRB14	na	0.0	0.0	0.0	0.0	0.0	0.0	0.0
COBLL1	na	0.0	0.0	0.0	0.0	0.0	0.0	0.0
GALNT3	na	0.0	0.0	0.0	0.0	0.0	0.0	0.0
TTC21B	na	0.0	0.0	0.0	0.0	0.0	0.0	0.0
STK39	na	0.0	0.0	0.0	0.0	0.0	0.0	0.0
CERS6	na	0.05940139606165515	0.07587159055215355	0.06250390063724688	0.05102637305693676	0.05503276628338097	0.0740225701692294	0.0932625814369065
NOSTRIN	na	0.0	0.0	0.0	0.0	0.0	0.0	0.0
SPC25	na	0.0	0.0	0.0	0.0	0.0	0.0	0.0
LRP2	na	0.0	0.0	0.0	0.0	0.0	0.0	0.0
BBS5	na	0.0	0.0	0.0	0.0	0.0	0.0	0.0
FASTKD1	na	0.0	0.0	0.0	0.0	0.0	0.0	0.0
PPIG	na	0.0	0.0	0.0	0.0	0.0	0.0	0.0
PHOSPHO2	na	0.0	0.0	0.0	0.0	0.0	0.0	0.0
KLHL23	na	0.0	0.0	0.0	0.0	0.0	0.0	0.0
SSB	na	0.050542764607654576	0.08972378070767704	0.04796748179383092	0.042551662130305166	0.04795417554756896	0.07387436867271775	0.0820125723863037
METTL5	na	0.0	0.0	0.0	0.0	0.0	0.0	0.0
UBR3	na	0.0	0.0	0.0	0.0	0.0	0.0	0.0
GORASP2	na	0.0	0.0	0.0	0.0	0.0	0.0	0.0
TLK1	na	0.0	0.0	0.0	0.0	0.0	0.0	0.0
METTL8	na	0.0	0.0	0.0	0.0	0.0	0.0	0.0
DCAF17	na	0.0	0.0	0.0	0.0	0.0	0.0	0.0
CYBRD1	na	0.0	0.0	0.0	0.0	0.0	0.0	0.0
DYNC1I2	na	0.06569254429262218	0.09565596292449478	0.042392029041514796	0.05028894856189791	0.055029977132343394	0.10368926613702323	0.10685241830014079
SLC25A12	na	0.0	0.0	0.0	0.0	0.0	0.0	0.0
HAT1	na	0.0	0.0	0.0	0.0	0.0	0.0	0.0
METAP1D	na	0.0	0.0	0.0	0.0	0.0	0.0	0.0
DLX1	na	0.0	0.0	0.0	0.0	0.0	0.0	0.0
ITGA6	na	0.0	0.0	0.0	0.0	0.0	0.0	0.0
PDK1	na	0.0	0.0	0.0	0.0	0.0	0.0	0.0
RAPGEF4	na	0.0	0.0	0.0	0.0	0.0	0.0	0.0
MAP3K20	na	0.043656999233484976	0.056987791087936356	0.04117239700112643	0.06182414796432618	0.04671899248699903	0.07926977609885967	0.0774103204443064
CDCA7	na	0.0	0.0	0.0	0.0	0.0	0.0	0.0
AC106900.2	na	0.0	0.0	0.0	0.0	0.0	0.0	0.0
SP3	na	0.0	0.0	0.0	0.0	0.0	0.0	0.0
OLA1	na	0.0	0.0	0.0	0.0	0.0	0.0	0.0
CIR1	na	0.0	0.0	0.0	0.0	0.0	0.0	0.0
SCRN3	na	0.0	0.0	0.0	0.0	0.0	0.0	0.0
GPR155	na	0.0	0.0	0.0	0.0	0.0	0.0	0.0
AC010894.2	na	0.0	0.0	0.0	0.0	0.0	0.0	0.0
WIPF1	na	0.0	0.0	0.0	0.0	0.0	0.0	0.0
CHN1	na	0.0	0.0	0.0	0.0	0.0	0.0	0.0
ATF2	na	0.0	0.0	0.0	0.0	0.0	0.0	0.0
ATP5MC3	na	0.11753360662098081	0.27641213530583614	0.04317010525533565	0.08085063600118328	0.09287497326047173	0.19587612685588418	0.21030191961969674
LNPK	na	0.0	0.0	0.0	0.0	0.0	0.0	0.0
HOXD-AS2	na	0.0	0.0	0.0	0.0	0.0	0.0	0.0
HOXD9	na	0.0	0.0	0.0	0.0	0.0	0.0	0.0
HOXD8	na	0.0	0.0	0.0	0.0	0.0	0.0	0.0
HAGLR	na	0.0	0.0	0.0	0.0	0.0	0.0	0.0
HAGLROS	na	0.0	0.0	0.0	0.0	0.0	0.0	0.0
MTX2	na	0.0	0.0	0.0	0.0	0.0	0.0	0.0
LINC01116	na	0.0	0.0	0.0	0.0	0.0	0.0	0.0
HNRNPA3	na	0.15915533691565337	0.2612263129236795	0.11214831183083586	0.061548568305398316	0.11734783689980892	0.20686080742384044	0.2684631230886681
NFE2L2	na	0.0	0.0	0.0	0.0	0.0	0.0	0.0
AGPS	na	0.0	0.0	0.0	0.0	0.0	0.0	0.0
TTC30B	na	0.0	0.0	0.0	0.0	0.0	0.0	0.0
TTC30A	na	0.0	0.0	0.0	0.0	0.0	0.0	0.0
RBM45	na	0.0	0.0	0.0	0.0	0.0	0.0	0.0
OSBPL6	na	0.0	0.0	0.0	0.0	0.0	0.0	0.0
AC009948.1	na	0.0	0.0	0.0	0.0	0.0	0.0	0.0
PRKRA	na	0.0	0.0	0.0	0.0	0.0	0.0	0.0
FKBP7	na	0.0	0.0	0.0	0.0	0.0	0.0	0.0
PLEKHA3	na	0.0	0.0	0.0	0.0	0.0	0.0	0.0
TTN-AS1	na	0.0	0.0	0.0	0.0	0.0	0.0	0.0
AC009948.4	na	0.0	0.0	0.0	0.0	0.0	0.0	0.0
SESTD1	na	0.0	0.0	0.0	0.0	0.0	0.0	0.0
CWC22	na	0.0	0.0	0.0	0.0	0.0	0.0	0.0
UBE2E3	na	0.044992252681299263	0.06924539283565456	0.0484263543164728	0.04398478917782812	0.045145700439449925	0.06702990771539219	0.08462406947542617
ITGA4	na	0.0	0.0	0.0	0.0	0.0	0.0	0.0
CERKL	na	0.0	0.0	0.0	0.0	0.0	0.0	0.0
SSFA2	na	0.08539488250014152	0.08625271455571368	0.11733669813654901	0.027558784854299846	0.0670997587120826	0.07714501949637823	0.1298686903528255
PPP1R1C	na	0.0	0.0	0.0	0.0	0.0	0.0	0.0
PDE1A	na	0.0	0.0	0.0	0.0	0.0	0.0	0.0
DNAJC10	na	0.0	0.0	0.0	0.0	0.0	0.0	0.0
FRZB	na	0.0	0.0	0.0	0.0	0.0	0.0	0.0
NCKAP1	na	0.04977665858925972	0.0860937984201855	0.04800758462312985	0.05023902117248085	0.04942472162610619	0.07754328185655643	0.09285933209533564
NUP35	na	0.0	0.0	0.0	0.0	0.0	0.0	0.0
ZC3H15	na	0.05035909912777373	0.07226626914336011	0.047474172814869375	0.04611931392490356	0.047243810892855564	0.0698768312588644	0.08264399344187873
ITGAV	na	0.044140310223740535	0.0730838463297827	0.05612737057542024	0.03315492307717182	0.04433839902529845	0.06892174379768316	0.07557902239129964
FAM171B	na	0.0	0.0	0.0	0.0	0.0	0.0	0.0
CALCRL	na	0.0	0.0	0.0	0.0	0.0	0.0	0.0
TFPI	na	0.0	0.0	0.0	0.0	0.0	0.0	0.0
GULP1	na	0.0	0.0	0.0	0.0	0.0	0.0	0.0
COL3A1	na	0.20193581538818	0.677440516122866	2.0793860108814077e-20	0.058048100901896306	0.1814946917176277	0.6067446076601604	0.43464518149958664
COL5A2	na	0.06030923338787614	0.15678112215833453	0.027897049202931033	0.05793261821956662	0.07205830092770761	0.15378240443696575	0.13879592022824028
WDR75	na	0.0	0.0	0.0	0.0	0.0	0.0	0.0
SLC40A1	na	0.0	0.0	0.0	0.0	0.0	0.0	0.0
ASNSD1	na	0.0	0.0	0.0	0.0	0.0	0.0	0.0
ANKAR	na	0.0	0.0	0.0	0.0	0.0	0.0	0.0
OSGEPL1	na	0.0	0.0	0.0	0.0	0.0	0.0	0.0
ORMDL1	na	0.0	0.0	0.0	0.0	0.0	0.0	0.0
PMS1	na	0.0	0.0	0.0	0.0	0.0	0.0	0.0
HIBCH	na	0.0	0.0	0.0	0.0	0.0	0.0	0.0
INPP1	na	0.0	0.0	0.0	0.0	0.0	0.0	0.0
MFSD6	na	0.0	0.0	0.0	0.0	0.0	0.0	0.0
NEMP2	na	0.0	0.0	0.0	0.0	0.0	0.0	0.0
NAB1	na	0.0	0.0	0.0	0.0	0.0	0.0	0.0
GLS	na	0.0	0.0	0.0	0.0	0.0	0.0	0.0
STAT1	na	0.07124457290118742	0.13241056651142954	0.04696027214736792	0.05851648740401504	0.059606932676478826	0.12555144151478487	0.10802157916621584
MYO1B	na	0.0499870912111735	0.06722821580889884	0.05001696151485848	0.04078048146705799	0.04370981193520391	0.07066526745556538	0.07602557922877153
NABP1	na	0.0	0.0	0.0	0.0	0.0	0.0	0.0
SLC39A10	na	0.0	0.0	0.0	0.0	0.0	0.0	0.0
DNAH7	na	0.0	0.0	0.0	0.0	0.0	0.0	0.0
STK17B	na	0.0	0.0	0.0	0.0	0.0	0.0	0.0
HECW2	na	0.0	0.0	0.0	0.0	0.0	0.0	0.0
CCDC150	na	0.0	0.0	0.0	0.0	0.0	0.0	0.0
GTF3C3	na	0.0	0.0	0.0	0.0	0.0	0.0	0.0
PGAP1	na	0.0	0.0	0.0	0.0	0.0	0.0	0.0
ANKRD44	na	0.0	0.0	0.0	0.0	0.0	0.0	0.0
SF3B1	na	0.07288969681022894	0.11512515322739754	0.06017122431864698	0.056256089194144814	0.06108538821018083	0.0976671899818422	0.1133719438194388
COQ10B	na	0.0	0.0	0.0	0.0	0.0	0.0	0.0
HSPD1	na	0.14118000650632978	0.3185184559255292	0.08621154708381139	0.05816422428000119	0.11718979439615877	0.24202109504310165	0.27210483495901416
HSPE1	na	0.23039651210794398	0.6012002178483559	0.03654210069895213	0.12288181069433174	0.17497801070577979	0.46722609035459506	0.4710284306446358
MOB4	na	0.044232124353062605	0.07894442845257367	0.03497892745303667	0.05649085665798703	0.04898431828162457	0.06406427485530089	0.09514075954778717
MARS2	na	0.0	0.0	0.0	0.0	0.0	0.0	0.0
SATB2	na	0.0	0.0	0.0	0.0	0.0	0.0	0.0
C2orf69	na	0.0	0.0	0.0	0.0	0.0	0.0	0.0
TYW5	na	0.0	0.0	0.0	0.0	0.0	0.0	0.0
MAIP1	na	0.0	0.0	0.0	0.0	0.0	0.0	0.0
SPATS2L	na	0.0	0.0	0.0	0.0	0.0	0.0	0.0
KCTD18	na	0.0	0.0	0.0	0.0	0.0	0.0	0.0
SGO2	na	0.0	0.0	0.0	0.0	0.0	0.0	0.0
BZW1	na	0.07069930785833707	0.16583641598291202	0.03418080690369647	0.08294582439531037	0.07775722393692441	0.16989688182243748	0.1671905311461024
CLK1	na	0.04225841576966411	0.06028001063695737	0.05510696415757018	0.03692702384453339	0.04623544141527639	0.05890609269740419	0.08783660543811578
PPIL3	na	0.0	0.0	0.0	0.0	0.0	0.0	0.0
NIF3L1	na	0.0	0.0	0.0	0.0	0.0	0.0	0.0
ORC2	na	0.0	0.0	0.0	0.0	0.0	0.0	0.0
FAM126B	na	0.0	0.0	0.0	0.0	0.0	0.0	0.0
NDUFB3	na	0.09884662211289044	0.22537460468327153	0.03160993224568359	0.06239294324057756	0.08262533009685218	0.1873505024748054	0.1642271389945794
CFLAR	na	0.03731061708175453	0.06229547592302057	0.04813227318668928	0.041904557619558934	0.04487124746722599	0.061256953858866335	0.07584524057183988
CASP10	na	0.0	0.0	0.0	0.0	0.0	0.0	0.0
CASP8	na	0.0	0.0	0.0	0.0	0.0	0.0	0.0
TRAK2	na	0.04086402297605352	0.06349273562089036	0.05057334158451146	0.042899208576471615	0.044098521094845126	0.05545390492455209	0.0859981443986791
STRADB	na	0.0	0.0	0.0	0.0	0.0	0.0	0.0
TMEM237	na	0.0	0.0	0.0	0.0	0.0	0.0	0.0
ALS2	na	0.0	0.0	0.0	0.0	0.0	0.0	0.0
FZD7	na	0.0	0.0	0.0	0.0	0.0	0.0	0.0
KIAA2012	na	0.0	0.0	0.0	0.0	0.0	0.0	0.0
SUMO1	na	0.06774085909387058	0.10847813948851498	0.04440448760823719	0.05880710318093039	0.05391634477264814	0.08844460503273167	0.10076605924525293
NOP58	na	0.06544089578661506	0.0702751368514304	0.040570946888665964	0.04464713610816584	0.04789056037932351	0.08964319647435506	0.08963323167694924
AC064836.3	na	0.0	0.0	0.0	0.0	0.0	0.0	0.0
BMPR2	na	0.0	0.0	0.0	0.0	0.0	0.0	0.0
FAM117B	na	0.0	0.0	0.0	0.0	0.0	0.0	0.0
WDR12	na	0.0	0.0	0.0	0.0	0.0	0.0	0.0
CARF	na	0.0	0.0	0.0	0.0	0.0	0.0	0.0
NBEAL1	na	0.0	0.0	0.0	0.0	0.0	0.0	0.0
CYP20A1	na	0.0	0.0	0.0	0.0	0.0	0.0	0.0
ABI2	na	0.0	0.0	0.0	0.0	0.0	0.0	0.0
RAPH1	na	0.0	0.0	0.0	0.0	0.0	0.0	0.0
PARD3B	na	0.0	0.0	0.0	0.0	0.0	0.0	0.0
NRP2	na	0.0	0.0	0.0	0.0	0.0	0.0	0.0
INO80D	na	0.0	0.0	0.0	0.0	0.0	0.0	0.0
AC007383.2	na	0.0	0.0	0.0	0.0	0.0	0.0	0.0
NDUFS1	na	0.049820311045913585	0.07961573522323387	0.052823649482575244	0.04333476527500897	0.046761071552417544	0.052784795826144384	0.08549214360976694
EEF1B2	na	0.15148644362963748	0.43343247218610254	0.010051919320747652	0.10109490592418736	0.12522156833772813	0.36373155378055577	0.31271043389353326
ZDBF2	na	0.0	0.0	0.0	0.0	0.0	0.0	0.0
FASTKD2	na	0.0	0.0	0.0	0.0	0.0	0.0	0.0
KLF7	na	0.0	0.0	0.0	0.0	0.0	0.0	0.0
CREB1	na	0.0	0.0	0.0	0.0	0.0	0.0	0.0
METTL21A	na	0.0	0.0	0.0	0.0	0.0	0.0	0.0
CCNYL1	na	0.0	0.0	0.0	0.0	0.0	0.0	0.0
FZD5	na	0.0	0.0	0.0	0.0	0.0	0.0	0.0
PLEKHM3	na	0.0	0.0	0.0	0.0	0.0	0.0	0.0
IDH1	na	0.0674048219025397	0.13749513385341006	0.05114141666387416	0.048542394870353146	0.06363220236024451	0.120493776980052	0.13155330182261718
IDH1-AS1	na	0.0	0.0	0.0	0.0	0.0	0.0	0.0
PIKFYVE	na	0.0	0.0	0.0	0.0	0.0	0.0	0.0
PTH2R	na	0.0	0.0	0.0	0.0	0.0	0.0	0.0
RPE	na	0.0	0.0	0.0	0.0	0.0	0.0	0.0
KANSL1L	na	0.0	0.0	0.0	0.0	0.0	0.0	0.0
AC007038.2	na	0.0	0.0	0.0	0.0	0.0	0.0	0.0
LANCL1	na	0.0	0.0	0.0	0.0	0.0	0.0	0.0
ERBB4	na	0.0	0.0	0.0	0.0	0.0	0.0	0.0
IKZF2	na	0.0	0.0	0.0	0.0	0.0	0.0	0.0
SPAG16	na	0.0	0.0	0.0	0.0	0.0	0.0	0.0
BARD1	na	0.0	0.0	0.0	0.0	0.0	0.0	0.0
ABCA12	na	0.0	0.0	0.0	0.0	0.0	0.0	0.0
ATIC	na	0.04667754061985861	0.052583116296027396	0.051769004235728576	0.04621654231305007	0.04941000766766391	0.07079560179593893	0.0832922213874498
FN1	na	0.4775411626481736	1.7743981363151746	9.474294091635098e-20	0.12728340303999156	0.4125447526359287	1.8625344573787455	1.0229659068280974
MREG	na	0.0	0.0	0.0	0.0	0.0	0.0	0.0
PECR	na	0.0	0.0	0.0	0.0	0.0	0.0	0.0
XRCC5	na	0.100188021922944	0.13084288085871448	0.07176082991285225	0.0470693439622453	0.0695392748974969	0.11350612806685223	0.15276625059777288
LINC01963	na	0.0	0.0	0.0	0.0	0.0	0.0	0.0
SMARCAL1	na	0.0	0.0	0.0	0.0	0.0	0.0	0.0
RPL37A	na	2.4994747614900037	6.2124854250864985	0.1201528098162538	0.09760689519820576	1.3142536203602846	4.123302950254347	5.042465435065037
IGFBP2	na	0.13624099469573298	0.19127763486359947	0.1193976372293942	0.0642510310625531	0.10876325048297458	0.15937948207387873	0.2590574582885438
IGFBP5	na	0.0	0.0	0.0	0.0	0.0	0.0	0.0
TNS1	na	0.0	0.0	0.0	0.0	0.0	0.0	0.0
ARPC2	na	0.06713576230064572	0.1681292942105858	0.04485532825241529	0.05033290817048484	0.07272273372035513	0.1492525862517621	0.14321208514435144
AAMP	na	0.06919916289027514	0.0766545661372143	0.06357322549074176	0.047779493132570815	0.05567228962217302	0.06793873474152211	0.10152881232882625
PNKD	na	0.09863595328316128	0.17153195653713835	0.08245188866851198	0.045154116171835165	0.07766802941854978	0.12061072371476027	0.17581229999185063
TMBIM1	na	0.0	0.0	0.0	0.0	0.0	0.0	0.0
SLC11A1	na	0.0	0.0	0.0	0.0	0.0	0.0	0.0
CTDSP1	na	0.06015388878891682	0.05912523036746204	0.07711186193195367	0.05235191917666237	0.054589000809866076	0.06589502606277302	0.09722653375176059
AC021016.3	na	0.0	0.0	0.0	0.0	0.0	0.0	0.0
VIL1	na	0.0	0.0	0.0	0.0	0.0	0.0	0.0
USP37	na	0.0	0.0	0.0	0.0	0.0	0.0	0.0
CNOT9	na	0.0	0.0	0.0	0.0	0.0	0.0	0.0
PLCD4	na	0.0	0.0	0.0	0.0	0.0	0.0	0.0
AC012510.1	na	0.0	0.0	0.0	0.0	0.0	0.0	0.0
ZNF142	na	0.0	0.0	0.0	0.0	0.0	0.0	0.0
BCS1L	na	0.0	0.0	0.0	0.0	0.0	0.0	0.0
RNF25	na	0.0	0.0	0.0	0.0	0.0	0.0	0.0
STK36	na	0.0	0.0	0.0	0.0	0.0	0.0	0.0
TTLL4	na	0.0	0.0	0.0	0.0	0.0	0.0	0.0
CYP27A1	na	0.0	0.0	0.0	0.0	0.0	0.0	0.0
CFAP65	na	0.0	0.0	0.0	0.0	0.0	0.0	0.0
AC097468.3	na	0.0	0.0	0.0	0.0	0.0	0.0	0.0
NHEJ1	na	0.0	0.0	0.0	0.0	0.0	0.0	0.0
SLC23A3	na	0.0	0.0	0.0	0.0	0.0	0.0	0.0
CNPPD1	na	0.0	0.0	0.0	0.0	0.0	0.0	0.0
RETREG2	na	0.05265828183662518	0.06635459700860813	0.0631451762784585	0.04276820290374113	0.046837834694981914	0.05417855879223966	0.07961740889248714
ZFAND2B	na	0.0	0.0	0.0	0.0	0.0	0.0	0.0
ABCB6	na	0.0	0.0	0.0	0.0	0.0	0.0	0.0
ANKZF1	na	0.0	0.0	0.0	0.0	0.0	0.0	0.0
GLB1L	na	0.0	0.0	0.0	0.0	0.0	0.0	0.0
STK16	na	0.0	0.0	0.0	0.0	0.0	0.0	0.0
TUBA4A	na	0.0	0.0	0.0	0.0	0.0	0.0	0.0
DNAJB2	na	0.0	0.0	0.0	0.0	0.0	0.0	0.0
DNPEP	na	0.0	0.0	0.0	0.0	0.0	0.0	0.0
SPEG	na	0.0	0.0	0.0	0.0	0.0	0.0	0.0
GMPPA	na	0.0	0.0	0.0	0.0	0.0	0.0	0.0
CHPF	na	0.04761844570686972	0.07202640196317589	0.05012471413689465	0.04838835814029148	0.04896030913814126	0.06095107748420983	0.09515367750222586
TMEM198	na	0.0	0.0	0.0	0.0	0.0	0.0	0.0
OBSL1	na	0.06894144249099818	0.07534091115220701	0.05970661277868886	0.048366199794741147	0.053804105295023566	0.05899640489666046	0.09410624554041751
INHA	na	0.0	0.0	0.0	0.0	0.0	0.0	0.0
STK11IP	na	0.0	0.0	0.0	0.0	0.0	0.0	0.0
SLC4A3	na	0.0	0.0	0.0	0.0	0.0	0.0	0.0
EPHA4	na	0.0	0.0	0.0	0.0	0.0	0.0	0.0
FARSB	na	0.0	0.0	0.0	0.0	0.0	0.0	0.0
ACSL3	na	0.07721004202786381	0.10467269037865319	0.07625905646590175	0.05072053652450108	0.06387606141359026	0.07895000251565298	0.12744536935137785
KCNE4	na	0.0	0.0	0.0	0.0	0.0	0.0	0.0
AP1S3	na	0.0	0.0	0.0	0.0	0.0	0.0	0.0
WDFY1	na	0.0	0.0	0.0	0.0	0.0	0.0	0.0
MRPL44	na	0.0	0.0	0.0	0.0	0.0	0.0	0.0
AC073641.1	na	0.0	0.0	0.0	0.0	0.0	0.0	0.0
SERPINE2	na	0.0	0.0	0.0	0.0	0.0	0.0	0.0
CUL3	na	0.042129505781161	0.061244925436450916	0.04968951271639485	0.0409211419505734	0.04495753571733521	0.058841554848273935	0.07805472862536889
DOCK10	na	0.0	0.0	0.0	0.0	0.0	0.0	0.0
IRS1	na	0.0	0.0	0.0	0.0	0.0	0.0	0.0
RHBDD1	na	0.0	0.0	0.0	0.0	0.0	0.0	0.0
MFF	na	0.0	0.0	0.0	0.0	0.0	0.0	0.0
AGFG1	na	0.0	0.0	0.0	0.0	0.0	0.0	0.0
CCL20	na	0.0	0.0	0.0	0.0	0.0	0.0	0.0
TRIP12	na	0.04871779999458246	0.07592184598744077	0.05346123872806398	0.04063016490777833	0.04793325007366405	0.05194518177275233	0.08275251676570534
FBXO36	na	0.0	0.0	0.0	0.0	0.0	0.0	0.0
SLC16A14	na	0.0	0.0	0.0	0.0	0.0	0.0	0.0
SP110	na	0.04564858796980073	0.05733251153625244	0.051449800917781924	0.039548161400303004	0.045321993914130415	0.06041750389483286	0.08804911082595215
SP140	na	0.0	0.0	0.0	0.0	0.0	0.0	0.0
SP140L	na	0.0	0.0	0.0	0.0	0.0	0.0	0.0
SP100	na	0.0	0.0	0.0	0.0	0.0	0.0	0.0
CAB39	na	0.0	0.0	0.0	0.0	0.0	0.0	0.0
ITM2C	na	0.0	0.0	0.0	0.0	0.0	0.0	0.0
C2orf72	na	0.0	0.0	0.0	0.0	0.0	0.0	0.0
PSMD1	na	0.04529411112722408	0.0719101208771772	0.05863937058407265	0.03876562176675894	0.05097632316044004	0.078096664534591	0.09247681639888111
ARMC9	na	0.0	0.0	0.0	0.0	0.0	0.0	0.0
B3GNT7	na	0.0	0.0	0.0	0.0	0.0	0.0	0.0
NCL	na	0.07960429728073916	0.11963226723841527	0.06164806260207905	0.057805385166187065	0.06912806631462108	0.10148831393628947	0.1390557421756917
PTMA	na	0.7334171769047948	1.593875591486242	0.38560204044580837	0.07639134224053049	0.49164026874697564	1.2437223896566116	1.5104015135454163
PDE6D	na	0.0	0.0	0.0	0.0	0.0	0.0	0.0
COPS7B	na	0.0	0.0	0.0	0.0	0.0	0.0	0.0
DIS3L2	na	0.0	0.0	0.0	0.0	0.0	0.0	0.0
ECEL1	na	0.0	0.0	0.0	0.0	0.0	0.0	0.0
TIGD1	na	0.0	0.0	0.0	0.0	0.0	0.0	0.0
EIF4E2	na	0.05440638395201916	0.06425175029044228	0.05061555013468902	0.05033391856875269	0.047253595302620514	0.06709052845154351	0.0840495026258986
EFHD1	na	0.11148808475619411	0.1521528609453056	0.11126037350603935	0.050072363278133566	0.09047519988967978	0.13529420756132093	0.2192766565792254
GIGYF2	na	0.0	0.0	0.0	0.0	0.0	0.0	0.0
SNORC	na	0.0	0.0	0.0	0.0	0.0	0.0	0.0
NGEF	na	0.0	0.0	0.0	0.0	0.0	0.0	0.0
INPP5D	na	0.0	0.0	0.0	0.0	0.0	0.0	0.0
ATG16L1	na	0.0	0.0	0.0	0.0	0.0	0.0	0.0
AC013726.1	na	0.0	0.0	0.0	0.0	0.0	0.0	0.0
DGKD	na	0.04644218851401231	0.054759537649941285	0.06063823494987265	0.05006498103627921	0.04627561346412852	0.04556953989421195	0.06923504280563958
USP40	na	0.0	0.0	0.0	0.0	0.0	0.0	0.0
HJURP	na	0.0	0.0	0.0	0.0	0.0	0.0	0.0
ARL4C	na	0.0	0.0	0.0	0.0	0.0	0.0	0.0
SH3BP4	na	0.0	0.0	0.0	0.0	0.0	0.0	0.0
AGAP1	na	0.0	0.0	0.0	0.0	0.0	0.0	0.0
GBX2	na	0.0	0.0	0.0	0.0	0.0	0.0	0.0
ACKR3	na	0.0	0.0	0.0	0.0	0.0	0.0	0.0
COPS8	na	0.058987609524444574	0.06877469849366524	0.054583191622409225	0.03323191550668069	0.044000786664228506	0.0647594182880177	0.07868218752712419
COL6A3	na	0.06090549813178695	0.14844726386160076	0.01914556078860256	0.053284827556825565	0.06586400300611892	0.13636802505773568	0.11198865241596562
MLPH	na	0.12145863954333322	0.11824517880286721	0.14257613880658984	0.07116017492339664	0.08886871506916245	0.09472729346250601	0.1689566736710613
RAB17	na	0.0	0.0	0.0	0.0	0.0	0.0	0.0
AC104667.2	na	0.0	0.0	0.0	0.0	0.0	0.0	0.0
LRRFIP1	na	0.06313045899957728	0.08557512205081966	0.06629521009068534	0.037470017131431686	0.05460449252601626	0.09124889979202691	0.10458141569861464
RAMP1	na	0.0	0.0	0.0	0.0	0.0	0.0	0.0
UBE2F	na	0.0	0.0	0.0	0.0	0.0	0.0	0.0
SCLY	na	0.0	0.0	0.0	0.0	0.0	0.0	0.0
ERFE	na	0.0	0.0	0.0	0.0	0.0	0.0	0.0
ILKAP	na	0.0	0.0	0.0	0.0	0.0	0.0	0.0
HES6	na	0.0	0.0	0.0	0.0	0.0	0.0	0.0
PER2	na	0.0	0.0	0.0	0.0	0.0	0.0	0.0
TRAF3IP1	na	0.0	0.0	0.0	0.0	0.0	0.0	0.0
ASB1	na	0.0	0.0	0.0	0.0	0.0	0.0	0.0
HDAC4	na	0.0	0.0	0.0	0.0	0.0	0.0	0.0
AC062017.1	na	0.0	0.0	0.0	0.0	0.0	0.0	0.0
NDUFA10	na	0.04732312693975521	0.09301818641641277	0.07340087406935916	0.04389109831670106	0.05604141811632692	0.09748784758878469	0.11270041369046147
COPS9	na	0.14257101609702877	0.322094160967641	0.06980992563970241	0.08393349893091517	0.11587314197223698	0.22377259407807215	0.30113952964373336
GPC1	na	0.0	0.0	0.0	0.0	0.0	0.0	0.0
ANKMY1	na	0.0	0.0	0.0	0.0	0.0	0.0	0.0
DUSP28	na	0.0	0.0	0.0	0.0	0.0	0.0	0.0
RNPEPL1	na	0.05823671983844582	0.058109078397368466	0.05484330864438149	0.040749072613179525	0.04233484350699093	0.058778956479597876	0.07619212855940774
CAPN10-DT	na	0.0	0.0	0.0	0.0	0.0	0.0	0.0
CAPN10	na	0.0	0.0	0.0	0.0	0.0	0.0	0.0
GPR35	na	0.0	0.0	0.0	0.0	0.0	0.0	0.0
KIF1A	na	0.0	0.0	0.0	0.0	0.0	0.0	0.0
AGXT	na	0.0	0.0	0.0	0.0	0.0	0.0	0.0
C2orf54	na	0.0	0.0	0.0	0.0	0.0	0.0	0.0
SNED1	na	0.0	0.0	0.0	0.0	0.0	0.0	0.0
MTERF4	na	0.0	0.0	0.0	0.0	0.0	0.0	0.0
PASK	na	0.0	0.0	0.0	0.0	0.0	0.0	0.0
PPP1R7	na	0.05778130215085754	0.08163479839942778	0.06208357467699659	0.030088189072361025	0.05095999065783779	0.0673492628053165	0.09234628545094402
ANO7	na	0.0	0.0	0.0	0.0	0.0	0.0	0.0
HDLBP	na	0.09995251217949436	0.1332918703738386	0.08587900908374442	0.051896904858893075	0.08182261691206828	0.11887538219317617	0.169108922318255
SEPT2	na	0.0776628549472584	0.15586962491883657	0.059242120949655065	0.047349427526611414	0.07149879608548532	0.09999830217472529	0.15268801047196304
FARP2	na	0.0	0.0	0.0	0.0	0.0	0.0	0.0
STK25	na	0.05744976890462122	0.05850126467459966	0.05360005335927824	0.04885919352659906	0.047663013179903055	0.058635959195269136	0.0766502793861457
BOK	na	0.0	0.0	0.0	0.0	0.0	0.0	0.0
THAP4	na	0.0	0.0	0.0	0.0	0.0	0.0	0.0
ATG4B	na	0.052939684947963736	0.062240522208601295	0.0625630325149014	0.04930018434935194	0.04801498204171986	0.04145815119086867	0.07102115935492416
DTYMK	na	0.0	0.0	0.0	0.0	0.0	0.0	0.0
ING5	na	0.0	0.0	0.0	0.0	0.0	0.0	0.0
D2HGDH	na	0.0	0.0	0.0	0.0	0.0	0.0	0.0
NEU4	na	0.0	0.0	0.0	0.0	0.0	0.0	0.0
AC131097.2	na	0.0	0.0	0.0	0.0	0.0	0.0	0.0
LINC01238	na	0.0	0.0	0.0	0.0	0.0	0.0	0.0
TRNT1	na	0.0	0.0	0.0	0.0	0.0	0.0	0.0
CRBN	na	0.0	0.0	0.0	0.0	0.0	0.0	0.0
AC024060.1	na	0.0	0.0	0.0	0.0	0.0	0.0	0.0
SUMF1	na	0.0	0.0	0.0	0.0	0.0	0.0	0.0
LRRN1	na	0.0	0.0	0.0	0.0	0.0	0.0	0.0
SETMAR	na	0.0	0.0	0.0	0.0	0.0	0.0	0.0
ITPR1	na	0.0	0.0	0.0	0.0	0.0	0.0	0.0
AC018816.1	na	0.0	0.0	0.0	0.0	0.0	0.0	0.0
BHLHE40-AS1	na	0.0	0.0	0.0	0.0	0.0	0.0	0.0
BHLHE40	na	0.06330017590234842	0.09815738743549117	0.06298380682919161	0.05099545257498233	0.06051455303991349	0.07693496630049508	0.12799378178106358
ARL8B	na	0.03842607750853351	0.07191912615361878	0.04901080861116568	0.058239251169428595	0.05019328896617985	0.06612998730688265	0.0957128358740666
EDEM1	na	0.0	0.0	0.0	0.0	0.0	0.0	0.0
LMCD1	na	0.0	0.0	0.0	0.0	0.0	0.0	0.0
OXTR	na	0.0	0.0	0.0	0.0	0.0	0.0	0.0
RAD18	na	0.0	0.0	0.0	0.0	0.0	0.0	0.0
SRGAP3	na	0.0	0.0	0.0	0.0	0.0	0.0	0.0
THUMPD3-AS1	na	0.0	0.0	0.0	0.0	0.0	0.0	0.0
THUMPD3	na	0.0	0.0	0.0	0.0	0.0	0.0	0.0
SETD5	na	0.0	0.0	0.0	0.0	0.0	0.0	0.0
MTMR14	na	0.0	0.0	0.0	0.0	0.0	0.0	0.0
BRPF1	na	0.0	0.0	0.0	0.0	0.0	0.0	0.0
OGG1	na	0.0	0.0	0.0	0.0	0.0	0.0	0.0
CAMK1	na	0.0	0.0	0.0	0.0	0.0	0.0	0.0
TADA3	na	0.039408731782822004	0.06368318356291834	0.042175450632740856	0.04912197271659291	0.04265957848728604	0.057799022508478716	0.08037132100603601
ARPC4	na	0.0911501337777754	0.12353951573150736	0.07527732227579434	0.07627421258212672	0.07588172241364946	0.12689298517646794	0.15174312016623615
TTLL3	na	0.0	0.0	0.0	0.0	0.0	0.0	0.0
RPUSD3	na	0.0	0.0	0.0	0.0	0.0	0.0	0.0
JAGN1	na	0.0	0.0	0.0	0.0	0.0	0.0	0.0
IL17RE	na	0.0	0.0	0.0	0.0	0.0	0.0	0.0
IL17RC	na	0.0	0.0	0.0	0.0	0.0	0.0	0.0
CRELD1	na	0.0	0.0	0.0	0.0	0.0	0.0	0.0
PRRT3	na	0.0	0.0	0.0	0.0	0.0	0.0	0.0
PRRT3-AS1	na	0.0	0.0	0.0	0.0	0.0	0.0	0.0
EMC3	na	0.04307549058702713	0.07987330464914365	0.03784097528453937	0.06381099658436981	0.04833494305257856	0.07140177381242148	0.08422474981323147
AC022007.1	na	0.0	0.0	0.0	0.0	0.0	0.0	0.0
FANCD2	na	0.0	0.0	0.0	0.0	0.0	0.0	0.0
BRK1	na	0.09231081288235599	0.17352649592070984	0.050186786541012524	0.04774503894673611	0.07235465776830731	0.12761727763135897	0.14119295240054114
VHL	na	0.0	0.0	0.0	0.0	0.0	0.0	0.0
IRAK2	na	0.0	0.0	0.0	0.0	0.0	0.0	0.0
TATDN2	na	0.0	0.0	0.0	0.0	0.0	0.0	0.0
GHRL	na	0.0	0.0	0.0	0.0	0.0	0.0	0.0
SEC13	na	0.03541345946244265	0.09630857006887644	0.04174488425635663	0.05824779073042346	0.054257880628970065	0.07716455542436086	0.10650674885807739
SLC6A11	na	0.0	0.0	0.0	0.0	0.0	0.0	0.0
SLC6A1	na	0.0	0.0	0.0	0.0	0.0	0.0	0.0
HRH1	na	0.0	0.0	0.0	0.0	0.0	0.0	0.0
ATG7	na	0.0	0.0	0.0	0.0	0.0	0.0	0.0
VGLL4	na	0.05595072818294192	0.0823195294921426	0.056993532474343314	0.0495588649664484	0.052984246647907865	0.06775971989830985	0.0893186510172855
TAMM41	na	0.0	0.0	0.0	0.0	0.0	0.0	0.0
PPARG	na	0.0	0.0	0.0	0.0	0.0	0.0	0.0
TSEN2	na	0.0	0.0	0.0	0.0	0.0	0.0	0.0
MKRN2	na	0.0	0.0	0.0	0.0	0.0	0.0	0.0
RAF1	na	0.0	0.0	0.0	0.0	0.0	0.0	0.0
TMEM40	na	0.0	0.0	0.0	0.0	0.0	0.0	0.0
RPL32	na	1.294088152199261	3.951708439933166	3.439817962797424e-18	0.1852878136068762	0.7599785496019865	3.0509507012477743	2.652744724517151
IQSEC1	na	0.0	0.0	0.0	0.0	0.0	0.0	0.0
NUP210	na	0.0	0.0	0.0	0.0	0.0	0.0	0.0
HDAC11	na	0.0	0.0	0.0	0.0	0.0	0.0	0.0
FBLN2	na	0.0	0.0	0.0	0.0	0.0	0.0	0.0
CHCHD4	na	0.0	0.0	0.0	0.0	0.0	0.0	0.0
TMEM43	na	0.0	0.0	0.0	0.0	0.0	0.0	0.0
XPC	na	0.0	0.0	0.0	0.0	0.0	0.0	0.0
LSM3	na	0.09908052404327843	0.20022818521756483	0.02282150902569882	0.0924479495966433	0.07382252968530456	0.14549683630159316	0.13764742395190102
SLC6A6	na	0.0	0.0	0.0	0.0	0.0	0.0	0.0
GRIP2	na	0.0	0.0	0.0	0.0	0.0	0.0	0.0
CCDC174	na	0.0	0.0	0.0	0.0	0.0	0.0	0.0
FGD5	na	0.0	0.0	0.0	0.0	0.0	0.0	0.0
FGD5-AS1	na	0.04693100224287111	0.08551252988049146	0.052431004387823464	0.050648542916893344	0.052947697375789936	0.07757864344857004	0.09295315638805163
NR2C2	na	0.0	0.0	0.0	0.0	0.0	0.0	0.0
MRPS25	na	0.0	0.0	0.0	0.0	0.0	0.0	0.0
RBSN	na	0.0	0.0	0.0	0.0	0.0	0.0	0.0
CAPN7	na	0.0	0.0	0.0	0.0	0.0	0.0	0.0
SH3BP5-AS1	na	0.0	0.0	0.0	0.0	0.0	0.0	0.0
SH3BP5	na	0.0	0.0	0.0	0.0	0.0	0.0	0.0
METTL6	na	0.0	0.0	0.0	0.0	0.0	0.0	0.0
EAF1	na	0.0	0.0	0.0	0.0	0.0	0.0	0.0
COLQ	na	0.0	0.0	0.0	0.0	0.0	0.0	0.0
HACL1	na	0.0	0.0	0.0	0.0	0.0	0.0	0.0
BTD	na	0.0	0.0	0.0	0.0	0.0	0.0	0.0
ANKRD28	na	0.0	0.0	0.0	0.0	0.0	0.0	0.0
DPH3	na	0.0	0.0	0.0	0.0	0.0	0.0	0.0
OXNAD1	na	0.0	0.0	0.0	0.0	0.0	0.0	0.0
RFTN1	na	0.0	0.0	0.0	0.0	0.0	0.0	0.0
PLCL2	na	0.0	0.0	0.0	0.0	0.0	0.0	0.0
TBC1D5	na	0.0	0.0	0.0	0.0	0.0	0.0	0.0
SATB1	na	0.0	0.0	0.0	0.0	0.0	0.0	0.0
RAB5A	na	0.0	0.0	0.0	0.0	0.0	0.0	0.0
KAT2B	na	0.0	0.0	0.0	0.0	0.0	0.0	0.0
SGO1	na	0.0	0.0	0.0	0.0	0.0	0.0	0.0
UBE2E2	na	0.0	0.0	0.0	0.0	0.0	0.0	0.0
UBE2E1	na	0.0	0.0	0.0	0.0	0.0	0.0	0.0
NKIRAS1	na	0.0	0.0	0.0	0.0	0.0	0.0	0.0
RPL15	na	0.533222086806387	1.6231336908981115	1.7525362107621924e-17	0.17262402292045917	0.3588876430147236	1.2939635122653723	1.1203346591831238
NR1D2	na	0.0	0.0	0.0	0.0	0.0	0.0	0.0
THRB	na	0.0	0.0	0.0	0.0	0.0	0.0	0.0
TOP2B	na	0.07550902470091649	0.09597830180517676	0.05912179885486134	0.04408681044806581	0.05581072797466186	0.0843449932131941	0.09555183161161762
NGLY1	na	0.0	0.0	0.0	0.0	0.0	0.0	0.0
OXSM	na	0.0	0.0	0.0	0.0	0.0	0.0	0.0
SLC4A7	na	0.0	0.0	0.0	0.0	0.0	0.0	0.0
CMC1	na	0.0	0.0	0.0	0.0	0.0	0.0	0.0
AZI2	na	0.0	0.0	0.0	0.0	0.0	0.0	0.0
RBMS3	na	0.0	0.0	0.0	0.0	0.0	0.0	0.0
TGFBR2	na	0.0	0.0	0.0	0.0	0.0	0.0	0.0
STT3B	na	0.04484383699295025	0.07385490279180984	0.05734356521127764	0.054423065790720086	0.05225313451293556	0.07070513477319186	0.08451260278964395
OSBPL10	na	0.0	0.0	0.0	0.0	0.0	0.0	0.0
ZNF860	na	0.0	0.0	0.0	0.0	0.0	0.0	0.0
GPD1L	na	0.0	0.0	0.0	0.0	0.0	0.0	0.0
CMTM8	na	0.0	0.0	0.0	0.0	0.0	0.0	0.0
CMTM7	na	0.0	0.0	0.0	0.0	0.0	0.0	0.0
CMTM6	na	0.046986646187722025	0.06216587168656065	0.05179401659548817	0.05053608918030082	0.04946380489718391	0.07889228071437876	0.0902868051913111
DYNC1LI1	na	0.0	0.0	0.0	0.0	0.0	0.0	0.0
CNOT10	na	0.0	0.0	0.0	0.0	0.0	0.0	0.0
GLB1	na	0.04267440675183433	0.06406994385639206	0.04966541740821638	0.04465957369569345	0.04413459149380756	0.06531608398564884	0.08208196176708422
CRTAP	na	0.05483940535782094	0.06632336570189874	0.05447156848402913	0.04460814504096184	0.04859260084883681	0.07281605042636602	0.08464207186489897
FBXL2	na	0.0	0.0	0.0	0.0	0.0	0.0	0.0
UBP1	na	0.0	0.0	0.0	0.0	0.0	0.0	0.0
CLASP2	na	0.0	0.0	0.0	0.0	0.0	0.0	0.0
AC112220.3	na	0.0	0.0	0.0	0.0	0.0	0.0	0.0
AC112220.4	na	0.0	0.0	0.0	0.0	0.0	0.0	0.0
PDCD6IP	na	0.06178245726951976	0.07488537874338505	0.046619693732376184	0.04690757918297358	0.04612779695906587	0.0730147605957357	0.08057003460435942
TRANK1	na	0.0	0.0	0.0	0.0	0.0	0.0	0.0
EPM2AIP1	na	0.0	0.0	0.0	0.0	0.0	0.0	0.0
MLH1	na	0.0	0.0	0.0	0.0	0.0	0.0	0.0
LRRFIP2	na	0.0	0.0	0.0	0.0	0.0	0.0	0.0
AC097359.2	na	0.0	0.0	0.0	0.0	0.0	0.0	0.0
GOLGA4	na	0.0	0.0	0.0	0.0	0.0	0.0	0.0
ITGA9	na	0.0	0.0	0.0	0.0	0.0	0.0	0.0
CTDSPL	na	0.0	0.0	0.0	0.0	0.0	0.0	0.0
VILL	na	0.0	0.0	0.0	0.0	0.0	0.0	0.0
PLCD1	na	0.0	0.0	0.0	0.0	0.0	0.0	0.0
DLEC1	na	0.0	0.0	0.0	0.0	0.0	0.0	0.0
ACAA1	na	0.049459856820669064	0.06974017665581761	0.058826810983647664	0.03429315194889346	0.04533900198886769	0.054585764225123456	0.08868502728966222
MYD88	na	0.0	0.0	0.0	0.0	0.0	0.0	0.0
OXSR1	na	0.0	0.0	0.0	0.0	0.0	0.0	0.0
XYLB	na	0.0	0.0	0.0	0.0	0.0	0.0	0.0
ACVR2B	na	0.0	0.0	0.0	0.0	0.0	0.0	0.0
EXOG	na	0.0	0.0	0.0	0.0	0.0	0.0	0.0
SCN5A	na	0.0	0.0	0.0	0.0	0.0	0.0	0.0
WDR48	na	0.0	0.0	0.0	0.0	0.0	0.0	0.0
GORASP1	na	0.0	0.0	0.0	0.0	0.0	0.0	0.0
TTC21A	na	0.0	0.0	0.0	0.0	0.0	0.0	0.0
CSRNP1	na	0.0	0.0	0.0	0.0	0.0	0.0	0.0
CX3CR1	na	0.0	0.0	0.0	0.0	0.0	0.0	0.0
SLC25A38	na	0.0	0.0	0.0	0.0	0.0	0.0	0.0
RPSA	na	0.5209272403894505	1.3348877487261577	0.05292047040814154	0.20118436745973062	0.33735621449195285	0.9584434441561398	1.0304017552114373
MYRIP	na	0.0	0.0	0.0	0.0	0.0	0.0	0.0
EIF1B	na	0.0	0.0	0.0	0.0	0.0	0.0	0.0
ENTPD3-AS1	na	0.0	0.0	0.0	0.0	0.0	0.0	0.0
ENTPD3	na	0.0	0.0	0.0	0.0	0.0	0.0	0.0
RPL14	na	0.6329506110211137	1.5489066245664818	0.04218721703692749	0.03517002186725561	0.34296867261861785	1.115698198706837	1.2039950979296488
ZNF619	na	0.0	0.0	0.0	0.0	0.0	0.0	0.0
ZNF620	na	0.0	0.0	0.0	0.0	0.0	0.0	0.0
ZNF621	na	0.0	0.0	0.0	0.0	0.0	0.0	0.0
CTNNB1	na	0.08821476509424575	0.13742408967005912	0.09449169311765497	0.09224770051035022	0.0920232046924121	0.14570688826279177	0.16889985276226388
ULK4	na	0.0	0.0	0.0	0.0	0.0	0.0	0.0
TRAK1	na	0.0	0.0	0.0	0.0	0.0	0.0	0.0
CCK	na	0.0	0.0	0.0	0.0	0.0	0.0	0.0
VIPR1	na	0.0	0.0	0.0	0.0	0.0	0.0	0.0
SEC22C	na	0.0	0.0	0.0	0.0	0.0	0.0	0.0
SS18L2	na	0.0	0.0	0.0	0.0	0.0	0.0	0.0
NKTR	na	0.0	0.0	0.0	0.0	0.0	0.0	0.0
ZBTB47	na	0.0	0.0	0.0	0.0	0.0	0.0	0.0
HIGD1A	na	0.06756875761456765	0.15723998883728557	0.05438536783030268	0.06190206958054946	0.07179214723313278	0.11840275269648412	0.16896516480697849
ACKR2	na	0.0	0.0	0.0	0.0	0.0	0.0	0.0
POMGNT2	na	0.0	0.0	0.0	0.0	0.0	0.0	0.0
SNRK	na	0.0	0.0	0.0	0.0	0.0	0.0	0.0
AC104184.1	na	0.0	0.0	0.0	0.0	0.0	0.0	0.0
ANO10	na	0.0	0.0	0.0	0.0	0.0	0.0	0.0
ABHD5	na	0.0	0.0	0.0	0.0	0.0	0.0	0.0
TCAIM	na	0.0	0.0	0.0	0.0	0.0	0.0	0.0
ZNF445	na	0.0	0.0	0.0	0.0	0.0	0.0	0.0
ZNF197	na	0.0	0.0	0.0	0.0	0.0	0.0	0.0
ZNF35	na	0.0	0.0	0.0	0.0	0.0	0.0	0.0
AC124045.1	na	0.0	0.0	0.0	0.0	0.0	0.0	0.0
KIAA1143	na	0.0	0.0	0.0	0.0	0.0	0.0	0.0
KIF15	na	0.0	0.0	0.0	0.0	0.0	0.0	0.0
TMEM42	na	0.0	0.0	0.0	0.0	0.0	0.0	0.0
ZDHHC3	na	0.04041083008372693	0.06773288693772277	0.04841587074311009	0.049030138170863734	0.04841677766343722	0.06045654817272288	0.07935986895260588
EXOSC7	na	0.0	0.0	0.0	0.0	0.0	0.0	0.0
CLEC3B	na	0.0	0.0	0.0	0.0	0.0	0.0	0.0
CDCP1	na	0.0	0.0	0.0	0.0	0.0	0.0	0.0
TMEM158	na	0.0	0.0	0.0	0.0	0.0	0.0	0.0
LARS2	na	0.0	0.0	0.0	0.0	0.0	0.0	0.0
LIMD1	na	0.0	0.0	0.0	0.0	0.0	0.0	0.0
SACM1L	na	0.0	0.0	0.0	0.0	0.0	0.0	0.0
SLC6A20	na	0.0	0.0	0.0	0.0	0.0	0.0	0.0
LZTFL1	na	0.0	0.0	0.0	0.0	0.0	0.0	0.0
FYCO1	na	0.0	0.0	0.0	0.0	0.0	0.0	0.0
CXCR6	na	0.0	0.0	0.0	0.0	0.0	0.0	0.0
CCR1	na	0.0	0.0	0.0	0.0	0.0	0.0	0.0
CCR5	na	0.0	0.0	0.0	0.0	0.0	0.0	0.0
CCRL2	na	0.0	0.0	0.0	0.0	0.0	0.0	0.0
LINC02009	na	0.0	0.0	0.0	0.0	0.0	0.0	0.0
LTF	na	0.3217748293241531	0.34676471508285245	0.2521714175798839	3.6453262430262956e-27	0.18930413677398827	0.030877560067316574	0.6231188088798949
ALS2CL	na	0.0	0.0	0.0	0.0	0.0	0.0	0.0
CCDC12	na	0.04298730336860969	0.07584970740332256	0.051263531102313464	0.04031894162532861	0.04284198215323886	0.056017115366229275	0.0792222981527241
NBEAL2	na	0.04780378927008007	0.06171066841058555	0.0554216552173222	0.038911717202733585	0.046556333309278976	0.07184528957691612	0.07634823673555037
SETD2	na	0.0	0.0	0.0	0.0	0.0	0.0	0.0
KIF9	na	0.0	0.0	0.0	0.0	0.0	0.0	0.0
KLHL18	na	0.0	0.0	0.0	0.0	0.0	0.0	0.0
PTPN23	na	0.0	0.0	0.0	0.0	0.0	0.0	0.0
SCAP	na	0.0	0.0	0.0	0.0	0.0	0.0	0.0
ELP6	na	0.0	0.0	0.0	0.0	0.0	0.0	0.0
CSPG5	na	0.0	0.0	0.0	0.0	0.0	0.0	0.0
SMARCC1	na	0.04596163792018336	0.06424666836747392	0.05923097247384745	0.050201985664829744	0.05138276711977809	0.07030387770936612	0.09253533137242469
DHX30	na	0.05273473219266158	0.08783867375940875	0.05844404863877102	0.046584867155465	0.05228840715324602	0.07393648013340183	0.10213884374034223
MAP4	na	0.04477096535240414	0.08049641467668052	0.05296662430541063	0.034616535403025325	0.0458152080413695	0.06869416077354215	0.09051069622749285
CDC25A	na	0.0	0.0	0.0	0.0	0.0	0.0	0.0
CAMP	na	0.0	0.0	0.0	0.0	0.0	0.0	0.0
ZNF589	na	0.0	0.0	0.0	0.0	0.0	0.0	0.0
NME6	na	0.0	0.0	0.0	0.0	0.0	0.0	0.0
SPINK8	na	0.0	0.0	0.0	0.0	0.0	0.0	0.0
PLXNB1	na	0.053080565417510696	0.056254259486839174	0.0625791485935438	0.06385000195147492	0.05205592335355828	0.0709132612311065	0.08752437439225799
CCDC51	na	0.0	0.0	0.0	0.0	0.0	0.0	0.0
TMA7	na	0.5547311869157034	1.6219928563343236	0.00546525707454507	0.07647115228823147	0.3586713655994083	1.2946616144114624	1.222223537272594
ATRIP	na	0.0	0.0	0.0	0.0	0.0	0.0	0.0
SHISA5	na	0.07532308147020528	0.1362834167033166	0.06286683658428438	0.06059956610930074	0.0697016596879348	0.13780835104658676	0.13795673706607103
PFKFB4	na	0.0	0.0	0.0	0.0	0.0	0.0	0.0
COL7A1	na	0.0	0.0	0.0	0.0	0.0	0.0	0.0
UQCRC1	na	0.09714772843840497	0.1214243918985253	0.06992024305901387	0.05474288703090482	0.07175211049235022	0.1160919941452759	0.13060464706408706
SLC26A6	na	0.0	0.0	0.0	0.0	0.0	0.0	0.0
CELSR3	na	0.0	0.0	0.0	0.0	0.0	0.0	0.0
NCKIPSD	na	0.0	0.0	0.0	0.0	0.0	0.0	0.0
IP6K2	na	0.0731258951160359	0.08634980273820289	0.060952755113382245	0.052805415425810756	0.05567463857939284	0.0844957685385107	0.10228553588606404
PRKAR2A	na	0.0	0.0	0.0	0.0	0.0	0.0	0.0
SLC25A20	na	0.0	0.0	0.0	0.0	0.0	0.0	0.0
ARIH2OS	na	0.0	0.0	0.0	0.0	0.0	0.0	0.0
ARIH2	na	0.0	0.0	0.0	0.0	0.0	0.0	0.0
AC137630.4	na	0.0	0.0	0.0	0.0	0.0	0.0	0.0
P4HTM	na	0.0	0.0	0.0	0.0	0.0	0.0	0.0
WDR6	na	0.05444604925906316	0.04175644597652041	0.0758146557610466	0.06017187876762323	0.05454607581901687	0.0580885781583675	0.08773719578399261
DALRD3	na	0.0	0.0	0.0	0.0	0.0	0.0	0.0
NDUFAF3	na	0.0797612486886964	0.1421146508578015	0.04830654117590239	0.06036394914757632	0.06594017188099685	0.11261971663750799	0.1480147703944757
IMPDH2	na	0.039776305879564704	0.07458075855879706	0.0513175593560096	0.06952063051284836	0.05228253197144547	0.05946574477890215	0.0883252643394005
AC137630.3	na	0.0	0.0	0.0	0.0	0.0	0.0	0.0
QRICH1	na	0.0	0.0	0.0	0.0	0.0	0.0	0.0
QARS	na	0.08185397211953536	0.08879515364040158	0.060542071278546154	0.053862472889222114	0.0599457943001564	0.09208703285609701	0.10680592052608004
USP19	na	0.0	0.0	0.0	0.0	0.0	0.0	0.0
LAMB2	na	0.05040896978984422	0.061947963988139246	0.04807861664745823	0.049496233623762965	0.0466119996267796	0.07547035189521065	0.07922405488307348
CCDC71	na	0.0	0.0	0.0	0.0	0.0	0.0	0.0
KLHDC8B	na	0.0	0.0	0.0	0.0	0.0	0.0	0.0
C3orf62	na	0.0	0.0	0.0	0.0	0.0	0.0	0.0
USP4	na	0.0	0.0	0.0	0.0	0.0	0.0	0.0
RHOA	na	0.1880383104154051	0.30027159861093616	0.12027939461972124	0.10050130672769932	0.13275603019588103	0.2749759274089212	0.311136495308826
TCTA	na	0.0	0.0	0.0	0.0	0.0	0.0	0.0
DAG1	na	0.050216707171401684	0.07673101183192313	0.04903510297982027	0.05160935244239902	0.05121941314054662	0.08377510673917503	0.09498598992202283
APEH	na	0.07643625396616159	0.12179652987845739	0.0677856777302836	0.06472661760877431	0.06343454000631693	0.08935977019996821	0.12589773965550552
MST1	na	0.0	0.0	0.0	0.0	0.0	0.0	0.0
RNF123	na	0.0	0.0	0.0	0.0	0.0	0.0	0.0
GMPPB	na	0.0	0.0	0.0	0.0	0.0	0.0	0.0
IP6K1	na	0.0	0.0	0.0	0.0	0.0	0.0	0.0
INKA1	na	0.0	0.0	0.0	0.0	0.0	0.0	0.0
UBA7	na	0.0	0.0	0.0	0.0	0.0	0.0	0.0
TRAIP	na	0.0	0.0	0.0	0.0	0.0	0.0	0.0
MST1R	na	0.0	0.0	0.0	0.0	0.0	0.0	0.0
MON1A	na	0.0	0.0	0.0	0.0	0.0	0.0	0.0
RBM6	na	0.0	0.0	0.0	0.0	0.0	0.0	0.0
RBM5	na	0.047057778761523256	0.06350656831020217	0.06619049525138104	0.052988863843476126	0.04809912986844758	0.06404498518933832	0.08038028504934894
SEMA3F	na	0.05181113717736372	0.05760059667995802	0.04999498497778249	0.04969764014122779	0.04548885757164825	0.05339435811324965	0.076438281663456
SLC38A3	na	0.0	0.0	0.0	0.0	0.0	0.0	0.0
GNAI2	na	0.09066134404810598	0.15225071433503234	0.0604397352606655	0.05410956209548692	0.0713327977744253	0.14117368469260252	0.14623324982320177
SEMA3B	na	0.0	0.0	0.0	0.0	0.0	0.0	0.0
LSMEM2	na	0.0	0.0	0.0	0.0	0.0	0.0	0.0
IFRD2	na	0.0	0.0	0.0	0.0	0.0	0.0	0.0
HYAL3	na	0.0	0.0	0.0	0.0	0.0	0.0	0.0
NAA80	na	0.0	0.0	0.0	0.0	0.0	0.0	0.0
HYAL1	na	0.0	0.0	0.0	0.0	0.0	0.0	0.0
HYAL2	na	0.0	0.0	0.0	0.0	0.0	0.0	0.0
TUSC2	na	0.05192651339916447	0.07467638961187399	0.044201751887097886	0.05253740082469231	0.04520260890813801	0.06573939774111193	0.08467982767160104
RASSF1	na	0.0	0.0	0.0	0.0	0.0	0.0	0.0
RASSF1-AS1	na	0.0	0.0	0.0	0.0	0.0	0.0	0.0
ZMYND10	na	0.0	0.0	0.0	0.0	0.0	0.0	0.0
NPRL2	na	0.0	0.0	0.0	0.0	0.0	0.0	0.0
CYB561D2	na	0.0	0.0	0.0	0.0	0.0	0.0	0.0
TMEM115	na	0.0	0.0	0.0	0.0	0.0	0.0	0.0
CACNA2D2	na	0.0	0.0	0.0	0.0	0.0	0.0	0.0
CYB561D2	na	0.0	0.0	0.0	0.0	0.0	0.0	0.0
C3orf18	na	0.0	0.0	0.0	0.0	0.0	0.0	0.0
HEMK1	na	0.0	0.0	0.0	0.0	0.0	0.0	0.0
CISH	na	0.05537541235210313	0.07893707782306424	0.05216156231768514	0.042332159660307074	0.046763082410577	0.059360200155418354	0.07941535465538871
MAPKAPK3	na	0.0	0.0	0.0	0.0	0.0	0.0	0.0
MANF	na	0.055496960238659514	0.07236801063997134	0.043436544123132206	0.0621456802135574	0.04986196606724996	0.08392856150092336	0.0901688886118571
RBM15B	na	0.0	0.0	0.0	0.0	0.0	0.0	0.0
DCAF1	na	0.0	0.0	0.0	0.0	0.0	0.0	0.0
RAD54L2	na	0.0	0.0	0.0	0.0	0.0	0.0	0.0
TEX264	na	0.03605862902436846	0.07281843781718705	0.044087525959358886	0.04338542757490833	0.045628494928937516	0.07042346308897775	0.07922033367370471
RRP9	na	0.0	0.0	0.0	0.0	0.0	0.0	0.0
PARP3	na	0.0	0.0	0.0	0.0	0.0	0.0	0.0
PCBP4	na	0.0	0.0	0.0	0.0	0.0	0.0	0.0
ABHD14B	na	0.0	0.0	0.0	0.0	0.0	0.0	0.0
ABHD14A	na	0.0	0.0	0.0	0.0	0.0	0.0	0.0
ACY1	na	0.0	0.0	0.0	0.0	0.0	0.0	0.0
RPL29	na	1.098056345614377	2.5737146618134434	0.23220909882199214	0.01201484727014	0.6155764704581713	1.8806095160033827	2.26797043730382
DUSP7	na	0.0	0.0	0.0	0.0	0.0	0.0	0.0
POC1A	na	0.0	0.0	0.0	0.0	0.0	0.0	0.0
ALAS1	na	0.0	0.0	0.0	0.0	0.0	0.0	0.0
TWF2	na	0.0	0.0	0.0	0.0	0.0	0.0	0.0
PPM1M	na	0.0	0.0	0.0	0.0	0.0	0.0	0.0
WDR82	na	0.05184178835818784	0.058210888679511415	0.05313283308211949	0.04358071789722672	0.04360080502439202	0.059534140718663114	0.07340835909920597
GLYCTK	na	0.0	0.0	0.0	0.0	0.0	0.0	0.0
DNAH1	na	0.0	0.0	0.0	0.0	0.0	0.0	0.0
BAP1	na	0.0	0.0	0.0	0.0	0.0	0.0	0.0
SEMA3G	na	0.0	0.0	0.0	0.0	0.0	0.0	0.0
NISCH	na	0.0	0.0	0.0	0.0	0.0	0.0	0.0
STAB1	na	0.0	0.0	0.0	0.0	0.0	0.0	0.0
NT5DC2	na	0.0	0.0	0.0	0.0	0.0	0.0	0.0
SMIM4	na	0.06504355646701836	0.12274021967137473	0.03658335512886452	0.0583185078560808	0.05996750691239102	0.1256072076536018	0.11296860563983144
PBRM1	na	0.0	0.0	0.0	0.0	0.0	0.0	0.0
GNL3	na	0.04981999057836924	0.07075943582803351	0.0504334190906844	0.047624525513282556	0.046536719125519786	0.07621892176871996	0.08095819856651519
GLT8D1	na	0.0	0.0	0.0	0.0	0.0	0.0	0.0
SPCS1	na	0.10529576443315407	0.188224066984895	0.04321281978446563	0.06868647768992303	0.07567979286411843	0.15198381207420145	0.14981141933109285
NEK4	na	0.0	0.0	0.0	0.0	0.0	0.0	0.0
TMEM110-MUSTN1	na	0.0	0.0	0.0	0.0	0.0	0.0	0.0
STIMATE	na	0.0	0.0	0.0	0.0	0.0	0.0	0.0
SFMBT1	na	0.0	0.0	0.0	0.0	0.0	0.0	0.0
RFT1	na	0.0	0.0	0.0	0.0	0.0	0.0	0.0
PRKCD	na	0.0	0.0	0.0	0.0	0.0	0.0	0.0
TKT	na	0.057263933270516425	0.10498274388789265	0.05615293331371742	0.07578339549329016	0.06507303967675875	0.0941087205176541	0.12139768312994051
DCP1A	na	0.0	0.0	0.0	0.0	0.0	0.0	0.0
CACNA1D	na	0.0	0.0	0.0	0.0	0.0	0.0	0.0
CHDH	na	0.0	0.0	0.0	0.0	0.0	0.0	0.0
IL17RB	na	0.0	0.0	0.0	0.0	0.0	0.0	0.0
AC012467.2	na	0.0	0.0	0.0	0.0	0.0	0.0	0.0
ACTR8	na	0.0	0.0	0.0	0.0	0.0	0.0	0.0
SELENOK	na	0.07246608899826397	0.18266281601749926	0.03336453501858478	0.06354861912282869	0.0736870784205788	0.15542689437811488	0.14165702844294376
CACNA2D3	na	0.0	0.0	0.0	0.0	0.0	0.0	0.0
WNT5A	na	0.0	0.0	0.0	0.0	0.0	0.0	0.0
CCDC66	na	0.0	0.0	0.0	0.0	0.0	0.0	0.0
FAM208A	na	0.0	0.0	0.0	0.0	0.0	0.0	0.0
ARHGEF3	na	0.0	0.0	0.0	0.0	0.0	0.0	0.0
IL17RD	na	0.0	0.0	0.0	0.0	0.0	0.0	0.0
HESX1	na	0.0	0.0	0.0	0.0	0.0	0.0	0.0
APPL1	na	0.0	0.0	0.0	0.0	0.0	0.0	0.0
DNAH12	na	0.0	0.0	0.0	0.0	0.0	0.0	0.0
PDE12	na	0.0	0.0	0.0	0.0	0.0	0.0	0.0
ARF4	na	0.089278835178234	0.17961468819880289	0.046412908421050086	0.060165836284842796	0.0773310328184965	0.18687424991094254	0.17469379233659318
ARF4-AS1	na	0.0	0.0	0.0	0.0	0.0	0.0	0.0
DENND6A	na	0.0	0.0	0.0	0.0	0.0	0.0	0.0
SLMAP	na	0.0	0.0	0.0	0.0	0.0	0.0	0.0
FLNB	na	0.06574413300578441	0.09612353874508381	0.06913837029754	0.04727367652091873	0.058987429576824846	0.08800429378859904	0.11058556546838297
ABHD6	na	0.0	0.0	0.0	0.0	0.0	0.0	0.0
RPP14	na	0.0	0.0	0.0	0.0	0.0	0.0	0.0
PXK	na	0.0	0.0	0.0	0.0	0.0	0.0	0.0
PDHB	na	0.05791667831900975	0.0749181636629622	0.04878454861148963	0.04314267903819647	0.04655701202239046	0.06156557569794032	0.08897106987519116
KCTD6	na	0.0	0.0	0.0	0.0	0.0	0.0	0.0
ACOX2	na	0.09738216892543836	0.24048509858448494	0.04446429825076469	0.05160889621837853	0.08960486368698418	0.20160125286410263	0.20809819308303185
C3orf67	na	0.0	0.0	0.0	0.0	0.0	0.0	0.0
PTPRG	na	0.0	0.0	0.0	0.0	0.0	0.0	0.0
C3orf14	na	0.0	0.0	0.0	0.0	0.0	0.0	0.0
THOC7	na	0.03459352119038666	0.08216435945075094	0.04205603590611328	0.048431841538039505	0.05001491271391067	0.06544095958716872	0.09046200497347161
ATXN7	na	0.0	0.0	0.0	0.0	0.0	0.0	0.0
PSMD6	na	0.0494372883599065	0.07334992670495763	0.03883645963288452	0.04531419762927286	0.047432175127576186	0.07639585081910163	0.07869650961435348
PRICKLE2	na	0.0	0.0	0.0	0.0	0.0	0.0	0.0
ADAMTS9	na	0.0	0.0	0.0	0.0	0.0	0.0	0.0
MAGI1	na	0.0	0.0	0.0	0.0	0.0	0.0	0.0
SLC25A26	na	0.0	0.0	0.0	0.0	0.0	0.0	0.0
LRIG1	na	0.0	0.0	0.0	0.0	0.0	0.0	0.0
SUCLG2	na	0.05763843409818828	0.0610810632068323	0.059423085510389946	0.05111814105552057	0.04629606799789493	0.05595224904267767	0.0724096943276322
EOGT	na	0.0	0.0	0.0	0.0	0.0	0.0	0.0
TMF1	na	0.0	0.0	0.0	0.0	0.0	0.0	0.0
UBA3	na	0.0	0.0	0.0	0.0	0.0	0.0	0.0
ARL6IP5	na	0.05619482318928547	0.11027978307443399	0.053032882924859685	0.058424695532510326	0.05920968851321135	0.09836494689574733	0.11575157903430279
FRMD4B	na	0.0	0.0	0.0	0.0	0.0	0.0	0.0
MITF	na	0.0	0.0	0.0	0.0	0.0	0.0	0.0
FOXP1	na	0.05239395449141429	0.07153239100643184	0.06015971336288212	0.04026906904035981	0.04772731877962682	0.06797205954557087	0.07640274321531955
EIF4E3	na	0.0	0.0	0.0	0.0	0.0	0.0	0.0
RYBP	na	0.0	0.0	0.0	0.0	0.0	0.0	0.0
SHQ1	na	0.0	0.0	0.0	0.0	0.0	0.0	0.0
GXYLT2	na	0.0	0.0	0.0	0.0	0.0	0.0	0.0
PPP4R2	na	0.04318550992029905	0.06895324480135963	0.044047428462561336	0.047457473956184354	0.04594032719277182	0.062295663253437016	0.08642432053137558
PDZRN3	na	0.0	0.0	0.0	0.0	0.0	0.0	0.0
LINC02018	na	0.0	0.0	0.0	0.0	0.0	0.0	0.0
ZNF717	na	0.0	0.0	0.0	0.0	0.0	0.0	0.0
ROBO1	na	0.0	0.0	0.0	0.0	0.0	0.0	0.0
GBE1	na	0.0	0.0	0.0	0.0	0.0	0.0	0.0
VGLL3	na	0.0	0.0	0.0	0.0	0.0	0.0	0.0
CHMP2B	na	0.0	0.0	0.0	0.0	0.0	0.0	0.0
CGGBP1	na	0.0	0.0	0.0	0.0	0.0	0.0	0.0
ZNF654	na	0.0	0.0	0.0	0.0	0.0	0.0	0.0
C3orf38	na	0.0	0.0	0.0	0.0	0.0	0.0	0.0
PROS1	na	0.0	0.0	0.0	0.0	0.0	0.0	0.0
ARL13B	na	0.0	0.0	0.0	0.0	0.0	0.0	0.0
DHFR2	na	0.0	0.0	0.0	0.0	0.0	0.0	0.0
NSUN3	na	0.0	0.0	0.0	0.0	0.0	0.0	0.0
MTRNR2L12	na	0.0	0.0	0.0	0.0	0.0	0.0	0.0
ARL6	na	0.0	0.0	0.0	0.0	0.0	0.0	0.0
CRYBG3	na	0.0	0.0	0.0	0.0	0.0	0.0	0.0
RIOX2	na	0.0	0.0	0.0	0.0	0.0	0.0	0.0
CLDND1	na	0.0	0.0	0.0	0.0	0.0	0.0	0.0
CPOX	na	0.0	0.0	0.0	0.0	0.0	0.0	0.0
ST3GAL6	na	0.0	0.0	0.0	0.0	0.0	0.0	0.0
DCBLD2	na	0.0	0.0	0.0	0.0	0.0	0.0	0.0
COL8A1	na	0.0	0.0	0.0	0.0	0.0	0.0	0.0
CMSS1	na	0.0	0.0	0.0	0.0	0.0	0.0	0.0
FILIP1L	na	0.0	0.0	0.0	0.0	0.0	0.0	0.0
TBC1D23	na	0.0	0.0	0.0	0.0	0.0	0.0	0.0
NIT2	na	0.0	0.0	0.0	0.0	0.0	0.0	0.0
TOMM70	na	0.0	0.0	0.0	0.0	0.0	0.0	0.0
TMEM45A	na	0.0	0.0	0.0	0.0	0.0	0.0	0.0
TFG	na	0.051876659723994384	0.08242944123274938	0.05291102310760178	0.046221505585996026	0.0491517455829798	0.08278479115746408	0.08831629923563566
SENP7	na	0.0	0.0	0.0	0.0	0.0	0.0	0.0
TRMT10C	na	0.0	0.0	0.0	0.0	0.0	0.0	0.0
PCNP	na	0.05750064387506503	0.06686410999318469	0.04895909197823313	0.048393053278312656	0.04905013100507217	0.0763684782293366	0.07920109686069571
ZBTB11	na	0.0	0.0	0.0	0.0	0.0	0.0	0.0
ZBTB11-AS1	na	0.0	0.0	0.0	0.0	0.0	0.0	0.0
RPL24	na	0.7136444795469925	1.958761736216171	1.2643150123034266e-18	0.1481722496358721	0.401120983938079	1.4110033492636163	1.4207813372410212
CEP97	na	0.0	0.0	0.0	0.0	0.0	0.0	0.0
NXPE3	na	0.0	0.0	0.0	0.0	0.0	0.0	0.0
NFKBIZ	na	0.08396588394943276	0.12722050903823304	0.0827211288181748	0.0697474655133746	0.07473205289894269	0.11994707426373584	0.14440712461915875
AC106712.1	na	0.0	0.0	0.0	0.0	0.0	0.0	0.0
ZPLD1	na	0.0	0.0	0.0	0.0	0.0	0.0	0.0
ALCAM	na	0.0	0.0	0.0	0.0	0.0	0.0	0.0
CBLB	na	0.0	0.0	0.0	0.0	0.0	0.0	0.0
BBX	na	0.0	0.0	0.0	0.0	0.0	0.0	0.0
CD47	na	0.053513599313948335	0.08685800519604804	0.05157157857377999	0.04691892065136344	0.05363718441395657	0.0832224057866558	0.11305826111200855
IFT57	na	0.0	0.0	0.0	0.0	0.0	0.0	0.0
CIP2A	na	0.0	0.0	0.0	0.0	0.0	0.0	0.0
DZIP3	na	0.0	0.0	0.0	0.0	0.0	0.0	0.0
CD96	na	0.0	0.0	0.0	0.0	0.0	0.0	0.0
PHLDB2	na	0.0	0.0	0.0	0.0	0.0	0.0	0.0
ABHD10	na	0.0	0.0	0.0	0.0	0.0	0.0	0.0
C3orf52	na	0.0	0.0	0.0	0.0	0.0	0.0	0.0
AC128688.2	na	0.0	0.0	0.0	0.0	0.0	0.0	0.0
CD200	na	0.0	0.0	0.0	0.0	0.0	0.0	0.0
ATG3	na	0.0	0.0	0.0	0.0	0.0	0.0	0.0
SLC35A5	na	0.0	0.0	0.0	0.0	0.0	0.0	0.0
CCDC80	na	0.0	0.0	0.0	0.0	0.0	0.0	0.0
GTPBP8	na	0.0	0.0	0.0	0.0	0.0	0.0	0.0
NEPRO	na	0.0	0.0	0.0	0.0	0.0	0.0	0.0
BOC	na	0.0	0.0	0.0	0.0	0.0	0.0	0.0
CFAP44	na	0.0	0.0	0.0	0.0	0.0	0.0	0.0
SPICE1	na	0.0	0.0	0.0	0.0	0.0	0.0	0.0
SIDT1	na	0.0	0.0	0.0	0.0	0.0	0.0	0.0
USF3	na	0.0	0.0	0.0	0.0	0.0	0.0	0.0
NAA50	na	0.05824220392667489	0.08755747512037042	0.04892426524521051	0.053922972945428416	0.04872926074299994	0.070943405964849	0.08876083600110027
AC108693.2	na	0.0	0.0	0.0	0.0	0.0	0.0	0.0
ATP6V1A	na	0.046363263336063366	0.06900489610757389	0.0514185415688375	0.0479981505879781	0.04550020121749845	0.06510581395518593	0.08349166566519538
GRAMD1C	na	0.0	0.0	0.0	0.0	0.0	0.0	0.0
ZDHHC23	na	0.0	0.0	0.0	0.0	0.0	0.0	0.0
CCDC191	na	0.0	0.0	0.0	0.0	0.0	0.0	0.0
QTRT2	na	0.0	0.0	0.0	0.0	0.0	0.0	0.0
TIGIT	na	0.0	0.0	0.0	0.0	0.0	0.0	0.0
ZBTB20	na	0.0	0.0	0.0	0.0	0.0	0.0	0.0
UPK1B	na	0.0	0.0	0.0	0.0	0.0	0.0	0.0
B4GALT4	na	0.0	0.0	0.0	0.0	0.0	0.0	0.0
ARHGAP31	na	0.0	0.0	0.0	0.0	0.0	0.0	0.0
TMEM39A	na	0.0	0.0	0.0	0.0	0.0	0.0	0.0
POGLUT1	na	0.0	0.0	0.0	0.0	0.0	0.0	0.0
TIMMDC1	na	0.032686082029400494	0.06206351950411877	0.051291903020722035	0.049158782414916	0.04773579068315592	0.06975011605507582	0.0791333464711633
CD80	na	0.0	0.0	0.0	0.0	0.0	0.0	0.0
ADPRH	na	0.0	0.0	0.0	0.0	0.0	0.0	0.0
POPDC2	na	0.0	0.0	0.0	0.0	0.0	0.0	0.0
COX17	na	0.12887895319917164	0.3349151064959197	0.0360903730354062	0.10935374070206579	0.10991840808395453	0.25725550314684714	0.23307919864242177
GSK3B	na	0.0531919150602001	0.0723638866629451	0.05426298375858952	0.04778118684432145	0.050502300683975924	0.0641680393045122	0.08315564689209445
LRRC58	na	0.0	0.0	0.0	0.0	0.0	0.0	0.0
FSTL1	na	0.0	0.0	0.0	0.0	0.0	0.0	0.0
NDUFB4	na	0.25069841125116626	0.6104914118837335	0.03987994419214549	0.053927371398972836	0.16589469100969242	0.46951274294178846	0.45798244650032954
HGD	na	0.0	0.0	0.0	0.0	0.0	0.0	0.0
RABL3	na	0.0	0.0	0.0	0.0	0.0	0.0	0.0
GTF2E1	na	0.0	0.0	0.0	0.0	0.0	0.0	0.0
POLQ	na	0.0	0.0	0.0	0.0	0.0	0.0	0.0
HCLS1	na	0.0	0.0	0.0	0.0	0.0	0.0	0.0
GOLGB1	na	0.05553694898630359	0.06749066419429019	0.058543626536872145	0.045855088092291614	0.05315979558058116	0.08472775243669473	0.09901432399853613
IQCB1	na	0.0	0.0	0.0	0.0	0.0	0.0	0.0
EAF2	na	0.0	0.0	0.0	0.0	0.0	0.0	0.0
SLC15A2	na	0.0	0.0	0.0	0.0	0.0	0.0	0.0
ILDR1	na	0.0	0.0	0.0	0.0	0.0	0.0	0.0
CD86	na	0.0	0.0	0.0	0.0	0.0	0.0	0.0
CSTA	na	0.0	0.0	0.0	0.0	0.0	0.0	0.0
CCDC58	na	0.0	0.0	0.0	0.0	0.0	0.0	0.0
FAM162A	na	0.04884787547029814	0.06430077530208228	0.03844624598555061	0.06511538281422548	0.0512860681620764	0.06253364622840853	0.088680828292817
WDR5B	na	0.0	0.0	0.0	0.0	0.0	0.0	0.0
AC083798.2	na	0.0	0.0	0.0	0.0	0.0	0.0	0.0
KPNA1	na	0.0	0.0	0.0	0.0	0.0	0.0	0.0
PARP9	na	0.052097897280191825	0.0708224023691216	0.05244443559776101	0.05160292145395381	0.04902187380365768	0.09036603191103237	0.0899740638412406
DTX3L	na	0.04463633855092569	0.06371987504785877	0.050489151966625366	0.0437086363815312	0.0443912526866019	0.0661935098686808	0.08942654312067086
PARP14	na	0.0	0.0	0.0	0.0	0.0	0.0	0.0
HSPBAP1	na	0.0	0.0	0.0	0.0	0.0	0.0	0.0
DIRC2	na	0.0	0.0	0.0	0.0	0.0	0.0	0.0
LINC02035	na	0.0	0.0	0.0	0.0	0.0	0.0	0.0
PDIA5	na	0.0	0.0	0.0	0.0	0.0	0.0	0.0
SEC22A	na	0.0	0.0	0.0	0.0	0.0	0.0	0.0
ADCY5	na	0.0	0.0	0.0	0.0	0.0	0.0	0.0
HACD2	na	0.0	0.0	0.0	0.0	0.0	0.0	0.0
MYLK-AS1	na	0.0	0.0	0.0	0.0	0.0	0.0	0.0
MYLK	na	0.0	0.0	0.0	0.0	0.0	0.0	0.0
CCDC14	na	0.0	0.0	0.0	0.0	0.0	0.0	0.0
KALRN	na	0.0	0.0	0.0	0.0	0.0	0.0	0.0
UMPS	na	0.0	0.0	0.0	0.0	0.0	0.0	0.0
ITGB5	na	0.05233434948813548	0.0803807538632385	0.053471562880474194	0.04539746316834397	0.05067817282669217	0.07555752190227949	0.09296587734681015
HEG1	na	0.0	0.0	0.0	0.0	0.0	0.0	0.0
SLC12A8	na	0.0	0.0	0.0	0.0	0.0	0.0	0.0
ZNF148	na	0.0	0.0	0.0	0.0	0.0	0.0	0.0
SNX4	na	0.0	0.0	0.0	0.0	0.0	0.0	0.0
OSBPL11	na	0.0	0.0	0.0	0.0	0.0	0.0	0.0
ALG1L	na	0.0	0.0	0.0	0.0	0.0	0.0	0.0
SLC41A3	na	0.0	0.0	0.0	0.0	0.0	0.0	0.0
KLF15	na	0.0	0.0	0.0	0.0	0.0	0.0	0.0
ZXDC	na	0.0	0.0	0.0	0.0	0.0	0.0	0.0
CHST13	na	0.0	0.0	0.0	0.0	0.0	0.0	0.0
TXNRD3	na	0.0	0.0	0.0	0.0	0.0	0.0	0.0
CHCHD6	na	0.0	0.0	0.0	0.0	0.0	0.0	0.0
PLXNA1	na	0.0	0.0	0.0	0.0	0.0	0.0	0.0
TPRA1	na	0.0	0.0	0.0	0.0	0.0	0.0	0.0
MCM2	na	0.038922875950282446	0.0664731960795854	0.04573803476370305	0.05111108148818054	0.048589795671765953	0.06146671072426253	0.0910549530723954
PODXL2	na	0.057152075492336724	0.06791246841105261	0.07729664441456224	0.029153170464305773	0.05607119883124428	0.09811780578586335	0.11182014312647447
ABTB1	na	0.0	0.0	0.0	0.0	0.0	0.0	0.0
MGLL	na	0.08721398193470534	0.11762702908299716	0.07647067783908434	0.043789872593855035	0.06762141426186204	0.12066290278350027	0.16026264504034993
SEC61A1	na	0.07347865040437335	0.11115924369413045	0.07870903653013386	0.06877720267070592	0.07041880336922915	0.10017426188682282	0.13932004006980347
RUVBL1	na	0.0	0.0	0.0	0.0	0.0	0.0	0.0
EEFSEC	na	0.0	0.0	0.0	0.0	0.0	0.0	0.0
GATA2	na	0.0	0.0	0.0	0.0	0.0	0.0	0.0
GATA2-AS1	na	0.0	0.0	0.0	0.0	0.0	0.0	0.0
RPN1	na	0.08052475028537823	0.1518098515431598	0.07390217622191106	0.07663548469059636	0.08430215117172413	0.15873183335702942	0.17554960196174138
RAB7A	na	0.083150433879502	0.11404915625624552	0.06838496690288712	0.047530146055670366	0.06750505530299819	0.13601328484038994	0.12936563333479417
ACAD9	na	0.0	0.0	0.0	0.0	0.0	0.0	0.0
KIAA1257	na	0.0	0.0	0.0	0.0	0.0	0.0	0.0
EFCC1	na	0.0	0.0	0.0	0.0	0.0	0.0	0.0
RAB43	na	0.0	0.0	0.0	0.0	0.0	0.0	0.0
ISY1	na	0.0	0.0	0.0	0.0	0.0	0.0	0.0
AC108673.3	na	0.0	0.0	0.0	0.0	0.0	0.0	0.0
CNBP	na	0.07867286580859525	0.16150803830560512	0.04530311087519629	0.06670393757268217	0.07326426433673747	0.11318323324379943	0.15466133610152413
COPG1	na	0.05783580719143291	0.09196121768292649	0.06445786648356362	0.04309510552820454	0.05977693627475714	0.09185529190261374	0.12050176904184016
HMCES	na	0.044703564101592465	0.0692564193066238	0.057402312345288725	0.03457202969890775	0.043848852484360754	0.057171927379429235	0.07903706240524523
H1FX	na	0.1916279592562676	0.2859883979350663	0.18390724606962106	0.024797054888927875	0.14498814572529123	0.29667795130710356	0.36173167012331375
H1FX-AS1	na	0.0	0.0	0.0	0.0	0.0	0.0	0.0
EFCAB12	na	0.0	0.0	0.0	0.0	0.0	0.0	0.0
MBD4	na	0.0	0.0	0.0	0.0	0.0	0.0	0.0
IFT122	na	0.07893795502706051	0.11750758399715971	0.07159795897921947	0.05051560305105954	0.0634356219637446	0.08429572145058084	0.12346524102282709
PLXND1	na	0.05924306489371169	0.09730321402316594	0.06621471686535609	0.030457590842829056	0.05781562456979851	0.08948544750845572	0.12410524941177163
TMCC1	na	0.0	0.0	0.0	0.0	0.0	0.0	0.0
PIK3R4	na	0.0	0.0	0.0	0.0	0.0	0.0	0.0
ATP2C1	na	0.04215738100251839	0.06509484764714228	0.05585370312261901	0.04286260807855242	0.04662634493658305	0.07209963251594981	0.08528394049394016
ASTE1	na	0.0	0.0	0.0	0.0	0.0	0.0	0.0
NEK11	na	0.0	0.0	0.0	0.0	0.0	0.0	0.0
NUDT16	na	0.04638682456629212	0.05750657151992649	0.03837919687901752	0.06029486708084033	0.04473629647421392	0.05224049346000362	0.08074071788495243
MRPL3	na	0.04967565665167917	0.10103829470288599	0.045353290743407465	0.05738130723042579	0.055377028752695026	0.09733039555209108	0.1152506539267469
ACPP	na	0.0	0.0	0.0	0.0	0.0	0.0	0.0
DNAJC13	na	0.0	0.0	0.0	0.0	0.0	0.0	0.0
UBA5	na	0.0	0.0	0.0	0.0	0.0	0.0	0.0
NPHP3	na	0.0	0.0	0.0	0.0	0.0	0.0	0.0
BFSP2	na	0.0	0.0	0.0	0.0	0.0	0.0	0.0
CDV3	na	0.04649429150016448	0.0800490902485123	0.05082467194082838	0.04999849559752762	0.051855707000503785	0.07870604687438959	0.0918953475406205
TOPBP1	na	0.0	0.0	0.0	0.0	0.0	0.0	0.0
SRPRB	na	0.041804871448727396	0.06773116348237351	0.05410169108851295	0.05113646832364581	0.05071622010489054	0.06275818462038488	0.08126551265700457
RAB6B	na	0.0	0.0	0.0	0.0	0.0	0.0	0.0
SLCO2A1	na	0.0	0.0	0.0	0.0	0.0	0.0	0.0
RYK	na	0.0	0.0	0.0	0.0	0.0	0.0	0.0
AMOTL2	na	0.0	0.0	0.0	0.0	0.0	0.0	0.0
ANAPC13	na	0.0	0.0	0.0	0.0	0.0	0.0	0.0
CEP63	na	0.0	0.0	0.0	0.0	0.0	0.0	0.0
PPP2R3A	na	0.0	0.0	0.0	0.0	0.0	0.0	0.0
MSL2	na	0.0	0.0	0.0	0.0	0.0	0.0	0.0
PCCB	na	0.050616165232556055	0.08987461755389133	0.04985687855791676	0.05296379457723439	0.05208560627045534	0.06435456451462189	0.09284130232031884
STAG1	na	0.0	0.0	0.0	0.0	0.0	0.0	0.0
SLC35G2	na	0.0	0.0	0.0	0.0	0.0	0.0	0.0
AC096992.2	na	0.0	0.0	0.0	0.0	0.0	0.0	0.0
NCK1-DT	na	0.0	0.0	0.0	0.0	0.0	0.0	0.0
NCK1	na	0.0	0.0	0.0	0.0	0.0	0.0	0.0
IL20RB	na	0.0	0.0	0.0	0.0	0.0	0.0	0.0
DBR1	na	0.0	0.0	0.0	0.0	0.0	0.0	0.0
ARMC8	na	0.0	0.0	0.0	0.0	0.0	0.0	0.0
MRAS	na	0.0	0.0	0.0	0.0	0.0	0.0	0.0
ESYT3	na	0.0	0.0	0.0	0.0	0.0	0.0	0.0
CEP70	na	0.0	0.0	0.0	0.0	0.0	0.0	0.0
FAIM	na	0.0	0.0	0.0	0.0	0.0	0.0	0.0
PIK3CB	na	0.0	0.0	0.0	0.0	0.0	0.0	0.0
MRPS22	na	0.0	0.0	0.0	0.0	0.0	0.0	0.0
COPB2	na	0.06663589561704092	0.13645580580150327	0.0462808547101912	0.0571050904383577	0.06861587610253504	0.13120236294997498	0.14308663211174544
AC097103.2	na	0.0	0.0	0.0	0.0	0.0	0.0	0.0
RBP1	na	0.24921770605237845	0.28623216683852154	0.17475411699700125	1.0726496905024064e-21	0.13135481825244966	0.10602425025524279	0.42149304695177664
CLSTN2	na	0.0	0.0	0.0	0.0	0.0	0.0	0.0
SLC25A36	na	0.0	0.0	0.0	0.0	0.0	0.0	0.0
SPSB4	na	0.0	0.0	0.0	0.0	0.0	0.0	0.0
PXYLP1	na	0.0	0.0	0.0	0.0	0.0	0.0	0.0
ZBTB38	na	0.0	0.0	0.0	0.0	0.0	0.0	0.0
RASA2	na	0.0	0.0	0.0	0.0	0.0	0.0	0.0
RNF7	na	0.08311721273913417	0.1634466133854886	0.03662818551358195	0.06782010323859482	0.06998481548845255	0.130064749640736	0.13875099982843744
ATP1B3	na	0.05723903458783534	0.11141556528667851	0.031349462921054165	0.064738124385923	0.0576740478223119	0.10602505407967741	0.09889052479385747
TFDP2	na	0.0	0.0	0.0	0.0	0.0	0.0	0.0
GK5	na	0.0	0.0	0.0	0.0	0.0	0.0	0.0
XRN1	na	0.0	0.0	0.0	0.0	0.0	0.0	0.0
ATR	na	0.0	0.0	0.0	0.0	0.0	0.0	0.0
PLS1	na	0.0	0.0	0.0	0.0	0.0	0.0	0.0
U2SURP	na	0.05658779574321907	0.0826839402854313	0.055068170806797864	0.03835313987091979	0.04967735882386321	0.07778724692471331	0.09159385239622242
AC026304.1	na	0.0	0.0	0.0	0.0	0.0	0.0	0.0
CHST2	na	0.0	0.0	0.0	0.0	0.0	0.0	0.0
SLC9A9	na	0.0	0.0	0.0	0.0	0.0	0.0	0.0
C3orf58	na	0.0	0.0	0.0	0.0	0.0	0.0	0.0
PLOD2	na	0.0	0.0	0.0	0.0	0.0	0.0	0.0
PLSCR4	na	0.0	0.0	0.0	0.0	0.0	0.0	0.0
PLSCR1	na	0.0	0.0	0.0	0.0	0.0	0.0	0.0
CPB1	na	0.0	0.0	0.0	0.0	0.0	0.0	0.0
GYG1	na	0.0	0.0	0.0	0.0	0.0	0.0	0.0
HLTF	na	0.0	0.0	0.0	0.0	0.0	0.0	0.0
HPS3	na	0.0	0.0	0.0	0.0	0.0	0.0	0.0
CP	na	0.0	0.0	0.0	0.0	0.0	0.0	0.0
AC093001.1	na	0.1221299319839613	0.1472408837329826	0.055732769263769244	0.0378176352630015	0.07027601358397376	0.10693401213709537	0.15910847584676288
TM4SF18	na	0.0	0.0	0.0	0.0	0.0	0.0	0.0
TM4SF1	na	0.045147305607274646	0.0692123981365091	0.048364462646456635	0.04164241196099542	0.05056898004085286	0.05273041790804339	0.09807747635285786
TM4SF1-AS1	na	0.0	0.0	0.0	0.0	0.0	0.0	0.0
WWTR1	na	0.0	0.0	0.0	0.0	0.0	0.0	0.0
COMMD2	na	0.0	0.0	0.0	0.0	0.0	0.0	0.0
RNF13	na	0.0	0.0	0.0	0.0	0.0	0.0	0.0
PFN2	na	0.0	0.0	0.0	0.0	0.0	0.0	0.0
LINC01213	na	0.0	0.0	0.0	0.0	0.0	0.0	0.0
LINC01214	na	0.0	0.0	0.0	0.0	0.0	0.0	0.0
TSC22D2	na	0.0	0.0	0.0	0.0	0.0	0.0	0.0
SERP1	na	0.08915450468536942	0.19226061610152684	0.04925207832061124	0.08007513847476423	0.08082872904370107	0.16261245446194653	0.17816615206941996
EIF2A	na	0.0	0.0	0.0	0.0	0.0	0.0	0.0
SELENOT	na	0.05591191894346735	0.08847489689238575	0.04573692088010037	0.05525303667442102	0.04948316679021661	0.08152099915918705	0.09521907536865061
ERICH6-AS1	na	0.0	0.0	0.0	0.0	0.0	0.0	0.0
SIAH2	na	0.0	0.0	0.0	0.0	0.0	0.0	0.0
P2RY13	na	0.0	0.0	0.0	0.0	0.0	0.0	0.0
SUCNR1	na	0.0	0.0	0.0	0.0	0.0	0.0	0.0
MBNL1	na	0.0	0.0	0.0	0.0	0.0	0.0	0.0
MBNL1-AS1	na	0.0	0.0	0.0	0.0	0.0	0.0	0.0
RAP2B	na	0.0	0.0	0.0	0.0	0.0	0.0	0.0
ARHGEF26	na	0.0	0.0	0.0	0.0	0.0	0.0	0.0
DHX36	na	0.0	0.0	0.0	0.0	0.0	0.0	0.0
MME	na	0.0	0.0	0.0	0.0	0.0	0.0	0.0
PLCH1	na	0.0	0.0	0.0	0.0	0.0	0.0	0.0
C3orf33	na	0.0	0.0	0.0	0.0	0.0	0.0	0.0
SLC33A1	na	0.0	0.0	0.0	0.0	0.0	0.0	0.0
GMPS	na	0.0	0.0	0.0	0.0	0.0	0.0	0.0
AC084036.1	na	0.0	0.0	0.0	0.0	0.0	0.0	0.0
SSR3	na	0.06588429604877576	0.12738928140112704	0.04847151432899036	0.059078911700429976	0.06134175976657197	0.1146526213293688	0.12260199349209752
TIPARP-AS1	na	0.0	0.0	0.0	0.0	0.0	0.0	0.0
TIPARP	na	0.0	0.0	0.0	0.0	0.0	0.0	0.0
LINC00886	na	0.0	0.0	0.0	0.0	0.0	0.0	0.0
LEKR1	na	0.0	0.0	0.0	0.0	0.0	0.0	0.0
CCNL1	na	0.052364135109680944	0.06233000889162847	0.041873280024941874	0.05536870023167703	0.046251582635213014	0.05845806646745848	0.07635199027010973
SHOX2	na	0.0	0.0	0.0	0.0	0.0	0.0	0.0
RSRC1	na	0.0	0.0	0.0	0.0	0.0	0.0	0.0
AC106707.1	na	0.0	0.0	0.0	0.0	0.0	0.0	0.0
MLF1	na	0.0	0.0	0.0	0.0	0.0	0.0	0.0
GFM1	na	0.0	0.0	0.0	0.0	0.0	0.0	0.0
LXN	na	0.0	0.0	0.0	0.0	0.0	0.0	0.0
AC080013.6	na	0.0	0.0	0.0	0.0	0.0	0.0	0.0
RARRES1	na	0.0	0.0	0.0	0.0	0.0	0.0	0.0
MFSD1	na	0.0	0.0	0.0	0.0	0.0	0.0	0.0
C3orf80	na	0.0	0.0	0.0	0.0	0.0	0.0	0.0
IFT80	na	0.0	0.0	0.0	0.0	0.0	0.0	0.0
SMC4	na	0.043526222273715026	0.08638359108523758	0.03572207277265389	0.0486097329855873	0.05171329274661096	0.08989505856420951	0.08551607014858827
TRIM59	na	0.0	0.0	0.0	0.0	0.0	0.0	0.0
KPNA4	na	0.05411927837763516	0.07667815860000392	0.05349952326028738	0.038863993776337265	0.0515351845959869	0.08728218650075291	0.09271310341853127
PPM1L	na	0.0	0.0	0.0	0.0	0.0	0.0	0.0
B3GALNT1	na	0.0	0.0	0.0	0.0	0.0	0.0	0.0
NMD3	na	0.0	0.0	0.0	0.0	0.0	0.0	0.0
SPTSSB	na	0.0	0.0	0.0	0.0	0.0	0.0	0.0
PDCD10	na	0.0	0.0	0.0	0.0	0.0	0.0	0.0
SERPINI1	na	0.0	0.0	0.0	0.0	0.0	0.0	0.0
GOLIM4	na	0.0	0.0	0.0	0.0	0.0	0.0	0.0
MECOM	na	0.0	0.0	0.0	0.0	0.0	0.0	0.0
MYNN	na	0.0	0.0	0.0	0.0	0.0	0.0	0.0
SEC62	na	0.0508336994255029	0.09552162122950329	0.038985622670257854	0.05009059782424671	0.054071591691901726	0.09572094350258271	0.10223971992715436
GPR160	na	0.0	0.0	0.0	0.0	0.0	0.0	0.0
PHC3	na	0.0	0.0	0.0	0.0	0.0	0.0	0.0
AC008040.5	na	0.0	0.0	0.0	0.0	0.0	0.0	0.0
PRKCI	na	0.0	0.0	0.0	0.0	0.0	0.0	0.0
SKIL	na	0.0	0.0	0.0	0.0	0.0	0.0	0.0
CLDN11	na	0.0	0.0	0.0	0.0	0.0	0.0	0.0
RPL22L1	na	0.05534273519042267	0.11265918227637482	0.021131041888012597	0.06906892801379176	0.05227571301347862	0.1044986792044231	0.0973667045850473
EIF5A2	na	0.0	0.0	0.0	0.0	0.0	0.0	0.0
TNIK	na	0.0	0.0	0.0	0.0	0.0	0.0	0.0
PLD1	na	0.0	0.0	0.0	0.0	0.0	0.0	0.0
FNDC3B	na	0.0	0.0	0.0	0.0	0.0	0.0	0.0
TNFSF10	na	0.08751646277090404	0.13711272014387632	0.07717508346156488	0.03908693846990277	0.07048614507501874	0.14760933866540535	0.16756965439665084
NCEH1	na	0.0	0.0	0.0	0.0	0.0	0.0	0.0
ECT2	na	0.0	0.0	0.0	0.0	0.0	0.0	0.0
NAALADL2	na	0.0	0.0	0.0	0.0	0.0	0.0	0.0
LINC01208	na	0.0	0.0	0.0	0.0	0.0	0.0	0.0
TBL1XR1	na	0.05929911054054634	0.053293777502622	0.05431206149770229	0.053869440399406984	0.04939104720352506	0.0692867301208616	0.07194026727308105
KCNMB2-AS1	na	0.0	0.0	0.0	0.0	0.0	0.0	0.0
ZMAT3	na	0.0	0.0	0.0	0.0	0.0	0.0	0.0
PIK3CA	na	0.0	0.0	0.0	0.0	0.0	0.0	0.0
KCNMB3	na	0.0	0.0	0.0	0.0	0.0	0.0	0.0
ZNF639	na	0.0	0.0	0.0	0.0	0.0	0.0	0.0
MFN1	na	0.0	0.0	0.0	0.0	0.0	0.0	0.0
GNB4	na	0.044095413922884755	0.0609561739775447	0.04372156840611211	0.04161365991936839	0.04504248842079407	0.07004998861205881	0.08697206678795592
ACTL6A	na	0.0	0.0	0.0	0.0	0.0	0.0	0.0
MRPL47	na	0.05375007966875835	0.09113473455584847	0.05268032030402673	0.03505738410105191	0.04644458713949704	0.09108355965123295	0.08880232616902221
NDUFB5	na	0.06585039394469057	0.12307014484661573	0.04373624257879584	0.06010267516205899	0.05705207937849012	0.08947794022954375	0.1034304526048183
USP13	na	0.0	0.0	0.0	0.0	0.0	0.0	0.0
TTC14	na	0.0	0.0	0.0	0.0	0.0	0.0	0.0
FXR1	na	0.042275601130540345	0.08363201374213713	0.049423838548410606	0.0469565928830863	0.04632486846572498	0.06885567591039428	0.09044482913859697
DNAJC19	na	0.07458476789404113	0.09434547092447264	0.04009317528672794	0.05691871558933122	0.055158068842313154	0.09358486008926821	0.09972998869157294
ATP11B	na	0.0	0.0	0.0	0.0	0.0	0.0	0.0
DCUN1D1	na	0.0	0.0	0.0	0.0	0.0	0.0	0.0
MCCC1	na	0.0	0.0	0.0	0.0	0.0	0.0	0.0
LAMP3	na	0.0	0.0	0.0	0.0	0.0	0.0	0.0
B3GNT5	na	0.0	0.0	0.0	0.0	0.0	0.0	0.0
KLHL6	na	0.0	0.0	0.0	0.0	0.0	0.0	0.0
KLHL24	na	0.0	0.0	0.0	0.0	0.0	0.0	0.0
YEATS2	na	0.0	0.0	0.0	0.0	0.0	0.0	0.0
PARL	na	0.0	0.0	0.0	0.0	0.0	0.0	0.0
ABCC5	na	0.03623989488276581	0.047226000419739504	0.06248806729760885	0.056773593987970335	0.046606385996393676	0.05506139730882557	0.06733415712136315
AC131235.4	na	0.0	0.0	0.0	0.0	0.0	0.0	0.0
AC131235.3	na	0.0	0.0	0.0	0.0	0.0	0.0	0.0
EIF2B5	na	0.06340101434898034	0.08823351950403775	0.06338191220316709	0.053726978707496764	0.05537759245506337	0.08074674638811209	0.10967799886560306
DVL3	na	0.047039056697076684	0.060061799978137945	0.0529789483909948	0.04379176862338777	0.04384393601133526	0.05784480497573968	0.07091811881169711
AP2M1	na	0.11327449761724548	0.2249205863218105	0.03688996750871711	0.08686833115190255	0.0883336499369803	0.1954588712256966	0.2032616328751875
ABCF3	na	0.0	0.0	0.0	0.0	0.0	0.0	0.0
ALG3	na	0.046108999477005426	0.07908518028165004	0.052566473423097275	0.04069694098560404	0.048171129648582126	0.0565743665198056	0.08325461797344136
EEF1AKMT4	na	0.0	0.0	0.0	0.0	0.0	0.0	0.0
CAMK2N2	na	0.0	0.0	0.0	0.0	0.0	0.0	0.0
PSMD2	na	0.07312320744936239	0.13954066118241806	0.07005198930334075	0.05844245081124673	0.0687888642014365	0.1223150924616412	0.13639602026516087
EIF4G1	na	0.08916147387804252	0.11886292706486938	0.11165702186263256	0.07269422013002864	0.08606874186512237	0.1176584709224911	0.1617280544170045
FAM131A	na	0.0	0.0	0.0	0.0	0.0	0.0	0.0
CLCN2	na	0.0	0.0	0.0	0.0	0.0	0.0	0.0
POLR2H	na	0.047849778174060234	0.09663493875374225	0.05101543499431548	0.05120294754645285	0.053117567893429495	0.10579604870934024	0.10234090673232044
CHRD	na	0.0	0.0	0.0	0.0	0.0	0.0	0.0
EPHB3	na	0.0	0.0	0.0	0.0	0.0	0.0	0.0
MAGEF1	na	0.0482172847547227	0.07231677849199629	0.053882035633245035	0.042439227042925486	0.04739648904975402	0.07438731608970382	0.08290586448458256
VPS8	na	0.0	0.0	0.0	0.0	0.0	0.0	0.0
EHHADH	na	0.0	0.0	0.0	0.0	0.0	0.0	0.0
MAP3K13	na	0.0	0.0	0.0	0.0	0.0	0.0	0.0
TMEM41A	na	0.0	0.0	0.0	0.0	0.0	0.0	0.0
LIPH	na	0.0	0.0	0.0	0.0	0.0	0.0	0.0
SENP2	na	0.0	0.0	0.0	0.0	0.0	0.0	0.0
IGF2BP2	na	0.0	0.0	0.0	0.0	0.0	0.0	0.0
TRA2B	na	0.06568112957581305	0.08828252905154599	0.05766587282039907	0.05059685011972127	0.05664935040336786	0.1023588886406154	0.10666606211929575
ETV5	na	0.0	0.0	0.0	0.0	0.0	0.0	0.0
CRYGS	na	0.0	0.0	0.0	0.0	0.0	0.0	0.0
TBCCD1	na	0.0	0.0	0.0	0.0	0.0	0.0	0.0
DNAJB11	na	0.0	0.0	0.0	0.0	0.0	0.0	0.0
KNG1	na	0.0	0.0	0.0	0.0	0.0	0.0	0.0
EIF4A2	na	0.055513703735247354	0.1561342480818087	0.06087025034644186	0.05464888067649131	0.07059595767159416	0.14492390237864677	0.16201675011562186
RFC4	na	0.0	0.0	0.0	0.0	0.0	0.0	0.0
ST6GAL1	na	0.04802076914415185	0.06246872198378931	0.04072318156339834	0.04927940892782406	0.04597047577823729	0.06696077788749799	0.07706382434613551
RPL39L	na	0.0	0.0	0.0	0.0	0.0	0.0	0.0
RTP4	na	0.0	0.0	0.0	0.0	0.0	0.0	0.0
BCL6	na	0.0	0.0	0.0	0.0	0.0	0.0	0.0
LPP-AS2	na	0.0	0.0	0.0	0.0	0.0	0.0	0.0
LPP	na	0.0	0.0	0.0	0.0	0.0	0.0	0.0
TPRG1	na	0.0	0.0	0.0	0.0	0.0	0.0	0.0
P3H2	na	0.0	0.0	0.0	0.0	0.0	0.0	0.0
CLDN1	na	0.0	0.0	0.0	0.0	0.0	0.0	0.0
IL1RAP	na	0.0	0.0	0.0	0.0	0.0	0.0	0.0
CCDC50	na	0.0	0.0	0.0	0.0	0.0	0.0	0.0
FGF12	na	0.0	0.0	0.0	0.0	0.0	0.0	0.0
MB21D2	na	0.0	0.0	0.0	0.0	0.0	0.0	0.0
HRASLS	na	0.0	0.0	0.0	0.0	0.0	0.0	0.0
ATP13A5	na	0.0	0.0	0.0	0.0	0.0	0.0	0.0
ATP13A4	na	0.0	0.0	0.0	0.0	0.0	0.0	0.0
OPA1	na	0.0	0.0	0.0	0.0	0.0	0.0	0.0
HES1	na	0.045349225871215815	0.08689118892260754	0.051811614568815396	0.05317201164482475	0.052277578699979996	0.0634838406066869	0.0893978339648952
LRRC15	na	0.0	0.0	0.0	0.0	0.0	0.0	0.0
ATP13A3	na	0.044467144345687847	0.06766634669227323	0.05900163745035678	0.040033148386386164	0.04620373991422242	0.06877250036930635	0.07490016598452721
LINC00884	na	0.0	0.0	0.0	0.0	0.0	0.0	0.0
TMEM44-AS1	na	0.0	0.0	0.0	0.0	0.0	0.0	0.0
TMEM44	na	0.0	0.0	0.0	0.0	0.0	0.0	0.0
AC046143.2	na	0.0	0.0	0.0	0.0	0.0	0.0	0.0
LSG1	na	0.0	0.0	0.0	0.0	0.0	0.0	0.0
FAM43A	na	0.0	0.0	0.0	0.0	0.0	0.0	0.0
XXYLT1	na	0.0	0.0	0.0	0.0	0.0	0.0	0.0
ACAP2	na	0.0	0.0	0.0	0.0	0.0	0.0	0.0
PPP1R2	na	0.0	0.0	0.0	0.0	0.0	0.0	0.0
APOD	na	0.4852341935430061	0.6823587425313382	0.4217879232093235	1.2983581990997176e-19	0.30038883313147646	0.25007285152761694	1.1074705588196683
MUC20-OT1	na	0.0	0.0	0.0	0.0	0.0	0.0	0.0
MUC20	na	0.0	0.0	0.0	0.0	0.0	0.0	0.0
TNK2	na	0.0	0.0	0.0	0.0	0.0	0.0	0.0
TFRC	na	0.06361796322348308	0.12978431018030465	0.04408557246355154	0.0642194416827485	0.060034175648796595	0.10831410245534033	0.11321392649507443
LINC00885	na	0.0	0.0	0.0	0.0	0.0	0.0	0.0
PCYT1A	na	0.0	0.0	0.0	0.0	0.0	0.0	0.0
TCTEX1D2	na	0.0	0.0	0.0	0.0	0.0	0.0	0.0
UBXN7	na	0.0	0.0	0.0	0.0	0.0	0.0	0.0
RNF168	na	0.0	0.0	0.0	0.0	0.0	0.0	0.0
WDR53	na	0.0	0.0	0.0	0.0	0.0	0.0	0.0
FBXO45	na	0.0	0.0	0.0	0.0	0.0	0.0	0.0
LINC01063	na	0.0	0.0	0.0	0.0	0.0	0.0	0.0
PIGX	na	0.0	0.0	0.0	0.0	0.0	0.0	0.0
CEP19	na	0.0	0.0	0.0	0.0	0.0	0.0	0.0
PAK2	na	0.06192357140421906	0.089195584135038	0.053723942100102194	0.04581539337383094	0.05535570161157952	0.08258744965914584	0.09797696334643755
SENP5	na	0.0	0.0	0.0	0.0	0.0	0.0	0.0
NCBP2	na	0.0	0.0	0.0	0.0	0.0	0.0	0.0
NCBP2-AS2	na	0.0	0.0	0.0	0.0	0.0	0.0	0.0
PIGZ	na	0.0	0.0	0.0	0.0	0.0	0.0	0.0
MELTF	na	0.0	0.0	0.0	0.0	0.0	0.0	0.0
MELTF-AS1	na	0.0	0.0	0.0	0.0	0.0	0.0	0.0
DLG1	na	0.0	0.0	0.0	0.0	0.0	0.0	0.0
LINC02012	na	0.0	0.0	0.0	0.0	0.0	0.0	0.0
BDH1	na	0.053511133591328	0.0758753901253091	0.04965760328090667	0.05474733347951034	0.04778768530824103	0.059710852411970515	0.09270369474123777
RUBCN	na	0.0	0.0	0.0	0.0	0.0	0.0	0.0
FYTTD1	na	0.0	0.0	0.0	0.0	0.0	0.0	0.0
LRCH3	na	0.0	0.0	0.0	0.0	0.0	0.0	0.0
IQCG	na	0.0	0.0	0.0	0.0	0.0	0.0	0.0
RPL35A	na	1.3718351448675166	4.269619320274657	4.4965071597597673e-29	0.11040116064122195	0.748012103984031	3.0076502811066295	2.670969548895935
LMLN	na	0.0	0.0	0.0	0.0	0.0	0.0	0.0
ZNF595	na	0.0	0.0	0.0	0.0	0.0	0.0	0.0
ZNF718	na	0.0	0.0	0.0	0.0	0.0	0.0	0.0
ZNF141	na	0.0	0.0	0.0	0.0	0.0	0.0	0.0
ZNF721	na	0.0	0.0	0.0	0.0	0.0	0.0	0.0
PIGG	na	0.0	0.0	0.0	0.0	0.0	0.0	0.0
ATP5ME	na	0.2933509418559546	0.7327330703306293	0.0463797771571617	0.09928264784535243	0.1992267743254596	0.5766236853766036	0.6046150486955448
MYL5	na	0.0	0.0	0.0	0.0	0.0	0.0	0.0
SLC49A3	na	0.0	0.0	0.0	0.0	0.0	0.0	0.0
PCGF3	na	0.0	0.0	0.0	0.0	0.0	0.0	0.0
CPLX1	na	0.0	0.0	0.0	0.0	0.0	0.0	0.0
GAK	na	0.047768132835284555	0.050633555442419494	0.04777401342522761	0.0594253408465593	0.04579768017337572	0.05705463354450231	0.07710606419745396
TMEM175	na	0.0	0.0	0.0	0.0	0.0	0.0	0.0
DGKQ	na	0.0	0.0	0.0	0.0	0.0	0.0	0.0
SLC26A1	na	0.0	0.0	0.0	0.0	0.0	0.0	0.0
IDUA	na	0.0	0.0	0.0	0.0	0.0	0.0	0.0
FGFRL1	na	0.0	0.0	0.0	0.0	0.0	0.0	0.0
SPON2	na	0.0	0.0	0.0	0.0	0.0	0.0	0.0
CTBP1	na	0.051007186178604016	0.07011458588212738	0.05263898789724983	0.049708447422572424	0.0498085612669722	0.05911670978516992	0.07952139193843008
CTBP1-DT	na	0.0	0.0	0.0	0.0	0.0	0.0	0.0
MAEA	na	0.0	0.0	0.0	0.0	0.0	0.0	0.0
UVSSA	na	0.0	0.0	0.0	0.0	0.0	0.0	0.0
AC147067.1	na	0.0	0.0	0.0	0.0	0.0	0.0	0.0
SLBP	na	0.0	0.0	0.0	0.0	0.0	0.0	0.0
AC016773.1	na	0.0	0.0	0.0	0.0	0.0	0.0	0.0
TMEM129	na	0.0	0.0	0.0	0.0	0.0	0.0	0.0
TACC3	na	0.0	0.0	0.0	0.0	0.0	0.0	0.0
FGFR3	na	0.0	0.0	0.0	0.0	0.0	0.0	0.0
LETM1	na	0.0	0.0	0.0	0.0	0.0	0.0	0.0
NSD2	na	0.0	0.0	0.0	0.0	0.0	0.0	0.0
NELFA	na	0.0	0.0	0.0	0.0	0.0	0.0	0.0
C4orf48	na	0.0749901367025765	0.10308441692135657	0.09348923996488732	0.009812856979705123	0.08179426244977478	0.2839911622367098	0.16033993295450474
NAT8L	na	0.0	0.0	0.0	0.0	0.0	0.0	0.0
POLN	na	0.0	0.0	0.0	0.0	0.0	0.0	0.0
HAUS3	na	0.0	0.0	0.0	0.0	0.0	0.0	0.0
MXD4	na	0.046098650255306406	0.05199359849832658	0.058079208852367885	0.04358375999161025	0.045676159579682546	0.0654895054174586	0.0879071313066569
ZFYVE28	na	0.0	0.0	0.0	0.0	0.0	0.0	0.0
RNF4	na	0.0	0.0	0.0	0.0	0.0	0.0	0.0
FAM193A	na	0.0	0.0	0.0	0.0	0.0	0.0	0.0
TNIP2	na	0.0	0.0	0.0	0.0	0.0	0.0	0.0
SH3BP2	na	0.0	0.0	0.0	0.0	0.0	0.0	0.0
ADD1	na	0.05053626726485301	0.05821888696529942	0.060630894971675287	0.04908798966744918	0.05009219923477552	0.05970644967565328	0.08230604363752714
MFSD10	na	0.051394370392447444	0.07350330806142269	0.06087490758368428	0.041130804938923536	0.050420032702089	0.061717697203281706	0.09040635667066244
NOP14-AS1	na	0.0	0.0	0.0	0.0	0.0	0.0	0.0
NOP14	na	0.0	0.0	0.0	0.0	0.0	0.0	0.0
GRK4	na	0.0	0.0	0.0	0.0	0.0	0.0	0.0
HTT	na	0.0	0.0	0.0	0.0	0.0	0.0	0.0
RGS12	na	0.0	0.0	0.0	0.0	0.0	0.0	0.0
DOK7	na	0.0	0.0	0.0	0.0	0.0	0.0	0.0
LRPAP1	na	0.0469016729423529	0.06971452652388445	0.04992117577258526	0.04982442673792143	0.04736493842308394	0.07176528977132647	0.08813223842182764
AC141928.1	na	0.0	0.0	0.0	0.0	0.0	0.0	0.0
ADRA2C	na	0.0	0.0	0.0	0.0	0.0	0.0	0.0
TMEM128	na	0.0	0.0	0.0	0.0	0.0	0.0	0.0
LYAR	na	0.0	0.0	0.0	0.0	0.0	0.0	0.0
ZBTB49	na	0.0	0.0	0.0	0.0	0.0	0.0	0.0
STX18	na	0.0	0.0	0.0	0.0	0.0	0.0	0.0
MSX1	na	0.0	0.0	0.0	0.0	0.0	0.0	0.0
STK32B	na	0.0	0.0	0.0	0.0	0.0	0.0	0.0
CRMP1	na	0.0	0.0	0.0	0.0	0.0	0.0	0.0
JAKMIP1	na	0.0	0.0	0.0	0.0	0.0	0.0	0.0
WFS1	na	0.0	0.0	0.0	0.0	0.0	0.0	0.0
PPP2R2C	na	0.0	0.0	0.0	0.0	0.0	0.0	0.0
MAN2B2	na	0.0	0.0	0.0	0.0	0.0	0.0	0.0
MRFAP1	na	0.08326260275737377	0.14161503698350145	0.06913254583482602	0.04831596063799079	0.07061244066420033	0.12122968685701205	0.14753445987775934
LINC02482	na	0.0	0.0	0.0	0.0	0.0	0.0	0.0
AC093323.1	na	0.0	0.0	0.0	0.0	0.0	0.0	0.0
S100P	na	0.05774964208685575	0.12781882802501485	0.028656548467826577	0.08450688625245449	0.0606052211173885	0.12577012475733887	0.1266147249769677
MRFAP1L1	na	0.0	0.0	0.0	0.0	0.0	0.0	0.0
BLOC1S4	na	0.0	0.0	0.0	0.0	0.0	0.0	0.0
KIAA0232	na	0.0	0.0	0.0	0.0	0.0	0.0	0.0
TBC1D14	na	0.0	0.0	0.0	0.0	0.0	0.0	0.0
CCDC96	na	0.0	0.0	0.0	0.0	0.0	0.0	0.0
TADA2B	na	0.0	0.0	0.0	0.0	0.0	0.0	0.0
GRPEL1	na	0.0	0.0	0.0	0.0	0.0	0.0	0.0
LINC02447	na	0.0	0.0	0.0	0.0	0.0	0.0	0.0
AFAP1	na	0.0	0.0	0.0	0.0	0.0	0.0	0.0
ABLIM2	na	0.0	0.0	0.0	0.0	0.0	0.0	0.0
SH3TC1	na	0.0	0.0	0.0	0.0	0.0	0.0	0.0
HTRA3	na	0.0	0.0	0.0	0.0	0.0	0.0	0.0
AC104825.1	na	0.0	0.0	0.0	0.0	0.0	0.0	0.0
ACOX3	na	0.0	0.0	0.0	0.0	0.0	0.0	0.0
TRMT44	na	0.0	0.0	0.0	0.0	0.0	0.0	0.0
AC105345.1	na	0.0	0.0	0.0	0.0	0.0	0.0	0.0
HMX1	na	0.0	0.0	0.0	0.0	0.0	0.0	0.0
SLC2A9	na	0.0	0.0	0.0	0.0	0.0	0.0	0.0
WDR1	na	0.07098216064310503	0.1290656443642625	0.06554385137727246	0.054999504034855005	0.0666454921094473	0.11472206298387576	0.13195097858776078
ZNF518B	na	0.0	0.0	0.0	0.0	0.0	0.0	0.0
HS3ST1	na	0.0	0.0	0.0	0.0	0.0	0.0	0.0
RAB28	na	0.0	0.0	0.0	0.0	0.0	0.0	0.0
BOD1L1	na	0.0	0.0	0.0	0.0	0.0	0.0	0.0
LINC00504	na	0.0	0.0	0.0	0.0	0.0	0.0	0.0
CPEB2	na	0.0	0.0	0.0	0.0	0.0	0.0	0.0
CC2D2A	na	0.0	0.0	0.0	0.0	0.0	0.0	0.0
FBXL5	na	0.0	0.0	0.0	0.0	0.0	0.0	0.0
FAM200B	na	0.0	0.0	0.0	0.0	0.0	0.0	0.0
BST1	na	0.0	0.0	0.0	0.0	0.0	0.0	0.0
CD38	na	0.0	0.0	0.0	0.0	0.0	0.0	0.0
PROM1	na	0.0	0.0	0.0	0.0	0.0	0.0	0.0
TAPT1	na	0.0	0.0	0.0	0.0	0.0	0.0	0.0
LDB2	na	0.0	0.0	0.0	0.0	0.0	0.0	0.0
QDPR	na	0.0	0.0	0.0	0.0	0.0	0.0	0.0
LAP3	na	0.04342457945251486	0.08236772367761547	0.04174327393760099	0.054457913231306915	0.049636713592857165	0.06802140315138043	0.08218782703389095
MED28	na	0.0	0.0	0.0	0.0	0.0	0.0	0.0
DCAF16	na	0.0	0.0	0.0	0.0	0.0	0.0	0.0
NCAPG	na	0.0	0.0	0.0	0.0	0.0	0.0	0.0
LCORL	na	0.0	0.0	0.0	0.0	0.0	0.0	0.0
SLIT2	na	0.0	0.0	0.0	0.0	0.0	0.0	0.0
PACRGL	na	0.0	0.0	0.0	0.0	0.0	0.0	0.0
ADGRA3	na	0.0	0.0	0.0	0.0	0.0	0.0	0.0
PPARGC1A	na	0.0	0.0	0.0	0.0	0.0	0.0	0.0
DHX15	na	0.04509066620062818	0.08726908713754335	0.0512575919610587	0.04925314683328566	0.05122335719144283	0.08217317718054241	0.09585460750768085
SOD3	na	0.0	0.0	0.0	0.0	0.0	0.0	0.0
CCDC149	na	0.0	0.0	0.0	0.0	0.0	0.0	0.0
LGI2	na	0.0	0.0	0.0	0.0	0.0	0.0	0.0
SEPSECS	na	0.0	0.0	0.0	0.0	0.0	0.0	0.0
SEPSECS-AS1	na	0.0	0.0	0.0	0.0	0.0	0.0	0.0
PI4K2B	na	0.0	0.0	0.0	0.0	0.0	0.0	0.0
ZCCHC4	na	0.0	0.0	0.0	0.0	0.0	0.0	0.0
ANAPC4	na	0.0	0.0	0.0	0.0	0.0	0.0	0.0
SEL1L3	na	0.0	0.0	0.0	0.0	0.0	0.0	0.0
SMIM20	na	0.0	0.0	0.0	0.0	0.0	0.0	0.0
RBPJ	na	0.0	0.0	0.0	0.0	0.0	0.0	0.0
STIM2	na	0.0	0.0	0.0	0.0	0.0	0.0	0.0
AC106047.1	na	0.0	0.0	0.0	0.0	0.0	0.0	0.0
PCDH7	na	0.0	0.0	0.0	0.0	0.0	0.0	0.0
ARAP2	na	0.0	0.0	0.0	0.0	0.0	0.0	0.0
RELL1	na	0.0	0.0	0.0	0.0	0.0	0.0	0.0
PGM2	na	0.0	0.0	0.0	0.0	0.0	0.0	0.0
TBC1D1	na	0.0	0.0	0.0	0.0	0.0	0.0	0.0
KLF3	na	0.0	0.0	0.0	0.0	0.0	0.0	0.0
TLR1	na	0.0	0.0	0.0	0.0	0.0	0.0	0.0
FAM114A1	na	0.0	0.0	0.0	0.0	0.0	0.0	0.0
KLHL5	na	0.0	0.0	0.0	0.0	0.0	0.0	0.0
WDR19	na	0.0	0.0	0.0	0.0	0.0	0.0	0.0
RFC1	na	0.0	0.0	0.0	0.0	0.0	0.0	0.0
KLB	na	0.0	0.0	0.0	0.0	0.0	0.0	0.0
RPL9	na	0.8967085914193799	2.2598019443165045	2.4126945613005288e-20	0.3696484139808019	0.5314723061644366	1.6122501826293896	1.6872316618285033
LIAS	na	0.0	0.0	0.0	0.0	0.0	0.0	0.0
UGDH	na	0.05859390783414293	0.08472549450418938	0.07531486050821928	0.06467736950380182	0.06389797737593692	0.08660690872923997	0.10990408752435053
SMIM14	na	0.06870117300394553	0.1421694680497669	0.062408170723299274	0.06609023220096347	0.0765300032163057	0.17404137081359553	0.15653556868814555
AC108471.2	na	0.0	0.0	0.0	0.0	0.0	0.0	0.0
UBE2K	na	0.05833553444875024	0.09474552135314107	0.05554833708110784	0.043424083900315304	0.05143788404792319	0.07471044800008778	0.09838080264625347
PDS5A	na	0.039832851063571505	0.07254756199650822	0.055620343999660204	0.04723520230280347	0.04930478437554949	0.07192762152880532	0.09705441044786357
N4BP2	na	0.0	0.0	0.0	0.0	0.0	0.0	0.0
RHOH	na	0.0	0.0	0.0	0.0	0.0	0.0	0.0
RBM47	na	0.07794568913393503	0.1055763967306733	0.06090989451385866	0.06394361611994799	0.06460243612583814	0.08780794772355655	0.12185102364857701
NSUN7	na	0.0	0.0	0.0	0.0	0.0	0.0	0.0
APBB2	na	0.0	0.0	0.0	0.0	0.0	0.0	0.0
UCHL1	na	0.0	0.0	0.0	0.0	0.0	0.0	0.0
LIMCH1	na	0.0	0.0	0.0	0.0	0.0	0.0	0.0
TMEM33	na	0.044960267277990594	0.06375997609238093	0.0529778618106041	0.04597241554778542	0.04604516648414986	0.06372817546361274	0.07663410426378842
DCAF4L1	na	0.0	0.0	0.0	0.0	0.0	0.0	0.0
SLC30A9	na	0.0	0.0	0.0	0.0	0.0	0.0	0.0
ATP8A1	na	0.0	0.0	0.0	0.0	0.0	0.0	0.0
GUF1	na	0.0	0.0	0.0	0.0	0.0	0.0	0.0
GNPDA2	na	0.0	0.0	0.0	0.0	0.0	0.0	0.0
COMMD8	na	0.0	0.0	0.0	0.0	0.0	0.0	0.0
ATP10D	na	0.0	0.0	0.0	0.0	0.0	0.0	0.0
CORIN	na	0.0	0.0	0.0	0.0	0.0	0.0	0.0
AC107068.1	na	0.0	0.0	0.0	0.0	0.0	0.0	0.0
NFXL1	na	0.0	0.0	0.0	0.0	0.0	0.0	0.0
NIPAL1	na	0.0	0.0	0.0	0.0	0.0	0.0	0.0
TEC	na	0.0	0.0	0.0	0.0	0.0	0.0	0.0
SLAIN2	na	0.0	0.0	0.0	0.0	0.0	0.0	0.0
FRYL	na	0.0	0.0	0.0	0.0	0.0	0.0	0.0
OCIAD1	na	0.062163211368350825	0.11546221952288348	0.04695780894966214	0.07068357008121506	0.06020573294399917	0.08663816146909518	0.12333868038832303
OCIAD2	na	0.05741132264695346	0.10273814805358154	0.046535640290012545	0.05155573036635344	0.051479477426278494	0.07511257330824714	0.09184297149210889
DCUN1D4	na	0.0	0.0	0.0	0.0	0.0	0.0	0.0
SGCB	na	0.0	0.0	0.0	0.0	0.0	0.0	0.0
USP46	na	0.0	0.0	0.0	0.0	0.0	0.0	0.0
USP46-AS1	na	0.0	0.0	0.0	0.0	0.0	0.0	0.0
ERVMER34-1	na	0.0	0.0	0.0	0.0	0.0	0.0	0.0
RASL11B	na	0.0	0.0	0.0	0.0	0.0	0.0	0.0
SCFD2	na	0.0	0.0	0.0	0.0	0.0	0.0	0.0
FIP1L1	na	0.0	0.0	0.0	0.0	0.0	0.0	0.0
LNX1	na	0.0	0.0	0.0	0.0	0.0	0.0	0.0
CHIC2	na	0.0	0.0	0.0	0.0	0.0	0.0	0.0
PDGFRA	na	0.0	0.0	0.0	0.0	0.0	0.0	0.0
KIT	na	0.0	0.0	0.0	0.0	0.0	0.0	0.0
KDR	na	0.0	0.0	0.0	0.0	0.0	0.0	0.0
SRD5A3	na	0.0702551847842983	0.08996221354478333	0.05917861922088039	0.04783028922524614	0.05378430035675313	0.10029321020154819	0.10567495063463635
TMEM165	na	0.0432854354885393	0.09206488706612169	0.04425486337545997	0.05329433149859688	0.05267860815502169	0.0706789277547946	0.10217180693859969
CLOCK	na	0.0	0.0	0.0	0.0	0.0	0.0	0.0
NMU	na	0.0	0.0	0.0	0.0	0.0	0.0	0.0
EXOC1	na	0.0	0.0	0.0	0.0	0.0	0.0	0.0
CEP135	na	0.0	0.0	0.0	0.0	0.0	0.0	0.0
KIAA1211	na	0.0	0.0	0.0	0.0	0.0	0.0	0.0
AASDH	na	0.0	0.0	0.0	0.0	0.0	0.0	0.0
PPAT	na	0.0	0.0	0.0	0.0	0.0	0.0	0.0
PAICS	na	0.06431030061288535	0.07428719086491198	0.05531128394569587	0.048590411540531245	0.05179917630458113	0.07945661906617325	0.09987547731030559
SRP72	na	0.0481059402375144	0.07432517107842444	0.04879743285655249	0.048387777691765325	0.046832293578060444	0.06743128860014877	0.08483131443664563
ARL9	na	0.0	0.0	0.0	0.0	0.0	0.0	0.0
HOPX	na	0.0	0.0	0.0	0.0	0.0	0.0	0.0
REST	na	0.042119948246033614	0.05676395996367556	0.04978922766435668	0.04282702494982363	0.044694912915998856	0.06852139499389273	0.07965483952649527
NOA1	na	0.0	0.0	0.0	0.0	0.0	0.0	0.0
POLR2B	na	0.04951390345530854	0.08298403051148989	0.04367778780321288	0.05355575349725584	0.050392113715071685	0.07105616072806578	0.08259185728286708
IGFBP7	na	0.1602083874190192	0.32681670168278676	0.07451226206845495	0.0023099177113158472	0.1326096811462468	0.3498832849623575	0.3452619262374634
CENPC	na	0.0	0.0	0.0	0.0	0.0	0.0	0.0
UBA6	na	0.0	0.0	0.0	0.0	0.0	0.0	0.0
UBA6-AS1	na	0.0	0.0	0.0	0.0	0.0	0.0	0.0
YTHDC1	na	0.0	0.0	0.0	0.0	0.0	0.0	0.0
ODAM	na	0.0	0.0	0.0	0.0	0.0	0.0	0.0
AMTN	na	0.0	0.0	0.0	0.0	0.0	0.0	0.0
JCHAIN	na	0.0	0.0	0.0	0.0	0.0	0.0	0.0
UTP3	na	0.0	0.0	0.0	0.0	0.0	0.0	0.0
RUFY3	na	0.0	0.0	0.0	0.0	0.0	0.0	0.0
GRSF1	na	0.05309727705339684	0.10166722912177417	0.05887359083535681	0.05400482188234549	0.056227196426245345	0.0786751504752944	0.10675594470057166
MOB1B	na	0.0	0.0	0.0	0.0	0.0	0.0	0.0
DCK	na	0.0	0.0	0.0	0.0	0.0	0.0	0.0
COX18	na	0.0	0.0	0.0	0.0	0.0	0.0	0.0
ANKRD17	na	0.0	0.0	0.0	0.0	0.0	0.0	0.0
RASSF6	na	0.0	0.0	0.0	0.0	0.0	0.0	0.0
CXCL8	na	0.0	0.0	0.0	0.0	0.0	0.0	0.0
CXCL2	na	0.0	0.0	0.0	0.0	0.0	0.0	0.0
MTHFD2L	na	0.0	0.0	0.0	0.0	0.0	0.0	0.0
AREG	na	0.0	0.0	0.0	0.0	0.0	0.0	0.0
PARM1	na	0.0	0.0	0.0	0.0	0.0	0.0	0.0
RCHY1	na	0.0	0.0	0.0	0.0	0.0	0.0	0.0
THAP6	na	0.0	0.0	0.0	0.0	0.0	0.0	0.0
G3BP2	na	0.050771000054819194	0.08465585049141396	0.05323536709635116	0.050744890893813496	0.054919194266973635	0.08400310426400344	0.09892724434460426
USO1	na	0.0	0.0	0.0	0.0	0.0	0.0	0.0
NAAA	na	0.0	0.0	0.0	0.0	0.0	0.0	0.0
SDAD1	na	0.0	0.0	0.0	0.0	0.0	0.0	0.0
CXCL9	na	0.0	0.0	0.0	0.0	0.0	0.0	0.0
CXCL10	na	0.0	0.0	0.0	0.0	0.0	0.0	0.0
CXCL11	na	0.0	0.0	0.0	0.0	0.0	0.0	0.0
NUP54	na	0.0	0.0	0.0	0.0	0.0	0.0	0.0
SCARB2	na	0.061023383912803236	0.10180314321476502	0.07436599385306615	0.05079677731002169	0.05927635490948463	0.09253420196854353	0.11123365747264778
FAM47E	na	0.0	0.0	0.0	0.0	0.0	0.0	0.0
STBD1	na	0.0	0.0	0.0	0.0	0.0	0.0	0.0
SHROOM3	na	0.05059903602462341	0.06566516278005438	0.05272187485578201	0.03892232719600239	0.043785829218770264	0.062051133114961604	0.07252070992311821
SEPT11	na	0.05190575720859531	0.06384908034704652	0.04810272799683375	0.04265710207204904	0.0445901112183627	0.05792997727146115	0.08155233734172157
CCNI	na	0.05770778120664425	0.09873294051093948	0.035404463070505106	0.07550414798742254	0.057331521146281164	0.09393798011945	0.10484510053232994
CCNG2	na	0.06929357185713941	0.09908935184471027	0.05911522707216752	0.0879845749445615	0.06733076632597881	0.08599776668562714	0.11292402094160693
CXCL13	na	0.0	0.0	0.0	0.0	0.0	0.0	0.0
CNOT6L	na	0.0	0.0	0.0	0.0	0.0	0.0	0.0
MRPL1	na	0.0	0.0	0.0	0.0	0.0	0.0	0.0
FRAS1	na	0.0	0.0	0.0	0.0	0.0	0.0	0.0
ANXA3	na	0.06014338459204582	0.10379726102426438	0.03482045485143827	0.0494619539788394	0.05580826978369064	0.10140682175509791	0.10808810028498898
LINC01094	na	0.0	0.0	0.0	0.0	0.0	0.0	0.0
BMP2K	na	0.0	0.0	0.0	0.0	0.0	0.0	0.0
PAQR3	na	0.0	0.0	0.0	0.0	0.0	0.0	0.0
ANTXR2	na	0.0	0.0	0.0	0.0	0.0	0.0	0.0
PRKG2	na	0.0	0.0	0.0	0.0	0.0	0.0	0.0
RASGEF1B	na	0.0	0.0	0.0	0.0	0.0	0.0	0.0
AC124016.2	na	0.0	0.0	0.0	0.0	0.0	0.0	0.0
HNRNPD	na	0.0699431799808449	0.12394252722367317	0.06328941788300702	0.07466292657475201	0.06865030093609432	0.12454654079334371	0.12480280303100574
AC124016.1	na	0.0	0.0	0.0	0.0	0.0	0.0	0.0
HNRNPDL	na	0.0790495942079281	0.15814938627518213	0.0711119139528806	0.06472580724151655	0.07317162081958548	0.13461904055515966	0.14652732611587066
ENOPH1	na	0.0	0.0	0.0	0.0	0.0	0.0	0.0
TMEM150C	na	0.052346998207354944	0.07186118373567273	0.07102393642752115	0.056354327353155	0.05527104691055254	0.06404206905562694	0.09483780857077821
SCD5	na	0.0	0.0	0.0	0.0	0.0	0.0	0.0
SEC31A	na	0.053209075135774185	0.08193601601308054	0.05623098461714804	0.03986971279123793	0.04913473950157041	0.07642197202916357	0.0969056611996562
THAP9-AS1	na	0.0	0.0	0.0	0.0	0.0	0.0	0.0
THAP9	na	0.0	0.0	0.0	0.0	0.0	0.0	0.0
LIN54	na	0.0	0.0	0.0	0.0	0.0	0.0	0.0
COPS4	na	0.0	0.0	0.0	0.0	0.0	0.0	0.0
COQ2	na	0.0	0.0	0.0	0.0	0.0	0.0	0.0
HPSE	na	0.0	0.0	0.0	0.0	0.0	0.0	0.0
HELQ	na	0.0	0.0	0.0	0.0	0.0	0.0	0.0
MRPS18C	na	0.03971644636367383	0.09005887554654661	0.032997398891721014	0.06208793459051917	0.048889427472197475	0.07816696032574773	0.0925756332482596
ABRAXAS1	na	0.0	0.0	0.0	0.0	0.0	0.0	0.0
GPAT3	na	0.0	0.0	0.0	0.0	0.0	0.0	0.0
CDS1	na	0.0	0.0	0.0	0.0	0.0	0.0	0.0
WDFY3	na	0.0	0.0	0.0	0.0	0.0	0.0	0.0
ARHGAP24	na	0.0	0.0	0.0	0.0	0.0	0.0	0.0
MAPK10	na	0.0	0.0	0.0	0.0	0.0	0.0	0.0
PTPN13	na	0.0	0.0	0.0	0.0	0.0	0.0	0.0
AC093827.4	na	0.0	0.0	0.0	0.0	0.0	0.0	0.0
AFF1	na	0.0	0.0	0.0	0.0	0.0	0.0	0.0
KLHL8	na	0.0	0.0	0.0	0.0	0.0	0.0	0.0
HSD17B11	na	0.0	0.0	0.0	0.0	0.0	0.0	0.0
NUDT9	na	0.0	0.0	0.0	0.0	0.0	0.0	0.0
SPARCL1	na	0.0	0.0	0.0	0.0	0.0	0.0	0.0
AC093895.1	na	0.0	0.0	0.0	0.0	0.0	0.0	0.0
IBSP	na	0.0	0.0	0.0	0.0	0.0	0.0	0.0
SPP1	na	0.26635633142090787	1.133598640879355	2.5503335378202313e-20	0.06426152918904306	0.28474633413631456	1.104333201508011	0.7863803021543677
PKD2	na	0.0	0.0	0.0	0.0	0.0	0.0	0.0
PPM1K	na	0.0	0.0	0.0	0.0	0.0	0.0	0.0
HERC6	na	0.0	0.0	0.0	0.0	0.0	0.0	0.0
HERC5	na	0.0	0.0	0.0	0.0	0.0	0.0	0.0
PYURF	na	0.0	0.0	0.0	0.0	0.0	0.0	0.0
HERC3	na	0.0	0.0	0.0	0.0	0.0	0.0	0.0
NAP1L5	na	0.0	0.0	0.0	0.0	0.0	0.0	0.0
FAM13A-AS1	na	0.0	0.0	0.0	0.0	0.0	0.0	0.0
FAM13A	na	0.0	0.0	0.0	0.0	0.0	0.0	0.0
TIGD2	na	0.0	0.0	0.0	0.0	0.0	0.0	0.0
GPRIN3	na	0.0	0.0	0.0	0.0	0.0	0.0	0.0
SNCA	na	0.0	0.0	0.0	0.0	0.0	0.0	0.0
CCSER1	na	0.0	0.0	0.0	0.0	0.0	0.0	0.0
SMARCAD1	na	0.0	0.0	0.0	0.0	0.0	0.0	0.0
HPGDS	na	0.0	0.0	0.0	0.0	0.0	0.0	0.0
PDLIM5	na	0.0	0.0	0.0	0.0	0.0	0.0	0.0
RAP1GDS1	na	0.0	0.0	0.0	0.0	0.0	0.0	0.0
TSPAN5	na	0.0	0.0	0.0	0.0	0.0	0.0	0.0
EIF4E	na	0.04659011018879441	0.08512479900662852	0.04996948507634963	0.054148060103999265	0.05013980430800208	0.07397237867653898	0.096073777644942
METAP1	na	0.0	0.0	0.0	0.0	0.0	0.0	0.0
AC019131.2	na	0.0	0.0	0.0	0.0	0.0	0.0	0.0
ADH5	na	0.05934532800887348	0.08564341324809943	0.046178594796926806	0.04499030883179446	0.04677111453341381	0.06325967571314418	0.07756652437946711
TRMT10A	na	0.0	0.0	0.0	0.0	0.0	0.0	0.0
DAPP1	na	0.0	0.0	0.0	0.0	0.0	0.0	0.0
LAMTOR3	na	0.04747587591518567	0.07134120587004547	0.04156767641520893	0.04979326883640086	0.04609217787594393	0.06594204480556523	0.08166380889790648
DNAJB14	na	0.0	0.0	0.0	0.0	0.0	0.0	0.0
H2AFZ	na	0.1819448507176505	0.48745032981488595	0.044512628754364396	0.15276982053344537	0.14493980844450755	0.34563781606843424	0.32891922276451324
EMCN	na	0.0	0.0	0.0	0.0	0.0	0.0	0.0
PPP3CA	na	0.0	0.0	0.0	0.0	0.0	0.0	0.0
AP001816.1	na	0.0	0.0	0.0	0.0	0.0	0.0	0.0
SLC39A8	na	0.0	0.0	0.0	0.0	0.0	0.0	0.0
AC098487.1	na	0.0	0.0	0.0	0.0	0.0	0.0	0.0
NFKB1	na	0.0	0.0	0.0	0.0	0.0	0.0	0.0
MANBA	na	0.0	0.0	0.0	0.0	0.0	0.0	0.0
UBE2D3	na	0.09427598241122213	0.15984154337269757	0.07004440298568622	0.05124806726217405	0.07386097738285667	0.1341038886390619	0.15109350263772162
AC018797.2	na	0.0	0.0	0.0	0.0	0.0	0.0	0.0
CISD2	na	0.047077778682342454	0.08230167361061239	0.03398194073463513	0.05771430897034086	0.046025900403492255	0.06770144004297227	0.07874133081118927
SLC9B2	na	0.0	0.0	0.0	0.0	0.0	0.0	0.0
BDH2	na	0.0	0.0	0.0	0.0	0.0	0.0	0.0
CENPE	na	0.0	0.0	0.0	0.0	0.0	0.0	0.0
CXXC4	na	0.0	0.0	0.0	0.0	0.0	0.0	0.0
TET2	na	0.0	0.0	0.0	0.0	0.0	0.0	0.0
PPA2	na	0.05711128653989569	0.11842980118862279	0.03778393357245586	0.05180600526294066	0.05395168495903603	0.09163816749561647	0.10034348729042694
ARHGEF38	na	0.0	0.0	0.0	0.0	0.0	0.0	0.0
INTS12	na	0.0	0.0	0.0	0.0	0.0	0.0	0.0
GSTCD	na	0.0	0.0	0.0	0.0	0.0	0.0	0.0
NPNT	na	0.0	0.0	0.0	0.0	0.0	0.0	0.0
AC109361.1	na	0.0	0.0	0.0	0.0	0.0	0.0	0.0
TBCK	na	0.0	0.0	0.0	0.0	0.0	0.0	0.0
AIMP1	na	0.0	0.0	0.0	0.0	0.0	0.0	0.0
DKK2	na	0.0	0.0	0.0	0.0	0.0	0.0	0.0
PAPSS1	na	0.0	0.0	0.0	0.0	0.0	0.0	0.0
SGMS2	na	0.0	0.0	0.0	0.0	0.0	0.0	0.0
AC096564.1	na	0.0	0.0	0.0	0.0	0.0	0.0	0.0
CYP2U1	na	0.0	0.0	0.0	0.0	0.0	0.0	0.0
HADH	na	0.0814674099226878	0.10141471383485123	0.049017112193281684	0.054426228486619946	0.058801535603771805	0.09194889507336611	0.11102438097883989
LEF1	na	0.0	0.0	0.0	0.0	0.0	0.0	0.0
RPL34	na	1.1353648160306475	2.550450729950179	0.2748383478835891	2.558063343864889e-12	0.5973800083474876	1.5533932609249368	2.3477717326349024
OSTC	na	0.055703094405912104	0.07974630883349515	0.05670941162128066	0.048267941369837156	0.05293935729537379	0.07504811637595662	0.0893599908786177
SEC24B	na	0.0	0.0	0.0	0.0	0.0	0.0	0.0
MCUB	na	0.0	0.0	0.0	0.0	0.0	0.0	0.0
CASP6	na	0.0	0.0	0.0	0.0	0.0	0.0	0.0
PLA2G12A	na	0.0	0.0	0.0	0.0	0.0	0.0	0.0
CFI	na	0.0	0.0	0.0	0.0	0.0	0.0	0.0
AC126283.1	na	0.0	0.0	0.0	0.0	0.0	0.0	0.0
GAR1	na	0.0	0.0	0.0	0.0	0.0	0.0	0.0
ELOVL6	na	0.0	0.0	0.0	0.0	0.0	0.0	0.0
ENPEP	na	0.0	0.0	0.0	0.0	0.0	0.0	0.0
FAM241A	na	0.0	0.0	0.0	0.0	0.0	0.0	0.0
AP1AR	na	0.0	0.0	0.0	0.0	0.0	0.0	0.0
TIFA	na	0.0	0.0	0.0	0.0	0.0	0.0	0.0
ALPK1	na	0.0	0.0	0.0	0.0	0.0	0.0	0.0
ZGRF1	na	0.0	0.0	0.0	0.0	0.0	0.0	0.0
LARP7	na	0.0	0.0	0.0	0.0	0.0	0.0	0.0
ANK2	na	0.0	0.0	0.0	0.0	0.0	0.0	0.0
CAMK2D	na	0.0	0.0	0.0	0.0	0.0	0.0	0.0
ARSJ	na	0.0	0.0	0.0	0.0	0.0	0.0	0.0
SNHG8	na	0.07566872341469494	0.15316188096954234	0.03871879838848154	0.05541060427133308	0.06516807606951344	0.09414745482066267	0.15562134904076416
METTL14	na	0.0	0.0	0.0	0.0	0.0	0.0	0.0
SEC24D	na	0.0	0.0	0.0	0.0	0.0	0.0	0.0
SYNPO2	na	0.0	0.0	0.0	0.0	0.0	0.0	0.0
USP53	na	0.0	0.0	0.0	0.0	0.0	0.0	0.0
C4orf3	na	0.06684877526963708	0.11278307347361748	0.06543377050890309	0.06516428229382798	0.06723847018541175	0.08829677746404482	0.13896829272750527
PDE5A	na	0.0	0.0	0.0	0.0	0.0	0.0	0.0
MAD2L1	na	0.0	0.0	0.0	0.0	0.0	0.0	0.0
ANXA5	na	0.1071789531255223	0.1459778955142402	0.06725539757539738	0.038110759347485874	0.07380009918425749	0.1325038007573078	0.17351393665394504
EXOSC9	na	0.0	0.0	0.0	0.0	0.0	0.0	0.0
CCNA2	na	0.0	0.0	0.0	0.0	0.0	0.0	0.0
BBS7	na	0.0	0.0	0.0	0.0	0.0	0.0	0.0
KIAA1109	na	0.0	0.0	0.0	0.0	0.0	0.0	0.0
NUDT6	na	0.0	0.0	0.0	0.0	0.0	0.0	0.0
SPATA5	na	0.0	0.0	0.0	0.0	0.0	0.0	0.0
SPRY1	na	0.0	0.0	0.0	0.0	0.0	0.0	0.0
ANKRD50	na	0.0	0.0	0.0	0.0	0.0	0.0	0.0
INTU	na	0.0	0.0	0.0	0.0	0.0	0.0	0.0
HSPA4L	na	0.0	0.0	0.0	0.0	0.0	0.0	0.0
PLK4	na	0.0	0.0	0.0	0.0	0.0	0.0	0.0
MFSD8	na	0.0	0.0	0.0	0.0	0.0	0.0	0.0
ABHD18	na	0.0	0.0	0.0	0.0	0.0	0.0	0.0
LARP1B	na	0.0	0.0	0.0	0.0	0.0	0.0	0.0
PGRMC2	na	0.0761981843260263	0.09470370659931997	0.07688057377105927	0.046787273354937424	0.06133147336453737	0.0716016659890357	0.13125765760101493
AC108062.1	na	0.0	0.0	0.0	0.0	0.0	0.0	0.0
JADE1	na	0.0	0.0	0.0	0.0	0.0	0.0	0.0
SCLT1	na	0.0	0.0	0.0	0.0	0.0	0.0	0.0
C4orf33	na	0.0	0.0	0.0	0.0	0.0	0.0	0.0
PCDH18	na	0.0	0.0	0.0	0.0	0.0	0.0	0.0
NOCT	na	0.0	0.0	0.0	0.0	0.0	0.0	0.0
ELF2	na	0.0	0.0	0.0	0.0	0.0	0.0	0.0
NDUFC1	na	0.1646338557303463	0.30524045565762936	0.0894251457243314	0.02011332047860192	0.11136324898710982	0.21073483165642476	0.3100769094974946
NAA15	na	0.0	0.0	0.0	0.0	0.0	0.0	0.0
AC097376.2	na	0.0	0.0	0.0	0.0	0.0	0.0	0.0
RAB33B	na	0.0	0.0	0.0	0.0	0.0	0.0	0.0
SETD7	na	0.0	0.0	0.0	0.0	0.0	0.0	0.0
MGST2	na	0.0	0.0	0.0	0.0	0.0	0.0	0.0
MAML3	na	0.0	0.0	0.0	0.0	0.0	0.0	0.0
SCOC	na	0.04673870540884733	0.07397951647955979	0.056382035856628474	0.038905509635135886	0.04878933808750224	0.05619838334305613	0.08913849425353881
SCOC-AS1	na	0.0	0.0	0.0	0.0	0.0	0.0	0.0
CLGN	na	0.0	0.0	0.0	0.0	0.0	0.0	0.0
ELMOD2	na	0.0	0.0	0.0	0.0	0.0	0.0	0.0
TBC1D9	na	0.08218328732815777	0.08413469829747423	0.0922511180656996	0.054107752522015974	0.06899872171114067	0.06712154274789799	0.12582065206520224
AC096733.2	na	0.0	0.0	0.0	0.0	0.0	0.0	0.0
ZNF330	na	0.0	0.0	0.0	0.0	0.0	0.0	0.0
IL15	na	0.0	0.0	0.0	0.0	0.0	0.0	0.0
INPP4B	na	0.0	0.0	0.0	0.0	0.0	0.0	0.0
USP38	na	0.0	0.0	0.0	0.0	0.0	0.0	0.0
GAB1	na	0.0	0.0	0.0	0.0	0.0	0.0	0.0
SMARCA5	na	0.04293792255437277	0.06988045909797233	0.05923537633560351	0.039203865217252755	0.05034142040623532	0.06590882973166204	0.10190882287781083
ANAPC10	na	0.0	0.0	0.0	0.0	0.0	0.0	0.0
ABCE1	na	0.0	0.0	0.0	0.0	0.0	0.0	0.0
OTUD4	na	0.0	0.0	0.0	0.0	0.0	0.0	0.0
SMAD1	na	0.0	0.0	0.0	0.0	0.0	0.0	0.0
MMAA	na	0.0	0.0	0.0	0.0	0.0	0.0	0.0
ZNF827	na	0.0	0.0	0.0	0.0	0.0	0.0	0.0
LSM6	na	0.0	0.0	0.0	0.0	0.0	0.0	0.0
SLC10A7	na	0.0	0.0	0.0	0.0	0.0	0.0	0.0
EDNRA	na	0.0	0.0	0.0	0.0	0.0	0.0	0.0
TMEM184C	na	0.0	0.0	0.0	0.0	0.0	0.0	0.0
PRMT9	na	0.0	0.0	0.0	0.0	0.0	0.0	0.0
ARHGAP10	na	0.0	0.0	0.0	0.0	0.0	0.0	0.0
NR3C2	na	0.0	0.0	0.0	0.0	0.0	0.0	0.0
DCLK2	na	0.0	0.0	0.0	0.0	0.0	0.0	0.0
LRBA	na	0.04896864498749333	0.0543077189005621	0.05821648050154427	0.049328880390107126	0.04615372315016622	0.05629150141226442	0.09405302123096192
RPS3A	na	0.7451776518689021	1.577703082669406	0.12224766155932963	0.18794103256798755	0.40150416124198074	0.981040049677557	1.339336625063393
SH3D19	na	0.0	0.0	0.0	0.0	0.0	0.0	0.0
FAM160A1	na	0.0	0.0	0.0	0.0	0.0	0.0	0.0
AC092611.2	na	0.0	0.0	0.0	0.0	0.0	0.0	0.0
GATB	na	0.0	0.0	0.0	0.0	0.0	0.0	0.0
FBXW7	na	0.0	0.0	0.0	0.0	0.0	0.0	0.0
TMEM154	na	0.0	0.0	0.0	0.0	0.0	0.0	0.0
ARFIP1	na	0.0	0.0	0.0	0.0	0.0	0.0	0.0
FHDC1	na	0.0	0.0	0.0	0.0	0.0	0.0	0.0
TRIM2	na	0.0	0.0	0.0	0.0	0.0	0.0	0.0
MND1	na	0.0	0.0	0.0	0.0	0.0	0.0	0.0
TMEM131L	na	0.0	0.0	0.0	0.0	0.0	0.0	0.0
TLR2	na	0.0	0.0	0.0	0.0	0.0	0.0	0.0
SFRP2	na	0.09156553603535175	0.13299942054736766	0.06339279896653667	0.015462854189233596	0.0666993511193579	0.1121244854011365	0.1371405205906527
PLRG1	na	0.0	0.0	0.0	0.0	0.0	0.0	0.0
MAP9	na	0.0	0.0	0.0	0.0	0.0	0.0	0.0
GUCY1A1	na	0.0	0.0	0.0	0.0	0.0	0.0	0.0
GUCY1B1	na	0.0	0.0	0.0	0.0	0.0	0.0	0.0
TDO2	na	0.0	0.0	0.0	0.0	0.0	0.0	0.0
CTSO	na	0.0	0.0	0.0	0.0	0.0	0.0	0.0
PDGFC	na	0.0	0.0	0.0	0.0	0.0	0.0	0.0
FAM198B	na	0.0	0.0	0.0	0.0	0.0	0.0	0.0
FAM198B-AS1	na	0.0	0.0	0.0	0.0	0.0	0.0	0.0
TMEM144	na	0.0	0.0	0.0	0.0	0.0	0.0	0.0
C4orf46	na	0.0	0.0	0.0	0.0	0.0	0.0	0.0
ETFDH	na	0.0	0.0	0.0	0.0	0.0	0.0	0.0
PPID	na	0.0	0.0	0.0	0.0	0.0	0.0	0.0
FNIP2	na	0.0	0.0	0.0	0.0	0.0	0.0	0.0
RAPGEF2	na	0.0	0.0	0.0	0.0	0.0	0.0	0.0
NAF1	na	0.0	0.0	0.0	0.0	0.0	0.0	0.0
TMA16	na	0.0	0.0	0.0	0.0	0.0	0.0	0.0
MARCH1	na	0.0	0.0	0.0	0.0	0.0	0.0	0.0
AC093788.1	na	0.0	0.0	0.0	0.0	0.0	0.0	0.0
TMEM192	na	0.0	0.0	0.0	0.0	0.0	0.0	0.0
KLHL2	na	0.0	0.0	0.0	0.0	0.0	0.0	0.0
MSMO1	na	0.0	0.0	0.0	0.0	0.0	0.0	0.0
CPE	na	0.05335448742246735	0.049608706148599385	0.09393903775825524	0.06234389797365666	0.058555179068092704	0.0516974160981556	0.0971721096024189
DDX60	na	0.0	0.0	0.0	0.0	0.0	0.0	0.0
DDX60L	na	0.0	0.0	0.0	0.0	0.0	0.0	0.0
PALLD	na	0.0	0.0	0.0	0.0	0.0	0.0	0.0
CBR4	na	0.0	0.0	0.0	0.0	0.0	0.0	0.0
SH3RF1	na	0.0	0.0	0.0	0.0	0.0	0.0	0.0
NEK1	na	0.0	0.0	0.0	0.0	0.0	0.0	0.0
CLCN3	na	0.0	0.0	0.0	0.0	0.0	0.0	0.0
HPF1	na	0.0	0.0	0.0	0.0	0.0	0.0	0.0
MFAP3L	na	0.0	0.0	0.0	0.0	0.0	0.0	0.0
GALNTL6	na	0.0	0.0	0.0	0.0	0.0	0.0	0.0
GALNT7	na	0.07209246685967431	0.07266459115668134	0.08992101406801277	0.060549541641056887	0.0639754417376224	0.06986326353436945	0.12283288476747949
HMGB2	na	0.07482749813364205	0.09606132014828066	0.07422872100300942	0.04972876799904689	0.0630000908115729	0.09241108389926592	0.12863124045638646
AC097534.2	na	0.0	0.0	0.0	0.0	0.0	0.0	0.0
SAP30	na	0.0	0.0	0.0	0.0	0.0	0.0	0.0
FBXO8	na	0.0	0.0	0.0	0.0	0.0	0.0	0.0
CEP44	na	0.0	0.0	0.0	0.0	0.0	0.0	0.0
SPCS3	na	0.0	0.0	0.0	0.0	0.0	0.0	0.0
VEGFC	na	0.0	0.0	0.0	0.0	0.0	0.0	0.0
NEIL3	na	0.0	0.0	0.0	0.0	0.0	0.0	0.0
AGA	na	0.0	0.0	0.0	0.0	0.0	0.0	0.0
TENM3	na	0.0	0.0	0.0	0.0	0.0	0.0	0.0
DCTD	na	0.0	0.0	0.0	0.0	0.0	0.0	0.0
WWC2	na	0.0	0.0	0.0	0.0	0.0	0.0	0.0
CDKN2AIP	na	0.0	0.0	0.0	0.0	0.0	0.0	0.0
ING2	na	0.0	0.0	0.0	0.0	0.0	0.0	0.0
AC107214.2	na	0.0	0.0	0.0	0.0	0.0	0.0	0.0
RWDD4	na	0.0	0.0	0.0	0.0	0.0	0.0	0.0
TRAPPC11	na	0.0	0.0	0.0	0.0	0.0	0.0	0.0
LINC02362	na	0.0	0.0	0.0	0.0	0.0	0.0	0.0
IRF2	na	0.0	0.0	0.0	0.0	0.0	0.0	0.0
CASP3	na	0.0	0.0	0.0	0.0	0.0	0.0	0.0
PRIMPOL	na	0.0	0.0	0.0	0.0	0.0	0.0	0.0
CENPU	na	0.0	0.0	0.0	0.0	0.0	0.0	0.0
ACSL1	na	0.0	0.0	0.0	0.0	0.0	0.0	0.0
SLC25A4	na	0.05230288718589893	0.0753315205164247	0.04965953728386825	0.04849434999867268	0.045325335313447374	0.0649663632505347	0.07914123578623275
CFAP97	na	0.0	0.0	0.0	0.0	0.0	0.0	0.0
SNX25	na	0.0	0.0	0.0	0.0	0.0	0.0	0.0
LRP2BP	na	0.0	0.0	0.0	0.0	0.0	0.0	0.0
ANKRD37	na	0.0	0.0	0.0	0.0	0.0	0.0	0.0
UFSP2	na	0.0	0.0	0.0	0.0	0.0	0.0	0.0
CCDC110	na	0.0	0.0	0.0	0.0	0.0	0.0	0.0
AC106897.1	na	0.0	0.0	0.0	0.0	0.0	0.0	0.0
PDLIM3	na	0.0	0.0	0.0	0.0	0.0	0.0	0.0
SORBS2	na	0.0	0.0	0.0	0.0	0.0	0.0	0.0
TLR3	na	0.0	0.0	0.0	0.0	0.0	0.0	0.0
CYP4V2	na	0.0	0.0	0.0	0.0	0.0	0.0	0.0
FAT1	na	0.0	0.0	0.0	0.0	0.0	0.0	0.0
TRIML2	na	0.0	0.0	0.0	0.0	0.0	0.0	0.0
FRG1	na	0.0	0.0	0.0	0.0	0.0	0.0	0.0
CCDC127	na	0.0	0.0	0.0	0.0	0.0	0.0	0.0
SDHA	na	0.07713533530411074	0.09517121755159895	0.06860793558961789	0.052928631233136784	0.05986300513162549	0.08225798470329028	0.10991478961155972
PDCD6	na	0.10488696019907538	0.19936082898121152	0.05094897530973887	0.10305739581674951	0.08882260577758637	0.20458005292817505	0.16953255659402555
AHRR	na	0.0	0.0	0.0	0.0	0.0	0.0	0.0
EXOC3-AS1	na	0.0	0.0	0.0	0.0	0.0	0.0	0.0
EXOC3	na	0.0	0.0	0.0	0.0	0.0	0.0	0.0
SLC9A3	na	0.0	0.0	0.0	0.0	0.0	0.0	0.0
CEP72	na	0.0	0.0	0.0	0.0	0.0	0.0	0.0
TPPP	na	0.0	0.0	0.0	0.0	0.0	0.0	0.0
AC026740.1	na	0.0	0.0	0.0	0.0	0.0	0.0	0.0
ZDHHC11B	na	0.0	0.0	0.0	0.0	0.0	0.0	0.0
ZDHHC11	na	0.0	0.0	0.0	0.0	0.0	0.0	0.0
BRD9	na	0.0	0.0	0.0	0.0	0.0	0.0	0.0
TRIP13	na	0.0	0.0	0.0	0.0	0.0	0.0	0.0
NKD2	na	0.0	0.0	0.0	0.0	0.0	0.0	0.0
SLC12A7	na	0.04555763973272417	0.04356440965671221	0.07469948231233742	0.0857450776616257	0.06097400527572197	0.05704077222086622	0.08472115229597181
CLPTM1L	na	0.06632919763406836	0.10550988509767148	0.0650227636560259	0.1111906123824678	0.07259554945209731	0.0949614974392563	0.09773547948753089
SLC6A3	na	0.0	0.0	0.0	0.0	0.0	0.0	0.0
LPCAT1	na	0.07935193113488494	0.05276911369183167	0.12438397839534475	0.15272852734785297	0.09526825592484116	0.089323458998159	0.10839848219324344
MRPL36	na	0.05612629629448047	0.09943347600881756	0.039024558453845275	0.05276310711988302	0.051451548711447345	0.0774771469315108	0.0910811846228785
NDUFS6	na	0.16251793709914944	0.29042888980605924	0.09004486617057864	0.12049614956189225	0.12232709988439484	0.24169171447413476	0.2964481715523459
IRX4	na	0.0	0.0	0.0	0.0	0.0	0.0	0.0
AC025183.1	na	0.0	0.0	0.0	0.0	0.0	0.0	0.0
IRX2	na	0.0518314280578151	0.10262713527069546	0.04143522528400126	0.07467659065832603	0.05886905582100852	0.09450638205945981	0.09558960924118153
C5orf38	na	0.0	0.0	0.0	0.0	0.0	0.0	0.0
ADAMTS16	na	0.0	0.0	0.0	0.0	0.0	0.0	0.0
ICE1	na	0.0	0.0	0.0	0.0	0.0	0.0	0.0
MED10	na	0.0	0.0	0.0	0.0	0.0	0.0	0.0
UBE2QL1	na	0.0	0.0	0.0	0.0	0.0	0.0	0.0
NSUN2	na	0.0	0.0	0.0	0.0	0.0	0.0	0.0
SRD5A1	na	0.0	0.0	0.0	0.0	0.0	0.0	0.0
TENT4A	na	0.0	0.0	0.0	0.0	0.0	0.0	0.0
C5orf49	na	0.0	0.0	0.0	0.0	0.0	0.0	0.0
MTRR	na	0.0	0.0	0.0	0.0	0.0	0.0	0.0
FASTKD3	na	0.0	0.0	0.0	0.0	0.0	0.0	0.0
MIR4458HG	na	0.06037027869825173	0.14998066069988877	0.04059142442657655	0.06535926844339347	0.06948442036680877	0.14632934544551104	0.14040541320519975
SEMA5A	na	0.0	0.0	0.0	0.0	0.0	0.0	0.0
SNHG18	na	0.0	0.0	0.0	0.0	0.0	0.0	0.0
FAM173B	na	0.0	0.0	0.0	0.0	0.0	0.0	0.0
CCT5	na	0.09818780791591064	0.21663845980218652	0.06705426570276378	0.08282712102524217	0.09720806617298659	0.1859456888858263	0.20749179937127463
AC012640.4	na	0.0	0.0	0.0	0.0	0.0	0.0	0.0
CMBL	na	0.07137242518663744	0.09546073422505824	0.05680838479267583	0.057401358197139374	0.060222126771534906	0.08645022851998822	0.12107799402241483
AC012640.2	na	0.0	0.0	0.0	0.0	0.0	0.0	0.0
MARCH6	na	0.062192799440223885	0.0809146942301028	0.08168130808896489	0.06915751407039211	0.06451019863402996	0.07412657695363845	0.10043937428909046
ROPN1L	na	0.0	0.0	0.0	0.0	0.0	0.0	0.0
DAP	na	0.0500739814936096	0.10952107429585461	0.048004305130145176	0.06480229096671981	0.05826534608954061	0.11759899770726905	0.1216220347114644
CTNND2	na	0.0	0.0	0.0	0.0	0.0	0.0	0.0
DNAH5	na	0.0	0.0	0.0	0.0	0.0	0.0	0.0
TRIO	na	0.05694772474439413	0.05101539895908073	0.051830801759258895	0.05551332896086755	0.04573911880272541	0.05881882108050377	0.0691146974023349
OTULINL	na	0.0	0.0	0.0	0.0	0.0	0.0	0.0
OTULIN	na	0.0	0.0	0.0	0.0	0.0	0.0	0.0
ANKH	na	0.0	0.0	0.0	0.0	0.0	0.0	0.0
FBXL7	na	0.0	0.0	0.0	0.0	0.0	0.0	0.0
ZNF622	na	0.0	0.0	0.0	0.0	0.0	0.0	0.0
RETREG1	na	0.0	0.0	0.0	0.0	0.0	0.0	0.0
MYO10	na	0.051619207841675716	0.06283697843239924	0.05506793041824078	0.048299872901235434	0.04737024663839883	0.07865358071945254	0.09249659192472433
BASP1	na	0.0	0.0	0.0	0.0	0.0	0.0	0.0
CDH6	na	0.0	0.0	0.0	0.0	0.0	0.0	0.0
DROSHA	na	0.0	0.0	0.0	0.0	0.0	0.0	0.0
C5orf22	na	0.0	0.0	0.0	0.0	0.0	0.0	0.0
PDZD2	na	0.0	0.0	0.0	0.0	0.0	0.0	0.0
GOLPH3	na	0.09117386089862722	0.19508997246752557	0.06797431295880832	0.08251378546964958	0.08790886064888391	0.18037652198829587	0.16435965091442997
AC025181.2	na	0.0	0.0	0.0	0.0	0.0	0.0	0.0
MTMR12	na	0.0	0.0	0.0	0.0	0.0	0.0	0.0
ZFR	na	0.03971620951995821	0.07237937528846349	0.04763192265345353	0.048680087729855874	0.04550880632666087	0.05909224992187469	0.08539030423362477
SUB1	na	0.12589412737895242	0.34570214384300824	0.04733133280530228	0.12668963712794576	0.12107683752292499	0.2557120697224025	0.2751704922306972
NPR3	na	0.0	0.0	0.0	0.0	0.0	0.0	0.0
AC034231.1	na	0.0	0.0	0.0	0.0	0.0	0.0	0.0
TARS	na	0.0	0.0	0.0	0.0	0.0	0.0	0.0
ADAMTS12	na	0.0	0.0	0.0	0.0	0.0	0.0	0.0
AMACR	na	0.0	0.0	0.0	0.0	0.0	0.0	0.0
C1QTNF3	na	0.0	0.0	0.0	0.0	0.0	0.0	0.0
RAI14	na	0.0	0.0	0.0	0.0	0.0	0.0	0.0
AC026801.2	na	0.0	0.0	0.0	0.0	0.0	0.0	0.0
RAD1	na	0.0	0.0	0.0	0.0	0.0	0.0	0.0
BRIX1	na	0.0	0.0	0.0	0.0	0.0	0.0	0.0
DNAJC21	na	0.0	0.0	0.0	0.0	0.0	0.0	0.0
PRLR	na	0.055579124273273106	0.0708932420657956	0.05536154339630199	0.05969774876251556	0.049986715847559114	0.06566784617255342	0.08434591390085229
SPEF2	na	0.0	0.0	0.0	0.0	0.0	0.0	0.0
IL7R	na	0.0	0.0	0.0	0.0	0.0	0.0	0.0
LMBRD2	na	0.0	0.0	0.0	0.0	0.0	0.0	0.0
SKP2	na	0.0	0.0	0.0	0.0	0.0	0.0	0.0
NADK2	na	0.0	0.0	0.0	0.0	0.0	0.0	0.0
SLC1A3	na	0.0	0.0	0.0	0.0	0.0	0.0	0.0
NIPBL	na	0.0	0.0	0.0	0.0	0.0	0.0	0.0
CPLANE1	na	0.0	0.0	0.0	0.0	0.0	0.0	0.0
NUP155	na	0.0	0.0	0.0	0.0	0.0	0.0	0.0
WDR70	na	0.0	0.0	0.0	0.0	0.0	0.0	0.0
EGFLAM	na	0.0	0.0	0.0	0.0	0.0	0.0	0.0
LIFR	na	0.0	0.0	0.0	0.0	0.0	0.0	0.0
LIFR-AS1	na	0.0	0.0	0.0	0.0	0.0	0.0	0.0
OSMR	na	0.0	0.0	0.0	0.0	0.0	0.0	0.0
RICTOR	na	0.0	0.0	0.0	0.0	0.0	0.0	0.0
FYB1	na	0.0	0.0	0.0	0.0	0.0	0.0	0.0
DAB2	na	0.0	0.0	0.0	0.0	0.0	0.0	0.0
TTC33	na	0.0	0.0	0.0	0.0	0.0	0.0	0.0
PTGER4	na	0.0	0.0	0.0	0.0	0.0	0.0	0.0
PRKAA1	na	0.0	0.0	0.0	0.0	0.0	0.0	0.0
RPL37	na	2.410658844895057	7.843058330638402	2.276523864901283e-18	0.018799357664376518	1.3755670669153053	6.3961926241583615	5.003042010248539
CARD6	na	0.0	0.0	0.0	0.0	0.0	0.0	0.0
OXCT1	na	0.0	0.0	0.0	0.0	0.0	0.0	0.0
C5orf51	na	0.0	0.0	0.0	0.0	0.0	0.0	0.0
FBXO4	na	0.0	0.0	0.0	0.0	0.0	0.0	0.0
GHR	na	0.0	0.0	0.0	0.0	0.0	0.0	0.0
CCDC152	na	0.0	0.0	0.0	0.0	0.0	0.0	0.0
SELENOP	na	0.0765532892333261	0.09668716679503427	0.07359886247308323	0.04591762497847364	0.0663347493040895	0.08703720882788578	0.15044935341980767
ANXA2R	na	0.0	0.0	0.0	0.0	0.0	0.0	0.0
ZNF131	na	0.0	0.0	0.0	0.0	0.0	0.0	0.0
AC114947.2	na	0.0	0.0	0.0	0.0	0.0	0.0	0.0
HMGCS1	na	0.039008181175201044	0.09935697895519148	0.04372570129844148	0.07066105081418114	0.05437774790144339	0.09004396602672964	0.11382119494795852
CCL28	na	0.0	0.0	0.0	0.0	0.0	0.0	0.0
TMEM267	na	0.0	0.0	0.0	0.0	0.0	0.0	0.0
C5orf34	na	0.0	0.0	0.0	0.0	0.0	0.0	0.0
PAIP1	na	0.06536259569299012	0.11036640677696785	0.05523178568014723	0.051371930230961434	0.05909959676571105	0.10444612985189836	0.1175950814242635
NNT-AS1	na	0.0	0.0	0.0	0.0	0.0	0.0	0.0
NNT	na	0.0	0.0	0.0	0.0	0.0	0.0	0.0
MRPS30	na	0.0	0.0	0.0	0.0	0.0	0.0	0.0
AC093297.2	na	0.0	0.0	0.0	0.0	0.0	0.0	0.0
EMB	na	0.0	0.0	0.0	0.0	0.0	0.0	0.0
PARP8	na	0.0	0.0	0.0	0.0	0.0	0.0	0.0
ITGA1	na	0.0	0.0	0.0	0.0	0.0	0.0	0.0
PELO	na	0.0	0.0	0.0	0.0	0.0	0.0	0.0
ITGA2	na	0.0	0.0	0.0	0.0	0.0	0.0	0.0
MOCS2	na	0.0	0.0	0.0	0.0	0.0	0.0	0.0
FST	na	0.0	0.0	0.0	0.0	0.0	0.0	0.0
NDUFS4	na	0.0	0.0	0.0	0.0	0.0	0.0	0.0
ARL15	na	0.0	0.0	0.0	0.0	0.0	0.0	0.0
SNX18	na	0.0	0.0	0.0	0.0	0.0	0.0	0.0
ESM1	na	0.0	0.0	0.0	0.0	0.0	0.0	0.0
GZMK	na	0.0	0.0	0.0	0.0	0.0	0.0	0.0
GZMA	na	0.0	0.0	0.0	0.0	0.0	0.0	0.0
GPX8	na	0.0	0.0	0.0	0.0	0.0	0.0	0.0
MCIDAS	na	0.0	0.0	0.0	0.0	0.0	0.0	0.0
CCNO	na	0.0	0.0	0.0	0.0	0.0	0.0	0.0
DHX29	na	0.0	0.0	0.0	0.0	0.0	0.0	0.0
MTREX	na	0.0	0.0	0.0	0.0	0.0	0.0	0.0
PLPP1	na	0.0	0.0	0.0	0.0	0.0	0.0	0.0
SLC38A9	na	0.0	0.0	0.0	0.0	0.0	0.0	0.0
IL6ST	na	0.0	0.0	0.0	0.0	0.0	0.0	0.0
MAP3K1	na	0.0	0.0	0.0	0.0	0.0	0.0	0.0
SETD9	na	0.0	0.0	0.0	0.0	0.0	0.0	0.0
MIER3	na	0.0	0.0	0.0	0.0	0.0	0.0	0.0
GPBP1	na	0.0	0.0	0.0	0.0	0.0	0.0	0.0
PLK2	na	0.0	0.0	0.0	0.0	0.0	0.0	0.0
GAPT	na	0.0	0.0	0.0	0.0	0.0	0.0	0.0
PDE4D	na	0.0	0.0	0.0	0.0	0.0	0.0	0.0
PART1	na	0.0	0.0	0.0	0.0	0.0	0.0	0.0
DEPDC1B	na	0.0	0.0	0.0	0.0	0.0	0.0	0.0
ELOVL7	na	0.0	0.0	0.0	0.0	0.0	0.0	0.0
ERCC8	na	0.0	0.0	0.0	0.0	0.0	0.0	0.0
NDUFAF2	na	0.0	0.0	0.0	0.0	0.0	0.0	0.0
SMIM15	na	0.0	0.0	0.0	0.0	0.0	0.0	0.0
ZSWIM6	na	0.0	0.0	0.0	0.0	0.0	0.0	0.0
KIF2A	na	0.0	0.0	0.0	0.0	0.0	0.0	0.0
DIMT1	na	0.0	0.0	0.0	0.0	0.0	0.0	0.0
IPO11	na	0.0	0.0	0.0	0.0	0.0	0.0	0.0
SREK1IP1	na	0.0	0.0	0.0	0.0	0.0	0.0	0.0
CWC27	na	0.0	0.0	0.0	0.0	0.0	0.0	0.0
ADAMTS6	na	0.0	0.0	0.0	0.0	0.0	0.0	0.0
CENPK	na	0.0	0.0	0.0	0.0	0.0	0.0	0.0
PPWD1	na	0.0	0.0	0.0	0.0	0.0	0.0	0.0
TRIM23	na	0.0	0.0	0.0	0.0	0.0	0.0	0.0
TRAPPC13	na	0.0	0.0	0.0	0.0	0.0	0.0	0.0
SHLD3	na	0.0	0.0	0.0	0.0	0.0	0.0	0.0
SGTB	na	0.0	0.0	0.0	0.0	0.0	0.0	0.0
NLN	na	0.0	0.0	0.0	0.0	0.0	0.0	0.0
ERBIN	na	0.0	0.0	0.0	0.0	0.0	0.0	0.0
SREK1	na	0.0	0.0	0.0	0.0	0.0	0.0	0.0
MAST4	na	0.0	0.0	0.0	0.0	0.0	0.0	0.0
CD180	na	0.0	0.0	0.0	0.0	0.0	0.0	0.0
PIK3R1	na	0.0	0.0	0.0	0.0	0.0	0.0	0.0
SLC30A5	na	0.0	0.0	0.0	0.0	0.0	0.0	0.0
CCNB1	na	0.0	0.0	0.0	0.0	0.0	0.0	0.0
CENPH	na	0.0	0.0	0.0	0.0	0.0	0.0	0.0
MRPS36	na	0.0	0.0	0.0	0.0	0.0	0.0	0.0
CDK7	na	0.0	0.0	0.0	0.0	0.0	0.0	0.0
CCDC125	na	0.0	0.0	0.0	0.0	0.0	0.0	0.0
AK6	na	0.0	0.0	0.0	0.0	0.0	0.0	0.0
TAF9	na	0.0	0.0	0.0	0.0	0.0	0.0	0.0
RAD17	na	0.0	0.0	0.0	0.0	0.0	0.0	0.0
MARVELD2	na	0.0	0.0	0.0	0.0	0.0	0.0	0.0
OCLN	na	0.0	0.0	0.0	0.0	0.0	0.0	0.0
GTF2H2C	na	0.0	0.0	0.0	0.0	0.0	0.0	0.0
SMN2	na	0.0	0.0	0.0	0.0	0.0	0.0	0.0
AC146944.4	na	0.0	0.0	0.0	0.0	0.0	0.0	0.0
SMN1	na	0.0	0.0	0.0	0.0	0.0	0.0	0.0
NAIP	na	0.0	0.0	0.0	0.0	0.0	0.0	0.0
GTF2H2	na	0.0	0.0	0.0	0.0	0.0	0.0	0.0
BDP1	na	0.0	0.0	0.0	0.0	0.0	0.0	0.0
MCCC2	na	0.03905272249087624	0.060244265768840496	0.05692225936971591	0.04536593684947831	0.04649762422868121	0.0744906063668899	0.07600689356401802
MAP1B	na	0.0	0.0	0.0	0.0	0.0	0.0	0.0
MRPS27	na	0.0	0.0	0.0	0.0	0.0	0.0	0.0
PTCD2	na	0.0	0.0	0.0	0.0	0.0	0.0	0.0
TNPO1	na	0.0	0.0	0.0	0.0	0.0	0.0	0.0
FCHO2	na	0.0	0.0	0.0	0.0	0.0	0.0	0.0
FOXD1	na	0.0	0.0	0.0	0.0	0.0	0.0	0.0
BTF3	na	0.14865549030437783	0.3740767237625248	0.004287850300978078	0.10941889763946	0.11137168471869016	0.28438967708928675	0.2787355785997998
ANKRA2	na	0.0	0.0	0.0	0.0	0.0	0.0	0.0
UTP15	na	0.0	0.0	0.0	0.0	0.0	0.0	0.0
ARHGEF28	na	0.0	0.0	0.0	0.0	0.0	0.0	0.0
ENC1	na	0.05857950323987594	0.09480740922524697	0.05747294444414909	0.04127910680450314	0.055580733759520114	0.09131071266439604	0.11048787880743907
HEXB	na	0.0	0.0	0.0	0.0	0.0	0.0	0.0
GFM2	na	0.0	0.0	0.0	0.0	0.0	0.0	0.0
NSA2	na	0.052886785682530524	0.08263927937637944	0.03249134287376543	0.045815734503696894	0.05145434697321644	0.08985304478928306	0.0826954253377618
HMGCR	na	0.0	0.0	0.0	0.0	0.0	0.0	0.0
COL4A3BP	na	0.0	0.0	0.0	0.0	0.0	0.0	0.0
POLK	na	0.0	0.0	0.0	0.0	0.0	0.0	0.0
POC5	na	0.0	0.0	0.0	0.0	0.0	0.0	0.0
IQGAP2	na	0.0	0.0	0.0	0.0	0.0	0.0	0.0
F2R	na	0.0	0.0	0.0	0.0	0.0	0.0	0.0
F2RL1	na	0.0	0.0	0.0	0.0	0.0	0.0	0.0
AGGF1	na	0.0	0.0	0.0	0.0	0.0	0.0	0.0
ZBED3	na	0.0	0.0	0.0	0.0	0.0	0.0	0.0
ZBED3-AS1	na	0.0	0.0	0.0	0.0	0.0	0.0	0.0
PDE8B	na	0.0	0.0	0.0	0.0	0.0	0.0	0.0
WDR41	na	0.0	0.0	0.0	0.0	0.0	0.0	0.0
TBCA	na	0.08288362709246408	0.20994042504769408	0.025239905857621408	0.07820859829985273	0.07570500073541193	0.15087825611037056	0.14852707649006827
AP3B1	na	0.0	0.0	0.0	0.0	0.0	0.0	0.0
SCAMP1-AS1	na	0.0	0.0	0.0	0.0	0.0	0.0	0.0
SCAMP1	na	0.0	0.0	0.0	0.0	0.0	0.0	0.0
LHFPL2	na	0.0	0.0	0.0	0.0	0.0	0.0	0.0
ARSB	na	0.0	0.0	0.0	0.0	0.0	0.0	0.0
JMY	na	0.0	0.0	0.0	0.0	0.0	0.0	0.0
HOMER1	na	0.0	0.0	0.0	0.0	0.0	0.0	0.0
TENT2	na	0.0	0.0	0.0	0.0	0.0	0.0	0.0
CMYA5	na	0.0	0.0	0.0	0.0	0.0	0.0	0.0
MTX3	na	0.0	0.0	0.0	0.0	0.0	0.0	0.0
THBS4	na	0.0	0.0	0.0	0.0	0.0	0.0	0.0
SERINC5	na	0.0	0.0	0.0	0.0	0.0	0.0	0.0
ZFYVE16	na	0.0	0.0	0.0	0.0	0.0	0.0	0.0
AC008771.1	na	0.0	0.0	0.0	0.0	0.0	0.0	0.0
FAM151B	na	0.0	0.0	0.0	0.0	0.0	0.0	0.0
ANKRD34B	na	0.0	0.0	0.0	0.0	0.0	0.0	0.0
DHFR	na	0.0	0.0	0.0	0.0	0.0	0.0	0.0
MSH3	na	0.0	0.0	0.0	0.0	0.0	0.0	0.0
RASGRF2	na	0.0	0.0	0.0	0.0	0.0	0.0	0.0
CKMT2-AS1	na	0.0	0.0	0.0	0.0	0.0	0.0	0.0
ZCCHC9	na	0.0	0.0	0.0	0.0	0.0	0.0	0.0
SSBP2	na	0.0	0.0	0.0	0.0	0.0	0.0	0.0
AC026726.1	na	0.0	0.0	0.0	0.0	0.0	0.0	0.0
ATG10	na	0.0	0.0	0.0	0.0	0.0	0.0	0.0
RPS23	na	0.6405289419882729	1.9147565294524032	2.5022667913610494e-27	0.035160751792719123	0.3614499670717756	1.3197757581793832	1.2609929668516093
ATP6AP1L	na	0.0	0.0	0.0	0.0	0.0	0.0	0.0
TMEM167A	na	0.0	0.0	0.0	0.0	0.0	0.0	0.0
XRCC4	na	0.0	0.0	0.0	0.0	0.0	0.0	0.0
VCAN	na	0.0	0.0	0.0	0.0	0.0	0.0	0.0
EDIL3	na	0.0	0.0	0.0	0.0	0.0	0.0	0.0
COX7C	na	0.2775842835912138	0.6935507117820806	0.04946493269095202	0.09345038217480549	0.18275057770112144	0.4661640118778634	0.5287612859464322
RASA1	na	0.0	0.0	0.0	0.0	0.0	0.0	0.0
CCNH	na	0.0	0.0	0.0	0.0	0.0	0.0	0.0
TMEM161B	na	0.0	0.0	0.0	0.0	0.0	0.0	0.0
TMEM161B-AS1	na	0.0	0.0	0.0	0.0	0.0	0.0	0.0
MEF2C	na	0.0	0.0	0.0	0.0	0.0	0.0	0.0
CETN3	na	0.0	0.0	0.0	0.0	0.0	0.0	0.0
MBLAC2	na	0.0	0.0	0.0	0.0	0.0	0.0	0.0
LYSMD3	na	0.0	0.0	0.0	0.0	0.0	0.0	0.0
ADGRV1	na	0.0	0.0	0.0	0.0	0.0	0.0	0.0
ARRDC3	na	0.0	0.0	0.0	0.0	0.0	0.0	0.0
NR2F1-AS1	na	0.0	0.0	0.0	0.0	0.0	0.0	0.0
NR2F1	na	0.0	0.0	0.0	0.0	0.0	0.0	0.0
FAM172A	na	0.0	0.0	0.0	0.0	0.0	0.0	0.0
SLF1	na	0.0	0.0	0.0	0.0	0.0	0.0	0.0
MCTP1	na	0.0	0.0	0.0	0.0	0.0	0.0	0.0
TTC37	na	0.0	0.0	0.0	0.0	0.0	0.0	0.0
ARSK	na	0.0	0.0	0.0	0.0	0.0	0.0	0.0
RHOBTB3	na	0.0	0.0	0.0	0.0	0.0	0.0	0.0
GLRX	na	0.0	0.0	0.0	0.0	0.0	0.0	0.0
ELL2	na	0.0	0.0	0.0	0.0	0.0	0.0	0.0
CAST	na	0.0	0.0	0.0	0.0	0.0	0.0	0.0
ERAP1	na	0.0	0.0	0.0	0.0	0.0	0.0	0.0
ERAP2	na	0.0	0.0	0.0	0.0	0.0	0.0	0.0
LNPEP	na	0.0	0.0	0.0	0.0	0.0	0.0	0.0
RIOK2	na	0.0	0.0	0.0	0.0	0.0	0.0	0.0
RGMB	na	0.0	0.0	0.0	0.0	0.0	0.0	0.0
RGMB-AS1	na	0.0	0.0	0.0	0.0	0.0	0.0	0.0
CHD1	na	0.0	0.0	0.0	0.0	0.0	0.0	0.0
LINC02062	na	0.0	0.0	0.0	0.0	0.0	0.0	0.0
FAM174A	na	0.0	0.0	0.0	0.0	0.0	0.0	0.0
ST8SIA4	na	0.0	0.0	0.0	0.0	0.0	0.0	0.0
PAM	na	0.0	0.0	0.0	0.0	0.0	0.0	0.0
GIN1	na	0.0	0.0	0.0	0.0	0.0	0.0	0.0
PPIP5K2	na	0.0	0.0	0.0	0.0	0.0	0.0	0.0
C5orf30	na	0.0	0.0	0.0	0.0	0.0	0.0	0.0
NUDT12	na	0.0	0.0	0.0	0.0	0.0	0.0	0.0
EFNA5	na	0.0	0.0	0.0	0.0	0.0	0.0	0.0
FBXL17	na	0.0	0.0	0.0	0.0	0.0	0.0	0.0
LINC01023	na	0.0	0.0	0.0	0.0	0.0	0.0	0.0
FER	na	0.0	0.0	0.0	0.0	0.0	0.0	0.0
PJA2	na	0.0	0.0	0.0	0.0	0.0	0.0	0.0
MAN2A1	na	0.0	0.0	0.0	0.0	0.0	0.0	0.0
SLC25A46	na	0.0	0.0	0.0	0.0	0.0	0.0	0.0
WDR36	na	0.0	0.0	0.0	0.0	0.0	0.0	0.0
STARD4	na	0.0	0.0	0.0	0.0	0.0	0.0	0.0
NREP	na	0.0	0.0	0.0	0.0	0.0	0.0	0.0
EPB41L4A	na	0.0	0.0	0.0	0.0	0.0	0.0	0.0
EPB41L4A-AS1	na	0.0	0.0	0.0	0.0	0.0	0.0	0.0
EPB41L4A-DT	na	0.0	0.0	0.0	0.0	0.0	0.0	0.0
APC	na	0.0	0.0	0.0	0.0	0.0	0.0	0.0
SRP19	na	0.0	0.0	0.0	0.0	0.0	0.0	0.0
REEP5	na	0.10291861759542877	0.219945971605221	0.04918261164615935	0.08302404906052627	0.08911304827324001	0.18646222639373677	0.1992327172137487
DCP2	na	0.0	0.0	0.0	0.0	0.0	0.0	0.0
MCC	na	0.0	0.0	0.0	0.0	0.0	0.0	0.0
YTHDC2	na	0.0	0.0	0.0	0.0	0.0	0.0	0.0
TRIM36	na	0.0	0.0	0.0	0.0	0.0	0.0	0.0
PGGT1B	na	0.0	0.0	0.0	0.0	0.0	0.0	0.0
CCDC112	na	0.0	0.0	0.0	0.0	0.0	0.0	0.0
FEM1C	na	0.0	0.0	0.0	0.0	0.0	0.0	0.0
TMED7	na	0.0	0.0	0.0	0.0	0.0	0.0	0.0
ATG12	na	0.0	0.0	0.0	0.0	0.0	0.0	0.0
AP3S1	na	0.04555721296025547	0.0788064292266065	0.0439749815674336	0.05093416332542176	0.04848132354441105	0.07532866102897282	0.08677964502123615
AC034236.2	na	0.0	0.0	0.0	0.0	0.0	0.0	0.0
COMMD10	na	0.0	0.0	0.0	0.0	0.0	0.0	0.0
LINC00992	na	0.0	0.0	0.0	0.0	0.0	0.0	0.0
DTWD2	na	0.0	0.0	0.0	0.0	0.0	0.0	0.0
DMXL1	na	0.0	0.0	0.0	0.0	0.0	0.0	0.0
TNFAIP8	na	0.0	0.0	0.0	0.0	0.0	0.0	0.0
HSD17B4	na	0.0	0.0	0.0	0.0	0.0	0.0	0.0
PRR16	na	0.0	0.0	0.0	0.0	0.0	0.0	0.0
SRFBP1	na	0.0	0.0	0.0	0.0	0.0	0.0	0.0
LOX	na	0.0	0.0	0.0	0.0	0.0	0.0	0.0
SNX2	na	0.0	0.0	0.0	0.0	0.0	0.0	0.0
SNX24	na	0.0	0.0	0.0	0.0	0.0	0.0	0.0
PPIC	na	0.0	0.0	0.0	0.0	0.0	0.0	0.0
CEP120	na	0.0	0.0	0.0	0.0	0.0	0.0	0.0
CSNK1G3	na	0.0	0.0	0.0	0.0	0.0	0.0	0.0
GRAMD2B	na	0.0	0.0	0.0	0.0	0.0	0.0	0.0
ALDH7A1	na	0.037007534124843255	0.08552461029853002	0.04511157670722793	0.048852534289502716	0.048750158053431254	0.07798450809124914	0.10380711157122426
PHAX	na	0.0	0.0	0.0	0.0	0.0	0.0	0.0
LMNB1	na	0.0	0.0	0.0	0.0	0.0	0.0	0.0
MARCH3	na	0.0	0.0	0.0	0.0	0.0	0.0	0.0
C5orf63	na	0.0	0.0	0.0	0.0	0.0	0.0	0.0
PRRC1	na	0.0	0.0	0.0	0.0	0.0	0.0	0.0
LINC01184	na	0.0	0.0	0.0	0.0	0.0	0.0	0.0
SLC12A2	na	0.05044600185353508	0.05584807120187089	0.06286426038025163	0.05571174961354343	0.051307295445524925	0.060772196451837665	0.08892461649703659
FBN2	na	0.0	0.0	0.0	0.0	0.0	0.0	0.0
ISOC1	na	0.0	0.0	0.0	0.0	0.0	0.0	0.0
CHSY3	na	0.0	0.0	0.0	0.0	0.0	0.0	0.0
HINT1	na	0.2069961558077713	0.6069083833103994	0.034637543308612156	0.1421724808430076	0.1693787975098927	0.42726087343193814	0.45089932408312733
LYRM7	na	0.0	0.0	0.0	0.0	0.0	0.0	0.0
CDC42SE2	na	0.0	0.0	0.0	0.0	0.0	0.0	0.0
RAPGEF6	na	0.0	0.0	0.0	0.0	0.0	0.0	0.0
FNIP1	na	0.0	0.0	0.0	0.0	0.0	0.0	0.0
P4HA2	na	0.0	0.0	0.0	0.0	0.0	0.0	0.0
PDLIM4	na	0.0	0.0	0.0	0.0	0.0	0.0	0.0
SLC22A4	na	0.0	0.0	0.0	0.0	0.0	0.0	0.0
SLC22A5	na	0.0	0.0	0.0	0.0	0.0	0.0	0.0
IRF1	na	0.0	0.0	0.0	0.0	0.0	0.0	0.0
RAD50	na	0.0	0.0	0.0	0.0	0.0	0.0	0.0
KIF3A	na	0.0	0.0	0.0	0.0	0.0	0.0	0.0
SEPT8	na	0.0	0.0	0.0	0.0	0.0	0.0	0.0
SOWAHA	na	0.0	0.0	0.0	0.0	0.0	0.0	0.0
SHROOM1	na	0.0	0.0	0.0	0.0	0.0	0.0	0.0
UQCRQ	na	0.416743165947934	1.0256764433468109	0.029137254556145614	0.12583731723152033	0.2545991498831011	0.7541051262234879	0.7851913871104916
AFF4	na	0.0	0.0	0.0	0.0	0.0	0.0	0.0
ZCCHC10	na	0.0	0.0	0.0	0.0	0.0	0.0	0.0
HSPA4	na	0.0	0.0	0.0	0.0	0.0	0.0	0.0
FSTL4	na	0.0	0.0	0.0	0.0	0.0	0.0	0.0
AC010307.4	na	0.0	0.0	0.0	0.0	0.0	0.0	0.0
C5orf15	na	0.0	0.0	0.0	0.0	0.0	0.0	0.0
VDAC1	na	0.06262519199627528	0.0949352245745803	0.05598880052998436	0.03697137430176774	0.05972003781339288	0.12298598225797551	0.12170440802917785
AC008608.2	na	0.0	0.0	0.0	0.0	0.0	0.0	0.0
TCF7	na	0.0	0.0	0.0	0.0	0.0	0.0	0.0
SKP1	na	0.13511205885377375	0.33657964688547903	0.06607034165447268	0.09607811772201498	0.11167724118485213	0.20087525514298166	0.2633699093128711
PPP2CA	na	0.032919195865137064	0.0735337346263257	0.05318105108734276	0.05139134056810882	0.04854821140992073	0.061807570912229354	0.09289902502275511
CDKL3	na	0.0	0.0	0.0	0.0	0.0	0.0	0.0
UBE2B	na	0.05025055388566131	0.06392177341360143	0.046214146641621184	0.041978181295120896	0.04932929843970836	0.07809053090310465	0.0870826243190382
CDKN2AIPNL	na	0.0	0.0	0.0	0.0	0.0	0.0	0.0
JADE2	na	0.0	0.0	0.0	0.0	0.0	0.0	0.0
SAR1B	na	0.0	0.0	0.0	0.0	0.0	0.0	0.0
SEC24A	na	0.0	0.0	0.0	0.0	0.0	0.0	0.0
CAMLG	na	0.0	0.0	0.0	0.0	0.0	0.0	0.0
DDX46	na	0.0	0.0	0.0	0.0	0.0	0.0	0.0
C5orf24	na	0.0	0.0	0.0	0.0	0.0	0.0	0.0
TXNDC15	na	0.0	0.0	0.0	0.0	0.0	0.0	0.0
PCBD2	na	0.0	0.0	0.0	0.0	0.0	0.0	0.0
CATSPER3	na	0.0	0.0	0.0	0.0	0.0	0.0	0.0
PITX1	na	0.0	0.0	0.0	0.0	0.0	0.0	0.0
C5orf66-AS1	na	0.0	0.0	0.0	0.0	0.0	0.0	0.0
H2AFY	na	0.055394237267661135	0.13638829278410788	0.0476989835007388	0.07379902560702525	0.07076212838808361	0.11537504524384298	0.1330729863415197
CXCL14	na	0.0	0.0	0.0	0.0	0.0	0.0	0.0
SLC25A48	na	0.0	0.0	0.0	0.0	0.0	0.0	0.0
TGFBI	na	0.043507983598334	0.11065600751478089	0.031059010993966445	0.055213248367871164	0.05689374940962414	0.10687451373017136	0.09658479583602923
SMAD5	na	0.0	0.0	0.0	0.0	0.0	0.0	0.0
SPOCK1	na	0.0	0.0	0.0	0.0	0.0	0.0	0.0
KLHL3	na	0.0	0.0	0.0	0.0	0.0	0.0	0.0
HNRNPA0	na	0.05239538962250868	0.06978318427409747	0.06924639468971809	0.050746778678136595	0.054879728185846195	0.0776804029701358	0.09494638359717061
FAM13B	na	0.0	0.0	0.0	0.0	0.0	0.0	0.0
BRD8	na	0.0	0.0	0.0	0.0	0.0	0.0	0.0
KIF20A	na	0.0	0.0	0.0	0.0	0.0	0.0	0.0
CDC23	na	0.0	0.0	0.0	0.0	0.0	0.0	0.0
CDC25C	na	0.0	0.0	0.0	0.0	0.0	0.0	0.0
FAM53C	na	0.0	0.0	0.0	0.0	0.0	0.0	0.0
KDM3B	na	0.0	0.0	0.0	0.0	0.0	0.0	0.0
EGR1	na	0.0	0.0	0.0	0.0	0.0	0.0	0.0
ETF1	na	0.0	0.0	0.0	0.0	0.0	0.0	0.0
HSPA9	na	0.0842984724026879	0.17521440248347822	0.07595671567635073	0.05191603855792612	0.07698378421995827	0.11809183431864306	0.1829016155515841
CTNNA1	na	0.09087755277992395	0.15613104718040777	0.052025974235440045	0.048687799107346615	0.06927650016645676	0.1235514759438932	0.14979542081779781
AC034243.1	na	0.0	0.0	0.0	0.0	0.0	0.0	0.0
SIL1	na	0.0	0.0	0.0	0.0	0.0	0.0	0.0
PAIP2	na	0.048081555458199844	0.07385787954134714	0.04021123007793872	0.05013603852799378	0.04647352431428079	0.07579996642805525	0.0741358371067705
MZB1	na	0.0	0.0	0.0	0.0	0.0	0.0	0.0
SPATA24	na	0.0	0.0	0.0	0.0	0.0	0.0	0.0
DNAJC18	na	0.0	0.0	0.0	0.0	0.0	0.0	0.0
ECSCR	na	0.0	0.0	0.0	0.0	0.0	0.0	0.0
TMEM173	na	0.0	0.0	0.0	0.0	0.0	0.0	0.0
UBE2D2	na	0.0	0.0	0.0	0.0	0.0	0.0	0.0
CXXC5	na	0.0	0.0	0.0	0.0	0.0	0.0	0.0
NRG2	na	0.0	0.0	0.0	0.0	0.0	0.0	0.0
PURA	na	0.0	0.0	0.0	0.0	0.0	0.0	0.0
IGIP	na	0.0	0.0	0.0	0.0	0.0	0.0	0.0
CYSTM1	na	0.056441680019494296	0.07132444928674309	0.04442476707736752	0.043245897171092874	0.044258629584330654	0.07068073101385289	0.08547567341744336
PFDN1	na	0.0	0.0	0.0	0.0	0.0	0.0	0.0
HBEGF	na	0.0	0.0	0.0	0.0	0.0	0.0	0.0
ANKHD1	na	0.0	0.0	0.0	0.0	0.0	0.0	0.0
SRA1	na	0.0	0.0	0.0	0.0	0.0	0.0	0.0
EIF4EBP3	na	0.0	0.0	0.0	0.0	0.0	0.0	0.0
APBB3	na	0.0	0.0	0.0	0.0	0.0	0.0	0.0
SLC35A4	na	0.0	0.0	0.0	0.0	0.0	0.0	0.0
CD14	na	0.0	0.0	0.0	0.0	0.0	0.0	0.0
NDUFA2	na	0.12306674089058753	0.26265046846638146	0.04581369424259402	0.05198449219254781	0.09492030557616157	0.22115379045244607	0.23338501303955525
TMCO6	na	0.0	0.0	0.0	0.0	0.0	0.0	0.0
IK	na	0.0	0.0	0.0	0.0	0.0	0.0	0.0
WDR55	na	0.0	0.0	0.0	0.0	0.0	0.0	0.0
DND1	na	0.0	0.0	0.0	0.0	0.0	0.0	0.0
HARS	na	0.0	0.0	0.0	0.0	0.0	0.0	0.0
HARS2	na	0.0	0.0	0.0	0.0	0.0	0.0	0.0
ZMAT2	na	0.0	0.0	0.0	0.0	0.0	0.0	0.0
PCDHA7	na	0.0	0.0	0.0	0.0	0.0	0.0	0.0
PCDHB2	na	0.0	0.0	0.0	0.0	0.0	0.0	0.0
PCDHB3	na	0.0	0.0	0.0	0.0	0.0	0.0	0.0
AC244517.1	na	0.0	0.0	0.0	0.0	0.0	0.0	0.0
PCDHB4	na	0.0	0.0	0.0	0.0	0.0	0.0	0.0
PCDHB7	na	0.0	0.0	0.0	0.0	0.0	0.0	0.0
PCDHB16	na	0.0	0.0	0.0	0.0	0.0	0.0	0.0
PCDHB9	na	0.0	0.0	0.0	0.0	0.0	0.0	0.0
PCDHB10	na	0.0	0.0	0.0	0.0	0.0	0.0	0.0
PCDHB11	na	0.0	0.0	0.0	0.0	0.0	0.0	0.0
PCDHB14	na	0.0	0.0	0.0	0.0	0.0	0.0	0.0
TAF7	na	0.0	0.0	0.0	0.0	0.0	0.0	0.0
DIAPH1	na	0.0	0.0	0.0	0.0	0.0	0.0	0.0
HDAC3	na	0.0	0.0	0.0	0.0	0.0	0.0	0.0
RELL2	na	0.0	0.0	0.0	0.0	0.0	0.0	0.0
FCHSD1	na	0.0	0.0	0.0	0.0	0.0	0.0	0.0
ARAP3	na	0.0	0.0	0.0	0.0	0.0	0.0	0.0
PCDH1	na	0.0	0.0	0.0	0.0	0.0	0.0	0.0
DELE1	na	0.0	0.0	0.0	0.0	0.0	0.0	0.0
PCDH12	na	0.0	0.0	0.0	0.0	0.0	0.0	0.0
RNF14	na	0.0	0.0	0.0	0.0	0.0	0.0	0.0
GNPDA1	na	0.0	0.0	0.0	0.0	0.0	0.0	0.0
NDFIP1	na	0.03835635989681167	0.07427615021950419	0.0512656735177588	0.04618261931277369	0.04776847873723964	0.07723618931110238	0.09173040964892763
SPRY4	na	0.0	0.0	0.0	0.0	0.0	0.0	0.0
FGF1	na	0.0	0.0	0.0	0.0	0.0	0.0	0.0
ARHGAP26	na	0.0	0.0	0.0	0.0	0.0	0.0	0.0
NR3C1	na	0.0	0.0	0.0	0.0	0.0	0.0	0.0
YIPF5	na	0.0	0.0	0.0	0.0	0.0	0.0	0.0
SH3RF2	na	0.0	0.0	0.0	0.0	0.0	0.0	0.0
LARS	na	0.0	0.0	0.0	0.0	0.0	0.0	0.0
RBM27	na	0.0	0.0	0.0	0.0	0.0	0.0	0.0
TCERG1	na	0.0	0.0	0.0	0.0	0.0	0.0	0.0
DPYSL3	na	0.0	0.0	0.0	0.0	0.0	0.0	0.0
C5orf46	na	0.0	0.0	0.0	0.0	0.0	0.0	0.0
SPINK5	na	0.0	0.0	0.0	0.0	0.0	0.0	0.0
FBXO38	na	0.0	0.0	0.0	0.0	0.0	0.0	0.0
ADRB2	na	0.0	0.0	0.0	0.0	0.0	0.0	0.0
SH3TC2	na	0.0	0.0	0.0	0.0	0.0	0.0	0.0
ABLIM3	na	0.0	0.0	0.0	0.0	0.0	0.0	0.0
AFAP1L1	na	0.0	0.0	0.0	0.0	0.0	0.0	0.0
GRPEL2	na	0.0	0.0	0.0	0.0	0.0	0.0	0.0
PCYOX1L	na	0.0	0.0	0.0	0.0	0.0	0.0	0.0
CARMN	na	0.0	0.0	0.0	0.0	0.0	0.0	0.0
CSNK1A1	na	0.07536904440712093	0.11705394378341837	0.06585152012224421	0.05446327143549138	0.06336883705321264	0.09765197860522867	0.12815686682412875
ARHGEF37	na	0.0	0.0	0.0	0.0	0.0	0.0	0.0
PPARGC1B	na	0.0	0.0	0.0	0.0	0.0	0.0	0.0
SLC26A2	na	0.0	0.0	0.0	0.0	0.0	0.0	0.0
TIGD6	na	0.0	0.0	0.0	0.0	0.0	0.0	0.0
HMGXB3	na	0.0	0.0	0.0	0.0	0.0	0.0	0.0
CSF1R	na	0.0	0.0	0.0	0.0	0.0	0.0	0.0
PDGFRB	na	0.0	0.0	0.0	0.0	0.0	0.0	0.0
ARSI	na	0.0	0.0	0.0	0.0	0.0	0.0	0.0
TCOF1	na	0.0	0.0	0.0	0.0	0.0	0.0	0.0
CD74	na	0.23925264439427835	0.7913397981491024	8.486711784574616e-19	0.08368282422452551	0.22118533236652382	0.8582645946688316	0.5198318955520891
RPS14	na	0.8738222733097981	2.50424911598995	1.0089657013768024e-19	0.13544265968633604	0.4944703618760095	1.811382529875072	1.714912660189271
NDST1	na	0.0	0.0	0.0	0.0	0.0	0.0	0.0
SYNPO	na	0.0	0.0	0.0	0.0	0.0	0.0	0.0
RBM22	na	0.0	0.0	0.0	0.0	0.0	0.0	0.0
DCTN4	na	0.0	0.0	0.0	0.0	0.0	0.0	0.0
SMIM3	na	0.0	0.0	0.0	0.0	0.0	0.0	0.0
GPX3	na	0.0	0.0	0.0	0.0	0.0	0.0	0.0
TNIP1	na	0.035922219327738654	0.06716256122028823	0.05316288296514142	0.04171599907949295	0.044083760482696695	0.055298492321619375	0.08081234372301536
ANXA6	na	0.08208338222039503	0.11869673696270867	0.06760448998825751	0.04893972134226765	0.06629946559456207	0.13268660983372607	0.12548431901677884
CCDC69	na	0.0	0.0	0.0	0.0	0.0	0.0	0.0
GM2A	na	0.0	0.0	0.0	0.0	0.0	0.0	0.0
SLC36A1	na	0.0	0.0	0.0	0.0	0.0	0.0	0.0
SPARC	na	0.24364947323581948	0.4937292031656434	0.14790829673430614	0.06105843400934354	0.19221810092953884	0.5144392754032738	0.46356740059067836
AC011374.2	na	0.0	0.0	0.0	0.0	0.0	0.0	0.0
ATOX1	na	0.07242239207774455	0.2573894102057352	9.829592308060753e-18	0.1111482709439623	0.07749638311999188	0.20314937193582133	0.14273658258025104
G3BP1	na	0.0	0.0	0.0	0.0	0.0	0.0	0.0
FAM114A2	na	0.0	0.0	0.0	0.0	0.0	0.0	0.0
MFAP3	na	0.0	0.0	0.0	0.0	0.0	0.0	0.0
GALNT10	na	0.0	0.0	0.0	0.0	0.0	0.0	0.0
SAP30L	na	0.0	0.0	0.0	0.0	0.0	0.0	0.0
LARP1	na	0.04261276351121145	0.055119617347579496	0.04884556539630517	0.05085653836460889	0.04699916335915264	0.06385607981663126	0.08052195642685571
FAXDC2	na	0.0	0.0	0.0	0.0	0.0	0.0	0.0
CNOT8	na	0.0	0.0	0.0	0.0	0.0	0.0	0.0
GEMIN5	na	0.0	0.0	0.0	0.0	0.0	0.0	0.0
MRPL22	na	0.0	0.0	0.0	0.0	0.0	0.0	0.0
SGCD	na	0.0	0.0	0.0	0.0	0.0	0.0	0.0
HAVCR2	na	0.0	0.0	0.0	0.0	0.0	0.0	0.0
MED7	na	0.0	0.0	0.0	0.0	0.0	0.0	0.0
CYFIP2	na	0.0	0.0	0.0	0.0	0.0	0.0	0.0
ADAM19	na	0.0	0.0	0.0	0.0	0.0	0.0	0.0
THG1L	na	0.0	0.0	0.0	0.0	0.0	0.0	0.0
LSM11	na	0.0	0.0	0.0	0.0	0.0	0.0	0.0
CLINT1	na	0.0	0.0	0.0	0.0	0.0	0.0	0.0
EBF1	na	0.0	0.0	0.0	0.0	0.0	0.0	0.0
RNF145	na	0.0	0.0	0.0	0.0	0.0	0.0	0.0
UBLCP1	na	0.0	0.0	0.0	0.0	0.0	0.0	0.0
AC008703.1	na	0.0	0.0	0.0	0.0	0.0	0.0	0.0
TTC1	na	0.0	0.0	0.0	0.0	0.0	0.0	0.0
PWWP2A	na	0.0	0.0	0.0	0.0	0.0	0.0	0.0
FABP6	na	0.0	0.0	0.0	0.0	0.0	0.0	0.0
CCNJL	na	0.0	0.0	0.0	0.0	0.0	0.0	0.0
C1QTNF2	na	0.0	0.0	0.0	0.0	0.0	0.0	0.0
ZBED8	na	0.0	0.0	0.0	0.0	0.0	0.0	0.0
SLU7	na	0.0	0.0	0.0	0.0	0.0	0.0	0.0
PTTG1	na	0.0	0.0	0.0	0.0	0.0	0.0	0.0
CCNG1	na	0.0	0.0	0.0	0.0	0.0	0.0	0.0
NUDCD2	na	0.0	0.0	0.0	0.0	0.0	0.0	0.0
HMMR	na	0.0	0.0	0.0	0.0	0.0	0.0	0.0
MAT2B	na	0.0	0.0	0.0	0.0	0.0	0.0	0.0
TENM2	na	0.0	0.0	0.0	0.0	0.0	0.0	0.0
WWC1	na	0.0	0.0	0.0	0.0	0.0	0.0	0.0
RARS	na	0.0	0.0	0.0	0.0	0.0	0.0	0.0
PANK3	na	0.0	0.0	0.0	0.0	0.0	0.0	0.0
SLIT3	na	0.0	0.0	0.0	0.0	0.0	0.0	0.0
SPDL1	na	0.0	0.0	0.0	0.0	0.0	0.0	0.0
DOCK2	na	0.0	0.0	0.0	0.0	0.0	0.0	0.0
FOXI1	na	0.06575669949105958	0.0673730522264591	0.0692078713103844	0.04820206876184938	0.05071065982045408	0.06381912025780599	0.10149470552817057
LCP2	na	0.0	0.0	0.0	0.0	0.0	0.0	0.0
KCNMB1	na	0.0	0.0	0.0	0.0	0.0	0.0	0.0
RANBP17	na	0.0	0.0	0.0	0.0	0.0	0.0	0.0
NPM1	na	0.14809264236100908	0.3114791631609772	0.03514974755269883	0.09798765066247059	0.10963003836469758	0.3044901158530084	0.2256141429555326
FBXW11	na	0.0	0.0	0.0	0.0	0.0	0.0	0.0
STK10	na	0.0	0.0	0.0	0.0	0.0	0.0	0.0
UBTD2	na	0.0	0.0	0.0	0.0	0.0	0.0	0.0
SH3PXD2B	na	0.0	0.0	0.0	0.0	0.0	0.0	0.0
NEURL1B	na	0.0	0.0	0.0	0.0	0.0	0.0	0.0
DUSP1	na	0.052454841936219423	0.12534399572154908	0.05584643376713957	0.040903470754194524	0.06267007779547229	0.13622132930013636	0.1378030806428778
ERGIC1	na	0.05701951042110261	0.06791904829592893	0.06168681139819156	0.07720309950878582	0.058047008835553436	0.06197060836670595	0.08563379490451775
RPL26L1	na	0.0	0.0	0.0	0.0	0.0	0.0	0.0
ATP6V0E1	na	0.06871439458449315	0.14258993640108483	0.03969985100835886	0.07923663381096575	0.06795635805988609	0.1425713760954656	0.13145692954823882
CREBRF	na	0.0	0.0	0.0	0.0	0.0	0.0	0.0
BNIP1	na	0.0	0.0	0.0	0.0	0.0	0.0	0.0
NKX2-5	na	0.0	0.0	0.0	0.0	0.0	0.0	0.0
STC2	na	0.0	0.0	0.0	0.0	0.0	0.0	0.0
BOD1	na	0.0	0.0	0.0	0.0	0.0	0.0	0.0
CPEB4	na	0.0	0.0	0.0	0.0	0.0	0.0	0.0
LINC01411	na	0.0	0.0	0.0	0.0	0.0	0.0	0.0
MSX2	na	0.0	0.0	0.0	0.0	0.0	0.0	0.0
SFXN1	na	0.0	0.0	0.0	0.0	0.0	0.0	0.0
HRH2	na	0.0	0.0	0.0	0.0	0.0	0.0	0.0
THOC3	na	0.0	0.0	0.0	0.0	0.0	0.0	0.0
SIMC1	na	0.0	0.0	0.0	0.0	0.0	0.0	0.0
KIAA1191	na	0.0	0.0	0.0	0.0	0.0	0.0	0.0
ARL10	na	0.0	0.0	0.0	0.0	0.0	0.0	0.0
NOP16	na	0.0	0.0	0.0	0.0	0.0	0.0	0.0
HIGD2A	na	0.06272303072958116	0.127501545281222	0.040852988562407495	0.05205108601319522	0.05883737515284657	0.10789685885397189	0.12116120852417969
CLTB	na	0.0	0.0	0.0	0.0	0.0	0.0	0.0
FAF2	na	0.0	0.0	0.0	0.0	0.0	0.0	0.0
RNF44	na	0.0	0.0	0.0	0.0	0.0	0.0	0.0
GPRIN1	na	0.0	0.0	0.0	0.0	0.0	0.0	0.0
TSPAN17	na	0.0	0.0	0.0	0.0	0.0	0.0	0.0
UNC5A	na	0.0	0.0	0.0	0.0	0.0	0.0	0.0
HK3	na	0.0	0.0	0.0	0.0	0.0	0.0	0.0
UIMC1	na	0.0	0.0	0.0	0.0	0.0	0.0	0.0
ZNF346	na	0.0	0.0	0.0	0.0	0.0	0.0	0.0
FGFR4	na	0.0	0.0	0.0	0.0	0.0	0.0	0.0
NSD1	na	0.0	0.0	0.0	0.0	0.0	0.0	0.0
RAB24	na	0.0	0.0	0.0	0.0	0.0	0.0	0.0
MXD3	na	0.0	0.0	0.0	0.0	0.0	0.0	0.0
PRELID1	na	0.07255483434401393	0.12825820037668112	0.03391747671085594	0.058917062884742695	0.0586305020017813	0.10440874753952904	0.112293836201853
LMAN2	na	0.06991758442379338	0.0982936714326763	0.06122119497906407	0.06819296580832879	0.06666732552196035	0.11300049564752802	0.13427623672333414
RGS14	na	0.0	0.0	0.0	0.0	0.0	0.0	0.0
F12	na	0.0	0.0	0.0	0.0	0.0	0.0	0.0
GRK6	na	0.0	0.0	0.0	0.0	0.0	0.0	0.0
PRR7	na	0.0	0.0	0.0	0.0	0.0	0.0	0.0
DBN1	na	0.04809935181066784	0.06481344169075495	0.04485591178460366	0.04865709431127542	0.046729900106149795	0.05927779201001261	0.07758942874848664
PDLIM7	na	0.0	0.0	0.0	0.0	0.0	0.0	0.0
DOK3	na	0.0	0.0	0.0	0.0	0.0	0.0	0.0
DDX41	na	0.0	0.0	0.0	0.0	0.0	0.0	0.0
FAM193B	na	0.0	0.0	0.0	0.0	0.0	0.0	0.0
TMED9	na	0.057390250997646046	0.08049881150888057	0.061969466215192275	0.04249135936245113	0.05372252758956787	0.08373814284700426	0.09478911153343225
B4GALT7	na	0.0	0.0	0.0	0.0	0.0	0.0	0.0
AC106795.2	na	0.0	0.0	0.0	0.0	0.0	0.0	0.0
N4BP3	na	0.0	0.0	0.0	0.0	0.0	0.0	0.0
RMND5B	na	0.0	0.0	0.0	0.0	0.0	0.0	0.0
NHP2	na	0.07765339195412624	0.12855722621331023	0.03508470363769568	0.05179803891740076	0.061351955093922494	0.10458900352445546	0.11983818465737127
HNRNPAB	na	0.06421994054084107	0.15741484670520983	0.06037279977673131	0.06067184346071566	0.07484076269162986	0.13054467837382114	0.15115381792829713
PHYKPL	na	0.0	0.0	0.0	0.0	0.0	0.0	0.0
COL23A1	na	0.0	0.0	0.0	0.0	0.0	0.0	0.0
CLK4	na	0.0	0.0	0.0	0.0	0.0	0.0	0.0
ZNF354A	na	0.0	0.0	0.0	0.0	0.0	0.0	0.0
ZNF354B	na	0.0	0.0	0.0	0.0	0.0	0.0	0.0
ZNF879	na	0.0	0.0	0.0	0.0	0.0	0.0	0.0
ZNF354C	na	0.0	0.0	0.0	0.0	0.0	0.0	0.0
ADAMTS2	na	0.0	0.0	0.0	0.0	0.0	0.0	0.0
RUFY1	na	0.0	0.0	0.0	0.0	0.0	0.0	0.0
HNRNPH1	na	0.09485563795965692	0.11388111888599697	0.07059918107576467	0.08578150668582467	0.0698876937877354	0.0924558766724513	0.11532546148966061
AC136604.3	na	0.0	0.0	0.0	0.0	0.0	0.0	0.0
CANX	na	0.07751501909768292	0.09943387975131045	0.09216066805811449	0.07684065388494238	0.07390589166847714	0.11363342554756227	0.14524294403618676
MAML1	na	0.0	0.0	0.0	0.0	0.0	0.0	0.0
LTC4S	na	0.0	0.0	0.0	0.0	0.0	0.0	0.0
MGAT4B	na	0.0	0.0	0.0	0.0	0.0	0.0	0.0
SQSTM1	na	0.06787745112712269	0.12858294188052888	0.06377902086034494	0.06900290439804302	0.07058213159857639	0.1266632364321981	0.1522088581604575
MRNIP	na	0.0	0.0	0.0	0.0	0.0	0.0	0.0
AC008393.1	na	0.0	0.0	0.0	0.0	0.0	0.0	0.0
TBC1D9B	na	0.0	0.0	0.0	0.0	0.0	0.0	0.0
RNF130	na	0.0	0.0	0.0	0.0	0.0	0.0	0.0
MAPK9	na	0.0	0.0	0.0	0.0	0.0	0.0	0.0
AC008610.1	na	0.0	0.0	0.0	0.0	0.0	0.0	0.0
GFPT2	na	0.0	0.0	0.0	0.0	0.0	0.0	0.0
CNOT6	na	0.0	0.0	0.0	0.0	0.0	0.0	0.0
FLT4	na	0.0	0.0	0.0	0.0	0.0	0.0	0.0
MGAT1	na	0.0	0.0	0.0	0.0	0.0	0.0	0.0
LINC00847	na	0.0	0.0	0.0	0.0	0.0	0.0	0.0
ZFP62	na	0.0	0.0	0.0	0.0	0.0	0.0	0.0
BTNL9	na	0.0	0.0	0.0	0.0	0.0	0.0	0.0
AC008443.5	na	0.0	0.0	0.0	0.0	0.0	0.0	0.0
TRIM41	na	0.0	0.0	0.0	0.0	0.0	0.0	0.0
RACK1	na	0.266404845714207	0.6656351109764856	0.09718911472264084	0.1220336902829811	0.20082609260270656	0.4969263581772178	0.5711104116840794
TRIM52	na	0.0	0.0	0.0	0.0	0.0	0.0	0.0
DUSP22	na	0.0	0.0	0.0	0.0	0.0	0.0	0.0
IRF4	na	0.0	0.0	0.0	0.0	0.0	0.0	0.0
EXOC2	na	0.0	0.0	0.0	0.0	0.0	0.0	0.0
FOXF2	na	0.0	0.0	0.0	0.0	0.0	0.0	0.0
FOXC1	na	0.0	0.0	0.0	0.0	0.0	0.0	0.0
GMDS	na	0.0	0.0	0.0	0.0	0.0	0.0	0.0
GMDS-DT	na	0.0	0.0	0.0	0.0	0.0	0.0	0.0
WRNIP1	na	0.0	0.0	0.0	0.0	0.0	0.0	0.0
SERPINB1	na	0.047152073177169816	0.07719403044602718	0.04293560960269338	0.053441351397735315	0.04742586150067282	0.07676283069729872	0.08162753701389318
SERPINB9	na	0.0	0.0	0.0	0.0	0.0	0.0	0.0
SERPINB6	na	0.09558665873202231	0.13817496741279814	0.0888473907840459	0.05691746422297142	0.07636190162068923	0.11387517229977966	0.15954641747270876
LINC01011	na	0.0	0.0	0.0	0.0	0.0	0.0	0.0
NQO2	na	0.0	0.0	0.0	0.0	0.0	0.0	0.0
RIPK1	na	0.0	0.0	0.0	0.0	0.0	0.0	0.0
BPHL	na	0.0	0.0	0.0	0.0	0.0	0.0	0.0
TUBB2A	na	0.0	0.0	0.0	0.0	0.0	0.0	0.0
PSMG4	na	0.0	0.0	0.0	0.0	0.0	0.0	0.0
SLC22A23	na	0.0	0.0	0.0	0.0	0.0	0.0	0.0
PXDC1	na	0.0	0.0	0.0	0.0	0.0	0.0	0.0
FAM50B	na	0.0	0.0	0.0	0.0	0.0	0.0	0.0
PRPF4B	na	0.0	0.0	0.0	0.0	0.0	0.0	0.0
ECI2	na	0.0	0.0	0.0	0.0	0.0	0.0	0.0
CDYL	na	0.0	0.0	0.0	0.0	0.0	0.0	0.0
RPP40	na	0.0	0.0	0.0	0.0	0.0	0.0	0.0
LYRM4	na	0.0	0.0	0.0	0.0	0.0	0.0	0.0
FARS2	na	0.0	0.0	0.0	0.0	0.0	0.0	0.0
AL021328.1	na	0.0	0.0	0.0	0.0	0.0	0.0	0.0
NRN1	na	0.0	0.0	0.0	0.0	0.0	0.0	0.0
F13A1	na	0.0	0.0	0.0	0.0	0.0	0.0	0.0
LY86	na	0.0	0.0	0.0	0.0	0.0	0.0	0.0
AL031123.2	na	0.0	0.0	0.0	0.0	0.0	0.0	0.0
RREB1	na	0.0	0.0	0.0	0.0	0.0	0.0	0.0
SSR1	na	0.06580271910894812	0.09141711229517621	0.06874022207029426	0.059250941792247123	0.0584482556330421	0.09151609767414404	0.10107132108741654
RIOK1	na	0.0	0.0	0.0	0.0	0.0	0.0	0.0
AL031058.1	na	0.0	0.0	0.0	0.0	0.0	0.0	0.0
DSP	na	0.0862630941230318	0.19725489555977935	0.07065256314902735	0.0849051058389125	0.09184047752483585	0.1778873233665124	0.1735202528909791
SNRNP48	na	0.0	0.0	0.0	0.0	0.0	0.0	0.0
TXNDC5	na	0.0	0.0	0.0	0.0	0.0	0.0	0.0
BLOC1S5	na	0.0	0.0	0.0	0.0	0.0	0.0	0.0
EEF1E1	na	0.0	0.0	0.0	0.0	0.0	0.0	0.0
SLC35B3	na	0.0	0.0	0.0	0.0	0.0	0.0	0.0
TFAP2A	na	0.05807551783765539	0.08655349615204525	0.04899553706837078	0.0638509273664362	0.05838056407665726	0.11030809938144406	0.1141406892241649
AL138885.3	na	0.0	0.0	0.0	0.0	0.0	0.0	0.0
TFAP2A-AS1	na	0.0	0.0	0.0	0.0	0.0	0.0	0.0
GCNT2	na	0.0	0.0	0.0	0.0	0.0	0.0	0.0
C6orf52	na	0.0	0.0	0.0	0.0	0.0	0.0	0.0
PAK1IP1	na	0.0	0.0	0.0	0.0	0.0	0.0	0.0
TMEM14C	na	0.05179630117193963	0.12941222742134795	0.028508300755058273	0.06851521653967531	0.05779973895582179	0.08683799075566492	0.10937173799445175
TMEM14B	na	0.08007940993408084	0.11990239099822758	0.02534505701039358	0.07755743108088001	0.05926811404108871	0.10182179643942552	0.1106423694569816
MAK	na	0.0	0.0	0.0	0.0	0.0	0.0	0.0
SYCP2L	na	0.0	0.0	0.0	0.0	0.0	0.0	0.0
SMIM13	na	0.0	0.0	0.0	0.0	0.0	0.0	0.0
NEDD9	na	0.0	0.0	0.0	0.0	0.0	0.0	0.0
TMEM170B	na	0.0	0.0	0.0	0.0	0.0	0.0	0.0
AL157373.2	na	0.0	0.0	0.0	0.0	0.0	0.0	0.0
HIVEP1	na	0.0	0.0	0.0	0.0	0.0	0.0	0.0
EDN1	na	0.0	0.0	0.0	0.0	0.0	0.0	0.0
PHACTR1	na	0.0	0.0	0.0	0.0	0.0	0.0	0.0
TBC1D7	na	0.0	0.0	0.0	0.0	0.0	0.0	0.0
GFOD1	na	0.0	0.0	0.0	0.0	0.0	0.0	0.0
SIRT5	na	0.0	0.0	0.0	0.0	0.0	0.0	0.0
AL441883.1	na	0.0	0.0	0.0	0.0	0.0	0.0	0.0
NOL7	na	0.05191787846314866	0.09652327402647816	0.038163738153613784	0.04329318059712104	0.054061811232978145	0.07687895179669288	0.09645278723341992
RANBP9	na	0.0	0.0	0.0	0.0	0.0	0.0	0.0
MCUR1	na	0.0	0.0	0.0	0.0	0.0	0.0	0.0
CD83	na	0.0	0.0	0.0	0.0	0.0	0.0	0.0
JARID2	na	0.0	0.0	0.0	0.0	0.0	0.0	0.0
DTNBP1	na	0.0	0.0	0.0	0.0	0.0	0.0	0.0
MYLIP	na	0.0	0.0	0.0	0.0	0.0	0.0	0.0
GMPR	na	0.0	0.0	0.0	0.0	0.0	0.0	0.0
ATXN1	na	0.0	0.0	0.0	0.0	0.0	0.0	0.0
AL137003.2	na	0.0	0.0	0.0	0.0	0.0	0.0	0.0
STMND1	na	0.0	0.0	0.0	0.0	0.0	0.0	0.0
CAP2	na	0.0	0.0	0.0	0.0	0.0	0.0	0.0
FAM8A1	na	0.0	0.0	0.0	0.0	0.0	0.0	0.0
NUP153	na	0.0	0.0	0.0	0.0	0.0	0.0	0.0
KIF13A	na	0.0	0.0	0.0	0.0	0.0	0.0	0.0
NHLRC1	na	0.0	0.0	0.0	0.0	0.0	0.0	0.0
TPMT	na	0.0	0.0	0.0	0.0	0.0	0.0	0.0
KDM1B	na	0.0	0.0	0.0	0.0	0.0	0.0	0.0
DEK	na	0.0	0.0	0.0	0.0	0.0	0.0	0.0
RNF144B	na	0.0	0.0	0.0	0.0	0.0	0.0	0.0
AL022068.1	na	0.0	0.0	0.0	0.0	0.0	0.0	0.0
ID4	na	0.0	0.0	0.0	0.0	0.0	0.0	0.0
E2F3	na	0.0	0.0	0.0	0.0	0.0	0.0	0.0
CDKAL1	na	0.0	0.0	0.0	0.0	0.0	0.0	0.0
SOX4	na	0.06951419569133561	0.07640877030160816	0.07768701004679493	0.06938141294031107	0.06269314093040579	0.07788492836677557	0.10329851193670644
CASC15	na	0.0	0.0	0.0	0.0	0.0	0.0	0.0
DCDC2	na	0.0	0.0	0.0	0.0	0.0	0.0	0.0
MRS2	na	0.0	0.0	0.0	0.0	0.0	0.0	0.0
ALDH5A1	na	0.0	0.0	0.0	0.0	0.0	0.0	0.0
TDP2	na	0.0	0.0	0.0	0.0	0.0	0.0	0.0
ACOT13	na	0.0	0.0	0.0	0.0	0.0	0.0	0.0
AL031775.1	na	0.0	0.0	0.0	0.0	0.0	0.0	0.0
C6orf62	na	0.06264612564375234	0.09709021239397461	0.07090940261965567	0.06354760452294515	0.06235394209169158	0.10566099195197376	0.11959618291439207
GMNN	na	0.0	0.0	0.0	0.0	0.0	0.0	0.0
RIPOR2	na	0.0	0.0	0.0	0.0	0.0	0.0	0.0
CARMIL1	na	0.0	0.0	0.0	0.0	0.0	0.0	0.0
SCGN	na	0.0	0.0	0.0	0.0	0.0	0.0	0.0
TRIM38	na	0.0	0.0	0.0	0.0	0.0	0.0	0.0
HIST1H1C	na	0.06497400220496008	0.17510375802758485	2.3136579584689624e-18	0.10217526813778968	0.07929620099948773	0.20489602994490852	0.08256640118234825
HFE	na	0.0	0.0	0.0	0.0	0.0	0.0	0.0
HIST1H4C	na	0.0	0.0	0.0	0.0	0.0	0.0	0.0
HIST1H2BC	na	0.0	0.0	0.0	0.0	0.0	0.0	0.0
HIST1H2AC	na	0.047694167784111265	0.09742780608720274	0.03215753766101629	0.05333887796335493	0.052141903738770305	0.08782465727531141	0.07190635910621439
HIST1H1E	na	0.0	0.0	0.0	0.0	0.0	0.0	0.0
HIST1H2BD	na	0.0	0.0	0.0	0.0	0.0	0.0	0.0
HIST1H2BE	na	0.0	0.0	0.0	0.0	0.0	0.0	0.0
AL031777.3	na	0.0	0.0	0.0	0.0	0.0	0.0	0.0
HIST1H4E	na	0.0	0.0	0.0	0.0	0.0	0.0	0.0
HIST1H2BG	na	0.0	0.0	0.0	0.0	0.0	0.0	0.0
HIST1H2AE	na	0.0	0.0	0.0	0.0	0.0	0.0	0.0
HIST1H3E	na	0.0	0.0	0.0	0.0	0.0	0.0	0.0
HIST1H1D	na	0.0	0.0	0.0	0.0	0.0	0.0	0.0
HIST1H2BH	na	0.0	0.0	0.0	0.0	0.0	0.0	0.0
HIST1H3G	na	0.0	0.0	0.0	0.0	0.0	0.0	0.0
HIST1H4H	na	0.0	0.0	0.0	0.0	0.0	0.0	0.0
BTN3A2	na	0.0	0.0	0.0	0.0	0.0	0.0	0.0
BTN2A2	na	0.0	0.0	0.0	0.0	0.0	0.0	0.0
BTN3A1	na	0.0	0.0	0.0	0.0	0.0	0.0	0.0
BTN3A3	na	0.0	0.0	0.0	0.0	0.0	0.0	0.0
BTN2A1	na	0.0	0.0	0.0	0.0	0.0	0.0	0.0
HCG11	na	0.0	0.0	0.0	0.0	0.0	0.0	0.0
ABT1	na	0.0	0.0	0.0	0.0	0.0	0.0	0.0
ZNF322	na	0.0	0.0	0.0	0.0	0.0	0.0	0.0
AL513548.1	na	0.0	0.0	0.0	0.0	0.0	0.0	0.0
LINC00240	na	0.0	0.0	0.0	0.0	0.0	0.0	0.0
AL021807.1	na	0.0	0.0	0.0	0.0	0.0	0.0	0.0
HIST1H2BJ	na	0.0	0.0	0.0	0.0	0.0	0.0	0.0
HIST1H2AG	na	0.0	0.0	0.0	0.0	0.0	0.0	0.0
HIST1H2BK	na	0.0	0.0	0.0	0.0	0.0	0.0	0.0
ZNF184	na	0.0	0.0	0.0	0.0	0.0	0.0	0.0
HIST1H2AI	na	0.0	0.0	0.0	0.0	0.0	0.0	0.0
HIST1H3H	na	0.0	0.0	0.0	0.0	0.0	0.0	0.0
HIST1H2AJ	na	0.0	0.0	0.0	0.0	0.0	0.0	0.0
HIST1H4J	na	0.0	0.0	0.0	0.0	0.0	0.0	0.0
HIST1H2BN	na	0.0	0.0	0.0	0.0	0.0	0.0	0.0
HIST1H1B	na	0.0	0.0	0.0	0.0	0.0	0.0	0.0
AL121944.1	na	0.0	0.0	0.0	0.0	0.0	0.0	0.0
ZNF165	na	0.0	0.0	0.0	0.0	0.0	0.0	0.0
ZSCAN16-AS1	na	0.0	0.0	0.0	0.0	0.0	0.0	0.0
ZSCAN16	na	0.0	0.0	0.0	0.0	0.0	0.0	0.0
ZKSCAN8	na	0.0	0.0	0.0	0.0	0.0	0.0	0.0
ZSCAN9	na	0.0	0.0	0.0	0.0	0.0	0.0	0.0
ZKSCAN4	na	0.0	0.0	0.0	0.0	0.0	0.0	0.0
ZSCAN26	na	0.0	0.0	0.0	0.0	0.0	0.0	0.0
PGBD1	na	0.0	0.0	0.0	0.0	0.0	0.0	0.0
ZSCAN31	na	0.0	0.0	0.0	0.0	0.0	0.0	0.0
ZKSCAN3	na	0.0	0.0	0.0	0.0	0.0	0.0	0.0
ZSCAN12	na	0.0	0.0	0.0	0.0	0.0	0.0	0.0
TRIM27	na	0.03903761381352878	0.06061201885531418	0.053278443274032514	0.04438976820960663	0.04520676168761631	0.0549585439826378	0.07439825337502118
UBD	na	0.0	0.0	0.0	0.0	0.0	0.0	0.0
GABBR1	na	0.0	0.0	0.0	0.0	0.0	0.0	0.0
ZFP57	na	0.0	0.0	0.0	0.0	0.0	0.0	0.0
HLA-F	na	0.0	0.0	0.0	0.0	0.0	0.0	0.0
HLA-A	na	0.3074415008938285	0.7307226617353452	0.12005965115631674	0.21489985003883358	0.26761821329045404	0.715959040039806	0.649914817412427
ZNRD1	na	0.0	0.0	0.0	0.0	0.0	0.0	0.0
PPP1R11	na	0.0	0.0	0.0	0.0	0.0	0.0	0.0
RNF39	na	0.0	0.0	0.0	0.0	0.0	0.0	0.0
TRIM26	na	0.0	0.0	0.0	0.0	0.0	0.0	0.0
HCG18	na	0.0	0.0	0.0	0.0	0.0	0.0	0.0
TRIM39	na	0.0	0.0	0.0	0.0	0.0	0.0	0.0
RPP21	na	0.0	0.0	0.0	0.0	0.0	0.0	0.0
HLA-E	na	0.07340740283870452	0.18854917381807407	0.06505263711752612	0.06912477257788056	0.08977000979625417	0.20310169396202243	0.18727421646715253
GNL1	na	0.0	0.0	0.0	0.0	0.0	0.0	0.0
PRR3	na	0.0	0.0	0.0	0.0	0.0	0.0	0.0
ABCF1	na	0.0	0.0	0.0	0.0	0.0	0.0	0.0
PPP1R10	na	0.05289743561767542	0.06279373043385657	0.05581210083486789	0.05288568917801717	0.050325586186002746	0.06889129021690892	0.08010836516099809
MRPS18B	na	0.056261907816593675	0.05828236027009269	0.04094008596104787	0.04758084105108358	0.04509262255015738	0.07051284250570328	0.08235612272503784
ATAT1	na	0.0	0.0	0.0	0.0	0.0	0.0	0.0
C6orf136	na	0.0	0.0	0.0	0.0	0.0	0.0	0.0
DHX16	na	0.0	0.0	0.0	0.0	0.0	0.0	0.0
PPP1R18	na	0.0	0.0	0.0	0.0	0.0	0.0	0.0
NRM	na	0.0	0.0	0.0	0.0	0.0	0.0	0.0
MDC1	na	0.0	0.0	0.0	0.0	0.0	0.0	0.0
TUBB	na	0.21682602409980464	0.3894823457647298	0.1625331340282332	0.04527425189830434	0.15554118892421373	0.34773785190038325	0.38968396253421916
FLOT1	na	0.061686751881675064	0.10882192606115008	0.05381194730770427	0.05399607970734691	0.06443516394778191	0.11463472847941017	0.1281180891054113
IER3-AS1	na	0.0	0.0	0.0	0.0	0.0	0.0	0.0
IER3	na	0.06651190224686229	0.10947708272343624	0.06761420094034075	0.05871025289451022	0.06592898244964802	0.10554213016445226	0.1340483434282988
DDR1	na	0.09616797601092585	0.10159339096579174	0.08487251144335217	0.06490856199227532	0.07686720480598308	0.10015293420220411	0.15094534573386248
GTF2H4	na	0.0	0.0	0.0	0.0	0.0	0.0	0.0
VARS2	na	0.0	0.0	0.0	0.0	0.0	0.0	0.0
PSORS1C1	na	0.0	0.0	0.0	0.0	0.0	0.0	0.0
CDSN	na	0.0	0.0	0.0	0.0	0.0	0.0	0.0
CCHCR1	na	0.0	0.0	0.0	0.0	0.0	0.0	0.0
TCF19	na	0.0	0.0	0.0	0.0	0.0	0.0	0.0
HLA-C	na	0.19338047903592298	0.5989196164718585	0.012339988337250373	0.1924007083984445	0.18136191424028056	0.599720900383114	0.4070380858535055
HLA-B	na	0.284976167994295	0.7309884554294933	0.10560938244638882	0.27782894319241264	0.2771666909674857	0.7881671233290974	0.5778908520887505
MICA	na	0.0	0.0	0.0	0.0	0.0	0.0	0.0
MICB	na	0.0	0.0	0.0	0.0	0.0	0.0	0.0
DDX39B	na	0.0	0.0	0.0	0.0	0.0	0.0	0.0
ATP6V1G2	na	0.0	0.0	0.0	0.0	0.0	0.0	0.0
NFKBIL1	na	0.0	0.0	0.0	0.0	0.0	0.0	0.0
TNF	na	0.0	0.0	0.0	0.0	0.0	0.0	0.0
LTB	na	0.0	0.0	0.0	0.0	0.0	0.0	0.0
LST1	na	0.0	0.0	0.0	0.0	0.0	0.0	0.0
AIF1	na	0.0	0.0	0.0	0.0	0.0	0.0	0.0
PRRC2A	na	0.06448170848983328	0.08626218700366843	0.057803878726973755	0.043387180260197694	0.05462503897765666	0.0889589774982944	0.10195891510232194
BAG6	na	0.060683686479604475	0.08005554215357881	0.08015185636102753	0.06180336028569996	0.06554695744860921	0.0974610558181517	0.13376285935261498
APOM	na	0.0	0.0	0.0	0.0	0.0	0.0	0.0
C6orf47	na	0.0	0.0	0.0	0.0	0.0	0.0	0.0
GPANK1	na	0.0	0.0	0.0	0.0	0.0	0.0	0.0
CSNK2B	na	0.09840073114047448	0.20166796505342355	0.0638805903207669	0.08498563008384523	0.08497542606144574	0.1360241324164852	0.15929188590939353
LY6G5C	na	0.0	0.0	0.0	0.0	0.0	0.0	0.0
ABHD16A	na	0.0	0.0	0.0	0.0	0.0	0.0	0.0
DDAH2	na	0.04626648554388463	0.06348448216651317	0.04804010086907898	0.05177111917098253	0.045409728222130054	0.0626255067584646	0.08357043537286912
CLIC1	na	0.09590819191889037	0.2608366073841039	0.04333730558735601	0.08303169856949144	0.09364024792735272	0.212973598827679	0.22313172381136112
VARS	na	0.0	0.0	0.0	0.0	0.0	0.0	0.0
LSM2	na	0.04595584975873033	0.07311788292941006	0.040354089091928044	0.05100265472363472	0.04629610884206656	0.07498098211978259	0.0873048114586867
HSPA1L	na	0.0	0.0	0.0	0.0	0.0	0.0	0.0
HSPA1A	na	0.2045914712990715	0.36849326043003167	0.1575405901696218	1.3158199899086477e-25	0.14812254235791358	0.31190389259333345	0.512763846269097
HSPA1B	na	0.12107499584254518	0.17779303921765607	0.08157336446980877	0.002235400408043183	0.07693693930803815	0.1495949566305981	0.18447231364501324
C6orf48	na	0.054739418760411294	0.08524001390318296	0.04470841250555173	0.04785130925696748	0.046178753537188186	0.06355618011409009	0.08576063756589118
NEU1	na	0.040156357486454596	0.06193893187216756	0.050436349201886534	0.062167155622192674	0.045894843520280816	0.06009586732032903	0.08609168326275607
SLC44A4	na	0.0	0.0	0.0	0.0	0.0	0.0	0.0
EHMT2	na	0.0	0.0	0.0	0.0	0.0	0.0	0.0
C2	na	0.0	0.0	0.0	0.0	0.0	0.0	0.0
CFB	na	0.038076679772947826	0.05173835433886452	0.07377380152598044	0.07681694773791245	0.056542276409062224	0.044295683250401514	0.06017364880908931
NELFE	na	0.05760563303221976	0.07631497324247405	0.05688418023162411	0.0497410590845335	0.05027161006076517	0.07334276000317425	0.08724829483679455
SKIV2L	na	0.0	0.0	0.0	0.0	0.0	0.0	0.0
DXO	na	0.0	0.0	0.0	0.0	0.0	0.0	0.0
STK19	na	0.0	0.0	0.0	0.0	0.0	0.0	0.0
CYP21A2	na	0.0	0.0	0.0	0.0	0.0	0.0	0.0
TNXB	na	0.0	0.0	0.0	0.0	0.0	0.0	0.0
ATF6B	na	0.0	0.0	0.0	0.0	0.0	0.0	0.0
FKBPL	na	0.0	0.0	0.0	0.0	0.0	0.0	0.0
PRRT1	na	0.0	0.0	0.0	0.0	0.0	0.0	0.0
PPT2	na	0.0	0.0	0.0	0.0	0.0	0.0	0.0
AGPAT1	na	0.0	0.0	0.0	0.0	0.0	0.0	0.0
RNF5	na	0.05616464230914443	0.06219321841635062	0.05634300584162985	0.04045391364260598	0.043785235254364195	0.06076637745865206	0.07855485710093461
AGER	na	0.0	0.0	0.0	0.0	0.0	0.0	0.0
PBX2	na	0.0	0.0	0.0	0.0	0.0	0.0	0.0
GPSM3	na	0.0	0.0	0.0	0.0	0.0	0.0	0.0
NOTCH4	na	0.0	0.0	0.0	0.0	0.0	0.0	0.0
HLA-DRA	na	0.0829084975622628	0.35533777838438546	0.009914165450228538	0.1003084704667827	0.12744026099997388	0.3902604270427751	0.2639927554668613
HLA-DRB5	na	0.0	0.0	0.0	0.0	0.0	0.0	0.0
HLA-DRB1	na	0.08730050504431737	0.26222599064288316	4.3465427445953886e-17	0.10041842148903445	0.10431825916820735	0.2808857957564126	0.16120826093925225
HLA-DQA1	na	0.0	0.0	0.0	0.0	0.0	0.0	0.0
HLA-DQB1	na	0.0	0.0	0.0	0.0	0.0	0.0	0.0
HLA-DQA2	na	0.04901020089976466	0.0829060559725658	0.04615377069972957	0.04911529065240338	0.0500747134013201	0.06984515423382368	0.08416493739949828
HLA-DQB2	na	0.0	0.0	0.0	0.0	0.0	0.0	0.0
HLA-DOB	na	0.0	0.0	0.0	0.0	0.0	0.0	0.0
TAP2	na	0.0	0.0	0.0	0.0	0.0	0.0	0.0
PSMB8	na	0.049627941229070154	0.08853873512596167	0.040000558448598615	0.052617670263061425	0.050797406191386535	0.10523455644845925	0.09376969888066262
PSMB8-AS1	na	0.0	0.0	0.0	0.0	0.0	0.0	0.0
PSMB9	na	0.0	0.0	0.0	0.0	0.0	0.0	0.0
TAP1	na	0.04038668220470807	0.08916239978765844	0.04441394910211017	0.05055978161068973	0.049468252359540624	0.07420090525508352	0.09088618645210687
HLA-DMB	na	0.0	0.0	0.0	0.0	0.0	0.0	0.0
HLA-DMA	na	0.0	0.0	0.0	0.0	0.0	0.0	0.0
BRD2	na	0.049259691350622935	0.07911126443572561	0.06275564808332153	0.03872735443773536	0.05223907314056678	0.05963677340090032	0.10087625038728046
HLA-DOA	na	0.0	0.0	0.0	0.0	0.0	0.0	0.0
HLA-DPA1	na	0.06050946437758836	0.19900886009220087	0.01639030431367693	0.08005069445648014	0.08511780873194057	0.20110948921971053	0.15083346607707945
HLA-DPB1	na	0.04360981178655179	0.1402161353400845	0.025854725444348813	0.06386967054149718	0.06662880088795763	0.14760060797241759	0.1123122154747948
RXRB	na	0.0	0.0	0.0	0.0	0.0	0.0	0.0
SLC39A7	na	0.05056735078536006	0.050305299155675526	0.06854174410312401	0.04482136879812323	0.04669796134532045	0.05303110472609648	0.07184411877503409
HSD17B8	na	0.0	0.0	0.0	0.0	0.0	0.0	0.0
RING1	na	0.0	0.0	0.0	0.0	0.0	0.0	0.0
VPS52	na	0.0	0.0	0.0	0.0	0.0	0.0	0.0
RPS18	na	1.7843454667451193	4.962025024943561	1.2611763187968146e-12	0.06301463435810803	1.0159221388462432	3.6761195659771237	3.9844480889407605
B3GALT4	na	0.0	0.0	0.0	0.0	0.0	0.0	0.0
WDR46	na	0.0	0.0	0.0	0.0	0.0	0.0	0.0
PFDN6	na	0.0719348037377767	0.07656560747376545	0.053915209007367015	0.039402822426003924	0.04975531346386933	0.08437950037370673	0.08801076320193715
RGL2	na	0.05847376428886997	0.0805322802653262	0.06558305115045314	0.07418197301293321	0.059704630163308035	0.06989297473835059	0.10493127364509783
TAPBP	na	0.07257192725338027	0.0875621815825267	0.07056618058853227	0.07235017279006233	0.06751348911186546	0.10523266704573296	0.12457603825120077
ZBTB22	na	0.0	0.0	0.0	0.0	0.0	0.0	0.0
DAXX	na	0.0	0.0	0.0	0.0	0.0	0.0	0.0
KIFC1	na	0.0	0.0	0.0	0.0	0.0	0.0	0.0
PHF1	na	0.0	0.0	0.0	0.0	0.0	0.0	0.0
CUTA	na	0.09102292908432706	0.15644571526490436	0.06414312602687838	0.05312960614431013	0.07566385346799985	0.14361527398040458	0.15233559745330702
SYNGAP1	na	0.0	0.0	0.0	0.0	0.0	0.0	0.0
ZBTB9	na	0.0	0.0	0.0	0.0	0.0	0.0	0.0
BAK1	na	0.0	0.0	0.0	0.0	0.0	0.0	0.0
ITPR3	na	0.0	0.0	0.0	0.0	0.0	0.0	0.0
UQCC2	na	0.09808312837567269	0.18783424951220595	0.03153660636100631	0.07357938044143572	0.07624167332937834	0.1616399755996227	0.1456373188598563
LEMD2	na	0.0	0.0	0.0	0.0	0.0	0.0	0.0
GRM4	na	0.0	0.0	0.0	0.0	0.0	0.0	0.0
HMGA1	na	0.10152343443322752	0.1026073036258176	0.07527773508887887	0.08190841274502705	0.07280832536696065	0.11315472128503203	0.12950385896419495
SMIM29	na	0.0	0.0	0.0	0.0	0.0	0.0	0.0
NUDT3	na	0.0	0.0	0.0	0.0	0.0	0.0	0.0
RPS10	na	0.5252129167406858	1.7346601670600597	1.3198429230410754e-20	0.37430689848009624	0.3840186539453013	1.354238278897865	0.9469953193107624
PACSIN1	na	0.0	0.0	0.0	0.0	0.0	0.0	0.0
SPDEF	na	0.10630923576571841	0.1683642566063481	0.07382195842062014	0.08009948699284093	0.08122122600291824	0.14282716056859499	0.16705764458582434
C6orf106	na	0.0	0.0	0.0	0.0	0.0	0.0	0.0
AL451165.2	na	0.0	0.0	0.0	0.0	0.0	0.0	0.0
SNRPC	na	0.08179531064405583	0.13492489057467608	0.05004508264218908	0.05577478644459398	0.0627839557288793	0.12098306227410668	0.12584740522561705
UHRF1BP1	na	0.0	0.0	0.0	0.0	0.0	0.0	0.0
TAF11	na	0.0	0.0	0.0	0.0	0.0	0.0	0.0
ANKS1A	na	0.0	0.0	0.0	0.0	0.0	0.0	0.0
SCUBE3	na	0.0	0.0	0.0	0.0	0.0	0.0	0.0
ZNF76	na	0.0	0.0	0.0	0.0	0.0	0.0	0.0
DEF6	na	0.0	0.0	0.0	0.0	0.0	0.0	0.0
PPARD	na	0.0	0.0	0.0	0.0	0.0	0.0	0.0
FANCE	na	0.0	0.0	0.0	0.0	0.0	0.0	0.0
RPL10A	na	0.43845499097026835	1.2298464475282067	3.1700210635931604e-20	0.14770145134169282	0.2482463635911579	0.9273527579722783	0.7476650443189256
TEAD3	na	0.0	0.0	0.0	0.0	0.0	0.0	0.0
FKBP5	na	0.0	0.0	0.0	0.0	0.0	0.0	0.0
CLPSL2	na	0.0	0.0	0.0	0.0	0.0	0.0	0.0
CLPSL1	na	0.0	0.0	0.0	0.0	0.0	0.0	0.0
LHFPL5	na	0.0	0.0	0.0	0.0	0.0	0.0	0.0
SRPK1	na	0.0	0.0	0.0	0.0	0.0	0.0	0.0
MAPK14	na	0.0	0.0	0.0	0.0	0.0	0.0	0.0
MAPK13	na	0.052497669242290136	0.0675473327885364	0.05279654179567485	0.04649961241372166	0.04807337301922571	0.05853973775422283	0.07999401521804611
BRPF3	na	0.0	0.0	0.0	0.0	0.0	0.0	0.0
ETV7	na	0.0	0.0	0.0	0.0	0.0	0.0	0.0
KCTD20	na	0.0	0.0	0.0	0.0	0.0	0.0	0.0
STK38	na	0.0	0.0	0.0	0.0	0.0	0.0	0.0
SRSF3	na	0.0977125933028161	0.17960810784288206	0.07755802382144528	0.07896214233482006	0.08326805144977706	0.1516443870494743	0.17418544982969017
CDKN1A	na	0.0	0.0	0.0	0.0	0.0	0.0	0.0
CPNE5	na	0.0	0.0	0.0	0.0	0.0	0.0	0.0
PPIL1	na	0.0	0.0	0.0	0.0	0.0	0.0	0.0
C6orf89	na	0.0	0.0	0.0	0.0	0.0	0.0	0.0
MTCH1	na	0.08730414160185085	0.14947666956143074	0.05500183321901248	0.0633682579172805	0.07493774021727745	0.149737111093009	0.14251975349394685
FGD2	na	0.0	0.0	0.0	0.0	0.0	0.0	0.0
PIM1	na	0.0	0.0	0.0	0.0	0.0	0.0	0.0
TBC1D22B	na	0.0	0.0	0.0	0.0	0.0	0.0	0.0
RNF8	na	0.0	0.0	0.0	0.0	0.0	0.0	0.0
CMTR1	na	0.0	0.0	0.0	0.0	0.0	0.0	0.0
CCDC167	na	0.09620111794124343	0.1466414307534722	0.04347371986945474	0.04561248283145291	0.0653795171844487	0.12982205255259166	0.13037826499406313
ZFAND3	na	0.0	0.0	0.0	0.0	0.0	0.0	0.0
BTBD9	na	0.0	0.0	0.0	0.0	0.0	0.0	0.0
GLO1	na	0.0633962290583665	0.12987799160243468	0.05818858310566227	0.04172870134578885	0.06412296808327504	0.11279024381229144	0.13617804879763828
SAYSD1	na	0.0	0.0	0.0	0.0	0.0	0.0	0.0
KCNK17	na	0.0	0.0	0.0	0.0	0.0	0.0	0.0
DAAM2	na	0.0	0.0	0.0	0.0	0.0	0.0	0.0
MOCS1	na	0.0	0.0	0.0	0.0	0.0	0.0	0.0
LRFN2	na	0.0	0.0	0.0	0.0	0.0	0.0	0.0
OARD1	na	0.0	0.0	0.0	0.0	0.0	0.0	0.0
NFYA	na	0.0	0.0	0.0	0.0	0.0	0.0	0.0
TREM2	na	0.0	0.0	0.0	0.0	0.0	0.0	0.0
TREM1	na	0.0	0.0	0.0	0.0	0.0	0.0	0.0
FOXP4-AS1	na	0.0	0.0	0.0	0.0	0.0	0.0	0.0
FOXP4	na	0.0490054809454198	0.06930300269963642	0.05060505439735489	0.04273392460901673	0.04596464033384536	0.061733795253115585	0.09282267692286425
MDFI	na	0.0	0.0	0.0	0.0	0.0	0.0	0.0
TFEB	na	0.0	0.0	0.0	0.0	0.0	0.0	0.0
FRS3	na	0.0	0.0	0.0	0.0	0.0	0.0	0.0
AL365205.1	na	0.0	0.0	0.0	0.0	0.0	0.0	0.0
USP49	na	0.0	0.0	0.0	0.0	0.0	0.0	0.0
MED20	na	0.0	0.0	0.0	0.0	0.0	0.0	0.0
BYSL	na	0.0	0.0	0.0	0.0	0.0	0.0	0.0
CCND3	na	0.0	0.0	0.0	0.0	0.0	0.0	0.0
TAF8	na	0.0	0.0	0.0	0.0	0.0	0.0	0.0
AL512274.1	na	0.0	0.0	0.0	0.0	0.0	0.0	0.0
C6orf132	na	0.0	0.0	0.0	0.0	0.0	0.0	0.0
MRPS10	na	0.0	0.0	0.0	0.0	0.0	0.0	0.0
TRERF1	na	0.0	0.0	0.0	0.0	0.0	0.0	0.0
UBR2	na	0.0	0.0	0.0	0.0	0.0	0.0	0.0
TBCC	na	0.0	0.0	0.0	0.0	0.0	0.0	0.0
BICRAL	na	0.0	0.0	0.0	0.0	0.0	0.0	0.0
RPL7L1	na	0.06287330633627632	0.08290839132695518	0.044943624555848875	0.04611576964732417	0.049840804580331584	0.08055817276144757	0.08963060749741691
C6orf226	na	0.0	0.0	0.0	0.0	0.0	0.0	0.0
CNPY3	na	0.0	0.0	0.0	0.0	0.0	0.0	0.0
GNMT	na	0.0	0.0	0.0	0.0	0.0	0.0	0.0
PEX6	na	0.0	0.0	0.0	0.0	0.0	0.0	0.0
PPP2R5D	na	0.0	0.0	0.0	0.0	0.0	0.0	0.0
MEA1	na	0.06531954776279884	0.08996955507628372	0.039932573761812196	0.054352543279002984	0.055588765055387346	0.08687709817907975	0.10379571115921483
KLHDC3	na	0.045648803771552324	0.07696326698910673	0.04889422497219413	0.04185211441036205	0.04572679781731824	0.06028135183688455	0.0816853652995272
RRP36	na	0.0	0.0	0.0	0.0	0.0	0.0	0.0
CUL7	na	0.0	0.0	0.0	0.0	0.0	0.0	0.0
KLC4	na	0.0	0.0	0.0	0.0	0.0	0.0	0.0
MRPL2	na	0.0	0.0	0.0	0.0	0.0	0.0	0.0
PTK7	na	0.04357824296065355	0.05838101857383269	0.064084759706022	0.04538888016227771	0.04580413720128942	0.05634042104573336	0.07258492030529858
SRF	na	0.0	0.0	0.0	0.0	0.0	0.0	0.0
CUL9	na	0.0	0.0	0.0	0.0	0.0	0.0	0.0
DNPH1	na	0.0	0.0	0.0	0.0	0.0	0.0	0.0
TTBK1	na	0.0	0.0	0.0	0.0	0.0	0.0	0.0
ZNF318	na	0.0	0.0	0.0	0.0	0.0	0.0	0.0
ABCC10	na	0.0	0.0	0.0	0.0	0.0	0.0	0.0
TJAP1	na	0.0	0.0	0.0	0.0	0.0	0.0	0.0
LRRC73	na	0.0	0.0	0.0	0.0	0.0	0.0	0.0
POLR1C	na	0.0	0.0	0.0	0.0	0.0	0.0	0.0
YIPF3	na	0.06606248101270609	0.08923419341380863	0.056277666266156164	0.05774656963539297	0.056743354533681234	0.09023050076718833	0.11437665539717987
XPO5	na	0.0	0.0	0.0	0.0	0.0	0.0	0.0
POLH	na	0.0	0.0	0.0	0.0	0.0	0.0	0.0
GTPBP2	na	0.0	0.0	0.0	0.0	0.0	0.0	0.0
MAD2L1BP	na	0.0	0.0	0.0	0.0	0.0	0.0	0.0
MRPS18A	na	0.05861373893501647	0.07593860711203856	0.05124299084321636	0.055436256893139295	0.04754076437119549	0.05175463208284772	0.07803533572507398
VEGFA	na	0.0525191765678319	0.08628708093450312	0.061059746775613516	0.043012663444828125	0.05235221979666134	0.06350285891631967	0.09936865725467162
AL109615.3	na	0.0	0.0	0.0	0.0	0.0	0.0	0.0
MRPL14	na	0.06609169756762659	0.12120723599876344	0.03671885980794024	0.06429505077535981	0.058305525850026935	0.10204697842779094	0.09873297507145572
TMEM63B	na	0.048314643338303265	0.05092501307884291	0.0608608197629711	0.053633633139063684	0.0461477939073476	0.05373563545517961	0.06928241827126141
MYMX	na	0.0	0.0	0.0	0.0	0.0	0.0	0.0
SLC29A1	na	0.06139131279868651	0.05494023671442155	0.07429405357458978	0.05569735165743972	0.053371402602119825	0.062087813304826385	0.0807791658548739
HSP90AB1	na	0.3090241783664022	0.7340230696828982	0.1585809037901029	0.1476607141484798	0.2547610077510072	0.6573580180948276	0.6517728557176969
SLC35B2	na	0.0	0.0	0.0	0.0	0.0	0.0	0.0
NFKBIE	na	0.0	0.0	0.0	0.0	0.0	0.0	0.0
AARS2	na	0.0	0.0	0.0	0.0	0.0	0.0	0.0
CDC5L	na	0.0	0.0	0.0	0.0	0.0	0.0	0.0
SUPT3H	na	0.0	0.0	0.0	0.0	0.0	0.0	0.0
RUNX2	na	0.0	0.0	0.0	0.0	0.0	0.0	0.0
CLIC5	na	0.0	0.0	0.0	0.0	0.0	0.0	0.0
ENPP4	na	0.0	0.0	0.0	0.0	0.0	0.0	0.0
ENPP5	na	0.0	0.0	0.0	0.0	0.0	0.0	0.0
RCAN2	na	0.0	0.0	0.0	0.0	0.0	0.0	0.0
PLA2G7	na	0.0	0.0	0.0	0.0	0.0	0.0	0.0
ADGRF5	na	0.0	0.0	0.0	0.0	0.0	0.0	0.0
TNFRSF21	na	0.0	0.0	0.0	0.0	0.0	0.0	0.0
AL355353.1	na	0.0	0.0	0.0	0.0	0.0	0.0	0.0
CD2AP	na	0.0	0.0	0.0	0.0	0.0	0.0	0.0
MUT	na	0.0	0.0	0.0	0.0	0.0	0.0	0.0
CENPQ	na	0.0	0.0	0.0	0.0	0.0	0.0	0.0
C6orf141	na	0.0	0.0	0.0	0.0	0.0	0.0	0.0
TFAP2B	na	0.0	0.0	0.0	0.0	0.0	0.0	0.0
MCM3	na	0.0	0.0	0.0	0.0	0.0	0.0	0.0
PAQR8	na	0.0	0.0	0.0	0.0	0.0	0.0	0.0
EFHC1	na	0.0	0.0	0.0	0.0	0.0	0.0	0.0
TRAM2	na	0.0	0.0	0.0	0.0	0.0	0.0	0.0
TRAM2-AS1	na	0.0	0.0	0.0	0.0	0.0	0.0	0.0
TMEM14A	na	0.0	0.0	0.0	0.0	0.0	0.0	0.0
GSTA2	na	0.0	0.0	0.0	0.0	0.0	0.0	0.0
GSTA1	na	0.0	0.0	0.0	0.0	0.0	0.0	0.0
GSTA4	na	0.0	0.0	0.0	0.0	0.0	0.0	0.0
ICK	na	0.0	0.0	0.0	0.0	0.0	0.0	0.0
FBXO9	na	0.0	0.0	0.0	0.0	0.0	0.0	0.0
ELOVL5	na	0.06302316388164203	0.11283309479988478	0.035933515275347536	0.060260245174889336	0.05812323326955927	0.10794810067377546	0.11800215284014733
GCLC	na	0.0	0.0	0.0	0.0	0.0	0.0	0.0
LRRC1	na	0.0	0.0	0.0	0.0	0.0	0.0	0.0
FAM83B	na	0.0	0.0	0.0	0.0	0.0	0.0	0.0
DST	na	0.0	0.0	0.0	0.0	0.0	0.0	0.0
KIAA1586	na	0.0	0.0	0.0	0.0	0.0	0.0	0.0
ZNF451	na	0.0	0.0	0.0	0.0	0.0	0.0	0.0
BAG2	na	0.0	0.0	0.0	0.0	0.0	0.0	0.0
RAB23	na	0.0	0.0	0.0	0.0	0.0	0.0	0.0
PRIM2	na	0.0	0.0	0.0	0.0	0.0	0.0	0.0
AL021368.2	na	0.0	0.0	0.0	0.0	0.0	0.0	0.0
PTP4A1	na	0.04576014511913303	0.09351369537186405	0.045101574859717025	0.06042919394566185	0.05540009854121426	0.11836578736571207	0.09828559279659187
PHF3	na	0.0	0.0	0.0	0.0	0.0	0.0	0.0
LMBRD1	na	0.0	0.0	0.0	0.0	0.0	0.0	0.0
FAM135A	na	0.0	0.0	0.0	0.0	0.0	0.0	0.0
SDHAF4	na	0.0	0.0	0.0	0.0	0.0	0.0	0.0
SMAP1	na	0.0	0.0	0.0	0.0	0.0	0.0	0.0
B3GAT2	na	0.0	0.0	0.0	0.0	0.0	0.0	0.0
OGFRL1	na	0.0	0.0	0.0	0.0	0.0	0.0	0.0
CGAS	na	0.0	0.0	0.0	0.0	0.0	0.0	0.0
MTO1	na	0.0	0.0	0.0	0.0	0.0	0.0	0.0
EEF1A1	na	1.0718022743961753	3.067737029123465	0.44118309189927424	0.7859052312951194	0.9570924871614155	2.5435724259463965	2.4774638786547913
SLC17A5	na	0.0	0.0	0.0	0.0	0.0	0.0	0.0
CD109	na	0.0	0.0	0.0	0.0	0.0	0.0	0.0
COL12A1	na	0.04876224761284541	0.11809982360016036	0.03208357421797055	0.05507134311655864	0.06020063807098754	0.13859263417800016	0.10423931292925274
COX7A2	na	0.22393347262755176	0.6759306291835533	7.680976217142938e-21	0.1665547472904453	0.1612703496477846	0.4531372882687233	0.38304228080961117
TMEM30A	na	0.0	0.0	0.0	0.0	0.0	0.0	0.0
FILIP1	na	0.0	0.0	0.0	0.0	0.0	0.0	0.0
SENP6	na	0.0	0.0	0.0	0.0	0.0	0.0	0.0
MYO6	na	0.06492853665278585	0.08276935097286613	0.06677129080697325	0.06942673759233713	0.062018790218925694	0.07380980876859158	0.09531539250825054
AL591030.1	na	0.0	0.0	0.0	0.0	0.0	0.0	0.0
IRAK1BP1	na	0.0	0.0	0.0	0.0	0.0	0.0	0.0
PHIP	na	0.0349926542025801	0.05338075892471488	0.05319458432215156	0.04343434680642018	0.044689404080458864	0.06100871563200839	0.0748013126459855
HMGN3	na	0.06324881521349508	0.10406468868177167	0.05852369979826986	0.05696364463481535	0.057817629924770915	0.09306564217144492	0.09872862886081737
HMGN3-AS1	na	0.0	0.0	0.0	0.0	0.0	0.0	0.0
LCA5	na	0.0	0.0	0.0	0.0	0.0	0.0	0.0
SH3BGRL2	na	0.0	0.0	0.0	0.0	0.0	0.0	0.0
TTK	na	0.0	0.0	0.0	0.0	0.0	0.0	0.0
BCKDHB	na	0.0	0.0	0.0	0.0	0.0	0.0	0.0
AL359715.3	na	0.0	0.0	0.0	0.0	0.0	0.0	0.0
AL359715.1	na	0.0	0.0	0.0	0.0	0.0	0.0	0.0
TENT5A	na	0.0	0.0	0.0	0.0	0.0	0.0	0.0
LINC02542	na	0.0	0.0	0.0	0.0	0.0	0.0	0.0
IBTK	na	0.0	0.0	0.0	0.0	0.0	0.0	0.0
TPBG	na	0.0	0.0	0.0	0.0	0.0	0.0	0.0
UBE3D	na	0.0	0.0	0.0	0.0	0.0	0.0	0.0
DOPEY1	na	0.0	0.0	0.0	0.0	0.0	0.0	0.0
PGM3	na	0.0	0.0	0.0	0.0	0.0	0.0	0.0
RWDD2A	na	0.0	0.0	0.0	0.0	0.0	0.0	0.0
ME1	na	0.0	0.0	0.0	0.0	0.0	0.0	0.0
CYB5R4	na	0.0	0.0	0.0	0.0	0.0	0.0	0.0
CEP162	na	0.0	0.0	0.0	0.0	0.0	0.0	0.0
TBX18	na	0.0	0.0	0.0	0.0	0.0	0.0	0.0
NT5E	na	0.0	0.0	0.0	0.0	0.0	0.0	0.0
SNX14	na	0.0	0.0	0.0	0.0	0.0	0.0	0.0
SYNCRIP	na	0.05134791584554407	0.08318920844592394	0.051039123638398694	0.0631461640281217	0.05249286864302282	0.07453880884521985	0.09236562409386372
ZNF292	na	0.0	0.0	0.0	0.0	0.0	0.0	0.0
SMIM8	na	0.0	0.0	0.0	0.0	0.0	0.0	0.0
CFAP206	na	0.0	0.0	0.0	0.0	0.0	0.0	0.0
SLC35A1	na	0.0	0.0	0.0	0.0	0.0	0.0	0.0
RARS2	na	0.0	0.0	0.0	0.0	0.0	0.0	0.0
ORC3	na	0.0	0.0	0.0	0.0	0.0	0.0	0.0
AKIRIN2	na	0.0	0.0	0.0	0.0	0.0	0.0	0.0
RNGTT	na	0.0	0.0	0.0	0.0	0.0	0.0	0.0
PNRC1	na	0.05565523950885506	0.07383148280821002	0.05929435460855055	0.04215004186870045	0.049256464964086685	0.07603556437661785	0.09433723066441668
PM20D2	na	0.0	0.0	0.0	0.0	0.0	0.0	0.0
UBE2J1	na	0.04297651835788211	0.06767674871404165	0.04605338228462267	0.04345977836683836	0.04463396154433753	0.06364661280287813	0.07926783681024786
RRAGD	na	0.0	0.0	0.0	0.0	0.0	0.0	0.0
ANKRD6	na	0.0	0.0	0.0	0.0	0.0	0.0	0.0
LYRM2	na	0.0	0.0	0.0	0.0	0.0	0.0	0.0
MDN1	na	0.0	0.0	0.0	0.0	0.0	0.0	0.0
CASP8AP2	na	0.0	0.0	0.0	0.0	0.0	0.0	0.0
MAP3K7	na	0.0	0.0	0.0	0.0	0.0	0.0	0.0
MANEA	na	0.0	0.0	0.0	0.0	0.0	0.0	0.0
FUT9	na	0.0	0.0	0.0	0.0	0.0	0.0	0.0
UFL1	na	0.0	0.0	0.0	0.0	0.0	0.0	0.0
NDUFAF4	na	0.0	0.0	0.0	0.0	0.0	0.0	0.0
MMS22L	na	0.0	0.0	0.0	0.0	0.0	0.0	0.0
FBXL4	na	0.0	0.0	0.0	0.0	0.0	0.0	0.0
FAXC	na	0.0	0.0	0.0	0.0	0.0	0.0	0.0
COQ3	na	0.0	0.0	0.0	0.0	0.0	0.0	0.0
PNISR	na	0.04467983532362986	0.06112927717125152	0.0576674355711988	0.0571570396466682	0.049961449678439775	0.08308773485207244	0.07911841052243367
USP45	na	0.0	0.0	0.0	0.0	0.0	0.0	0.0
TSTD3	na	0.0	0.0	0.0	0.0	0.0	0.0	0.0
CCNC	na	0.03720025214452281	0.09404045384558797	0.030412349322223253	0.07810207994958243	0.04955271542340396	0.071210242619526	0.07158599104889668
ASCC3	na	0.041371172939802546	0.08801064293720735	0.03916085225590364	0.06558701687447879	0.050472078868324374	0.08078092904453565	0.08249040503536346
AL133338.1	na	0.0	0.0	0.0	0.0	0.0	0.0	0.0
HACE1	na	0.0	0.0	0.0	0.0	0.0	0.0	0.0
BVES	na	0.0	0.0	0.0	0.0	0.0	0.0	0.0
PREP	na	0.0	0.0	0.0	0.0	0.0	0.0	0.0
ATG5	na	0.0	0.0	0.0	0.0	0.0	0.0	0.0
PRDM1	na	0.0	0.0	0.0	0.0	0.0	0.0	0.0
CRYBG1	na	0.0	0.0	0.0	0.0	0.0	0.0	0.0
RTN4IP1	na	0.0	0.0	0.0	0.0	0.0	0.0	0.0
QRSL1	na	0.0	0.0	0.0	0.0	0.0	0.0	0.0
CD24	na	0.9443155641715073	2.5204700549644325	0.23700528828063538	1.2927697851925486	0.9077881905333053	2.5207638094127027	1.7677320501167653
C6orf203	na	0.0	0.0	0.0	0.0	0.0	0.0	0.0
BEND3	na	0.0	0.0	0.0	0.0	0.0	0.0	0.0
PDSS2	na	0.0	0.0	0.0	0.0	0.0	0.0	0.0
SEC63	na	0.05220386735019091	0.08163880736360277	0.03949928574832892	0.06604403540885442	0.05357314759909923	0.08903093158424476	0.08195326116463968
AL024507.2	na	0.0	0.0	0.0	0.0	0.0	0.0	0.0
OSTM1	na	0.0	0.0	0.0	0.0	0.0	0.0	0.0
SNX3	na	0.09748777795944721	0.2956644449132316	3.02208473772578e-15	0.11478263906067589	0.09830118620898935	0.30118932772534257	0.1743698900174837
AFG1L	na	0.0	0.0	0.0	0.0	0.0	0.0	0.0
FOXO3	na	0.05513873737288423	0.10629604121345222	0.02882923074279468	0.08318426779406767	0.05915012079503891	0.10248027833141252	0.09030402036565457
ARMC2	na	0.0	0.0	0.0	0.0	0.0	0.0	0.0
SESN1	na	0.0	0.0	0.0	0.0	0.0	0.0	0.0
CEP57L1	na	0.0	0.0	0.0	0.0	0.0	0.0	0.0
CD164	na	0.09182040992574149	0.3417009818932211	1.1778675245383673e-17	0.1687633334201078	0.11066189068078089	0.3606435950714444	0.20558470985183422
AL359711.2	na	0.0	0.0	0.0	0.0	0.0	0.0	0.0
PPIL6	na	0.0	0.0	0.0	0.0	0.0	0.0	0.0
SMPD2	na	0.0	0.0	0.0	0.0	0.0	0.0	0.0
MICAL1	na	0.0	0.0	0.0	0.0	0.0	0.0	0.0
ZBTB24	na	0.0	0.0	0.0	0.0	0.0	0.0	0.0
AK9	na	0.0	0.0	0.0	0.0	0.0	0.0	0.0
FIG4	na	0.0	0.0	0.0	0.0	0.0	0.0	0.0
WASF1	na	0.0	0.0	0.0	0.0	0.0	0.0	0.0
CDC40	na	0.0	0.0	0.0	0.0	0.0	0.0	0.0
DDO	na	0.0	0.0	0.0	0.0	0.0	0.0	0.0
CDK19	na	0.0	0.0	0.0	0.0	0.0	0.0	0.0
AMD1	na	0.0	0.0	0.0	0.0	0.0	0.0	0.0
GTF3C6	na	0.09134058626832361	0.1848335600801315	0.04261424642038607	0.0849525518159106	0.075571360785233	0.1533431480346012	0.14172148822981964
RPF2	na	0.0	0.0	0.0	0.0	0.0	0.0	0.0
SLC16A10	na	0.0	0.0	0.0	0.0	0.0	0.0	0.0
MFSD4B	na	0.0	0.0	0.0	0.0	0.0	0.0	0.0
AL080317.1	na	0.0	0.0	0.0	0.0	0.0	0.0	0.0
REV3L	na	0.0	0.0	0.0	0.0	0.0	0.0	0.0
AL080317.3	na	0.0	0.0	0.0	0.0	0.0	0.0	0.0
TRAF3IP2-AS1	na	0.0	0.0	0.0	0.0	0.0	0.0	0.0
TRAF3IP2	na	0.06673796889093957	0.0761670091393165	0.05062495461415079	0.04456151701388608	0.046432634674768575	0.06931961967684937	0.08029565101665082
FYN	na	0.0	0.0	0.0	0.0	0.0	0.0	0.0
TUBE1	na	0.0	0.0	0.0	0.0	0.0	0.0	0.0
FAM229B	na	0.0	0.0	0.0	0.0	0.0	0.0	0.0
LAMA4	na	0.0	0.0	0.0	0.0	0.0	0.0	0.0
MARCKS	na	0.23469458309013766	0.4733455402125702	0.17609411972613012	0.06590224970056943	0.18099974350367198	0.42183495332544113	0.5121134732345762
HDAC2	na	0.07884809489914252	0.17602270135413275	0.0630384197224957	0.07294442415398919	0.08109006047012297	0.16870542824906734	0.16260919641784732
FRK	na	0.0	0.0	0.0	0.0	0.0	0.0	0.0
NT5DC1	na	0.0	0.0	0.0	0.0	0.0	0.0	0.0
COL10A1	na	0.0	0.0	0.0	0.0	0.0	0.0	0.0
TSPYL4	na	0.0	0.0	0.0	0.0	0.0	0.0	0.0
DSE	na	0.0	0.0	0.0	0.0	0.0	0.0	0.0
TSPYL1	na	0.08334847359058183	0.1025576135591035	0.08392826573748455	0.079355628331877	0.07658702128153426	0.10426963294088015	0.14191856741832673
CALHM6	na	0.0	0.0	0.0	0.0	0.0	0.0	0.0
CALHM5	na	0.0	0.0	0.0	0.0	0.0	0.0	0.0
RWDD1	na	0.05244206275367612	0.09493619530293307	0.028566833325131765	0.05002924611471792	0.05251196568195318	0.0980315021546733	0.09576836194473785
ZUP1	na	0.0	0.0	0.0	0.0	0.0	0.0	0.0
KPNA5	na	0.0	0.0	0.0	0.0	0.0	0.0	0.0
DCBLD1	na	0.0	0.0	0.0	0.0	0.0	0.0	0.0
GOPC	na	0.0	0.0	0.0	0.0	0.0	0.0	0.0
NUS1	na	0.0	0.0	0.0	0.0	0.0	0.0	0.0
CEP85L	na	0.0	0.0	0.0	0.0	0.0	0.0	0.0
PLN	na	0.0	0.0	0.0	0.0	0.0	0.0	0.0
MCM9	na	0.0	0.0	0.0	0.0	0.0	0.0	0.0
ASF1A	na	0.0	0.0	0.0	0.0	0.0	0.0	0.0
FAM184A	na	0.0	0.0	0.0	0.0	0.0	0.0	0.0
MAN1A1	na	0.0	0.0	0.0	0.0	0.0	0.0	0.0
TBC1D32	na	0.0	0.0	0.0	0.0	0.0	0.0	0.0
GJA1	na	0.0	0.0	0.0	0.0	0.0	0.0	0.0
HSF2	na	0.0	0.0	0.0	0.0	0.0	0.0	0.0
SERINC1	na	0.08458276695727508	0.1318054279388961	0.07112470652522362	0.05742543066284882	0.07298974231967614	0.13481682475849036	0.1313478944263892
PKIB	na	0.0	0.0	0.0	0.0	0.0	0.0	0.0
SMPDL3A	na	0.0	0.0	0.0	0.0	0.0	0.0	0.0
RNF217	na	0.0	0.0	0.0	0.0	0.0	0.0	0.0
TPD52L1	na	0.059037309589769056	0.1183842169673557	0.04541974955802437	0.04243897272887256	0.0595315950801208	0.12482192437549922	0.10989436218662553
HDDC2	na	0.05673616544436328	0.11950124894359775	0.03853044665979281	0.06456876666468754	0.05865473787171466	0.08986740602064706	0.10666077868104148
HEY2	na	0.0	0.0	0.0	0.0	0.0	0.0	0.0
NCOA7	na	0.04907126347795211	0.07589737789520103	0.04669215969549071	0.05713061034549772	0.04653560364848797	0.06078947380869775	0.07982297927986431
HINT3	na	0.0608360616899392	0.07022660334227941	0.06136570947569189	0.04437580326135766	0.05068329921074169	0.06772629112852467	0.09458484055356774
TRMT11	na	0.0	0.0	0.0	0.0	0.0	0.0	0.0
CENPW	na	0.0	0.0	0.0	0.0	0.0	0.0	0.0
RNF146	na	0.0	0.0	0.0	0.0	0.0	0.0	0.0
ECHDC1	na	0.0	0.0	0.0	0.0	0.0	0.0	0.0
PTPRK	na	0.0595110071963935	0.11596154622366367	0.0665966058487103	0.061286427842543095	0.06282714381368913	0.10650178420420281	0.1296387459187369
LAMA2	na	0.0	0.0	0.0	0.0	0.0	0.0	0.0
ARHGAP18	na	0.060488437643456426	0.0798559187907499	0.050244964926625044	0.05996250556258846	0.052587768013618065	0.07032216563973667	0.0859542653566795
L3MBTL3	na	0.0	0.0	0.0	0.0	0.0	0.0	0.0
TMEM200A	na	0.0	0.0	0.0	0.0	0.0	0.0	0.0
EPB41L2	na	0.0	0.0	0.0	0.0	0.0	0.0	0.0
AKAP7	na	0.0	0.0	0.0	0.0	0.0	0.0	0.0
MED23	na	0.04907187901100647	0.06649220403251663	0.053301675230748566	0.04593223028700047	0.050608664605442	0.07514315708678605	0.0920251977591676
ENPP3	na	0.0	0.0	0.0	0.0	0.0	0.0	0.0
ENPP1	na	0.0589242941590896	0.0679147167765996	0.07239913596419907	0.057356893649253005	0.055601497670952744	0.07760068841349553	0.09225837685626496
CTGF	na	0.05587324471366721	0.16694147146449514	0.052599570766863044	0.07165276183989074	0.08627384271440766	0.21106331692760658	0.16809275887194514
MOXD1	na	0.0	0.0	0.0	0.0	0.0	0.0	0.0
STX7	na	0.0	0.0	0.0	0.0	0.0	0.0	0.0
VNN3	na	0.0	0.0	0.0	0.0	0.0	0.0	0.0
VNN2	na	0.0	0.0	0.0	0.0	0.0	0.0	0.0
SLC18B1	na	0.0	0.0	0.0	0.0	0.0	0.0	0.0
RPS12	na	1.9266204825954683	6.3049814486937565	5.117406626299122e-19	1.1387500909280752	1.2144735819313834	4.60211063468924	3.42507692902029
TBPL1	na	0.0	0.0	0.0	0.0	0.0	0.0	0.0
SGK1	na	0.0	0.0	0.0	0.0	0.0	0.0	0.0
ALDH8A1	na	0.0	0.0	0.0	0.0	0.0	0.0	0.0
HBS1L	na	0.055977887004355555	0.06381739899700456	0.048049091917445975	0.054217403038852224	0.047659164036711194	0.0637618831924775	0.08282724384432041
MYB	na	0.055052671524755285	0.0630220559745371	0.0693329534688816	0.05334707979782936	0.05434025259496202	0.06420144402674939	0.08234347838366571
AHI1	na	0.0	0.0	0.0	0.0	0.0	0.0	0.0
MTFR2	na	0.0	0.0	0.0	0.0	0.0	0.0	0.0
BCLAF1	na	0.06242567163093962	0.08247883025904604	0.06295303726801929	0.06000597835442697	0.0562987212002085	0.07935480709213709	0.09924140358322929
AL023284.4	na	0.0	0.0	0.0	0.0	0.0	0.0	0.0
MAP7	na	0.05247473532006974	0.05754553219401678	0.04142604532030178	0.05387590945313868	0.04847318054124159	0.07447716647427129	0.0757657118923277
AL024508.2	na	0.0	0.0	0.0	0.0	0.0	0.0	0.0
MAP3K5	na	0.0	0.0	0.0	0.0	0.0	0.0	0.0
PEX7	na	0.0	0.0	0.0	0.0	0.0	0.0	0.0
IL20RA	na	0.06418698654146868	0.09799715713319998	0.07902770794338553	0.06858644498967352	0.07004626937631292	0.08019502158247958	0.13301669783390513
IFNGR1	na	0.05195948033490598	0.057180978251045525	0.0637626577154126	0.04577779901285042	0.05042111042191473	0.0758946556222321	0.09379604950832543
AL356234.2	na	0.0	0.0	0.0	0.0	0.0	0.0	0.0
TNFAIP3	na	0.0	0.0	0.0	0.0	0.0	0.0	0.0
PERP	na	0.30363184012348954	0.5777648138723183	0.25413208043501156	0.03337618466116847	0.2215756920501093	0.4301928934498911	0.6913121613055729
ARFGEF3	na	0.07881512980006249	0.11401804753190725	0.07489454252162532	0.07225316439216864	0.07192194953864157	0.09872881088281012	0.1341890831580944
HEBP2	na	0.10965020756096612	0.2551160765245803	0.08765769189197292	0.0402931605973831	0.10794495071331815	0.244018776411151	0.26668030849616514
NHSL1	na	0.0	0.0	0.0	0.0	0.0	0.0	0.0
AL590617.2	na	0.0	0.0	0.0	0.0	0.0	0.0	0.0
GVQW2	na	0.0	0.0	0.0	0.0	0.0	0.0	0.0
CCDC28A	na	0.0	0.0	0.0	0.0	0.0	0.0	0.0
REPS1	na	0.0	0.0	0.0	0.0	0.0	0.0	0.0
ABRACL	na	0.12911172496730308	0.24390324526799312	0.074630204051129	0.05726114898183228	0.09262548527468956	0.19781470292268563	0.2373306647958441
HECA	na	0.0	0.0	0.0	0.0	0.0	0.0	0.0
TXLNB	na	0.0	0.0	0.0	0.0	0.0	0.0	0.0
CITED2	na	0.04783180707935328	0.03984246039605922	0.049312953930639544	0.057096679280352974	0.04779292835265974	0.06056099114708275	0.06968322698270307
AL035446.1	na	0.0	0.0	0.0	0.0	0.0	0.0	0.0
VTA1	na	0.0436069833528517	0.07212502416311697	0.054222161966604385	0.0379318897564692	0.049515624163085185	0.0843149095735065	0.08682594570113676
ADGRG6	na	0.0	0.0	0.0	0.0	0.0	0.0	0.0
HIVEP2	na	0.0	0.0	0.0	0.0	0.0	0.0	0.0
AIG1	na	0.0	0.0	0.0	0.0	0.0	0.0	0.0
ADAT2	na	0.0	0.0	0.0	0.0	0.0	0.0	0.0
PEX3	na	0.0	0.0	0.0	0.0	0.0	0.0	0.0
FUCA2	na	0.06742150958896276	0.11809265343553754	0.04596210494240583	0.06268746964562345	0.05704183530600542	0.08949792693728773	0.10670003985493656
PHACTR2	na	0.0	0.0	0.0	0.0	0.0	0.0	0.0
LTV1	na	0.0	0.0	0.0	0.0	0.0	0.0	0.0
PLAGL1	na	0.0	0.0	0.0	0.0	0.0	0.0	0.0
SF3B5	na	0.1375811853605131	0.25453804153884835	0.03468479665842778	0.0948313132694603	0.09357742870012911	0.2232049521203013	0.20818736084945197
STX11	na	0.0	0.0	0.0	0.0	0.0	0.0	0.0
UTRN	na	0.0	0.0	0.0	0.0	0.0	0.0	0.0
EPM2A	na	0.0	0.0	0.0	0.0	0.0	0.0	0.0
FBXO30	na	0.0	0.0	0.0	0.0	0.0	0.0	0.0
AL356599.1	na	0.0	0.0	0.0	0.0	0.0	0.0	0.0
SHPRH	na	0.0	0.0	0.0	0.0	0.0	0.0	0.0
RAB32	na	0.0	0.0	0.0	0.0	0.0	0.0	0.0
STXBP5	na	0.0	0.0	0.0	0.0	0.0	0.0	0.0
SASH1	na	0.05066768592029734	0.08512675909557443	0.0425455175358042	0.03895001737859811	0.04881816190790582	0.06224034229371621	0.08988407029538589
UST	na	0.0	0.0	0.0	0.0	0.0	0.0	0.0
TAB2	na	0.05838669358162591	0.06893190219623463	0.05004004358189196	0.0471023806108256	0.048089685402180594	0.07162606084988234	0.08425275365638127
ZC3H12D	na	0.0	0.0	0.0	0.0	0.0	0.0	0.0
PPIL4	na	0.0	0.0	0.0	0.0	0.0	0.0	0.0
GINM1	na	0.04479527862103288	0.0680175378916271	0.04954267611064926	0.045368377823969214	0.04504104917595237	0.06995580517636621	0.08020016352228897
KATNA1	na	0.0	0.0	0.0	0.0	0.0	0.0	0.0
LATS1	na	0.0	0.0	0.0	0.0	0.0	0.0	0.0
AL358852.1	na	0.0	0.0	0.0	0.0	0.0	0.0	0.0
NUP43	na	0.0	0.0	0.0	0.0	0.0	0.0	0.0
PCMT1	na	0.06629806376114504	0.13333310334058382	0.04415851544746308	0.09471082103070415	0.07069972846915462	0.11419559798737526	0.14343804332164875
LRP11	na	0.0	0.0	0.0	0.0	0.0	0.0	0.0
AL355312.4	na	0.0	0.0	0.0	0.0	0.0	0.0	0.0
ULBP2	na	0.0	0.0	0.0	0.0	0.0	0.0	0.0
IYD	na	0.0	0.0	0.0	0.0	0.0	0.0	0.0
PLEKHG1	na	0.0	0.0	0.0	0.0	0.0	0.0	0.0
MTHFD1L	na	0.0	0.0	0.0	0.0	0.0	0.0	0.0
AKAP12	na	0.0	0.0	0.0	0.0	0.0	0.0	0.0
ZBTB2	na	0.0	0.0	0.0	0.0	0.0	0.0	0.0
RMND1	na	0.0	0.0	0.0	0.0	0.0	0.0	0.0
ARMT1	na	0.0449608276179536	0.04884003191309022	0.060594591139647054	0.05866095769519317	0.04815996333496151	0.0555619491503128	0.0708788920383923
CCDC170	na	0.0	0.0	0.0	0.0	0.0	0.0	0.0
ESR1	na	0.0	0.0	0.0	0.0	0.0	0.0	0.0
SYNE1	na	0.0	0.0	0.0	0.0	0.0	0.0	0.0
MYCT1	na	0.0	0.0	0.0	0.0	0.0	0.0	0.0
FBXO5	na	0.0	0.0	0.0	0.0	0.0	0.0	0.0
MTRF1L	na	0.0	0.0	0.0	0.0	0.0	0.0	0.0
CNKSR3	na	0.0	0.0	0.0	0.0	0.0	0.0	0.0
SCAF8	na	0.0	0.0	0.0	0.0	0.0	0.0	0.0
TIAM2	na	0.0	0.0	0.0	0.0	0.0	0.0	0.0
AL596202.1	na	0.0	0.0	0.0	0.0	0.0	0.0	0.0
TFB1M	na	0.0	0.0	0.0	0.0	0.0	0.0	0.0
ARID1B	na	0.04772667593206342	0.06334483952472801	0.05525188464775041	0.04320247300374932	0.046707169172931	0.06444933120105681	0.07454541983871198
TMEM242	na	0.0	0.0	0.0	0.0	0.0	0.0	0.0
ZDHHC14	na	0.0	0.0	0.0	0.0	0.0	0.0	0.0
SNX9	na	0.026866589866002946	0.06488886215589486	0.04429219812580585	0.04553733405351593	0.04604501198730135	0.06239050745830043	0.0888248969135186
SYNJ2	na	0.0	0.0	0.0	0.0	0.0	0.0	0.0
SERAC1	na	0.0	0.0	0.0	0.0	0.0	0.0	0.0
GTF2H5	na	0.0718022718762878	0.15015779239569096	0.03223241037561304	0.06256931338510166	0.06612108867151809	0.10971036119742948	0.11049161945932963
TULP4	na	0.0	0.0	0.0	0.0	0.0	0.0	0.0
TMEM181	na	0.0	0.0	0.0	0.0	0.0	0.0	0.0
DYNLT1	na	0.15669191673131816	0.2892275404778356	0.03045632477166899	0.10298277064720376	0.10296233771677876	0.2542544654859192	0.23870541959548655
SYTL3	na	0.0	0.0	0.0	0.0	0.0	0.0	0.0
EZR	na	0.19712212048146832	0.2418383862501918	0.2246884830711903	0.14510289902585555	0.1623939134751647	0.22254706791199583	0.32621133667527397
AL627422.2	na	0.0	0.0	0.0	0.0	0.0	0.0	0.0
C6orf99	na	0.0	0.0	0.0	0.0	0.0	0.0	0.0
RSPH3	na	0.0	0.0	0.0	0.0	0.0	0.0	0.0
TAGAP	na	0.0	0.0	0.0	0.0	0.0	0.0	0.0
FNDC1	na	0.0	0.0	0.0	0.0	0.0	0.0	0.0
SOD2	na	0.0	0.0	0.0	0.0	0.0	0.0	0.0
WTAP	na	0.05362926774109623	0.05684449445615919	0.05004629667294295	0.05466692805774316	0.04655181760378917	0.055333231482656564	0.07686354950336757
ACAT2	na	0.0	0.0	0.0	0.0	0.0	0.0	0.0
TCP1	na	0.10976178660716704	0.22776670782109823	0.05510980941836908	0.06699661959751382	0.09006875578608088	0.20772420554476945	0.2048261101536448
MRPL18	na	0.06474128131161284	0.13413183980382437	0.0418911737700309	0.05730005711551818	0.05624921264458409	0.10522477498619388	0.11327343313456537
IGF2R	na	0.060074166722947235	0.07573469999075819	0.052988652256736817	0.05241888658443942	0.05650259140466251	0.09065747680347806	0.10118875507578529
SLC22A1	na	0.0	0.0	0.0	0.0	0.0	0.0	0.0
AL139393.2	na	0.0	0.0	0.0	0.0	0.0	0.0	0.0
MAP3K4	na	0.0	0.0	0.0	0.0	0.0	0.0	0.0
AGPAT4	na	0.0	0.0	0.0	0.0	0.0	0.0	0.0
QKI	na	0.0	0.0	0.0	0.0	0.0	0.0	0.0
PDE10A	na	0.0	0.0	0.0	0.0	0.0	0.0	0.0
SFT2D1	na	0.04897260632838004	0.08929308700278524	0.0349378890345962	0.06985334194037487	0.049155988570571595	0.05996991322030169	0.08495187729330113
MPC1	na	0.0	0.0	0.0	0.0	0.0	0.0	0.0
RPS6KA2	na	0.0	0.0	0.0	0.0	0.0	0.0	0.0
AL159163.1	na	0.0	0.0	0.0	0.0	0.0	0.0	0.0
RNASET2	na	0.07962704503928666	0.11982201771346307	0.06666857144999816	0.04577757745845028	0.06734274534049471	0.11032469752777953	0.12926028466570955
FGFR1OP	na	0.0	0.0	0.0	0.0	0.0	0.0	0.0
CCR6	na	0.0	0.0	0.0	0.0	0.0	0.0	0.0
LINC01558	na	0.0	0.0	0.0	0.0	0.0	0.0	0.0
AL009178.2	na	0.0	0.0	0.0	0.0	0.0	0.0	0.0
AL009178.3	na	0.0	0.0	0.0	0.0	0.0	0.0	0.0
AFDN-DT	na	0.0	0.0	0.0	0.0	0.0	0.0	0.0
AFDN	na	0.0548946492510796	0.06991552956466107	0.05710544518146288	0.05150774992409584	0.04782427275972871	0.06077767707297863	0.07466572215437962
SMOC2	na	0.0	0.0	0.0	0.0	0.0	0.0	0.0
LINC01615	na	0.0	0.0	0.0	0.0	0.0	0.0	0.0
LINC02544	na	0.0	0.0	0.0	0.0	0.0	0.0	0.0
THBS2	na	0.08350929483357848	0.0940014864774636	0.05456396363908624	0.029431534688477933	0.05333354814887236	0.12010615345155382	0.07927520487943701
WDR27	na	0.0	0.0	0.0	0.0	0.0	0.0	0.0
C6orf120	na	0.0	0.0	0.0	0.0	0.0	0.0	0.0
PHF10	na	0.0	0.0	0.0	0.0	0.0	0.0	0.0
AL354892.2	na	0.0	0.0	0.0	0.0	0.0	0.0	0.0
TCTE3	na	0.0	0.0	0.0	0.0	0.0	0.0	0.0
ERMARD	na	0.0	0.0	0.0	0.0	0.0	0.0	0.0
DLL1	na	0.0	0.0	0.0	0.0	0.0	0.0	0.0
FAM120B	na	0.0	0.0	0.0	0.0	0.0	0.0	0.0
PSMB1	na	0.12902362335507878	0.31205205670903735	0.08145619674171603	0.08016607530499234	0.12310113966805367	0.2699081714985178	0.29229735743555163
TBP	na	0.0	0.0	0.0	0.0	0.0	0.0	0.0
PDCD2	na	0.03994061641321381	0.09398816084675704	0.03870017713068484	0.043784027621720324	0.048994049901426105	0.06435921448475825	0.0864809916191841
AC093627.4	na	0.0	0.0	0.0	0.0	0.0	0.0	0.0
FAM20C	na	0.0	0.0	0.0	0.0	0.0	0.0	0.0
PDGFA	na	0.0	0.0	0.0	0.0	0.0	0.0	0.0
PRKAR1B	na	0.0	0.0	0.0	0.0	0.0	0.0	0.0
AC147651.4	na	0.0	0.0	0.0	0.0	0.0	0.0	0.0
DNAAF5	na	0.0	0.0	0.0	0.0	0.0	0.0	0.0
SUN1	na	0.0	0.0	0.0	0.0	0.0	0.0	0.0
GET4	na	0.0	0.0	0.0	0.0	0.0	0.0	0.0
ADAP1	na	0.0	0.0	0.0	0.0	0.0	0.0	0.0
COX19	na	0.0	0.0	0.0	0.0	0.0	0.0	0.0
C7orf50	na	0.05984140370937679	0.10465024250047351	0.05575620506839178	0.05608090931033928	0.052677835389930434	0.0660880246041008	0.0931619310747975
GPR146	na	0.0	0.0	0.0	0.0	0.0	0.0	0.0
GPER1	na	0.0	0.0	0.0	0.0	0.0	0.0	0.0
ZFAND2A	na	0.0	0.0	0.0	0.0	0.0	0.0	0.0
AC091729.3	na	0.0	0.0	0.0	0.0	0.0	0.0	0.0
MICALL2	na	0.0	0.0	0.0	0.0	0.0	0.0	0.0
AC102953.2	na	0.0	0.0	0.0	0.0	0.0	0.0	0.0
INTS1	na	0.06724873073983874	0.05928188926740624	0.07349147604850517	0.05786130215942157	0.05768494810573372	0.07344305664695538	0.09231297413351226
MAFK	na	0.0	0.0	0.0	0.0	0.0	0.0	0.0
TMEM184A	na	0.0	0.0	0.0	0.0	0.0	0.0	0.0
PSMG3	na	0.0	0.0	0.0	0.0	0.0	0.0	0.0
PSMG3-AS1	na	0.0	0.0	0.0	0.0	0.0	0.0	0.0
ELFN1	na	0.0	0.0	0.0	0.0	0.0	0.0	0.0
ELFN1-AS1	na	0.0	0.0	0.0	0.0	0.0	0.0	0.0
MAD1L1	na	0.0	0.0	0.0	0.0	0.0	0.0	0.0
MRM2	na	0.0	0.0	0.0	0.0	0.0	0.0	0.0
NUDT1	na	0.0	0.0	0.0	0.0	0.0	0.0	0.0
SNX8	na	0.0	0.0	0.0	0.0	0.0	0.0	0.0
EIF3B	na	0.08475449882566831	0.12094317482047207	0.08825128449082158	0.0650054825864046	0.0753419360059016	0.11599869463255592	0.14348010604178593
CHST12	na	0.0	0.0	0.0	0.0	0.0	0.0	0.0
LFNG	na	0.06432492930329735	0.05588410627588637	0.11729644209219853	0.10755926803395273	0.07491841932059377	0.05414413669290508	0.09292826953694809
BRAT1	na	0.0	0.0	0.0	0.0	0.0	0.0	0.0
IQCE	na	0.0	0.0	0.0	0.0	0.0	0.0	0.0
TTYH3	na	0.04240606468899258	0.05010246215451668	0.058396605780803884	0.0516289482503977	0.045942590572916525	0.05421443899002212	0.07883418871695988
GNA12	na	0.0	0.0	0.0	0.0	0.0	0.0	0.0
CARD11	na	0.0	0.0	0.0	0.0	0.0	0.0	0.0
SDK1	na	0.0	0.0	0.0	0.0	0.0	0.0	0.0
FOXK1	na	0.0	0.0	0.0	0.0	0.0	0.0	0.0
AP5Z1	na	0.0	0.0	0.0	0.0	0.0	0.0	0.0
RADIL	na	0.0	0.0	0.0	0.0	0.0	0.0	0.0
RBAK	na	0.0	0.0	0.0	0.0	0.0	0.0	0.0
WIPI2	na	0.0555374102078695	0.0497286844855385	0.05401305646618008	0.04936662274397364	0.04532494729723438	0.05831011448534066	0.0788931440945345
SLC29A4	na	0.0	0.0	0.0	0.0	0.0	0.0	0.0
TNRC18	na	0.050136575581620935	0.07174505612974047	0.05615446980066519	0.04761914651337765	0.051617767192427756	0.07291021488495414	0.08049075442580829
AC092171.4	na	0.0	0.0	0.0	0.0	0.0	0.0	0.0
AC092171.3	na	0.0	0.0	0.0	0.0	0.0	0.0	0.0
AC092171.5	na	0.0	0.0	0.0	0.0	0.0	0.0	0.0
FBXL18	na	0.0	0.0	0.0	0.0	0.0	0.0	0.0
ACTB	na	1.527468430655019	2.8870032219664266	0.9322696903742834	0.06324310692809261	0.9627990538808392	2.4453688298481224	3.1094174114081814
FSCN1	na	0.0	0.0	0.0	0.0	0.0	0.0	0.0
RNF216	na	0.0	0.0	0.0	0.0	0.0	0.0	0.0
CCZ1	na	0.0	0.0	0.0	0.0	0.0	0.0	0.0
PMS2	na	0.0	0.0	0.0	0.0	0.0	0.0	0.0
AIMP2	na	0.0	0.0	0.0	0.0	0.0	0.0	0.0
EIF2AK1	na	0.05206189467493269	0.08039223431830228	0.06431406274590937	0.05850535722730839	0.052636159631909964	0.07381986713705661	0.09910166183222094
USP42	na	0.0	0.0	0.0	0.0	0.0	0.0	0.0
CYTH3	na	0.0	0.0	0.0	0.0	0.0	0.0	0.0
FAM220A	na	0.0	0.0	0.0	0.0	0.0	0.0	0.0
RAC1	na	0.11725903979672267	0.23374918056121682	0.0876959390694638	0.04869878088490815	0.09619370169155683	0.1896418334170013	0.22936228933678604
DAGLB	na	0.0	0.0	0.0	0.0	0.0	0.0	0.0
KDELR2	na	0.11913762239403854	0.18565109595993498	0.10888895137120198	0.08639019129236229	0.10658900410015862	0.17611192983575205	0.21654259914346863
ZDHHC4	na	0.0	0.0	0.0	0.0	0.0	0.0	0.0
C7orf26	na	0.0	0.0	0.0	0.0	0.0	0.0	0.0
ZNF316	na	0.0	0.0	0.0	0.0	0.0	0.0	0.0
ZNF12	na	0.0	0.0	0.0	0.0	0.0	0.0	0.0
CCZ1B	na	0.05863714177689829	0.05681902375009633	0.05384016633867805	0.044426247730746174	0.04363070073676824	0.0754409757639163	0.07766476025038999
C1GALT1	na	0.0	0.0	0.0	0.0	0.0	0.0	0.0
COL28A1	na	0.0	0.0	0.0	0.0	0.0	0.0	0.0
AC004982.1	na	0.0	0.0	0.0	0.0	0.0	0.0	0.0
AC004982.2	na	0.0	0.0	0.0	0.0	0.0	0.0	0.0
MIOS	na	0.0	0.0	0.0	0.0	0.0	0.0	0.0
RPA3	na	0.04113165088616288	0.1399590433721814	0.04176951064272546	0.05123695936984462	0.058162986491803514	0.0930673431809015	0.11048920214039695
UMAD1	na	0.0	0.0	0.0	0.0	0.0	0.0	0.0
GLCCI1	na	0.0	0.0	0.0	0.0	0.0	0.0	0.0
ICA1	na	0.0	0.0	0.0	0.0	0.0	0.0	0.0
AC007009.1	na	0.0	0.0	0.0	0.0	0.0	0.0	0.0
NXPH1	na	0.0	0.0	0.0	0.0	0.0	0.0	0.0
NDUFA4	na	0.2345755483184002	0.769714765013547	5.442188909156776e-18	0.10410617737096513	0.17532969924637923	0.535140420213929	0.48306729139909577
PHF14	na	0.0	0.0	0.0	0.0	0.0	0.0	0.0
TMEM106B	na	0.0	0.0	0.0	0.0	0.0	0.0	0.0
SCIN	na	0.0	0.0	0.0	0.0	0.0	0.0	0.0
ARL4A	na	0.0	0.0	0.0	0.0	0.0	0.0	0.0
ETV1	na	0.0	0.0	0.0	0.0	0.0	0.0	0.0
ISPD	na	0.0	0.0	0.0	0.0	0.0	0.0	0.0
ANKMY2	na	0.0	0.0	0.0	0.0	0.0	0.0	0.0
BZW2	na	0.05702498956783125	0.07738119155016202	0.05664888648541621	0.04103850768456596	0.044894049492536836	0.07200253700283363	0.07516217851184885
TSPAN13	na	0.07637686758945232	0.12396935316313784	0.07066411077553295	0.05374840812474729	0.06468981148649754	0.10637675456875594	0.12899712520188147
AGR2	na	0.09251468208125203	0.1631761131117986	0.065288709189136	0.10214651734025583	0.07885224925279474	0.11065335976475091	0.15508185109758688
AGR3	na	0.0	0.0	0.0	0.0	0.0	0.0	0.0
AHR	na	0.0	0.0	0.0	0.0	0.0	0.0	0.0
AC073332.1	na	0.0	0.0	0.0	0.0	0.0	0.0	0.0
SNX13	na	0.0	0.0	0.0	0.0	0.0	0.0	0.0
HDAC9	na	0.0	0.0	0.0	0.0	0.0	0.0	0.0
TWIST1	na	0.0	0.0	0.0	0.0	0.0	0.0	0.0
TWISTNB	na	0.0	0.0	0.0	0.0	0.0	0.0	0.0
MACC1	na	0.0	0.0	0.0	0.0	0.0	0.0	0.0
AC004130.1	na	0.0	0.0	0.0	0.0	0.0	0.0	0.0
ITGB8	na	0.0	0.0	0.0	0.0	0.0	0.0	0.0
SP4	na	0.0	0.0	0.0	0.0	0.0	0.0	0.0
CDCA7L	na	0.0	0.0	0.0	0.0	0.0	0.0	0.0
RAPGEF5	na	0.0	0.0	0.0	0.0	0.0	0.0	0.0
IL6	na	0.0	0.0	0.0	0.0	0.0	0.0	0.0
TOMM7	na	0.30423232607636846	0.773044128557392	0.00780994800932703	0.14076086486966405	0.1945624093743999	0.5656440653481759	0.5606129197673376
FAM126A	na	0.0	0.0	0.0	0.0	0.0	0.0	0.0
KLHL7	na	0.0	0.0	0.0	0.0	0.0	0.0	0.0
NUPL2	na	0.0	0.0	0.0	0.0	0.0	0.0	0.0
GPNMB	na	0.05297378342665951	0.10277132809270577	0.06257273906772672	0.0341446786557623	0.05786513101576932	0.1173754609600518	0.10527073864342273
MALSU1	na	0.0	0.0	0.0	0.0	0.0	0.0	0.0
TRA2A	na	0.05569624881927339	0.05389048829895537	0.062417980868728073	0.048933606311272866	0.04636156634248393	0.06334731469453143	0.08621222046319778
CCDC126	na	0.0	0.0	0.0	0.0	0.0	0.0	0.0
FAM221A	na	0.0	0.0	0.0	0.0	0.0	0.0	0.0
STK31	na	0.0	0.0	0.0	0.0	0.0	0.0	0.0
MPP6	na	0.0	0.0	0.0	0.0	0.0	0.0	0.0
GSDME	na	0.0	0.0	0.0	0.0	0.0	0.0	0.0
OSBPL3	na	0.0	0.0	0.0	0.0	0.0	0.0	0.0
CYCS	na	0.093459810685726	0.17922520130578218	0.053462422790972484	0.05424260981559621	0.07278810457070838	0.13626980849576092	0.16246965330227037
NFE2L3	na	0.0	0.0	0.0	0.0	0.0	0.0	0.0
AC004520.1	na	0.0	0.0	0.0	0.0	0.0	0.0	0.0
HNRNPA2B1	na	0.23262315957578983	0.5158401821177565	0.17058240622554827	0.10064536041563035	0.2043808235413299	0.45971362315584846	0.5033244498793676
CBX3	na	0.09364323449094242	0.16753030051185924	0.050606401260323765	0.04921178441414267	0.06990057778752858	0.15587342998000586	0.14776187520987713
SNX10	na	0.0	0.0	0.0	0.0	0.0	0.0	0.0
SKAP2	na	0.0	0.0	0.0	0.0	0.0	0.0	0.0
HOTAIRM1	na	0.0	0.0	0.0	0.0	0.0	0.0	0.0
HIBADH	na	0.0	0.0	0.0	0.0	0.0	0.0	0.0
TAX1BP1	na	0.04291601932686918	0.07566288224482288	0.03893730198711663	0.04927529937720647	0.0492555686406658	0.07819746629654743	0.08529858710977349
JAZF1	na	0.0	0.0	0.0	0.0	0.0	0.0	0.0
CREB5	na	0.0	0.0	0.0	0.0	0.0	0.0	0.0
TRIL	na	0.0	0.0	0.0	0.0	0.0	0.0	0.0
AC005162.3	na	0.0	0.0	0.0	0.0	0.0	0.0	0.0
CPVL	na	0.0	0.0	0.0	0.0	0.0	0.0	0.0
PRR15	na	0.0	0.0	0.0	0.0	0.0	0.0	0.0
SCRN1	na	0.0	0.0	0.0	0.0	0.0	0.0	0.0
FKBP14	na	0.0	0.0	0.0	0.0	0.0	0.0	0.0
PLEKHA8	na	0.0	0.0	0.0	0.0	0.0	0.0	0.0
MTURN	na	0.0	0.0	0.0	0.0	0.0	0.0	0.0
ZNRF2	na	0.0	0.0	0.0	0.0	0.0	0.0	0.0
LINC01176	na	0.0	0.0	0.0	0.0	0.0	0.0	0.0
NOD1	na	0.0	0.0	0.0	0.0	0.0	0.0	0.0
GGCT	na	0.0539029107639729	0.1199567737431364	0.04498746613138863	0.0569374487166506	0.05911717701338578	0.10249002385720228	0.12108523964213067
GARS	na	0.0	0.0	0.0	0.0	0.0	0.0	0.0
INMT	na	0.0	0.0	0.0	0.0	0.0	0.0	0.0
MINDY4	na	0.0	0.0	0.0	0.0	0.0	0.0	0.0
AQP1	na	0.0	0.0	0.0	0.0	0.0	0.0	0.0
LSM5	na	0.06604170665791516	0.10915286990690581	0.040330853172046766	0.05572130780507738	0.051065708025932265	0.09797467810321288	0.08418735431117286
AVL9	na	0.0	0.0	0.0	0.0	0.0	0.0	0.0
KBTBD2	na	0.0	0.0	0.0	0.0	0.0	0.0	0.0
FKBP9	na	0.0	0.0	0.0	0.0	0.0	0.0	0.0
NT5C3A	na	0.0	0.0	0.0	0.0	0.0	0.0	0.0
RP9	na	0.0	0.0	0.0	0.0	0.0	0.0	0.0
BBS9	na	0.0	0.0	0.0	0.0	0.0	0.0	0.0
DPY19L1	na	0.0	0.0	0.0	0.0	0.0	0.0	0.0
HERPUD2	na	0.0	0.0	0.0	0.0	0.0	0.0	0.0
AC018647.2	na	0.0	0.0	0.0	0.0	0.0	0.0	0.0
SEPT7	na	0.05819932272269243	0.08529133270688972	0.04886987289417149	0.05637406226360249	0.0513732846087051	0.07561162297606089	0.09741078463770234
EEPD1	na	0.0	0.0	0.0	0.0	0.0	0.0	0.0
KIAA0895	na	0.0	0.0	0.0	0.0	0.0	0.0	0.0
ANLN	na	0.0	0.0	0.0	0.0	0.0	0.0	0.0
AOAH	na	0.0	0.0	0.0	0.0	0.0	0.0	0.0
ELMO1	na	0.0	0.0	0.0	0.0	0.0	0.0	0.0
EPDR1	na	0.0	0.0	0.0	0.0	0.0	0.0	0.0
SFRP4	na	0.0	0.0	0.0	0.0	0.0	0.0	0.0
STARD3NL	na	0.0	0.0	0.0	0.0	0.0	0.0	0.0
VPS41	na	0.0	0.0	0.0	0.0	0.0	0.0	0.0
YAE1D1	na	0.0	0.0	0.0	0.0	0.0	0.0	0.0
RALA	na	0.0	0.0	0.0	0.0	0.0	0.0	0.0
CDK13	na	0.0	0.0	0.0	0.0	0.0	0.0	0.0
MPLKIP	na	0.0	0.0	0.0	0.0	0.0	0.0	0.0
SUGCT	na	0.0	0.0	0.0	0.0	0.0	0.0	0.0
INHBA	na	0.0	0.0	0.0	0.0	0.0	0.0	0.0
GLI3	na	0.0	0.0	0.0	0.0	0.0	0.0	0.0
PSMA2	na	0.06249558743886377	0.12462335192300569	0.04211901456405862	0.05890586489372111	0.06176980419669628	0.10874519322724956	0.11758978182216842
MRPL32	na	0.05436230469997981	0.08554836286241917	0.03782892618182034	0.05679330087413494	0.04987037602183078	0.07066026247266251	0.09028531952537966
STK17A	na	0.0	0.0	0.0	0.0	0.0	0.0	0.0
COA1	na	0.0	0.0	0.0	0.0	0.0	0.0	0.0
BLVRA	na	0.04691802267150669	0.069461170329707	0.04730292158255779	0.043120038145345825	0.04595435716169904	0.06504434432022177	0.08356831989378384
MRPS24	na	0.0	0.0	0.0	0.0	0.0	0.0	0.0
URGCP	na	0.0	0.0	0.0	0.0	0.0	0.0	0.0
UBE2D4	na	0.0	0.0	0.0	0.0	0.0	0.0	0.0
AC004951.1	na	0.0	0.0	0.0	0.0	0.0	0.0	0.0
DBNL	na	0.053183638781263844	0.06882011053275246	0.05547142849807672	0.04677824974764408	0.05055058097204669	0.06389878138184894	0.08664805121514564
POLM	na	0.0	0.0	0.0	0.0	0.0	0.0	0.0
AEBP1	na	0.1385752471045532	0.22412732594302823	0.08742081920176648	0.023349346345679912	0.1052475249637852	0.22289419135899916	0.2311401687709975
POLD2	na	0.05742905943432002	0.08248453341852957	0.05352044999221	0.056342485630034224	0.05327830155853339	0.06662406297934084	0.09280129951918396
YKT6	na	0.0	0.0	0.0	0.0	0.0	0.0	0.0
CAMK2B	na	0.0	0.0	0.0	0.0	0.0	0.0	0.0
NUDCD3	na	0.044471767642537116	0.056710498601129006	0.04946662283743372	0.042407161149201705	0.04191325004505664	0.05004809009005726	0.07527553967443631
DDX56	na	0.04419813299182327	0.05666572776775931	0.04888141696186809	0.04430999183321156	0.04730167469911333	0.06306444887979641	0.07275165506012532
TMED4	na	0.042806056331409895	0.06442883124405645	0.04498534870636813	0.053351522232176235	0.048393136168353834	0.055524656968647	0.08582801081970776
OGDH	na	0.0	0.0	0.0	0.0	0.0	0.0	0.0
ZMIZ2	na	0.0	0.0	0.0	0.0	0.0	0.0	0.0
PPIA	na	0.6735167381434856	1.6511518357232082	0.09868272584301889	0.18452087640844697	0.4042743220969698	1.2478091610615667	1.2711241388616974
H2AFV	na	0.09810122550279651	0.16220668687087916	0.058984447363206884	0.06507684806230599	0.07510431299548889	0.1725199524745833	0.1536399540754631
PURB	na	0.0	0.0	0.0	0.0	0.0	0.0	0.0
AC004854.2	na	0.0	0.0	0.0	0.0	0.0	0.0	0.0
MYO1G	na	0.0	0.0	0.0	0.0	0.0	0.0	0.0
SNHG15	na	0.0	0.0	0.0	0.0	0.0	0.0	0.0
CCM2	na	0.0	0.0	0.0	0.0	0.0	0.0	0.0
TBRG4	na	0.0	0.0	0.0	0.0	0.0	0.0	0.0
RAMP3	na	0.0	0.0	0.0	0.0	0.0	0.0	0.0
ADCY1	na	0.0	0.0	0.0	0.0	0.0	0.0	0.0
IGFBP3	na	0.0	0.0	0.0	0.0	0.0	0.0	0.0
TNS3	na	0.0	0.0	0.0	0.0	0.0	0.0	0.0
HUS1	na	0.0	0.0	0.0	0.0	0.0	0.0	0.0
PKD1L1	na	0.0	0.0	0.0	0.0	0.0	0.0	0.0
UPP1	na	0.0	0.0	0.0	0.0	0.0	0.0	0.0
IKZF1	na	0.0	0.0	0.0	0.0	0.0	0.0	0.0
FIGNL1	na	0.0	0.0	0.0	0.0	0.0	0.0	0.0
DDC	na	0.0	0.0	0.0	0.0	0.0	0.0	0.0
GRB10	na	0.0	0.0	0.0	0.0	0.0	0.0	0.0
COBL	na	0.0	0.0	0.0	0.0	0.0	0.0	0.0
SEC61G	na	0.1888833361740542	0.5357024790212227	4.276435232724216e-20	0.1905681398947283	0.14841332706973281	0.32897916295711377	0.35290583512728124
EGFR	na	0.0	0.0	0.0	0.0	0.0	0.0	0.0
LANCL2	na	0.0	0.0	0.0	0.0	0.0	0.0	0.0
VOPP1	na	0.05390297502141303	0.048904045506205016	0.05635789382430693	0.05007412786674526	0.04444834398369295	0.06941200845044516	0.0735429242942418
ZNF713	na	0.0	0.0	0.0	0.0	0.0	0.0	0.0
NIPSNAP2	na	0.04191986909598578	0.06953907655063281	0.04079192041775883	0.06964916025314478	0.04797029088644744	0.05295132707993242	0.09172493032275196
MRPS17	na	0.0	0.0	0.0	0.0	0.0	0.0	0.0
PSPH	na	0.0	0.0	0.0	0.0	0.0	0.0	0.0
CCT6A	na	0.07371759970855597	0.17215681667416666	0.07021642051786889	0.04992531691200659	0.07308510269753549	0.14561406056464604	0.15324969115148554
SUMF2	na	0.0	0.0	0.0	0.0	0.0	0.0	0.0
PHKG1	na	0.0	0.0	0.0	0.0	0.0	0.0	0.0
CHCHD2	na	0.4057594837545727	0.9368420290541016	0.0810759947489538	0.15354580993335018	0.24908928925756535	0.6479608753732921	0.7156043058121837
NUPR2	na	0.04390540915593136	0.09428960194630186	0.04862148932885323	0.05474804650910843	0.05115518928658738	0.08052254294157109	0.10096144971290551
ZNF736	na	0.0	0.0	0.0	0.0	0.0	0.0	0.0
ZNF680	na	0.0	0.0	0.0	0.0	0.0	0.0	0.0
ZNF107	na	0.0	0.0	0.0	0.0	0.0	0.0	0.0
ZNF138	na	0.0	0.0	0.0	0.0	0.0	0.0	0.0
ZNF273	na	0.0	0.0	0.0	0.0	0.0	0.0	0.0
ZNF117	na	0.0	0.0	0.0	0.0	0.0	0.0	0.0
ERV3-1	na	0.0	0.0	0.0	0.0	0.0	0.0	0.0
ZNF92	na	0.0	0.0	0.0	0.0	0.0	0.0	0.0
VKORC1L1	na	0.0	0.0	0.0	0.0	0.0	0.0	0.0
GUSB	na	0.03878647652513471	0.06078360935312707	0.041244371900712395	0.05740086891332362	0.048445756196003886	0.06826233612537283	0.07742057054478814
ASL	na	0.0	0.0	0.0	0.0	0.0	0.0	0.0
CRCP	na	0.0	0.0	0.0	0.0	0.0	0.0	0.0
TPST1	na	0.0	0.0	0.0	0.0	0.0	0.0	0.0
AC008267.5	na	0.0	0.0	0.0	0.0	0.0	0.0	0.0
KCTD7	na	0.0	0.0	0.0	0.0	0.0	0.0	0.0
RABGEF1	na	0.0	0.0	0.0	0.0	0.0	0.0	0.0
AC027644.3	na	0.0	0.0	0.0	0.0	0.0	0.0	0.0
AC073335.2	na	0.0	0.0	0.0	0.0	0.0	0.0	0.0
TMEM248	na	0.04162917872970833	0.08269432056210393	0.0467706414329171	0.061119832387672365	0.05018855889238412	0.07326535569842228	0.08286868356381823
SBDS	na	0.04981819830001672	0.07978334407097078	0.031512516298990434	0.05393162102023732	0.048189689753784404	0.09308722821973817	0.07738343619135443
TYW1	na	0.0	0.0	0.0	0.0	0.0	0.0	0.0
AC006480.2	na	0.0	0.0	0.0	0.0	0.0	0.0	0.0
AUTS2	na	0.0	0.0	0.0	0.0	0.0	0.0	0.0
TYW1B	na	0.0	0.0	0.0	0.0	0.0	0.0	0.0
POM121	na	0.0	0.0	0.0	0.0	0.0	0.0	0.0
NSUN5	na	0.03074085307416232	0.07341339594205623	0.043213104541782586	0.04423748771535778	0.04813685307267553	0.06884525783326027	0.08877412626098104
BAZ1B	na	0.0	0.0	0.0	0.0	0.0	0.0	0.0
BCL7B	na	0.0	0.0	0.0	0.0	0.0	0.0	0.0
TBL2	na	0.0	0.0	0.0	0.0	0.0	0.0	0.0
VPS37D	na	0.0	0.0	0.0	0.0	0.0	0.0	0.0
DNAJC30	na	0.0	0.0	0.0	0.0	0.0	0.0	0.0
BUD23	na	0.06661392601775663	0.12133712112180631	0.043380311287102506	0.054252306177513705	0.05929195098588465	0.13171927892023266	0.09991421752881936
STX1A	na	0.0	0.0	0.0	0.0	0.0	0.0	0.0
ABHD11	na	0.06243081605144162	0.0992763632732363	0.04531946866805015	0.05243257426759973	0.05386134463407748	0.10692200997315562	0.09356775251484166
CLDN3	na	0.1605387538684444	0.2698935483982197	0.07214495376856596	0.1239477073138259	0.12145949510983156	0.28378378919750896	0.23955649388595687
CLDN4	na	0.11693360831933076	0.27586067993372504	0.053057408445988385	0.09466268858655444	0.10625614040677438	0.25721612450224307	0.23018048591836532
METTL27	na	0.0	0.0	0.0	0.0	0.0	0.0	0.0
ELN	na	0.0	0.0	0.0	0.0	0.0	0.0	0.0
LIMK1	na	0.0	0.0	0.0	0.0	0.0	0.0	0.0
EIF4H	na	0.07883185905172517	0.13495668152981816	0.045376745755707125	0.05700296603558457	0.06742790735315289	0.1488235016705262	0.11540479904680499
LAT2	na	0.0	0.0	0.0	0.0	0.0	0.0	0.0
RFC2	na	0.0	0.0	0.0	0.0	0.0	0.0	0.0
CLIP2	na	0.0	0.0	0.0	0.0	0.0	0.0	0.0
GTF2IRD1	na	0.0	0.0	0.0	0.0	0.0	0.0	0.0
GTF2I	na	0.11841815321200463	0.24864340570153773	0.11116177403987483	0.12655726081257518	0.12265251950445961	0.2264216697804845	0.23338876404000794
NCF1	na	0.0	0.0	0.0	0.0	0.0	0.0	0.0
GTF2IRD2	na	0.0	0.0	0.0	0.0	0.0	0.0	0.0
RCC1L	na	0.0	0.0	0.0	0.0	0.0	0.0	0.0
GTF2IRD2B	na	0.0	0.0	0.0	0.0	0.0	0.0	0.0
TRIM73	na	0.0	0.0	0.0	0.0	0.0	0.0	0.0
POM121C	na	0.0	0.0	0.0	0.0	0.0	0.0	0.0
HIP1	na	0.0	0.0	0.0	0.0	0.0	0.0	0.0
RHBDD2	na	0.051692945063055724	0.07719092470826798	0.04204622170434142	0.05452921062597938	0.047078136547303986	0.07863300284022795	0.06826920274279298
POR	na	0.04678821536157122	0.07946728261010032	0.041710856189972556	0.053766851841046966	0.04780285330243824	0.07117651037380023	0.0835820182298578
TMEM120A	na	0.0	0.0	0.0	0.0	0.0	0.0	0.0
STYXL1	na	0.0	0.0	0.0	0.0	0.0	0.0	0.0
MDH2	na	0.0881991815288821	0.18492605276594237	0.03677592433668834	0.060726650208762695	0.07312290868322022	0.17155845831242372	0.1486911256431707
HSPB1	na	0.6773183373962162	1.7715383150610826	0.09181575599171615	0.3954966490116782	0.4979171126498786	1.4967361092357112	1.4867709761056573
YWHAG	na	0.05245998153599586	0.0894624542362738	0.05930997399729171	0.048470537692362564	0.054865735119286475	0.10964087459408314	0.10427371336813936
ZP3	na	0.0	0.0	0.0	0.0	0.0	0.0	0.0
DTX2	na	0.0	0.0	0.0	0.0	0.0	0.0	0.0
POMZP3	na	0.0	0.0	0.0	0.0	0.0	0.0	0.0
CCDC146	na	0.0	0.0	0.0	0.0	0.0	0.0	0.0
FGL2	na	0.0	0.0	0.0	0.0	0.0	0.0	0.0
GSAP	na	0.0	0.0	0.0	0.0	0.0	0.0	0.0
PTPN12	na	0.04901732384392473	0.07935328008332468	0.039227635718272695	0.04810993464040633	0.04870492534006453	0.08907975307551935	0.08111354247621107
APTR	na	0.0	0.0	0.0	0.0	0.0	0.0	0.0
RSBN1L	na	0.0	0.0	0.0	0.0	0.0	0.0	0.0
TMEM60	na	0.0	0.0	0.0	0.0	0.0	0.0	0.0
PHTF2	na	0.0	0.0	0.0	0.0	0.0	0.0	0.0
MAGI2	na	0.0	0.0	0.0	0.0	0.0	0.0	0.0
GNAI1	na	0.0	0.0	0.0	0.0	0.0	0.0	0.0
CD36	na	0.0	0.0	0.0	0.0	0.0	0.0	0.0
SEMA3C	na	0.049430916007608544	0.06480042092920271	0.052072615857148556	0.055025397216949705	0.048865231756484565	0.06840966904525746	0.07458437774811483
HGF	na	0.0	0.0	0.0	0.0	0.0	0.0	0.0
CACNA2D1	na	0.0	0.0	0.0	0.0	0.0	0.0	0.0
PCLO	na	0.0	0.0	0.0	0.0	0.0	0.0	0.0
SEMA3E	na	0.0	0.0	0.0	0.0	0.0	0.0	0.0
AC005009.1	na	0.0	0.0	0.0	0.0	0.0	0.0	0.0
KIAA1324L	na	0.0	0.0	0.0	0.0	0.0	0.0	0.0
AC005076.1	na	0.0	0.0	0.0	0.0	0.0	0.0	0.0
DMTF1	na	0.0	0.0	0.0	0.0	0.0	0.0	0.0
TMEM243	na	0.0	0.0	0.0	0.0	0.0	0.0	0.0
TP53TG1	na	0.0	0.0	0.0	0.0	0.0	0.0	0.0
CROT	na	0.0	0.0	0.0	0.0	0.0	0.0	0.0
SLC25A40	na	0.0	0.0	0.0	0.0	0.0	0.0	0.0
DBF4	na	0.0	0.0	0.0	0.0	0.0	0.0	0.0
ADAM22	na	0.0	0.0	0.0	0.0	0.0	0.0	0.0
SRI	na	0.045780660214257606	0.0780708311923968	0.045266342676411254	0.038839689835273535	0.04723370037081552	0.08163349647483437	0.08573035044928017
STEAP1	na	0.0	0.0	0.0	0.0	0.0	0.0	0.0
STEAP2	na	0.0	0.0	0.0	0.0	0.0	0.0	0.0
CFAP69	na	0.0	0.0	0.0	0.0	0.0	0.0	0.0
GTPBP10	na	0.0	0.0	0.0	0.0	0.0	0.0	0.0
CLDN12	na	0.0	0.0	0.0	0.0	0.0	0.0	0.0
CDK14	na	0.0	0.0	0.0	0.0	0.0	0.0	0.0
FZD1	na	0.0	0.0	0.0	0.0	0.0	0.0	0.0
MTERF1	na	0.0	0.0	0.0	0.0	0.0	0.0	0.0
AKAP9	na	0.040475155830329165	0.0576085255323943	0.04682965257516854	0.04174760588683377	0.044790178561748974	0.077754654783211	0.07826227735059034
CYP51A1	na	0.0	0.0	0.0	0.0	0.0	0.0	0.0
KRIT1	na	0.0	0.0	0.0	0.0	0.0	0.0	0.0
ANKIB1	na	0.0	0.0	0.0	0.0	0.0	0.0	0.0
GATAD1	na	0.0	0.0	0.0	0.0	0.0	0.0	0.0
PEX1	na	0.0	0.0	0.0	0.0	0.0	0.0	0.0
RBM48	na	0.0	0.0	0.0	0.0	0.0	0.0	0.0
FAM133B	na	0.0	0.0	0.0	0.0	0.0	0.0	0.0
CDK6	na	0.0	0.0	0.0	0.0	0.0	0.0	0.0
SAMD9	na	0.0	0.0	0.0	0.0	0.0	0.0	0.0
SAMD9L	na	0.0	0.0	0.0	0.0	0.0	0.0	0.0
VPS50	na	0.0	0.0	0.0	0.0	0.0	0.0	0.0
GNGT1	na	0.0	0.0	0.0	0.0	0.0	0.0	0.0
GNG11	na	0.0	0.0	0.0	0.0	0.0	0.0	0.0
BET1	na	0.0	0.0	0.0	0.0	0.0	0.0	0.0
COL1A2	na	0.35188879337812523	0.828921374317754	0.07590507154114509	0.14394455007912102	0.26850266264596595	0.7498491473134832	0.6503825730446101
CASD1	na	0.0	0.0	0.0	0.0	0.0	0.0	0.0
SGCE	na	0.0	0.0	0.0	0.0	0.0	0.0	0.0
PEG10	na	0.07861094135060051	0.10575411620516058	0.056820781696495494	0.04953695749125429	0.0629772515111229	0.11171770388572784	0.10922138367499462
PPP1R9A	na	0.0	0.0	0.0	0.0	0.0	0.0	0.0
PON1	na	0.0	0.0	0.0	0.0	0.0	0.0	0.0
PON3	na	0.0	0.0	0.0	0.0	0.0	0.0	0.0
PON2	na	0.05085503153466899	0.08038467290831161	0.039340781448472174	0.05246226073613771	0.04986635526512332	0.08970630130998905	0.09131675579240679
PDK4	na	0.0	0.0	0.0	0.0	0.0	0.0	0.0
SLC25A13	na	0.0	0.0	0.0	0.0	0.0	0.0	0.0
SEM1	na	0.0862817356077416	0.28436956544929093	0.007285285006279317	0.11105904033184748	0.09184024399322621	0.24025968650193946	0.1795201315809437
DLX5	na	0.0	0.0	0.0	0.0	0.0	0.0	0.0
SDHAF3	na	0.0	0.0	0.0	0.0	0.0	0.0	0.0
ASNS	na	0.0	0.0	0.0	0.0	0.0	0.0	0.0
LMTK2	na	0.0	0.0	0.0	0.0	0.0	0.0	0.0
TECPR1	na	0.0	0.0	0.0	0.0	0.0	0.0	0.0
BRI3	na	0.047909956054185146	0.08665635415753382	0.0316638169219201	0.046052872633437686	0.05005063623934711	0.08556578394963144	0.09125573148234856
BAIAP2L1	na	0.0	0.0	0.0	0.0	0.0	0.0	0.0
TRRAP	na	0.0	0.0	0.0	0.0	0.0	0.0	0.0
SMURF1	na	0.0	0.0	0.0	0.0	0.0	0.0	0.0
ARPC1A	na	0.060982958957158544	0.1378363267314666	0.03339719933222269	0.07516877795144175	0.06690423623575847	0.13628476221322874	0.1101363208400604
ARPC1B	na	0.06540806070187362	0.1814846900885804	0.03307849584139202	0.08829746960333641	0.08209209692660628	0.2267381136490974	0.1499064347946779
PDAP1	na	0.07402032962548462	0.11638425251255856	0.036338539210628525	0.06961184811543963	0.0636640955265921	0.13078062830452974	0.1151301482876033
BUD31	na	0.05628142611892763	0.15016037095541251	0.04194046870312154	0.06420780631457572	0.0639950028573679	0.13724796145085108	0.11826715479319128
PTCD1	na	0.0	0.0	0.0	0.0	0.0	0.0	0.0
CPSF4	na	0.0	0.0	0.0	0.0	0.0	0.0	0.0
ATP5MF	na	0.27686112955473846	0.9418820487461677	5.422670652025398e-19	0.13976627589467924	0.21637954320845418	0.7954918406703497	0.5290371098743989
ZNF789	na	0.0	0.0	0.0	0.0	0.0	0.0	0.0
ZNF394	na	0.0	0.0	0.0	0.0	0.0	0.0	0.0
ZKSCAN5	na	0.0	0.0	0.0	0.0	0.0	0.0	0.0
FAM200A	na	0.0	0.0	0.0	0.0	0.0	0.0	0.0
ZNF655	na	0.0	0.0	0.0	0.0	0.0	0.0	0.0
ZSCAN25	na	0.0	0.0	0.0	0.0	0.0	0.0	0.0
CYP3A5	na	0.0	0.0	0.0	0.0	0.0	0.0	0.0
TRIM4	na	0.0	0.0	0.0	0.0	0.0	0.0	0.0
GJC3	na	0.0	0.0	0.0	0.0	0.0	0.0	0.0
AZGP1	na	0.15954683754486165	0.32727620214375797	0.05252068612870207	0.13339218170290898	0.13501111950536898	0.34162184966447917	0.2705729065733187
ZKSCAN1	na	0.0	0.0	0.0	0.0	0.0	0.0	0.0
ZSCAN21	na	0.0	0.0	0.0	0.0	0.0	0.0	0.0
ZNF3	na	0.0	0.0	0.0	0.0	0.0	0.0	0.0
COPS6	na	0.0551030262079893	0.07951652749077655	0.043130864197615075	0.05136082043842068	0.050173249181465526	0.06964897965093002	0.08135171043686702
MCM7	na	0.06716173659104216	0.08671544378231738	0.04898019245679904	0.04573474607723419	0.049743929095055824	0.09173223318221788	0.08062675892973832
AP4M1	na	0.0	0.0	0.0	0.0	0.0	0.0	0.0
TAF6	na	0.0	0.0	0.0	0.0	0.0	0.0	0.0
CNPY4	na	0.0	0.0	0.0	0.0	0.0	0.0	0.0
MBLAC1	na	0.0	0.0	0.0	0.0	0.0	0.0	0.0
LAMTOR4	na	0.08744980281264889	0.20483739221162187	0.03588353166802993	0.08666519408776656	0.07820742350472257	0.18445555196139699	0.1333631896875878
C7orf43	na	0.0	0.0	0.0	0.0	0.0	0.0	0.0
GAL3ST4	na	0.0	0.0	0.0	0.0	0.0	0.0	0.0
GPC2	na	0.0	0.0	0.0	0.0	0.0	0.0	0.0
STAG3	na	0.0	0.0	0.0	0.0	0.0	0.0	0.0
CASTOR3	na	0.0	0.0	0.0	0.0	0.0	0.0	0.0
PILRB	na	0.04313361757711536	0.07290431148931864	0.053773328101197254	0.057828008153369664	0.049614266542439375	0.07387617601864917	0.08224356922409776
PILRA	na	0.0	0.0	0.0	0.0	0.0	0.0	0.0
ZCWPW1	na	0.0	0.0	0.0	0.0	0.0	0.0	0.0
MEPCE	na	0.0	0.0	0.0	0.0	0.0	0.0	0.0
PPP1R35	na	0.0	0.0	0.0	0.0	0.0	0.0	0.0
TSC22D4	na	0.0	0.0	0.0	0.0	0.0	0.0	0.0
AGFG2	na	0.0	0.0	0.0	0.0	0.0	0.0	0.0
SAP25	na	0.0	0.0	0.0	0.0	0.0	0.0	0.0
LRCH4	na	0.0	0.0	0.0	0.0	0.0	0.0	0.0
PCOLCE	na	0.0	0.0	0.0	0.0	0.0	0.0	0.0
MOSPD3	na	0.0	0.0	0.0	0.0	0.0	0.0	0.0
TFR2	na	0.0	0.0	0.0	0.0	0.0	0.0	0.0
GNB2	na	0.11123590916642785	0.19654689533668385	0.05412236432816616	0.11747751733617122	0.0915564696679609	0.195330749412268	0.17721243672313924
GIGYF1	na	0.0	0.0	0.0	0.0	0.0	0.0	0.0
POP7	na	0.04157045971694467	0.09030996910384359	0.0282205479189632	0.05743852743698685	0.049067466148959106	0.09141346916261325	0.08768528197201043
EPHB4	na	0.06848189814902512	0.09268453013818818	0.06892183419622361	0.09451053229071017	0.07330826421003143	0.10828330187184275	0.1252796200052615
SLC12A9	na	0.0	0.0	0.0	0.0	0.0	0.0	0.0
SLC12A9-AS1	na	0.0	0.0	0.0	0.0	0.0	0.0	0.0
TRIP6	na	0.0	0.0	0.0	0.0	0.0	0.0	0.0
SRRT	na	0.04869412510683272	0.06169447593455363	0.05314842754907775	0.04281259546303188	0.04469260084767684	0.061562014577194464	0.06676903526642286
UFSP1	na	0.0	0.0	0.0	0.0	0.0	0.0	0.0
ACHE	na	0.0	0.0	0.0	0.0	0.0	0.0	0.0
TRIM56	na	0.0	0.0	0.0	0.0	0.0	0.0	0.0
SERPINE1	na	0.0	0.0	0.0	0.0	0.0	0.0	0.0
AP1S1	na	0.0	0.0	0.0	0.0	0.0	0.0	0.0
VGF	na	0.0	0.0	0.0	0.0	0.0	0.0	0.0
PLOD3	na	0.0	0.0	0.0	0.0	0.0	0.0	0.0
ZNHIT1	na	0.08280489496788992	0.14971940001435505	0.043881722055301005	0.053193811954283056	0.0686417144515193	0.13090887263094594	0.1350303613058482
CLDN15	na	0.0	0.0	0.0	0.0	0.0	0.0	0.0
FIS1	na	0.07719661765101901	0.18700034694928905	0.018933554284496036	0.0827717554290772	0.07130271502284286	0.16526589355004248	0.1353317516514944
IFT22	na	0.0	0.0	0.0	0.0	0.0	0.0	0.0
CUX1	na	0.035368157189186226	0.0644351944521423	0.04398064449524825	0.051221055206786874	0.04654366097519518	0.06251946643819882	0.08284017701558186
SH2B2	na	0.0	0.0	0.0	0.0	0.0	0.0	0.0
PRKRIP1	na	0.0	0.0	0.0	0.0	0.0	0.0	0.0
ORAI2	na	0.0	0.0	0.0	0.0	0.0	0.0	0.0
ALKBH4	na	0.0	0.0	0.0	0.0	0.0	0.0	0.0
LRWD1	na	0.0	0.0	0.0	0.0	0.0	0.0	0.0
POLR2J	na	0.07313614594458116	0.21567953230524628	0.020496819517742824	0.06393251274305577	0.08140603895880705	0.21779257550830758	0.15949768921340746
POLR2J3	na	0.0	0.0	0.0	0.0	0.0	0.0	0.0
POLR2J3	na	0.0	0.0	0.0	0.0	0.0	0.0	0.0
RASA4	na	0.0	0.0	0.0	0.0	0.0	0.0	0.0
UPK3BL1	na	0.0	0.0	0.0	0.0	0.0	0.0	0.0
POLR2J2	na	0.0	0.0	0.0	0.0	0.0	0.0	0.0
FAM185A	na	0.0	0.0	0.0	0.0	0.0	0.0	0.0
LRRC17	na	0.0	0.0	0.0	0.0	0.0	0.0	0.0
ARMC10	na	0.0	0.0	0.0	0.0	0.0	0.0	0.0
NAPEPLD	na	0.0	0.0	0.0	0.0	0.0	0.0	0.0
PMPCB	na	0.0	0.0	0.0	0.0	0.0	0.0	0.0
DNAJC2	na	0.0	0.0	0.0	0.0	0.0	0.0	0.0
PSMC2	na	0.0458607991376026	0.08150055262883243	0.04039801246149465	0.051235983911828806	0.047419476842172854	0.0887619428902207	0.09090764473764851
ORC5	na	0.0	0.0	0.0	0.0	0.0	0.0	0.0
KMT2E-AS1	na	0.0	0.0	0.0	0.0	0.0	0.0	0.0
KMT2E	na	0.0	0.0	0.0	0.0	0.0	0.0	0.0
SRPK2	na	0.0	0.0	0.0	0.0	0.0	0.0	0.0
PUS7	na	0.0	0.0	0.0	0.0	0.0	0.0	0.0
RINT1	na	0.0	0.0	0.0	0.0	0.0	0.0	0.0
AC073073.2	na	0.0	0.0	0.0	0.0	0.0	0.0	0.0
ATXN7L1	na	0.0	0.0	0.0	0.0	0.0	0.0	0.0
SYPL1	na	0.05601378592854457	0.12605052986779666	0.02830281215444498	0.08344831816024485	0.06088545182350508	0.11689018557801745	0.0978141670994366
NAMPT	na	0.0324752590878049	0.09386516832472477	0.029420818906056773	0.0613431576022971	0.05094711024122928	0.09723609172612535	0.08897195282793402
AC007032.1	na	0.0	0.0	0.0	0.0	0.0	0.0	0.0
CCDC71L	na	0.0	0.0	0.0	0.0	0.0	0.0	0.0
PRKAR2B	na	0.0	0.0	0.0	0.0	0.0	0.0	0.0
HBP1	na	0.05002774835088296	0.08914792555645319	0.04641538439123919	0.051104901900865536	0.04993070364766862	0.0931294338159147	0.09685891040586234
COG5	na	0.0	0.0	0.0	0.0	0.0	0.0	0.0
DUS4L	na	0.0	0.0	0.0	0.0	0.0	0.0	0.0
BCAP29	na	0.0	0.0	0.0	0.0	0.0	0.0	0.0
AC002467.1	na	0.0	0.0	0.0	0.0	0.0	0.0	0.0
CBLL1	na	0.0	0.0	0.0	0.0	0.0	0.0	0.0
SLC26A3	na	0.0	0.0	0.0	0.0	0.0	0.0	0.0
DLD	na	0.04519772500497686	0.06222358553455567	0.032736951033884784	0.06218409635146511	0.04868471419905804	0.07380466218989372	0.08412779154759965
LAMB1	na	0.0	0.0	0.0	0.0	0.0	0.0	0.0
NRCAM	na	0.0	0.0	0.0	0.0	0.0	0.0	0.0
PNPLA8	na	0.0	0.0	0.0	0.0	0.0	0.0	0.0
THAP5	na	0.0	0.0	0.0	0.0	0.0	0.0	0.0
DNAJB9	na	0.0	0.0	0.0	0.0	0.0	0.0	0.0
IMMP2L	na	0.0	0.0	0.0	0.0	0.0	0.0	0.0
DOCK4	na	0.0	0.0	0.0	0.0	0.0	0.0	0.0
ZNF277	na	0.0	0.0	0.0	0.0	0.0	0.0	0.0
IFRD1	na	0.0	0.0	0.0	0.0	0.0	0.0	0.0
LSMEM1	na	0.0	0.0	0.0	0.0	0.0	0.0	0.0
TMEM168	na	0.0	0.0	0.0	0.0	0.0	0.0	0.0
BMT2	na	0.0	0.0	0.0	0.0	0.0	0.0	0.0
GPR85	na	0.0	0.0	0.0	0.0	0.0	0.0	0.0
SMIM30	na	0.0	0.0	0.0	0.0	0.0	0.0	0.0
MDFIC	na	0.0	0.0	0.0	0.0	0.0	0.0	0.0
TFEC	na	0.0	0.0	0.0	0.0	0.0	0.0	0.0
TES	na	0.04794070953862501	0.07014164359702105	0.04371855590538696	0.04214699847147321	0.04588143254901051	0.08305250023250728	0.07501450800580448
CAV2	na	0.0	0.0	0.0	0.0	0.0	0.0	0.0
CAV1	na	0.0	0.0	0.0	0.0	0.0	0.0	0.0
MET	na	0.0	0.0	0.0	0.0	0.0	0.0	0.0
CAPZA2	na	0.06191315919558552	0.11078355962149941	0.04111621756210642	0.04129590203651607	0.05658500612400554	0.10235660727919525	0.09682206626434042
ST7	na	0.0	0.0	0.0	0.0	0.0	0.0	0.0
WNT2	na	0.0	0.0	0.0	0.0	0.0	0.0	0.0
CTTNBP2	na	0.0	0.0	0.0	0.0	0.0	0.0	0.0
LSM8	na	0.0546495816953504	0.1208231786597447	0.024150555545321344	0.07244092357303428	0.05374943019333303	0.1038357557350319	0.09080400316567462
TSPAN12	na	0.0	0.0	0.0	0.0	0.0	0.0	0.0
ING3	na	0.0	0.0	0.0	0.0	0.0	0.0	0.0
CPED1	na	0.0	0.0	0.0	0.0	0.0	0.0	0.0
FAM3C	na	0.0	0.0	0.0	0.0	0.0	0.0	0.0
FEZF1-AS1	na	0.0	0.0	0.0	0.0	0.0	0.0	0.0
CADPS2	na	0.0	0.0	0.0	0.0	0.0	0.0	0.0
IQUB	na	0.0	0.0	0.0	0.0	0.0	0.0	0.0
NDUFA5	na	0.06317818680619497	0.1351215894181724	0.043335974697070394	0.06880386332022939	0.062026337369955345	0.13659836178879156	0.11744880417398693
WASL	na	0.045797767734874255	0.0870613696155088	0.04830193645605396	0.048996870763202485	0.04800237563237219	0.08241650375423214	0.08435027220480919
AC006333.2	na	0.0	0.0	0.0	0.0	0.0	0.0	0.0
GPR37	na	0.0	0.0	0.0	0.0	0.0	0.0	0.0
POT1	na	0.0	0.0	0.0	0.0	0.0	0.0	0.0
ZNF800	na	0.0	0.0	0.0	0.0	0.0	0.0	0.0
GCC1	na	0.0	0.0	0.0	0.0	0.0	0.0	0.0
ARF5	na	0.06262208197028546	0.0953071284682744	0.04068498763045492	0.051497151760337985	0.04978269178532394	0.08685889402440876	0.09057919058671075
SND1	na	0.04732215169144004	0.08112520101971435	0.04348257105112497	0.056081642305572894	0.050234161098455875	0.07813307078936266	0.087740844821001
LRRC4	na	0.0	0.0	0.0	0.0	0.0	0.0	0.0
RBM28	na	0.0	0.0	0.0	0.0	0.0	0.0	0.0
PRRT4	na	0.0	0.0	0.0	0.0	0.0	0.0	0.0
IMPDH1	na	0.05218886680926849	0.09047712757561763	0.04867303712127193	0.07343748799201608	0.05904112519035664	0.09266688664658701	0.1090494544532434
HILPDA	na	0.0	0.0	0.0	0.0	0.0	0.0	0.0
METTL2B	na	0.0	0.0	0.0	0.0	0.0	0.0	0.0
AC090114.2	na	0.0	0.0	0.0	0.0	0.0	0.0	0.0
AC018638.7	na	0.0	0.0	0.0	0.0	0.0	0.0	0.0
FAM71F2	na	0.0	0.0	0.0	0.0	0.0	0.0	0.0
CALU	na	0.06844022588708437	0.07611011016015344	0.05595367082317409	0.05039984415804624	0.05337848367314175	0.08452849376624767	0.09210835787223406
FLNC	na	0.0	0.0	0.0	0.0	0.0	0.0	0.0
KCP	na	0.0	0.0	0.0	0.0	0.0	0.0	0.0
ATP6V1F	na	0.10105257560160512	0.23439754157793632	0.03637249511280485	0.058779041477464704	0.08657079479368315	0.19053675913908116	0.1954850698376293
IRF5	na	0.0	0.0	0.0	0.0	0.0	0.0	0.0
TNPO3	na	0.0	0.0	0.0	0.0	0.0	0.0	0.0
TSPAN33	na	0.0	0.0	0.0	0.0	0.0	0.0	0.0
SMO	na	0.0	0.0	0.0	0.0	0.0	0.0	0.0
AHCYL2	na	0.0	0.0	0.0	0.0	0.0	0.0	0.0
STRIP2	na	0.0	0.0	0.0	0.0	0.0	0.0	0.0
SMKR1	na	0.0	0.0	0.0	0.0	0.0	0.0	0.0
AC078846.1	na	0.0	0.0	0.0	0.0	0.0	0.0	0.0
NRF1	na	0.0	0.0	0.0	0.0	0.0	0.0	0.0
UBE2H	na	0.0381434712529605	0.05222107195492196	0.04414288148840619	0.05331920077263482	0.04642646242068488	0.062077301500220866	0.07699012144222143
ZC3HC1	na	0.0	0.0	0.0	0.0	0.0	0.0	0.0
KLHDC10	na	0.0	0.0	0.0	0.0	0.0	0.0	0.0
TMEM209	na	0.0	0.0	0.0	0.0	0.0	0.0	0.0
CPA4	na	0.0	0.0	0.0	0.0	0.0	0.0	0.0
CEP41	na	0.0	0.0	0.0	0.0	0.0	0.0	0.0
MEST	na	0.0	0.0	0.0	0.0	0.0	0.0	0.0
COPG2	na	0.0	0.0	0.0	0.0	0.0	0.0	0.0
MKLN1	na	0.0	0.0	0.0	0.0	0.0	0.0	0.0
AC008264.2	na	0.0	0.0	0.0	0.0	0.0	0.0	0.0
PODXL	na	0.0	0.0	0.0	0.0	0.0	0.0	0.0
PLXNA4	na	0.0	0.0	0.0	0.0	0.0	0.0	0.0
CHCHD3	na	0.0	0.0	0.0	0.0	0.0	0.0	0.0
EXOC4	na	0.0	0.0	0.0	0.0	0.0	0.0	0.0
LRGUK	na	0.0	0.0	0.0	0.0	0.0	0.0	0.0
SLC35B4	na	0.0	0.0	0.0	0.0	0.0	0.0	0.0
AKR1B1	na	0.0	0.0	0.0	0.0	0.0	0.0	0.0
AKR1B10	na	0.0	0.0	0.0	0.0	0.0	0.0	0.0
BPGM	na	0.0	0.0	0.0	0.0	0.0	0.0	0.0
CALD1	na	0.053773253152977915	0.08392363147496959	0.04751940334149981	0.03186950309073645	0.05278206895967083	0.09205187751958531	0.08748077491773192
CYREN	na	0.0	0.0	0.0	0.0	0.0	0.0	0.0
TMEM140	na	0.0	0.0	0.0	0.0	0.0	0.0	0.0
AC083862.2	na	0.0	0.0	0.0	0.0	0.0	0.0	0.0
WDR91	na	0.0	0.0	0.0	0.0	0.0	0.0	0.0
CNOT4	na	0.0	0.0	0.0	0.0	0.0	0.0	0.0
NUP205	na	0.0	0.0	0.0	0.0	0.0	0.0	0.0
STMP1	na	0.05360617858107943	0.1281686236409613	0.028222468993568086	0.06632582086932183	0.05939089193100572	0.10575587677259247	0.11896617928464984
FAM180A	na	0.0	0.0	0.0	0.0	0.0	0.0	0.0
AC015987.1	na	0.0	0.0	0.0	0.0	0.0	0.0	0.0
MTPN	na	0.04855797433119817	0.07180718083888614	0.04446298800108149	0.043039204880331805	0.04526592629069523	0.05921358497321902	0.0766717760949341
PTN	na	0.0	0.0	0.0	0.0	0.0	0.0	0.0
DGKI	na	0.0	0.0	0.0	0.0	0.0	0.0	0.0
CREB3L2	na	0.0	0.0	0.0	0.0	0.0	0.0	0.0
TRIM24	na	0.04348412732733583	0.051104472911061946	0.05773808007746372	0.048104811824110943	0.0461792976512131	0.05387770476406616	0.07960130559186178
SVOPL	na	0.0	0.0	0.0	0.0	0.0	0.0	0.0
ATP6V0A4	na	0.054435472883031674	0.07060020763768274	0.049150828364513635	0.05306815058750884	0.049740450674662096	0.06272740818699316	0.09173993834592707
KIAA1549	na	0.0	0.0	0.0	0.0	0.0	0.0	0.0
ZC3HAV1	na	0.0	0.0	0.0	0.0	0.0	0.0	0.0
TTC26	na	0.0	0.0	0.0	0.0	0.0	0.0	0.0
UBN2	na	0.0	0.0	0.0	0.0	0.0	0.0	0.0
FMC1	na	0.0490234162124422	0.09062979289149577	0.04299975524267259	0.04205712312778791	0.04794484574934836	0.07950723415734132	0.08468163741373647
LUC7L2	na	0.0	0.0	0.0	0.0	0.0	0.0	0.0
AC083880.1	na	0.0	0.0	0.0	0.0	0.0	0.0	0.0
KLRG2	na	0.0	0.0	0.0	0.0	0.0	0.0	0.0
HIPK2	na	0.0	0.0	0.0	0.0	0.0	0.0	0.0
TBXAS1	na	0.0	0.0	0.0	0.0	0.0	0.0	0.0
PARP12	na	0.0	0.0	0.0	0.0	0.0	0.0	0.0
KDM7A	na	0.0	0.0	0.0	0.0	0.0	0.0	0.0
SLC37A3	na	0.0	0.0	0.0	0.0	0.0	0.0	0.0
MKRN1	na	0.055061129446480006	0.07269465841878793	0.053854200673603754	0.06101288540088226	0.05171762308748606	0.0903741062364106	0.09583104120268215
ADCK2	na	0.0	0.0	0.0	0.0	0.0	0.0	0.0
NDUFB2	na	0.23477720897646767	0.4725275625593004	0.018040482151177248	0.14280546236273248	0.14356216036462344	0.3486886107017331	0.3263767732071751
BRAF	na	0.0	0.0	0.0	0.0	0.0	0.0	0.0
MRPS33	na	0.04782766095231827	0.09357868591058788	0.04069379298758965	0.053504294428854	0.048930690426371555	0.07836597464026222	0.09440193539351877
TMEM178B	na	0.0	0.0	0.0	0.0	0.0	0.0	0.0
AGK	na	0.0	0.0	0.0	0.0	0.0	0.0	0.0
AC004918.1	na	0.0	0.0	0.0	0.0	0.0	0.0	0.0
KIAA1147	na	0.0	0.0	0.0	0.0	0.0	0.0	0.0
SSBP1	na	0.08156293543833325	0.17013539870291092	0.039592217916523835	0.07108573809617565	0.07058089467487497	0.11651984586596348	0.15041226870802302
CLEC5A	na	0.0	0.0	0.0	0.0	0.0	0.0	0.0
MTRNR2L6	na	0.0	0.0	0.0	0.0	0.0	0.0	0.0
TRBC1	na	0.0	0.0	0.0	0.0	0.0	0.0	0.0
TRBC2	na	0.0	0.0	0.0	0.0	0.0	0.0	0.0
TRPV6	na	0.0	0.0	0.0	0.0	0.0	0.0	0.0
KEL	na	0.0	0.0	0.0	0.0	0.0	0.0	0.0
PIP	na	0.0	0.0	0.0	0.0	0.0	0.0	0.0
GSTK1	na	0.0	0.0	0.0	0.0	0.0	0.0	0.0
TMEM139	na	0.0	0.0	0.0	0.0	0.0	0.0	0.0
CASP2	na	0.0	0.0	0.0	0.0	0.0	0.0	0.0
AC093673.1	na	0.0	0.0	0.0	0.0	0.0	0.0	0.0
ZYX	na	0.06334779056885584	0.10735834304011217	0.04894725474174579	0.04795780196869698	0.05961719438082436	0.10990735564264868	0.1278197149840329
EPHA1	na	0.0	0.0	0.0	0.0	0.0	0.0	0.0
TCAF2	na	0.0	0.0	0.0	0.0	0.0	0.0	0.0
TCAF1	na	0.0	0.0	0.0	0.0	0.0	0.0	0.0
ARHGEF35	na	0.0	0.0	0.0	0.0	0.0	0.0	0.0
ARHGEF5	na	0.0	0.0	0.0	0.0	0.0	0.0	0.0
TPK1	na	0.0	0.0	0.0	0.0	0.0	0.0	0.0
CNTNAP2	na	0.0	0.0	0.0	0.0	0.0	0.0	0.0
AC005229.4	na	0.0	0.0	0.0	0.0	0.0	0.0	0.0
CUL1	na	0.0	0.0	0.0	0.0	0.0	0.0	0.0
EZH2	na	0.0	0.0	0.0	0.0	0.0	0.0	0.0
PDIA4	na	0.05165577646319804	0.06340558114019408	0.07186498914518631	0.06604062130758004	0.05757980797684493	0.06710612515328357	0.08438664062380084
ZNF786	na	0.0	0.0	0.0	0.0	0.0	0.0	0.0
ZNF425	na	0.0	0.0	0.0	0.0	0.0	0.0	0.0
ZNF398	na	0.0	0.0	0.0	0.0	0.0	0.0	0.0
ZNF282	na	0.0	0.0	0.0	0.0	0.0	0.0	0.0
ZNF212	na	0.0	0.0	0.0	0.0	0.0	0.0	0.0
ZNF783	na	0.0	0.0	0.0	0.0	0.0	0.0	0.0
ZNF777	na	0.0	0.0	0.0	0.0	0.0	0.0	0.0
ZNF746	na	0.0	0.0	0.0	0.0	0.0	0.0	0.0
KRBA1	na	0.0	0.0	0.0	0.0	0.0	0.0	0.0
ZNF467	na	0.0	0.0	0.0	0.0	0.0	0.0	0.0
SSPO	na	0.0	0.0	0.0	0.0	0.0	0.0	0.0
ZNF862	na	0.0	0.0	0.0	0.0	0.0	0.0	0.0
ATP6V0E2-AS1	na	0.0	0.0	0.0	0.0	0.0	0.0	0.0
ATP6V0E2	na	0.06224765612480624	0.0936411417693299	0.05974440588509123	0.05250754400369723	0.05497520488879998	0.090579508121269	0.10547717297574791
ACTR3C	na	0.0	0.0	0.0	0.0	0.0	0.0	0.0
LRRC61	na	0.0	0.0	0.0	0.0	0.0	0.0	0.0
ZBED6CL	na	0.0	0.0	0.0	0.0	0.0	0.0	0.0
RARRES2	na	0.0	0.0	0.0	0.0	0.0	0.0	0.0
REPIN1	na	0.06891039651649652	0.1000579689853407	0.0758269384715381	0.05328506482718414	0.0637304016084388	0.083977801951525	0.11109470015929905
ZNF775	na	0.0	0.0	0.0	0.0	0.0	0.0	0.0
AC073111.5	na	0.0	0.0	0.0	0.0	0.0	0.0	0.0
GIMAP8	na	0.0	0.0	0.0	0.0	0.0	0.0	0.0
GIMAP7	na	0.0	0.0	0.0	0.0	0.0	0.0	0.0
GIMAP4	na	0.0	0.0	0.0	0.0	0.0	0.0	0.0
GIMAP6	na	0.0	0.0	0.0	0.0	0.0	0.0	0.0
GIMAP2	na	0.0	0.0	0.0	0.0	0.0	0.0	0.0
GIMAP1	na	0.0	0.0	0.0	0.0	0.0	0.0	0.0
TMEM176B	na	0.0	0.0	0.0	0.0	0.0	0.0	0.0
TMEM176A	na	0.0	0.0	0.0	0.0	0.0	0.0	0.0
KCNH2	na	0.0	0.0	0.0	0.0	0.0	0.0	0.0
NOS3	na	0.0	0.0	0.0	0.0	0.0	0.0	0.0
ATG9B	na	0.0	0.0	0.0	0.0	0.0	0.0	0.0
ABCB8	na	0.0	0.0	0.0	0.0	0.0	0.0	0.0
ASIC3	na	0.0	0.0	0.0	0.0	0.0	0.0	0.0
CDK5	na	0.0	0.0	0.0	0.0	0.0	0.0	0.0
SLC4A2	na	0.0	0.0	0.0	0.0	0.0	0.0	0.0
FASTK	na	0.04517379796182336	0.06465500320924647	0.05973754708733973	0.05356083930168107	0.04666604688227776	0.05392422912027141	0.07846313411769802
TMUB1	na	0.0	0.0	0.0	0.0	0.0	0.0	0.0
AGAP3	na	0.0	0.0	0.0	0.0	0.0	0.0	0.0
ABCF2	na	0.0	0.0	0.0	0.0	0.0	0.0	0.0
CHPF2	na	0.0	0.0	0.0	0.0	0.0	0.0	0.0
SMARCD3	na	0.0	0.0	0.0	0.0	0.0	0.0	0.0
AC021097.1	na	0.0	0.0	0.0	0.0	0.0	0.0	0.0
NUB1	na	0.0	0.0	0.0	0.0	0.0	0.0	0.0
RHEB	na	0.06661800325599926	0.09749613330963275	0.04272254875328335	0.05455194267967082	0.05086923766771469	0.08041282164521407	0.08308792074942033
PRKAG2	na	0.0	0.0	0.0	0.0	0.0	0.0	0.0
PRKAG2-AS1	na	0.0	0.0	0.0	0.0	0.0	0.0	0.0
GALNT11	na	0.0	0.0	0.0	0.0	0.0	0.0	0.0
KMT2C	na	0.0	0.0	0.0	0.0	0.0	0.0	0.0
LINC01003	na	0.0	0.0	0.0	0.0	0.0	0.0	0.0
XRCC2	na	0.0	0.0	0.0	0.0	0.0	0.0	0.0
ACTR3B	na	0.0	0.0	0.0	0.0	0.0	0.0	0.0
PAXIP1-AS2	na	0.0	0.0	0.0	0.0	0.0	0.0	0.0
PAXIP1	na	0.0	0.0	0.0	0.0	0.0	0.0	0.0
PAXIP1-AS1	na	0.0	0.0	0.0	0.0	0.0	0.0	0.0
AC144652.1	na	0.0	0.0	0.0	0.0	0.0	0.0	0.0
INSIG1	na	0.0	0.0	0.0	0.0	0.0	0.0	0.0
EN2	na	0.0	0.0	0.0	0.0	0.0	0.0	0.0
AC009403.1	na	0.0	0.0	0.0	0.0	0.0	0.0	0.0
RBM33	na	0.0	0.0	0.0	0.0	0.0	0.0	0.0
LINC01006	na	0.0	0.0	0.0	0.0	0.0	0.0	0.0
LMBR1	na	0.0	0.0	0.0	0.0	0.0	0.0	0.0
NOM1	na	0.0	0.0	0.0	0.0	0.0	0.0	0.0
MNX1	na	0.0	0.0	0.0	0.0	0.0	0.0	0.0
MNX1-AS2	na	0.0	0.0	0.0	0.0	0.0	0.0	0.0
MNX1-AS1	na	0.0	0.0	0.0	0.0	0.0	0.0	0.0
UBE3C	na	0.0	0.0	0.0	0.0	0.0	0.0	0.0
DNAJB6	na	0.06174569517545083	0.0909602512327663	0.050415758248516	0.05259670367599957	0.05546379019034284	0.07153420984947796	0.09294046918735238
PTPRN2	na	0.0	0.0	0.0	0.0	0.0	0.0	0.0
NCAPG2	na	0.0	0.0	0.0	0.0	0.0	0.0	0.0
ESYT2	na	0.0	0.0	0.0	0.0	0.0	0.0	0.0
WDR60	na	0.0	0.0	0.0	0.0	0.0	0.0	0.0
PLCXD1	na	0.0	0.0	0.0	0.0	0.0	0.0	0.0
GTPBP6	na	0.0	0.0	0.0	0.0	0.0	0.0	0.0
LINC00685	na	0.0	0.0	0.0	0.0	0.0	0.0	0.0
PPP2R3B	na	0.0	0.0	0.0	0.0	0.0	0.0	0.0
CSF2RA	na	0.0	0.0	0.0	0.0	0.0	0.0	0.0
IL3RA	na	0.0	0.0	0.0	0.0	0.0	0.0	0.0
SLC25A6	na	0.19630515974610105	0.42524590788880073	0.12686776709265277	0.052934655642454774	0.15238804410274423	0.32900088413302697	0.4444510583180532
ASMTL-AS1	na	0.0	0.0	0.0	0.0	0.0	0.0	0.0
ASMTL	na	0.0	0.0	0.0	0.0	0.0	0.0	0.0
P2RY8	na	0.0	0.0	0.0	0.0	0.0	0.0	0.0
AKAP17A	na	0.0	0.0	0.0	0.0	0.0	0.0	0.0
DHRSX	na	0.0	0.0	0.0	0.0	0.0	0.0	0.0
ZBED1	na	0.0	0.0	0.0	0.0	0.0	0.0	0.0
CD99	na	0.08918654380951586	0.15210472664039484	0.03088085045572195	0.06471052718268122	0.06834122653867299	0.13259657921049092	0.12663143931158075
GYG2	na	0.0	0.0	0.0	0.0	0.0	0.0	0.0
ARSD	na	0.03911388665206818	0.06294558433663007	0.05012836383155832	0.047497550228310405	0.04625850106146999	0.05633037111728304	0.07807901636187585
MXRA5	na	0.0	0.0	0.0	0.0	0.0	0.0	0.0
PRKX	na	0.0	0.0	0.0	0.0	0.0	0.0	0.0
BX890604.1	na	0.0	0.0	0.0	0.0	0.0	0.0	0.0
PUDP	na	0.0	0.0	0.0	0.0	0.0	0.0	0.0
STS	na	0.0	0.0	0.0	0.0	0.0	0.0	0.0
PNPLA4	na	0.0	0.0	0.0	0.0	0.0	0.0	0.0
ANOS1	na	0.0	0.0	0.0	0.0	0.0	0.0	0.0
TBL1X	na	0.0	0.0	0.0	0.0	0.0	0.0	0.0
GPR143	na	0.0	0.0	0.0	0.0	0.0	0.0	0.0
SHROOM2	na	0.0	0.0	0.0	0.0	0.0	0.0	0.0
WWC3	na	0.0	0.0	0.0	0.0	0.0	0.0	0.0
HCCS	na	0.0	0.0	0.0	0.0	0.0	0.0	0.0
ARHGAP6	na	0.0	0.0	0.0	0.0	0.0	0.0	0.0
MSL3	na	0.0	0.0	0.0	0.0	0.0	0.0	0.0
FRMPD4	na	0.0	0.0	0.0	0.0	0.0	0.0	0.0
PRPS2	na	0.0	0.0	0.0	0.0	0.0	0.0	0.0
TLR7	na	0.0	0.0	0.0	0.0	0.0	0.0	0.0
TMSB4X	na	0.6919005443535421	1.8313297835971194	0.20231680237153407	0.017529948142512207	0.4635176421815504	1.5061260596321266	1.5565347311016637
TCEANC	na	0.0	0.0	0.0	0.0	0.0	0.0	0.0
RAB9A	na	0.0	0.0	0.0	0.0	0.0	0.0	0.0
TRAPPC2	na	0.0	0.0	0.0	0.0	0.0	0.0	0.0
OFD1	na	0.0	0.0	0.0	0.0	0.0	0.0	0.0
GEMIN8	na	0.0	0.0	0.0	0.0	0.0	0.0	0.0
FANCB	na	0.0	0.0	0.0	0.0	0.0	0.0	0.0
MOSPD2	na	0.0	0.0	0.0	0.0	0.0	0.0	0.0
ASB9	na	0.0	0.0	0.0	0.0	0.0	0.0	0.0
PIGA	na	0.0	0.0	0.0	0.0	0.0	0.0	0.0
PIR	na	0.0	0.0	0.0	0.0	0.0	0.0	0.0
CA5B	na	0.0	0.0	0.0	0.0	0.0	0.0	0.0
ZRSR2	na	0.0	0.0	0.0	0.0	0.0	0.0	0.0
AP1S2	na	0.0	0.0	0.0	0.0	0.0	0.0	0.0
CTPS2	na	0.0	0.0	0.0	0.0	0.0	0.0	0.0
SYAP1	na	0.05998362206269258	0.09589345666703714	0.04884859696029884	0.05044486924517567	0.05596913258971771	0.09669983758944746	0.09795866294735696
TXLNG	na	0.0	0.0	0.0	0.0	0.0	0.0	0.0
RBBP7	na	0.044591104144225	0.06288704088436309	0.05058016889691727	0.04146603090627859	0.04264488983191316	0.06112853055572779	0.07906195061861378
REPS2	na	0.0	0.0	0.0	0.0	0.0	0.0	0.0
NHS	na	0.0	0.0	0.0	0.0	0.0	0.0	0.0
SCML1	na	0.0	0.0	0.0	0.0	0.0	0.0	0.0
RAI2	na	0.0	0.0	0.0	0.0	0.0	0.0	0.0
SCML2	na	0.0	0.0	0.0	0.0	0.0	0.0	0.0
CDKL5	na	0.0	0.0	0.0	0.0	0.0	0.0	0.0
PHKA2	na	0.0	0.0	0.0	0.0	0.0	0.0	0.0
PDHA1	na	0.0	0.0	0.0	0.0	0.0	0.0	0.0
SH3KBP1	na	0.0	0.0	0.0	0.0	0.0	0.0	0.0
BCLAF3	na	0.0	0.0	0.0	0.0	0.0	0.0	0.0
EIF1AX	na	0.053521747877482886	0.09497589449712679	0.05041933542462957	0.04457516591897635	0.052986708945459635	0.09130309192975541	0.09390925295304849
RPS6KA3	na	0.0	0.0	0.0	0.0	0.0	0.0	0.0
MBTPS2	na	0.0	0.0	0.0	0.0	0.0	0.0	0.0
YY2	na	0.0	0.0	0.0	0.0	0.0	0.0	0.0
SMS	na	0.05254850957555695	0.10017239419896205	0.059775748668280726	0.031910987700706266	0.05639270089946316	0.11149905576360276	0.10082453571313894
PHEX	na	0.0	0.0	0.0	0.0	0.0	0.0	0.0
PRDX4	na	0.0	0.0	0.0	0.0	0.0	0.0	0.0
ACOT9	na	0.0	0.0	0.0	0.0	0.0	0.0	0.0
SAT1	na	0.07996552012824812	0.24386729888562075	0.02230941830796849	0.09805240692823021	0.09575015952179629	0.2350678326264116	0.19531587542576265
APOO	na	0.0	0.0	0.0	0.0	0.0	0.0	0.0
KLHL15	na	0.0	0.0	0.0	0.0	0.0	0.0	0.0
EIF2S3	na	0.0	0.0	0.0	0.0	0.0	0.0	0.0
ZFX	na	0.0	0.0	0.0	0.0	0.0	0.0	0.0
PDK3	na	0.0	0.0	0.0	0.0	0.0	0.0	0.0
POLA1	na	0.0	0.0	0.0	0.0	0.0	0.0	0.0
ARX	na	0.0	0.0	0.0	0.0	0.0	0.0	0.0
GK	na	0.0	0.0	0.0	0.0	0.0	0.0	0.0
TAB3	na	0.0	0.0	0.0	0.0	0.0	0.0	0.0
DMD	na	0.0	0.0	0.0	0.0	0.0	0.0	0.0
TMEM47	na	0.0	0.0	0.0	0.0	0.0	0.0	0.0
XK	na	0.0	0.0	0.0	0.0	0.0	0.0	0.0
CYBB	na	0.0	0.0	0.0	0.0	0.0	0.0	0.0
DYNLT3	na	0.0	0.0	0.0	0.0	0.0	0.0	0.0
SYTL5	na	0.0	0.0	0.0	0.0	0.0	0.0	0.0
SRPX	na	0.0	0.0	0.0	0.0	0.0	0.0	0.0
RPGR	na	0.0	0.0	0.0	0.0	0.0	0.0	0.0
TSPAN7	na	0.0	0.0	0.0	0.0	0.0	0.0	0.0
MID1IP1	na	0.037330318004692484	0.06539539888090476	0.049325291652394125	0.05153511227450192	0.04598640108624268	0.07610179575184892	0.08721882667069662
AC092198.1	na	0.0	0.0	0.0	0.0	0.0	0.0	0.0
BCOR	na	0.0	0.0	0.0	0.0	0.0	0.0	0.0
ATP6AP2	na	0.06959420809847457	0.12287287855035539	0.04555093961790774	0.07479733105827394	0.06587535127389438	0.11252263824653823	0.11446522944009248
CXorf38	na	0.0	0.0	0.0	0.0	0.0	0.0	0.0
MED14	na	0.0	0.0	0.0	0.0	0.0	0.0	0.0
USP9X	na	0.05210891757300302	0.10231982707440622	0.05185353955811862	0.05206216312162371	0.056777311898103734	0.11503055996646364	0.09602385285391794
DDX3X	na	0.05680576526316304	0.09117702778791233	0.07181289883807024	0.08260577348193446	0.06951828160811503	0.11369840317145781	0.11838175744350583
CASK	na	0.04290390265413039	0.05874869674727497	0.05126839472428276	0.0506083201573653	0.04691375378969531	0.05327007565590049	0.0728651448676309
GPR34	na	0.0	0.0	0.0	0.0	0.0	0.0	0.0
GPR82	na	0.0	0.0	0.0	0.0	0.0	0.0	0.0
MAOA	na	0.0	0.0	0.0	0.0	0.0	0.0	0.0
MAOB	na	0.0	0.0	0.0	0.0	0.0	0.0	0.0
EFHC2	na	0.0	0.0	0.0	0.0	0.0	0.0	0.0
FUNDC1	na	0.0	0.0	0.0	0.0	0.0	0.0	0.0
KDM6A	na	0.0	0.0	0.0	0.0	0.0	0.0	0.0
CXorf36	na	0.0	0.0	0.0	0.0	0.0	0.0	0.0
KRBOX4	na	0.0	0.0	0.0	0.0	0.0	0.0	0.0
ZNF674	na	0.0	0.0	0.0	0.0	0.0	0.0	0.0
ZNF674-AS1	na	0.0	0.0	0.0	0.0	0.0	0.0	0.0
CHST7	na	0.0	0.0	0.0	0.0	0.0	0.0	0.0
SLC9A7	na	0.0	0.0	0.0	0.0	0.0	0.0	0.0
RP2	na	0.0	0.0	0.0	0.0	0.0	0.0	0.0
JADE3	na	0.0	0.0	0.0	0.0	0.0	0.0	0.0
NDUFB11	na	0.21795702198028774	0.6139096930041829	2.555459679473799e-17	0.1691638149506371	0.16622912398028217	0.4664970075308669	0.41333500340651386
RBM10	na	0.0526090666405517	0.0708909083206262	0.06567392908760628	0.056930651468194565	0.053251813912118307	0.07225214443450517	0.07955448471145453
UBA1	na	0.10302894230674789	0.18906209765418927	0.08082390466191071	0.07128859831675947	0.09410176611703502	0.18809634156093893	0.1939700600374173
CDK16	na	0.04916494995868756	0.09758057826195556	0.047555681716810495	0.07469420745471629	0.05745373574778312	0.09701870283006886	0.10358080769821079
USP11	na	0.0	0.0	0.0	0.0	0.0	0.0	0.0
ZNF41	na	0.0	0.0	0.0	0.0	0.0	0.0	0.0
LINC01560	na	0.0	0.0	0.0	0.0	0.0	0.0	0.0
ARAF	na	0.0	0.0	0.0	0.0	0.0	0.0	0.0
TIMP1	na	0.125952496695775	0.39108127268078924	1.3112751227410522e-16	0.11265933129767239	0.12243480009136166	0.40887652770935023	0.23649887964250185
ELK1	na	0.0	0.0	0.0	0.0	0.0	0.0	0.0
UXT	na	0.06493137216489216	0.1694833949990642	0.0046647208039700926	0.09609598135465353	0.061124166252907654	0.13896495131176928	0.10871799717837384
ZNF81	na	0.0	0.0	0.0	0.0	0.0	0.0	0.0
ZNF182	na	0.0	0.0	0.0	0.0	0.0	0.0	0.0
ZNF630	na	0.0	0.0	0.0	0.0	0.0	0.0	0.0
SLC38A5	na	0.0	0.0	0.0	0.0	0.0	0.0	0.0
FTSJ1	na	0.0	0.0	0.0	0.0	0.0	0.0	0.0
PORCN	na	0.0	0.0	0.0	0.0	0.0	0.0	0.0
EBP	na	0.07863692871344395	0.09916734293188958	0.0522463037313334	0.05826240472151088	0.05522569807941966	0.10764893049980107	0.08622283449623622
TBC1D25	na	0.0	0.0	0.0	0.0	0.0	0.0	0.0
RBM3	na	0.08910004465670708	0.22412669770551924	0.09901554607058148	0.046921350328852564	0.09894607349583334	0.17151617490495974	0.249310267462317
WDR13	na	0.04171903699341275	0.06732757116942861	0.05349794510287861	0.04088181720017113	0.044325159780066264	0.06307852786042364	0.07347487679870761
WAS	na	0.0	0.0	0.0	0.0	0.0	0.0	0.0
SUV39H1	na	0.0	0.0	0.0	0.0	0.0	0.0	0.0
GLOD5	na	0.0	0.0	0.0	0.0	0.0	0.0	0.0
HDAC6	na	0.0	0.0	0.0	0.0	0.0	0.0	0.0
PCSK1N	na	0.0	0.0	0.0	0.0	0.0	0.0	0.0
TIMM17B	na	0.07953299490167302	0.16061065013304515	0.04064099663770074	0.07563532959344789	0.07476866305727457	0.1697557253472172	0.15276373998862194
PQBP1	na	0.04885352497762463	0.08791328003922941	0.039867415295585545	0.05411808324492659	0.049362440238991896	0.07578364148823215	0.09327192808560134
SLC35A2	na	0.0	0.0	0.0	0.0	0.0	0.0	0.0
PIM2	na	0.0	0.0	0.0	0.0	0.0	0.0	0.0
OTUD5	na	0.0	0.0	0.0	0.0	0.0	0.0	0.0
KCND1	na	0.0	0.0	0.0	0.0	0.0	0.0	0.0
GRIPAP1	na	0.0	0.0	0.0	0.0	0.0	0.0	0.0
TFE3	na	0.0	0.0	0.0	0.0	0.0	0.0	0.0
CCDC120	na	0.0	0.0	0.0	0.0	0.0	0.0	0.0
PRAF2	na	0.0	0.0	0.0	0.0	0.0	0.0	0.0
WDR45	na	0.0	0.0	0.0	0.0	0.0	0.0	0.0
GPKOW	na	0.0	0.0	0.0	0.0	0.0	0.0	0.0
MAGIX	na	0.0	0.0	0.0	0.0	0.0	0.0	0.0
PLP2	na	0.07168392256491005	0.16731042354797493	0.020195685631137803	0.06976574719231263	0.06321027063865195	0.1486513603776953	0.12310131917746434
PRICKLE3	na	0.0	0.0	0.0	0.0	0.0	0.0	0.0
SYP	na	0.0	0.0	0.0	0.0	0.0	0.0	0.0
CACNA1F	na	0.0	0.0	0.0	0.0	0.0	0.0	0.0
CCDC22	na	0.0	0.0	0.0	0.0	0.0	0.0	0.0
FOXP3	na	0.0	0.0	0.0	0.0	0.0	0.0	0.0
PPP1R3F	na	0.0	0.0	0.0	0.0	0.0	0.0	0.0
USP27X	na	0.0	0.0	0.0	0.0	0.0	0.0	0.0
CLCN5	na	0.0	0.0	0.0	0.0	0.0	0.0	0.0
SHROOM4	na	0.0	0.0	0.0	0.0	0.0	0.0	0.0
NUDT11	na	0.0	0.0	0.0	0.0	0.0	0.0	0.0
GSPT2	na	0.0	0.0	0.0	0.0	0.0	0.0	0.0
MAGED1	na	0.08720416935515407	0.18684833836114975	0.08523883413688285	0.1409577973483432	0.10600041597047455	0.18126221317759225	0.20947185352773773
GPR173	na	0.0	0.0	0.0	0.0	0.0	0.0	0.0
TSPYL2	na	0.0	0.0	0.0	0.0	0.0	0.0	0.0
KANTR	na	0.0	0.0	0.0	0.0	0.0	0.0	0.0
KDM5C	na	0.04645773622800896	0.06267330687018817	0.06071530273589279	0.045194317643524044	0.04760812674504811	0.07476410487700075	0.08248491073745856
IQSEC2	na	0.0	0.0	0.0	0.0	0.0	0.0	0.0
SMC1A	na	0.04450217162886264	0.10954707674871861	0.05312292246742762	0.06800940562322055	0.06003879923613306	0.0933261443135402	0.10140718170606047
RIBC1	na	0.0	0.0	0.0	0.0	0.0	0.0	0.0
HSD17B10	na	0.07393302839949545	0.12961286301226943	0.03756734821460523	0.05111242031694907	0.05782229126304711	0.09990581739041451	0.11229673747183111
HUWE1	na	0.060104874826256094	0.06356623146331174	0.05498548002805606	0.053935570870237065	0.049956002557283385	0.07398810130203928	0.07232464178311887
PHF8	na	0.0	0.0	0.0	0.0	0.0	0.0	0.0
FAM120C	na	0.0	0.0	0.0	0.0	0.0	0.0	0.0
WNK3	na	0.0	0.0	0.0	0.0	0.0	0.0	0.0
TSR2	na	0.0	0.0	0.0	0.0	0.0	0.0	0.0
FGD1	na	0.0	0.0	0.0	0.0	0.0	0.0	0.0
GNL3L	na	0.0	0.0	0.0	0.0	0.0	0.0	0.0
ITIH6	na	0.0	0.0	0.0	0.0	0.0	0.0	0.0
MAGED2	na	0.1527726874293024	0.32206417070698207	0.05316503612338523	0.14774303317269682	0.1261002449332933	0.2745061948528815	0.2643236734465008
TRO	na	0.0	0.0	0.0	0.0	0.0	0.0	0.0
APEX2	na	0.0	0.0	0.0	0.0	0.0	0.0	0.0
FAM104B	na	0.0	0.0	0.0	0.0	0.0	0.0	0.0
MTRNR2L10	na	0.0	0.0	0.0	0.0	0.0	0.0	0.0
MAGEH1	na	0.0	0.0	0.0	0.0	0.0	0.0	0.0
USP51	na	0.0	0.0	0.0	0.0	0.0	0.0	0.0
RRAGB	na	0.0	0.0	0.0	0.0	0.0	0.0	0.0
AL445472.1	na	0.0	0.0	0.0	0.0	0.0	0.0	0.0
KLF8	na	0.0	0.0	0.0	0.0	0.0	0.0	0.0
UBQLN2	na	0.0	0.0	0.0	0.0	0.0	0.0	0.0
NBDY	na	0.0	0.0	0.0	0.0	0.0	0.0	0.0
SPIN3	na	0.0	0.0	0.0	0.0	0.0	0.0	0.0
SPIN2B	na	0.0	0.0	0.0	0.0	0.0	0.0	0.0
FAAH2	na	0.0	0.0	0.0	0.0	0.0	0.0	0.0
ZXDB	na	0.0	0.0	0.0	0.0	0.0	0.0	0.0
ZXDA	na	0.0	0.0	0.0	0.0	0.0	0.0	0.0
SPIN4	na	0.0	0.0	0.0	0.0	0.0	0.0	0.0
ARHGEF9	na	0.0	0.0	0.0	0.0	0.0	0.0	0.0
AMER1	na	0.0	0.0	0.0	0.0	0.0	0.0	0.0
LAS1L	na	0.05633415502411251	0.05892844998174607	0.045332621352791515	0.05070180922043291	0.04474231024392154	0.06058007929397821	0.07445862129156665
MSN	na	0.0	0.0	0.0	0.0	0.0	0.0	0.0
VSIG4	na	0.0	0.0	0.0	0.0	0.0	0.0	0.0
HEPH	na	0.0	0.0	0.0	0.0	0.0	0.0	0.0
AR	na	0.0	0.0	0.0	0.0	0.0	0.0	0.0
YIPF6	na	0.05955271028330212	0.05556600488464475	0.057072965931979774	0.04240193694428623	0.0434515969629923	0.06457106484505115	0.07035320340978224
STARD8	na	0.0	0.0	0.0	0.0	0.0	0.0	0.0
EFNB1	na	0.0	0.0	0.0	0.0	0.0	0.0	0.0
PJA1	na	0.0	0.0	0.0	0.0	0.0	0.0	0.0
FAM155B	na	0.0	0.0	0.0	0.0	0.0	0.0	0.0
IGBP1	na	0.0	0.0	0.0	0.0	0.0	0.0	0.0
PDZD11	na	0.0	0.0	0.0	0.0	0.0	0.0	0.0
KIF4A	na	0.0	0.0	0.0	0.0	0.0	0.0	0.0
DLG3	na	0.06282381835722703	0.07437534017085642	0.04512923737885853	0.04879281350193173	0.047675039700096816	0.0694582607328219	0.06821052840798085
DLG3-AS1	na	0.0	0.0	0.0	0.0	0.0	0.0	0.0
SNX12	na	0.0	0.0	0.0	0.0	0.0	0.0	0.0
FOXO4	na	0.0	0.0	0.0	0.0	0.0	0.0	0.0
IL2RG	na	0.0	0.0	0.0	0.0	0.0	0.0	0.0
MED12	na	0.0	0.0	0.0	0.0	0.0	0.0	0.0
NLGN3	na	0.0	0.0	0.0	0.0	0.0	0.0	0.0
GJB1	na	0.0	0.0	0.0	0.0	0.0	0.0	0.0
ZMYM3	na	0.0	0.0	0.0	0.0	0.0	0.0	0.0
NONO	na	0.11463735723045225	0.18251817265631087	0.08533226661171713	0.08177957305720683	0.09105570136315776	0.14202882393242916	0.18096226070792226
TAF1	na	0.0	0.0	0.0	0.0	0.0	0.0	0.0
OGT	na	0.04171050525657501	0.056382954348968686	0.05306027309860566	0.047720409221670534	0.04363273398568055	0.050136228789046056	0.08285233721672214
CXCR3	na	0.0	0.0	0.0	0.0	0.0	0.0	0.0
NHSL2	na	0.0	0.0	0.0	0.0	0.0	0.0	0.0
RTL5	na	0.0	0.0	0.0	0.0	0.0	0.0	0.0
PIN4	na	0.06856711685781179	0.13432898815613778	0.04611827357244668	0.061930167056457916	0.06397400013134623	0.11035354064976974	0.13869883588644563
ERCC6L	na	0.0	0.0	0.0	0.0	0.0	0.0	0.0
RPS4X	na	0.8119714442624336	2.0642114613631333	0.15235668880205228	0.2663356815506629	0.5160473576964021	1.3896959158016382	1.6918137858899336
CITED1	na	0.0	0.0	0.0	0.0	0.0	0.0	0.0
HDAC8	na	0.0	0.0	0.0	0.0	0.0	0.0	0.0
PHKA1	na	0.0	0.0	0.0	0.0	0.0	0.0	0.0
CHIC1	na	0.0	0.0	0.0	0.0	0.0	0.0	0.0
TSIX	na	0.0	0.0	0.0	0.0	0.0	0.0	0.0
XIST	na	0.06290434094601616	0.07207883250528309	0.09422587734090124	0.07869685502826068	0.06948418106300075	0.05063411733544901	0.11636290236419629
JPX	na	0.0	0.0	0.0	0.0	0.0	0.0	0.0
FTX	na	0.0	0.0	0.0	0.0	0.0	0.0	0.0
SLC16A2	na	0.0	0.0	0.0	0.0	0.0	0.0	0.0
RLIM	na	0.0	0.0	0.0	0.0	0.0	0.0	0.0
NEXMIF	na	0.0	0.0	0.0	0.0	0.0	0.0	0.0
ABCB7	na	0.0	0.0	0.0	0.0	0.0	0.0	0.0
UPRT	na	0.0	0.0	0.0	0.0	0.0	0.0	0.0
ZDHHC15	na	0.0	0.0	0.0	0.0	0.0	0.0	0.0
PBDC1	na	0.0	0.0	0.0	0.0	0.0	0.0	0.0
MAGEE1	na	0.0	0.0	0.0	0.0	0.0	0.0	0.0
ATRX	na	0.047498746144609916	0.06844763778544737	0.04670313908578129	0.040721671098925064	0.045591805821163435	0.06646818673504078	0.07873622565272621
MAGT1	na	0.04865999546285618	0.0697484853934335	0.05055419289509964	0.045037217399935374	0.04638361176121683	0.07533629995811163	0.085338260425577
COX7B	na	0.24768868691967483	0.6363501898667777	0.005835986899134973	0.09812715584435092	0.16601846025137446	0.4394585179645865	0.44728608535058473
ATP7A	na	0.0	0.0	0.0	0.0	0.0	0.0	0.0
PGK1	na	0.25823217951800165	0.5388953418418168	0.12236783505361098	0.24593888616575707	0.22708406136913578	0.5004621798088413	0.498746177674189
TAF9B	na	0.0	0.0	0.0	0.0	0.0	0.0	0.0
CYSLTR1	na	0.0	0.0	0.0	0.0	0.0	0.0	0.0
P2RY10	na	0.0	0.0	0.0	0.0	0.0	0.0	0.0
ITM2A	na	0.0	0.0	0.0	0.0	0.0	0.0	0.0
BRWD3	na	0.0	0.0	0.0	0.0	0.0	0.0	0.0
HMGN5	na	0.0	0.0	0.0	0.0	0.0	0.0	0.0
SH3BGRL	na	0.12365488630166879	0.19707523404007582	0.0758286797224948	0.034001501153361764	0.08229532494101513	0.1508382949547618	0.19446276382472788
RPS6KA6	na	0.0	0.0	0.0	0.0	0.0	0.0	0.0
HDX	na	0.0	0.0	0.0	0.0	0.0	0.0	0.0
APOOL	na	0.0	0.0	0.0	0.0	0.0	0.0	0.0
ZNF711	na	0.0	0.0	0.0	0.0	0.0	0.0	0.0
POF1B	na	0.0	0.0	0.0	0.0	0.0	0.0	0.0
CHM	na	0.0	0.0	0.0	0.0	0.0	0.0	0.0
DIAPH2	na	0.0	0.0	0.0	0.0	0.0	0.0	0.0
TSPAN6	na	0.0	0.0	0.0	0.0	0.0	0.0	0.0
SRPX2	na	0.0	0.0	0.0	0.0	0.0	0.0	0.0
SYTL4	na	0.0	0.0	0.0	0.0	0.0	0.0	0.0
CSTF2	na	0.0	0.0	0.0	0.0	0.0	0.0	0.0
XKRX	na	0.0	0.0	0.0	0.0	0.0	0.0	0.0
TRMT2B	na	0.0	0.0	0.0	0.0	0.0	0.0	0.0
CENPI	na	0.0	0.0	0.0	0.0	0.0	0.0	0.0
TIMM8A	na	0.0	0.0	0.0	0.0	0.0	0.0	0.0
BTK	na	0.0	0.0	0.0	0.0	0.0	0.0	0.0
RPL36A	na	0.5801403974049371	1.5108685690789965	0.09699624031544259	0.07358255932456333	0.3792300053635058	1.3132006758012502	1.2603954989974944
GLA	na	0.0	0.0	0.0	0.0	0.0	0.0	0.0
HNRNPH2	na	0.057256872681154675	0.10499910201711173	0.06657243550643895	0.051258191478600806	0.059678571053613565	0.09914360553009299	0.11297879610380242
ARMCX4	na	0.0	0.0	0.0	0.0	0.0	0.0	0.0
ARMCX1	na	0.0	0.0	0.0	0.0	0.0	0.0	0.0
ARMCX6	na	0.0	0.0	0.0	0.0	0.0	0.0	0.0
ARMCX3	na	0.04941299869128361	0.06810431372488646	0.05440152236481676	0.04263707177030496	0.04551263710262533	0.06336290565558154	0.09001641991638887
ARMCX2	na	0.0	0.0	0.0	0.0	0.0	0.0	0.0
ZMAT1	na	0.0	0.0	0.0	0.0	0.0	0.0	0.0
BEX5	na	0.0	0.0	0.0	0.0	0.0	0.0	0.0
TMSB15A	na	0.0	0.0	0.0	0.0	0.0	0.0	0.0
ARMCX5	na	0.0	0.0	0.0	0.0	0.0	0.0	0.0
GPRASP2	na	0.0	0.0	0.0	0.0	0.0	0.0	0.0
BHLHB9	na	0.0	0.0	0.0	0.0	0.0	0.0	0.0
BEX4	na	0.0	0.0	0.0	0.0	0.0	0.0	0.0
TCEAL8	na	0.0	0.0	0.0	0.0	0.0	0.0	0.0
BEX2	na	0.0	0.0	0.0	0.0	0.0	0.0	0.0
TCEAL9	na	0.0	0.0	0.0	0.0	0.0	0.0	0.0
BEX3	na	0.0	0.0	0.0	0.0	0.0	0.0	0.0
TCEAL4	na	0.06295475285077427	0.08116252355729789	0.07103965714516257	0.04484443687094043	0.056552801776509044	0.07676441887150871	0.10918481788925288
TCEAL3	na	0.0	0.0	0.0	0.0	0.0	0.0	0.0
TCEAL1	na	0.0	0.0	0.0	0.0	0.0	0.0	0.0
MORF4L2	na	0.107910568604747	0.18874645948516805	0.12192954994360104	0.06258024037630706	0.1017600578405711	0.17791224376388942	0.22390029289060348
TMEM31	na	0.0	0.0	0.0	0.0	0.0	0.0	0.0
RAB9B	na	0.0	0.0	0.0	0.0	0.0	0.0	0.0
TMSB15B	na	0.0	0.0	0.0	0.0	0.0	0.0	0.0
TMSB15B	na	0.0	0.0	0.0	0.0	0.0	0.0	0.0
SLC25A53	na	0.0	0.0	0.0	0.0	0.0	0.0	0.0
ZCCHC18	na	0.0	0.0	0.0	0.0	0.0	0.0	0.0
FAM199X	na	0.0	0.0	0.0	0.0	0.0	0.0	0.0
RNF128	na	0.0	0.0	0.0	0.0	0.0	0.0	0.0
TBC1D8B	na	0.0	0.0	0.0	0.0	0.0	0.0	0.0
MORC4	na	0.0	0.0	0.0	0.0	0.0	0.0	0.0
RBM41	na	0.0	0.0	0.0	0.0	0.0	0.0	0.0
NUP62CL	na	0.0	0.0	0.0	0.0	0.0	0.0	0.0
FRMPD3	na	0.0	0.0	0.0	0.0	0.0	0.0	0.0
PRPS1	na	0.0	0.0	0.0	0.0	0.0	0.0	0.0
TSC22D3	na	0.05688942536214568	0.08286842275056884	0.06954720117746535	0.06346968825422257	0.05694520982670934	0.0729892221873883	0.09560739275249083
MID2	na	0.0	0.0	0.0	0.0	0.0	0.0	0.0
PSMD10	na	0.0	0.0	0.0	0.0	0.0	0.0	0.0
ATG4A	na	0.0	0.0	0.0	0.0	0.0	0.0	0.0
COL4A5	na	0.0	0.0	0.0	0.0	0.0	0.0	0.0
NXT2	na	0.0	0.0	0.0	0.0	0.0	0.0	0.0
ACSL4	na	0.0	0.0	0.0	0.0	0.0	0.0	0.0
TMEM164	na	0.0	0.0	0.0	0.0	0.0	0.0	0.0
AMMECR1	na	0.0	0.0	0.0	0.0	0.0	0.0	0.0
CAPN6	na	0.0	0.0	0.0	0.0	0.0	0.0	0.0
DCX	na	0.0	0.0	0.0	0.0	0.0	0.0	0.0
ALG13	na	0.0	0.0	0.0	0.0	0.0	0.0	0.0
AMOT	na	0.0	0.0	0.0	0.0	0.0	0.0	0.0
PLS3	na	0.0	0.0	0.0	0.0	0.0	0.0	0.0
KLHL13	na	0.0	0.0	0.0	0.0	0.0	0.0	0.0
WDR44	na	0.0	0.0	0.0	0.0	0.0	0.0	0.0
DOCK11	na	0.0	0.0	0.0	0.0	0.0	0.0	0.0
IL13RA1	na	0.052449865330301375	0.07217138550667858	0.06047828167543126	0.03921274751120185	0.050653066508882745	0.07462476079416347	0.09141740374303832
PGRMC1	na	0.08089843674538034	0.13315113727911077	0.0475357916537826	0.08967839689029998	0.07552823025590309	0.1415535695644071	0.14054918084436321
SLC25A43	na	0.0	0.0	0.0	0.0	0.0	0.0	0.0
SLC25A5	na	0.1075775482305785	0.41263480291408255	9.85179064071656e-17	0.1364585281935747	0.11283695646676252	0.30069451698348465	0.24394804427684091
CXorf56	na	0.0	0.0	0.0	0.0	0.0	0.0	0.0
UBE2A	na	0.0	0.0	0.0	0.0	0.0	0.0	0.0
NKRF	na	0.0	0.0	0.0	0.0	0.0	0.0	0.0
SEPT6	na	0.0	0.0	0.0	0.0	0.0	0.0	0.0
SOWAHD	na	0.0	0.0	0.0	0.0	0.0	0.0	0.0
RPL39	na	1.9143910707385539	6.240994619802078	1.3248637759763985e-16	0.05037662296808373	1.1569080059847903	4.719909704691107	4.230554254094809
UPF3B	na	0.0	0.0	0.0	0.0	0.0	0.0	0.0
RNF113A	na	0.0	0.0	0.0	0.0	0.0	0.0	0.0
NDUFA1	na	0.20808397122060113	0.5422833797251971	0.06335066634666822	0.0967970687667279	0.15893155798157202	0.3571622078128821	0.4205356507758517
AKAP14	na	0.0	0.0	0.0	0.0	0.0	0.0	0.0
NKAP	na	0.0	0.0	0.0	0.0	0.0	0.0	0.0
ZBTB33	na	0.0	0.0	0.0	0.0	0.0	0.0	0.0
TMEM255A	na	0.0	0.0	0.0	0.0	0.0	0.0	0.0
LAMP2	na	0.06251043672764174	0.10112018749345729	0.06298356470296476	0.05594651586804562	0.06036057195679412	0.10739676016173798	0.11469385343103168
CUL4B	na	0.0	0.0	0.0	0.0	0.0	0.0	0.0
MCTS1	na	0.06520261718160526	0.10993358221038214	0.04914109248570161	0.045481548381901354	0.05502944418316608	0.09137013688114033	0.1058141751430112
C1GALT1C1	na	0.0	0.0	0.0	0.0	0.0	0.0	0.0
THOC2	na	0.0	0.0	0.0	0.0	0.0	0.0	0.0
XIAP	na	0.0	0.0	0.0	0.0	0.0	0.0	0.0
AL121601.1	na	0.0	0.0	0.0	0.0	0.0	0.0	0.0
STAG2	na	0.0	0.0	0.0	0.0	0.0	0.0	0.0
SMARCA1	na	0.0	0.0	0.0	0.0	0.0	0.0	0.0
OCRL	na	0.0	0.0	0.0	0.0	0.0	0.0	0.0
APLN	na	0.0	0.0	0.0	0.0	0.0	0.0	0.0
SASH3	na	0.0	0.0	0.0	0.0	0.0	0.0	0.0
ZDHHC9	na	0.0	0.0	0.0	0.0	0.0	0.0	0.0
UTP14A	na	0.0	0.0	0.0	0.0	0.0	0.0	0.0
BCORL1	na	0.0	0.0	0.0	0.0	0.0	0.0	0.0
ELF4	na	0.0	0.0	0.0	0.0	0.0	0.0	0.0
AIFM1	na	0.04682056985702623	0.06687195335422119	0.05426918807820483	0.046792005467789693	0.04505684621033013	0.0672429531788208	0.07185813076164753
ZNF280C	na	0.0	0.0	0.0	0.0	0.0	0.0	0.0
SLC25A14	na	0.0	0.0	0.0	0.0	0.0	0.0	0.0
RBMX2	na	0.0	0.0	0.0	0.0	0.0	0.0	0.0
ENOX2	na	0.0	0.0	0.0	0.0	0.0	0.0	0.0
FIRRE	na	0.0	0.0	0.0	0.0	0.0	0.0	0.0
STK26	na	0.0	0.0	0.0	0.0	0.0	0.0	0.0
RAP2C	na	0.0	0.0	0.0	0.0	0.0	0.0	0.0
RAP2C-AS1	na	0.0	0.0	0.0	0.0	0.0	0.0	0.0
MBNL3	na	0.0	0.0	0.0	0.0	0.0	0.0	0.0
HS6ST2	na	0.0	0.0	0.0	0.0	0.0	0.0	0.0
GPC4	na	0.0	0.0	0.0	0.0	0.0	0.0	0.0
GPC3	na	0.0	0.0	0.0	0.0	0.0	0.0	0.0
CCDC160	na	0.0	0.0	0.0	0.0	0.0	0.0	0.0
PHF6	na	0.0	0.0	0.0	0.0	0.0	0.0	0.0
HPRT1	na	0.0	0.0	0.0	0.0	0.0	0.0	0.0
FAM122B	na	0.0	0.0	0.0	0.0	0.0	0.0	0.0
FAM122C	na	0.0	0.0	0.0	0.0	0.0	0.0	0.0
MOSPD1	na	0.0	0.0	0.0	0.0	0.0	0.0	0.0
SMIM10	na	0.0	0.0	0.0	0.0	0.0	0.0	0.0
RTL8B	na	0.0	0.0	0.0	0.0	0.0	0.0	0.0
RTL8C	na	0.056662718087978785	0.10166455893709021	0.05794582986599233	0.04634883247388121	0.05373041834292035	0.06396896838554471	0.11583121817361058
RTL8A	na	0.07368467381577815	0.11836128243536544	0.04571618340835137	0.05513805050043656	0.05617481029673553	0.07808878510904627	0.11495999065048622
ZNF75D	na	0.0	0.0	0.0	0.0	0.0	0.0	0.0
ZNF449	na	0.0	0.0	0.0	0.0	0.0	0.0	0.0
INTS6L	na	0.0	0.0	0.0	0.0	0.0	0.0	0.0
MMGT1	na	0.0	0.0	0.0	0.0	0.0	0.0	0.0
SLC9A6	na	0.0	0.0	0.0	0.0	0.0	0.0	0.0
FHL1	na	0.0	0.0	0.0	0.0	0.0	0.0	0.0
MAP7D3	na	0.0	0.0	0.0	0.0	0.0	0.0	0.0
HTATSF1	na	0.06102526721448514	0.07187876519394538	0.05030890892383233	0.05939192112423825	0.050745379064720764	0.06394893806902488	0.08056583896778104
ARHGEF6	na	0.0	0.0	0.0	0.0	0.0	0.0	0.0
RBMX	na	0.07129069139681973	0.10489352207998101	0.05307884569813413	0.05269393438029633	0.058852066525800696	0.1146996270024651	0.11113919891097201
FGF13	na	0.0	0.0	0.0	0.0	0.0	0.0	0.0
ATP11C	na	0.0	0.0	0.0	0.0	0.0	0.0	0.0
LDOC1	na	0.04356335917557232	0.07613910577358324	0.05312276480922123	0.042853187146277234	0.045450535198647425	0.06657989072596408	0.0818487678657428
FMR1	na	0.0	0.0	0.0	0.0	0.0	0.0	0.0
IDS	na	0.048387878268527994	0.07153027017832546	0.043360257639800656	0.04267907965384392	0.044637651746403564	0.05716848632518696	0.07639269113007799
LINC00893	na	0.0	0.0	0.0	0.0	0.0	0.0	0.0
CXorf40A	na	0.0	0.0	0.0	0.0	0.0	0.0	0.0
TMEM185A	na	0.0	0.0	0.0	0.0	0.0	0.0	0.0
CXorf40B	na	0.0	0.0	0.0	0.0	0.0	0.0	0.0
MAMLD1	na	0.0	0.0	0.0	0.0	0.0	0.0	0.0
MTM1	na	0.0	0.0	0.0	0.0	0.0	0.0	0.0
MTMR1	na	0.0	0.0	0.0	0.0	0.0	0.0	0.0
CD99L2	na	0.0	0.0	0.0	0.0	0.0	0.0	0.0
HMGB3	na	0.059254497640206565	0.07424326730032282	0.06488848243617952	0.04845905841908799	0.05355932429070108	0.09578646002321552	0.1001223221757382
VMA21	na	0.0	0.0	0.0	0.0	0.0	0.0	0.0
PRRG3	na	0.0	0.0	0.0	0.0	0.0	0.0	0.0
MAGEA3	na	0.0	0.0	0.0	0.0	0.0	0.0	0.0
MAGEA6	na	0.0	0.0	0.0	0.0	0.0	0.0	0.0
CETN2	na	0.0513248735069997	0.11340887238457038	0.03845215375420047	0.04950798871353636	0.059115876558577286	0.10441336238469967	0.113635370592898
NSDHL	na	0.0	0.0	0.0	0.0	0.0	0.0	0.0
ZNF185	na	0.0	0.0	0.0	0.0	0.0	0.0	0.0
PNMA6A	na	0.0	0.0	0.0	0.0	0.0	0.0	0.0
MAGEA1	na	0.0	0.0	0.0	0.0	0.0	0.0	0.0
ZNF275	na	0.0	0.0	0.0	0.0	0.0	0.0	0.0
HAUS7	na	0.0	0.0	0.0	0.0	0.0	0.0	0.0
BGN	na	0.09889609977385838	0.18376608669530975	0.0675820818833252	0.025605950500829797	0.08442501480178063	0.18287387987412312	0.17774685905975973
CCNQ	na	0.0	0.0	0.0	0.0	0.0	0.0	0.0
DUSP9	na	0.0	0.0	0.0	0.0	0.0	0.0	0.0
PNCK	na	0.0	0.0	0.0	0.0	0.0	0.0	0.0
SLC6A8	na	0.06403537374094187	0.06225154294403118	0.050617183325598385	0.06112387392759887	0.049529285548739234	0.07236140777059048	0.07790288058462334
BCAP31	na	0.13744357017783324	0.21038718515883167	0.09730435118568641	0.08255680889708784	0.10471731132021468	0.20664532925802262	0.20956866194749513
ABCD1	na	0.0	0.0	0.0	0.0	0.0	0.0	0.0
SRPK3	na	0.0	0.0	0.0	0.0	0.0	0.0	0.0
IDH3G	na	0.0669702634009073	0.08843448617733923	0.07140223114172248	0.02654221650406744	0.054213826380314	0.07352912974058552	0.11638843882642898
SSR4	na	0.3084184688515386	0.7571516978574667	0.04787210416407719	0.1410218283831871	0.2079892597926773	0.5128270768040459	0.5902429108432036
PDZD4	na	0.0	0.0	0.0	0.0	0.0	0.0	0.0
L1CAM	na	0.0	0.0	0.0	0.0	0.0	0.0	0.0
ARHGAP4	na	0.0	0.0	0.0	0.0	0.0	0.0	0.0
NAA10	na	0.05840659581830425	0.10824301486862689	0.040505874969037924	0.04991595347187835	0.05470724362236024	0.09015227202720653	0.11122263965892562
HCFC1	na	0.0	0.0	0.0	0.0	0.0	0.0	0.0
TMEM187	na	0.0	0.0	0.0	0.0	0.0	0.0	0.0
IRAK1	na	0.04433566848442693	0.0575848899740345	0.05116656566413902	0.05764613842429333	0.04965448774578379	0.06405028454039137	0.08483016707939402
MECP2	na	0.0	0.0	0.0	0.0	0.0	0.0	0.0
FLNA	na	0.09042307058391115	0.23678043511738314	0.014604001127771	0.05998710621898286	0.087274111524641	0.23474873017485876	0.17339628585162226
EMD	na	0.0	0.0	0.0	0.0	0.0	0.0	0.0
RPL10	na	1.0688375568789612	3.265053953408119	4.724061565514843e-19	0.23115517194955937	0.6439572249208203	2.332322491442347	2.2602282538009786
DNASE1L1	na	0.0	0.0	0.0	0.0	0.0	0.0	0.0
TAZ	na	0.0	0.0	0.0	0.0	0.0	0.0	0.0
AC244090.1	na	0.0	0.0	0.0	0.0	0.0	0.0	0.0
ATP6AP1	na	0.11304110814813262	0.17406979851067808	0.10405122202409889	0.06409107814704985	0.09193777291642038	0.14010986276944504	0.21528050010320246
GDI1	na	0.06499159064718917	0.07254705330279189	0.06457523875210477	0.06869138734065672	0.057907216553610086	0.07001370599855	0.10989226145942432
FAM50A	na	0.05616899501849962	0.0672801015716961	0.05539122847626341	0.04970028378893283	0.049347205618426954	0.07000256163462781	0.08521937860115468
PLXNA3	na	0.05089314235217076	0.0495055292847742	0.06040252774427214	0.049475609270143876	0.04595971818234789	0.05377521137812795	0.07391260866399602
LAGE3	na	0.0565708625946863	0.10739870393430151	0.04147823512119527	0.057168216606822725	0.05402223777109457	0.08222534522182864	0.09814212413308433
UBL4A	na	0.0	0.0	0.0	0.0	0.0	0.0	0.0
SLC10A3	na	0.0	0.0	0.0	0.0	0.0	0.0	0.0
FAM3A	na	0.0	0.0	0.0	0.0	0.0	0.0	0.0
G6PD	na	0.0	0.0	0.0	0.0	0.0	0.0	0.0
IKBKG	na	0.0	0.0	0.0	0.0	0.0	0.0	0.0
GAB3	na	0.0	0.0	0.0	0.0	0.0	0.0	0.0
DKC1	na	0.0	0.0	0.0	0.0	0.0	0.0	0.0
MPP1	na	0.0	0.0	0.0	0.0	0.0	0.0	0.0
F8	na	0.0	0.0	0.0	0.0	0.0	0.0	0.0
F8A1	na	0.0	0.0	0.0	0.0	0.0	0.0	0.0
FUNDC2	na	0.06049077073006349	0.07915889371033345	0.04089469609764825	0.0533608637967503	0.04880720138040276	0.0754742632575637	0.08545096804473001
CMC4	na	0.0	0.0	0.0	0.0	0.0	0.0	0.0
BRCC3	na	0.0	0.0	0.0	0.0	0.0	0.0	0.0
VBP1	na	0.04800789441669063	0.06815706900009753	0.045366173270475055	0.04195320446910385	0.045169984721114685	0.0735924277484512	0.08529599563426409
CLIC2	na	0.0	0.0	0.0	0.0	0.0	0.0	0.0
F8A3	na	0.0	0.0	0.0	0.0	0.0	0.0	0.0
TMLHE	na	0.0	0.0	0.0	0.0	0.0	0.0	0.0
SPRY3	na	0.0	0.0	0.0	0.0	0.0	0.0	0.0
VAMP7	na	0.0	0.0	0.0	0.0	0.0	0.0	0.0
IL9R	na	0.0	0.0	0.0	0.0	0.0	0.0	0.0
FBXO25	na	0.0	0.0	0.0	0.0	0.0	0.0	0.0
TDRP	na	0.0	0.0	0.0	0.0	0.0	0.0	0.0
ERICH1	na	0.0	0.0	0.0	0.0	0.0	0.0	0.0
CLN8	na	0.0	0.0	0.0	0.0	0.0	0.0	0.0
AC100810.1	na	0.0	0.0	0.0	0.0	0.0	0.0	0.0
ARHGEF10	na	0.0	0.0	0.0	0.0	0.0	0.0	0.0
AC016065.1	na	0.0	0.0	0.0	0.0	0.0	0.0	0.0
MCPH1	na	0.0	0.0	0.0	0.0	0.0	0.0	0.0
ANGPT2	na	0.0	0.0	0.0	0.0	0.0	0.0	0.0
AGPAT5	na	0.0	0.0	0.0	0.0	0.0	0.0	0.0
PRAG1	na	0.0	0.0	0.0	0.0	0.0	0.0	0.0
AC103957.2	na	0.0	0.0	0.0	0.0	0.0	0.0	0.0
CLDN23	na	0.0	0.0	0.0	0.0	0.0	0.0	0.0
MFHAS1	na	0.0	0.0	0.0	0.0	0.0	0.0	0.0
ERI1	na	0.0	0.0	0.0	0.0	0.0	0.0	0.0
PPP1R3B	na	0.0	0.0	0.0	0.0	0.0	0.0	0.0
TNKS	na	0.0	0.0	0.0	0.0	0.0	0.0	0.0
MSRA	na	0.0	0.0	0.0	0.0	0.0	0.0	0.0
SOX7	na	0.0	0.0	0.0	0.0	0.0	0.0	0.0
PINX1	na	0.0	0.0	0.0	0.0	0.0	0.0	0.0
XKR6	na	0.0	0.0	0.0	0.0	0.0	0.0	0.0
MTMR9	na	0.0	0.0	0.0	0.0	0.0	0.0	0.0
FAM167A	na	0.0	0.0	0.0	0.0	0.0	0.0	0.0
NEIL2	na	0.0	0.0	0.0	0.0	0.0	0.0	0.0
FDFT1	na	0.04686279005639885	0.08695926476772625	0.04778530670303223	0.06156088318000735	0.05046354364751337	0.08294631427877326	0.09569734108847705
CTSB	na	0.1764086446316139	0.38386467435415744	0.04596695868414999	0.08144627612421623	0.13981832741755743	0.4496975847566595	0.3362171412075228
FAM86B1	na	0.0	0.0	0.0	0.0	0.0	0.0	0.0
LONRF1	na	0.0	0.0	0.0	0.0	0.0	0.0	0.0
DLC1	na	0.0	0.0	0.0	0.0	0.0	0.0	0.0
TUSC3	na	0.0	0.0	0.0	0.0	0.0	0.0	0.0
MSR1	na	0.0	0.0	0.0	0.0	0.0	0.0	0.0
ZDHHC2	na	0.0	0.0	0.0	0.0	0.0	0.0	0.0
CNOT7	na	0.0	0.0	0.0	0.0	0.0	0.0	0.0
VPS37A	na	0.0	0.0	0.0	0.0	0.0	0.0	0.0
SLC7A2	na	0.0	0.0	0.0	0.0	0.0	0.0	0.0
PDGFRL	na	0.0	0.0	0.0	0.0	0.0	0.0	0.0
MTUS1	na	0.0	0.0	0.0	0.0	0.0	0.0	0.0
PCM1	na	0.0	0.0	0.0	0.0	0.0	0.0	0.0
ASAH1	na	0.06309682025574576	0.11018122901666343	0.05367515724313381	0.04083496603688538	0.055681890033304086	0.08786753080161804	0.11379567569944124
NAT1	na	0.0562096850761269	0.07185870325202691	0.060301271766218335	0.04360122135618109	0.0512997113462617	0.07232592091345112	0.09998391316255052
NAT2	na	0.0	0.0	0.0	0.0	0.0	0.0	0.0
PSD3	na	0.0	0.0	0.0	0.0	0.0	0.0	0.0
SH2D4A	na	0.0	0.0	0.0	0.0	0.0	0.0	0.0
CSGALNACT1	na	0.0	0.0	0.0	0.0	0.0	0.0	0.0
INTS10	na	0.0	0.0	0.0	0.0	0.0	0.0	0.0
LPL	na	0.0	0.0	0.0	0.0	0.0	0.0	0.0
ATP6V1B2	na	0.0	0.0	0.0	0.0	0.0	0.0	0.0
LZTS1	na	0.0	0.0	0.0	0.0	0.0	0.0	0.0
DOK2	na	0.0	0.0	0.0	0.0	0.0	0.0	0.0
XPO7	na	0.0	0.0	0.0	0.0	0.0	0.0	0.0
DMTN	na	0.0	0.0	0.0	0.0	0.0	0.0	0.0
FAM160B2	na	0.0	0.0	0.0	0.0	0.0	0.0	0.0
NUDT18	na	0.0	0.0	0.0	0.0	0.0	0.0	0.0
HR	na	0.0	0.0	0.0	0.0	0.0	0.0	0.0
REEP4	na	0.0	0.0	0.0	0.0	0.0	0.0	0.0
BMP1	na	0.0	0.0	0.0	0.0	0.0	0.0	0.0
POLR3D	na	0.0	0.0	0.0	0.0	0.0	0.0	0.0
SLC39A14	na	0.0	0.0	0.0	0.0	0.0	0.0	0.0
PPP3CC	na	0.0	0.0	0.0	0.0	0.0	0.0	0.0
SORBS3	na	0.0	0.0	0.0	0.0	0.0	0.0	0.0
PDLIM2	na	0.0	0.0	0.0	0.0	0.0	0.0	0.0
C8orf58	na	0.0	0.0	0.0	0.0	0.0	0.0	0.0
CCAR2	na	0.0	0.0	0.0	0.0	0.0	0.0	0.0
BIN3	na	0.0	0.0	0.0	0.0	0.0	0.0	0.0
EGR3	na	0.0	0.0	0.0	0.0	0.0	0.0	0.0
RHOBTB2	na	0.0	0.0	0.0	0.0	0.0	0.0	0.0
TNFRSF10B	na	0.0	0.0	0.0	0.0	0.0	0.0	0.0
TNFRSF10A	na	0.0	0.0	0.0	0.0	0.0	0.0	0.0
CHMP7	na	0.0	0.0	0.0	0.0	0.0	0.0	0.0
R3HCC1	na	0.0	0.0	0.0	0.0	0.0	0.0	0.0
LOXL2	na	0.0	0.0	0.0	0.0	0.0	0.0	0.0
ENTPD4	na	0.0	0.0	0.0	0.0	0.0	0.0	0.0
SLC25A37	na	0.0	0.0	0.0	0.0	0.0	0.0	0.0
NKX3-1	na	0.0	0.0	0.0	0.0	0.0	0.0	0.0
STC1	na	0.0	0.0	0.0	0.0	0.0	0.0	0.0
ADAM28	na	0.0	0.0	0.0	0.0	0.0	0.0	0.0
ADAMDEC1	na	0.0	0.0	0.0	0.0	0.0	0.0	0.0
DOCK5	na	0.0	0.0	0.0	0.0	0.0	0.0	0.0
KCTD9	na	0.0	0.0	0.0	0.0	0.0	0.0	0.0
CDCA2	na	0.0	0.0	0.0	0.0	0.0	0.0	0.0
PPP2R2A	na	0.0	0.0	0.0	0.0	0.0	0.0	0.0
BNIP3L	na	0.0	0.0	0.0	0.0	0.0	0.0	0.0
DPYSL2	na	0.0	0.0	0.0	0.0	0.0	0.0	0.0
TRIM35	na	0.0	0.0	0.0	0.0	0.0	0.0	0.0
PTK2B	na	0.0	0.0	0.0	0.0	0.0	0.0	0.0
EPHX2	na	0.0	0.0	0.0	0.0	0.0	0.0	0.0
CLU	na	0.11405187460963868	0.17598620830482906	0.12476128178927938	0.020823347660652018	0.08673979630089841	0.11138926452522484	0.207731101117501
SCARA3	na	0.0	0.0	0.0	0.0	0.0	0.0	0.0
CCDC25	na	0.0	0.0	0.0	0.0	0.0	0.0	0.0
ESCO2	na	0.0	0.0	0.0	0.0	0.0	0.0	0.0
PBK	na	0.0	0.0	0.0	0.0	0.0	0.0	0.0
ELP3	na	0.0	0.0	0.0	0.0	0.0	0.0	0.0
ZNF395	na	0.0	0.0	0.0	0.0	0.0	0.0	0.0
FBXO16	na	0.0	0.0	0.0	0.0	0.0	0.0	0.0
FZD3	na	0.0	0.0	0.0	0.0	0.0	0.0	0.0
EXTL3	na	0.0	0.0	0.0	0.0	0.0	0.0	0.0
INTS9	na	0.0	0.0	0.0	0.0	0.0	0.0	0.0
HMBOX1	na	0.0	0.0	0.0	0.0	0.0	0.0	0.0
KIF13B	na	0.0	0.0	0.0	0.0	0.0	0.0	0.0
DUSP4	na	0.07035032547005095	0.06779214014364902	0.053166990724681513	0.0532141991778708	0.04987996026852972	0.06230317491340692	0.09466499884491973
SARAF	na	0.07849793114509708	0.1068805475078129	0.06342725042293589	0.0534996456380669	0.06493365184626543	0.10488053470324411	0.13596324564095263
LEPROTL1	na	0.0	0.0	0.0	0.0	0.0	0.0	0.0
AC026979.2	na	0.0	0.0	0.0	0.0	0.0	0.0	0.0
DCTN6	na	0.0	0.0	0.0	0.0	0.0	0.0	0.0
RBPMS	na	0.05342888652707472	0.06256886793658954	0.05367196074679234	0.046141787337177824	0.04699711623756848	0.052517710554827866	0.08957043928679581
GTF2E2	na	0.0	0.0	0.0	0.0	0.0	0.0	0.0
GSR	na	0.042597055571873106	0.056576956858917206	0.06291916179584543	0.04957585765618865	0.046208883974220814	0.05198524905078855	0.07642191054043147
UBXN8	na	0.0	0.0	0.0	0.0	0.0	0.0	0.0
PPP2CB	na	0.035911217148443135	0.07665278205662211	0.04414870782674482	0.03821405531149432	0.04390266638245021	0.049697716859142496	0.09055934316483878
WRN	na	0.0	0.0	0.0	0.0	0.0	0.0	0.0
FUT10	na	0.0	0.0	0.0	0.0	0.0	0.0	0.0
TTI2	na	0.0	0.0	0.0	0.0	0.0	0.0	0.0
MAK16	na	0.0	0.0	0.0	0.0	0.0	0.0	0.0
RNF122	na	0.0	0.0	0.0	0.0	0.0	0.0	0.0
AC124067.4	na	0.0	0.0	0.0	0.0	0.0	0.0	0.0
ZNF703	na	0.10410515288959936	0.17699154075113663	0.14712232695523153	0.056998010409391724	0.10886511501122358	0.14203218054373043	0.24591973476438958
ERLIN2	na	0.0	0.0	0.0	0.0	0.0	0.0	0.0
PLPBP	na	0.0	0.0	0.0	0.0	0.0	0.0	0.0
ADGRA2	na	0.0	0.0	0.0	0.0	0.0	0.0	0.0
BRF2	na	0.0	0.0	0.0	0.0	0.0	0.0	0.0
RAB11FIP1	na	0.05549877566187139	0.07431791287448646	0.049411140534163275	0.05117444594849574	0.0467532684753008	0.055928452846024455	0.08480228157492457
EIF4EBP1	na	0.10993627419113963	0.17801311044487622	0.0626103103900539	0.04697286603156847	0.07993207229501897	0.1392836003761709	0.1642221128210779
ASH2L	na	0.0	0.0	0.0	0.0	0.0	0.0	0.0
AC084024.3	na	0.0	0.0	0.0	0.0	0.0	0.0	0.0
LSM1	na	0.0	0.0	0.0	0.0	0.0	0.0	0.0
BAG4	na	0.0	0.0	0.0	0.0	0.0	0.0	0.0
DDHD2	na	0.0	0.0	0.0	0.0	0.0	0.0	0.0
PLPP5	na	0.0	0.0	0.0	0.0	0.0	0.0	0.0
NSD3	na	0.0	0.0	0.0	0.0	0.0	0.0	0.0
FGFR1	na	0.0	0.0	0.0	0.0	0.0	0.0	0.0
AC069120.1	na	0.0	0.0	0.0	0.0	0.0	0.0	0.0
TACC1	na	0.0	0.0	0.0	0.0	0.0	0.0	0.0
PLEKHA2	na	0.0	0.0	0.0	0.0	0.0	0.0	0.0
TM2D2	na	0.0	0.0	0.0	0.0	0.0	0.0	0.0
ADAM9	na	0.054786071809878295	0.08391172672315807	0.039875783967221884	0.046373271413490735	0.04837312621070332	0.07647561793692266	0.07498257500839733
ADAM32	na	0.0	0.0	0.0	0.0	0.0	0.0	0.0
IDO1	na	0.0	0.0	0.0	0.0	0.0	0.0	0.0
TCIM	na	0.0	0.0	0.0	0.0	0.0	0.0	0.0
GOLGA7	na	0.0	0.0	0.0	0.0	0.0	0.0	0.0
GINS4	na	0.0	0.0	0.0	0.0	0.0	0.0	0.0
GPAT4	na	0.0	0.0	0.0	0.0	0.0	0.0	0.0
KAT6A	na	0.0	0.0	0.0	0.0	0.0	0.0	0.0
AP3M2	na	0.0	0.0	0.0	0.0	0.0	0.0	0.0
PLAT	na	0.0	0.0	0.0	0.0	0.0	0.0	0.0
IKBKB	na	0.0	0.0	0.0	0.0	0.0	0.0	0.0
POLB	na	0.0	0.0	0.0	0.0	0.0	0.0	0.0
VDAC3	na	0.08135029049039094	0.11966353927089801	0.045729594915867165	0.04557910567380675	0.060239657350940466	0.11973510430627024	0.10230702298657783
SLC20A2	na	0.0	0.0	0.0	0.0	0.0	0.0	0.0
SMIM19	na	0.0	0.0	0.0	0.0	0.0	0.0	0.0
THAP1	na	0.0	0.0	0.0	0.0	0.0	0.0	0.0
RNF170	na	0.0	0.0	0.0	0.0	0.0	0.0	0.0
HOOK3	na	0.0	0.0	0.0	0.0	0.0	0.0	0.0
FNTA	na	0.060836337362366266	0.07585740196097449	0.04707399207426994	0.04270987060760923	0.04562304592283496	0.06604702053087978	0.08377513710113853
HGSNAT	na	0.0	0.0	0.0	0.0	0.0	0.0	0.0
SPIDR	na	0.0	0.0	0.0	0.0	0.0	0.0	0.0
CEBPD	na	0.07516322655651542	0.10618666636657623	0.05872251117999671	0.0314724889165814	0.06006177118061988	0.09298843000501275	0.1310350342725032
PRKDC	na	0.050857568750097705	0.08054921792133729	0.06366980003494237	0.05786562553543921	0.055332484129394226	0.06899836467013375	0.09347163210836991
MCM4	na	0.051145705530409764	0.10379492772914505	0.05401837852271507	0.03417027180477876	0.05221265170767421	0.08320666609350924	0.10049519226545782
UBE2V2	na	0.061717757550123487	0.09286805361700859	0.042108214409565935	0.050656160572430636	0.049113141634385994	0.08142681495978304	0.08333689327239113
SNAI2	na	0.0	0.0	0.0	0.0	0.0	0.0	0.0
PXDNL	na	0.0	0.0	0.0	0.0	0.0	0.0	0.0
PCMTD1	na	0.0	0.0	0.0	0.0	0.0	0.0	0.0
AC064807.1	na	0.0	0.0	0.0	0.0	0.0	0.0	0.0
RB1CC1	na	0.0	0.0	0.0	0.0	0.0	0.0	0.0
AC022034.2	na	0.0	0.0	0.0	0.0	0.0	0.0	0.0
ATP6V1H	na	0.06992036561932007	0.13320036873389693	0.049922441411567084	0.06040304668717997	0.060989415902197086	0.11936255181879857	0.12318639099288724
TCEA1	na	0.0676595564464022	0.10718773587152028	0.04830038222328061	0.0479957382050595	0.05651409979037991	0.1016965979311078	0.11274707732809787
LYPLA1	na	0.09530240069705993	0.15450381721514733	0.07756520101231111	0.04052683543581665	0.0729986265995769	0.12054039178896274	0.17269018041474418
MRPL15	na	0.0555625823706834	0.09903241380464838	0.04285476002643302	0.05906000355687072	0.050952559269864584	0.08146485576522904	0.0978042103719856
SOX17	na	0.0	0.0	0.0	0.0	0.0	0.0	0.0
TMEM68	na	0.0	0.0	0.0	0.0	0.0	0.0	0.0
TGS1	na	0.0	0.0	0.0	0.0	0.0	0.0	0.0
LYN	na	0.0	0.0	0.0	0.0	0.0	0.0	0.0
RPS20	na	0.4249649174858034	1.6712184121722315	8.064466713398354e-19	0.04362912664722572	0.2990162849100782	1.4343517008438682	0.8940033802001819
CHCHD7	na	0.0	0.0	0.0	0.0	0.0	0.0	0.0
IMPAD1	na	0.0	0.0	0.0	0.0	0.0	0.0	0.0
FAM110B	na	0.0	0.0	0.0	0.0	0.0	0.0	0.0
UBXN2B	na	0.0	0.0	0.0	0.0	0.0	0.0	0.0
SDCBP	na	0.04403287233965303	0.10279874789521733	0.029014347146192283	0.05796070889670428	0.05296365817232606	0.0915489027530972	0.09948543836463068
NSMAF	na	0.0	0.0	0.0	0.0	0.0	0.0	0.0
CA8	na	0.0	0.0	0.0	0.0	0.0	0.0	0.0
RAB2A	na	0.05818114913436723	0.15374711822814557	0.05919173358164753	0.03836873522172744	0.07074442067969848	0.13219941331901566	0.15188402536188358
CHD7	na	0.0	0.0	0.0	0.0	0.0	0.0	0.0
ASPH	na	0.04920423029615955	0.08548061967177206	0.055297114439795965	0.0492703382889698	0.05225872277006618	0.06792281694952083	0.09027570559895175
GGH	na	0.0	0.0	0.0	0.0	0.0	0.0	0.0
YTHDF3-AS1	na	0.0	0.0	0.0	0.0	0.0	0.0	0.0
YTHDF3	na	0.03484388346424849	0.06099705378707854	0.053511346882650725	0.047787571915558574	0.04390162143252905	0.0531135362465218	0.08261014734818442
AC011978.2	na	0.0	0.0	0.0	0.0	0.0	0.0	0.0
AC100814.1	na	0.0	0.0	0.0	0.0	0.0	0.0	0.0
ARMC1	na	0.0	0.0	0.0	0.0	0.0	0.0	0.0
MTFR1	na	0.0	0.0	0.0	0.0	0.0	0.0	0.0
AC055822.1	na	0.0	0.0	0.0	0.0	0.0	0.0	0.0
PDE7A	na	0.0	0.0	0.0	0.0	0.0	0.0	0.0
RRS1	na	0.0	0.0	0.0	0.0	0.0	0.0	0.0
ADHFE1	na	0.0	0.0	0.0	0.0	0.0	0.0	0.0
MYBL1	na	0.0	0.0	0.0	0.0	0.0	0.0	0.0
VCPIP1	na	0.0	0.0	0.0	0.0	0.0	0.0	0.0
SGK3	na	0.0	0.0	0.0	0.0	0.0	0.0	0.0
C8orf44	na	0.0	0.0	0.0	0.0	0.0	0.0	0.0
MCMDC2	na	0.0	0.0	0.0	0.0	0.0	0.0	0.0
COPS5	na	0.0	0.0	0.0	0.0	0.0	0.0	0.0
CSPP1	na	0.0	0.0	0.0	0.0	0.0	0.0	0.0
ARFGEF1	na	0.05425127825795003	0.06921967030802795	0.04759073790408322	0.043499620544983006	0.0432215443507115	0.05885318940075522	0.07422852289010089
CPA6	na	0.0	0.0	0.0	0.0	0.0	0.0	0.0
PREX2	na	0.0	0.0	0.0	0.0	0.0	0.0	0.0
SULF1	na	0.050899185919710335	0.12408371599664035	0.04990831668244556	0.04611308596045647	0.058062430385453695	0.12982713854168432	0.11456934199315554
NCOA2	na	0.0	0.0	0.0	0.0	0.0	0.0	0.0
TRAM1	na	0.03257969610367316	0.0899000678223439	0.053870808941870116	0.028738112877799933	0.043994205765021784	0.0733789925571589	0.087759659050988
LACTB2	na	0.0	0.0	0.0	0.0	0.0	0.0	0.0
MSC-AS1	na	0.0	0.0	0.0	0.0	0.0	0.0	0.0
MSC	na	0.0	0.0	0.0	0.0	0.0	0.0	0.0
TRPA1	na	0.0	0.0	0.0	0.0	0.0	0.0	0.0
TERF1	na	0.0	0.0	0.0	0.0	0.0	0.0	0.0
RPL7	na	0.3329401183693281	0.785772911642101	0.03506767058195443	0.07580785208926748	0.21597214995814154	0.6076767160869861	0.6777028467241227
RDH10	na	0.0	0.0	0.0	0.0	0.0	0.0	0.0
STAU2	na	0.0	0.0	0.0	0.0	0.0	0.0	0.0
UBE2W	na	0.0	0.0	0.0	0.0	0.0	0.0	0.0
ELOC	na	0.06951513421552766	0.15805625442727736	0.032327558379714454	0.055772869851673595	0.0658403363114575	0.13122225513041205	0.11864544039068024
TMEM70	na	0.0	0.0	0.0	0.0	0.0	0.0	0.0
LY96	na	0.0	0.0	0.0	0.0	0.0	0.0	0.0
JPH1	na	0.0	0.0	0.0	0.0	0.0	0.0	0.0
GDAP1	na	0.0	0.0	0.0	0.0	0.0	0.0	0.0
ZFHX4	na	0.0	0.0	0.0	0.0	0.0	0.0	0.0
PEX2	na	0.0	0.0	0.0	0.0	0.0	0.0	0.0
PKIA	na	0.0	0.0	0.0	0.0	0.0	0.0	0.0
ZC2HC1A	na	0.0	0.0	0.0	0.0	0.0	0.0	0.0
STMN2	na	0.0	0.0	0.0	0.0	0.0	0.0	0.0
HEY1	na	0.0	0.0	0.0	0.0	0.0	0.0	0.0
LINC01607	na	0.0	0.0	0.0	0.0	0.0	0.0	0.0
MRPS28	na	0.0	0.0	0.0	0.0	0.0	0.0	0.0
TPD52	na	0.09901551823955553	0.16879699714295818	0.06373761886396909	0.07458187143826259	0.08188362589991702	0.16031743807087567	0.17127765474910261
AC009812.1	na	0.0	0.0	0.0	0.0	0.0	0.0	0.0
ZBTB10	na	0.0	0.0	0.0	0.0	0.0	0.0	0.0
AC009812.4	na	0.0	0.0	0.0	0.0	0.0	0.0	0.0
ZNF704	na	0.05378886541179858	0.07038117421006879	0.06975519059158432	0.0541106305009184	0.05644968428868207	0.07319851544194116	0.0970737440590637
PAG1	na	0.0	0.0	0.0	0.0	0.0	0.0	0.0
FABP5	na	0.0	0.0	0.0	0.0	0.0	0.0	0.0
FABP4	na	0.0	0.0	0.0	0.0	0.0	0.0	0.0
IMPA1	na	0.0	0.0	0.0	0.0	0.0	0.0	0.0
ZFAND1	na	0.0	0.0	0.0	0.0	0.0	0.0	0.0
CHMP4C	na	0.0	0.0	0.0	0.0	0.0	0.0	0.0
SNX16	na	0.0	0.0	0.0	0.0	0.0	0.0	0.0
LRRCC1	na	0.06305039548823022	0.08697517414142043	0.0627445470714747	0.022210549099916876	0.055801934200065066	0.0849920764643971	0.13580336847452396
E2F5	na	0.0	0.0	0.0	0.0	0.0	0.0	0.0
C8orf59	na	0.18115562167398308	0.5692046681106199	1.0770738298194945e-17	0.09577335048631266	0.1426445079793714	0.43326367815245986	0.3784705178523108
CA13	na	0.0	0.0	0.0	0.0	0.0	0.0	0.0
CA3	na	0.0	0.0	0.0	0.0	0.0	0.0	0.0
CA2	na	0.0	0.0	0.0	0.0	0.0	0.0	0.0
AC100801.1	na	0.0	0.0	0.0	0.0	0.0	0.0	0.0
WWP1	na	0.03831131181846411	0.07541872563444336	0.04144720039625791	0.06468502030590223	0.050851389687920884	0.07739773891246045	0.0818622490094841
RMDN1	na	0.047307507453805735	0.08677989199548382	0.04755323209041466	0.049991730086266464	0.050525391899971905	0.07282721864343682	0.0969748662135778
CPNE3	na	0.07495977329497043	0.15665227065299195	0.09916389961678226	0.06501186905649568	0.08708710820483806	0.13807926261712053	0.19360886863835533
CNGB3	na	0.0	0.0	0.0	0.0	0.0	0.0	0.0
MMP16	na	0.0	0.0	0.0	0.0	0.0	0.0	0.0
AF117829.1	na	0.0	0.0	0.0	0.0	0.0	0.0	0.0
RIPK2	na	0.0	0.0	0.0	0.0	0.0	0.0	0.0
OSGIN2	na	0.056701148346766254	0.09037012959864651	0.05062555612118273	0.04240196657890594	0.049270608463267966	0.08922761467955038	0.0811615466058617
NBN	na	0.04471584478913539	0.08390453456844507	0.04811109757409893	0.036479294068329254	0.04495841372141886	0.07336077860792677	0.07916479033670819
DECR1	na	0.0	0.0	0.0	0.0	0.0	0.0	0.0
TMEM64	na	0.0	0.0	0.0	0.0	0.0	0.0	0.0
PIP4P2	na	0.0	0.0	0.0	0.0	0.0	0.0	0.0
OTUD6B-AS1	na	0.0	0.0	0.0	0.0	0.0	0.0	0.0
OTUD6B	na	0.0	0.0	0.0	0.0	0.0	0.0	0.0
TRIQK	na	0.0	0.0	0.0	0.0	0.0	0.0	0.0
FAM92A	na	0.0	0.0	0.0	0.0	0.0	0.0	0.0
AC120053.1	na	0.0	0.0	0.0	0.0	0.0	0.0	0.0
RBM12B	na	0.0	0.0	0.0	0.0	0.0	0.0	0.0
TMEM67	na	0.0	0.0	0.0	0.0	0.0	0.0	0.0
PDP1	na	0.06735760695840956	0.1649906266824435	0.07683465422325178	0.03810078790906424	0.07486886906458819	0.13897910068601835	0.17826938506153608
GEM	na	0.0	0.0	0.0	0.0	0.0	0.0	0.0
RAD54B	na	0.0	0.0	0.0	0.0	0.0	0.0	0.0
VIRMA	na	0.0	0.0	0.0	0.0	0.0	0.0	0.0
AC108860.2	na	0.0	0.0	0.0	0.0	0.0	0.0	0.0
ESRP1	na	0.060446230801057876	0.0950170801498141	0.04876091178092738	0.05562062752059775	0.05607462185006912	0.10710768611441483	0.1046411271402001
DPY19L4	na	0.0	0.0	0.0	0.0	0.0	0.0	0.0
INTS8	na	0.041113304544111696	0.08509927483754876	0.0644088267171568	0.05116053578526726	0.05579444555610054	0.09186135400338082	0.10526878235905586
CCNE2	na	0.0	0.0	0.0	0.0	0.0	0.0	0.0
AC087752.4	na	0.0	0.0	0.0	0.0	0.0	0.0	0.0
NDUFAF6	na	0.0	0.0	0.0	0.0	0.0	0.0	0.0
TP53INP1	na	0.049833676246633055	0.06366755131965517	0.05291525438067148	0.04423229738558243	0.04537373663295102	0.06834554379586132	0.06616973620569494
MIR3150BHG	na	0.0	0.0	0.0	0.0	0.0	0.0	0.0
PLEKHF2	na	0.05656679760935345	0.07520295254181458	0.04183513247295393	0.04451980584188859	0.047725329000920226	0.08223937903604459	0.08350866813472943
C8orf37	na	0.0	0.0	0.0	0.0	0.0	0.0	0.0
UQCRB	na	0.2849437197561407	0.8370451983771662	4.310420697823387e-18	0.12287580345733798	0.20660110433109302	0.6171218599079724	0.5648502585181927
MTERF3	na	0.0	0.0	0.0	0.0	0.0	0.0	0.0
PTDSS1	na	0.0	0.0	0.0	0.0	0.0	0.0	0.0
SDC2	na	0.0	0.0	0.0	0.0	0.0	0.0	0.0
CPQ	na	0.0	0.0	0.0	0.0	0.0	0.0	0.0
TSPYL5	na	0.0	0.0	0.0	0.0	0.0	0.0	0.0
MTDH	na	0.040227688729471515	0.08546859495168592	0.05718649124970991	0.04131118419209303	0.05209190020203984	0.09663706437872041	0.10811424047876635
LAPTM4B	na	0.07210353926006831	0.08515831424945512	0.058063371305966956	0.07259550796906071	0.058682383639389255	0.09272917212373752	0.0998496958435506
MATN2	na	0.0	0.0	0.0	0.0	0.0	0.0	0.0
RPL30	na	1.317033807491239	4.697016284475344	3.285561415148731e-23	6.263184785327564e-16	0.7564279851135448	3.6524101955897783	2.6919264933360347
AP003352.1	na	0.0	0.0	0.0	0.0	0.0	0.0	0.0
RIDA	na	0.0	0.0	0.0	0.0	0.0	0.0	0.0
POP1	na	0.0	0.0	0.0	0.0	0.0	0.0	0.0
NIPAL2	na	0.0	0.0	0.0	0.0	0.0	0.0	0.0
STK3	na	0.0	0.0	0.0	0.0	0.0	0.0	0.0
OSR2	na	0.0	0.0	0.0	0.0	0.0	0.0	0.0
AC104986.2	na	0.0	0.0	0.0	0.0	0.0	0.0	0.0
VPS13B	na	0.0	0.0	0.0	0.0	0.0	0.0	0.0
COX6C	na	0.3907009372275446	1.3364663609043967	1.0604281745001179e-18	0.11120727891764817	0.28461818216936285	1.0755877425965144	0.8152963278317489
POLR2K	na	0.10994961495612678	0.2607466498219617	0.007835834265490824	0.07902612236992762	0.08688831742289879	0.2096499072856844	0.1660120469983331
SPAG1	na	0.0	0.0	0.0	0.0	0.0	0.0	0.0
RNF19A	na	0.0	0.0	0.0	0.0	0.0	0.0	0.0
ANKRD46	na	0.0	0.0	0.0	0.0	0.0	0.0	0.0
PABPC1	na	0.3828935593918162	1.1424370275114428	0.06665542885704791	0.08519401886969175	0.2860021020123206	1.003303346736624	0.9037754425675224
YWHAZ	na	0.1912814536417953	0.47627636973259013	0.07958644265222532	0.1079150003670066	0.15631261117046846	0.3925054513635041	0.3988723845504687
AP003469.4	na	0.0	0.0	0.0	0.0	0.0	0.0	0.0
ZNF706	na	0.06159438059504661	0.17567070329899215	0.03218851615640559	0.06578571355849537	0.06729925065099697	0.13614384079323053	0.13343203062580208
AP001207.3	na	0.0	0.0	0.0	0.0	0.0	0.0	0.0
GRHL2	na	0.0	0.0	0.0	0.0	0.0	0.0	0.0
NCALD	na	0.0	0.0	0.0	0.0	0.0	0.0	0.0
RRM2B	na	0.0	0.0	0.0	0.0	0.0	0.0	0.0
UBR5-AS1	na	0.0	0.0	0.0	0.0	0.0	0.0	0.0
UBR5	na	0.0	0.0	0.0	0.0	0.0	0.0	0.0
KLF10	na	0.0	0.0	0.0	0.0	0.0	0.0	0.0
AZIN1	na	0.05488045022638886	0.12753450896713883	0.050500749996689694	0.046749782358882566	0.06384192851690394	0.14305059835736297	0.13510421446890833
AZIN1-AS1	na	0.0	0.0	0.0	0.0	0.0	0.0	0.0
ATP6V1C1	na	0.0	0.0	0.0	0.0	0.0	0.0	0.0
BAALC	na	0.0	0.0	0.0	0.0	0.0	0.0	0.0
FZD6	na	0.0	0.0	0.0	0.0	0.0	0.0	0.0
CTHRC1	na	0.0	0.0	0.0	0.0	0.0	0.0	0.0
SLC25A32	na	0.0	0.0	0.0	0.0	0.0	0.0	0.0
DCAF13	na	0.0	0.0	0.0	0.0	0.0	0.0	0.0
RIMS2	na	0.0	0.0	0.0	0.0	0.0	0.0	0.0
LRP12	na	0.0	0.0	0.0	0.0	0.0	0.0	0.0
ZFPM2	na	0.0	0.0	0.0	0.0	0.0	0.0	0.0
OXR1	na	0.0	0.0	0.0	0.0	0.0	0.0	0.0
ANGPT1	na	0.0	0.0	0.0	0.0	0.0	0.0	0.0
EIF3E	na	0.07564764917595132	0.16370434304923603	0.04144278637283452	0.05729154524381888	0.06777960686080144	0.12960158240814204	0.15406215264170733
EMC2	na	0.0	0.0	0.0	0.0	0.0	0.0	0.0
NUDCD1	na	0.0	0.0	0.0	0.0	0.0	0.0	0.0
ENY2	na	0.09542547086351122	0.223950672947217	0.045313269025606076	0.056699125200484216	0.07903012858858975	0.16934051361283822	0.17764822914535944
EBAG9	na	0.0	0.0	0.0	0.0	0.0	0.0	0.0
SYBU	na	0.0	0.0	0.0	0.0	0.0	0.0	0.0
TRPS1	na	0.04838877001422276	0.06921678470191821	0.048995246758993666	0.04537531942122947	0.04533808981392105	0.0616842373507267	0.07985169316921703
EIF3H	na	0.10550216706071834	0.22097041051705346	0.028734944781441615	0.08932332118611647	0.08463327398511446	0.1605323652799566	0.182328746899222
UTP23	na	0.0	0.0	0.0	0.0	0.0	0.0	0.0
RAD21	na	0.07779340487197964	0.17148103384535623	0.06364702924364661	0.049057432157619006	0.07450351685822865	0.13614571855828086	0.15932324664557584
AARD	na	0.0	0.0	0.0	0.0	0.0	0.0	0.0
SLC30A8	na	0.0	0.0	0.0	0.0	0.0	0.0	0.0
MED30	na	0.0	0.0	0.0	0.0	0.0	0.0	0.0
EXT1	na	0.0	0.0	0.0	0.0	0.0	0.0	0.0
SAMD12	na	0.0	0.0	0.0	0.0	0.0	0.0	0.0
TNFRSF11B	na	0.0	0.0	0.0	0.0	0.0	0.0	0.0
MAL2	na	0.052868717589361285	0.13933203154341417	0.05276524774439849	0.03937597014071452	0.06130624157559868	0.13070224421711535	0.12340456219827237
ENPP2	na	0.0	0.0	0.0	0.0	0.0	0.0	0.0
TAF2	na	0.0	0.0	0.0	0.0	0.0	0.0	0.0
DSCC1	na	0.0	0.0	0.0	0.0	0.0	0.0	0.0
DEPTOR	na	0.0	0.0	0.0	0.0	0.0	0.0	0.0
AC091563.1	na	0.0	0.0	0.0	0.0	0.0	0.0	0.0
COL14A1	na	0.0	0.0	0.0	0.0	0.0	0.0	0.0
MRPL13	na	0.0	0.0	0.0	0.0	0.0	0.0	0.0
MTBP	na	0.0	0.0	0.0	0.0	0.0	0.0	0.0
SNTB1	na	0.0	0.0	0.0	0.0	0.0	0.0	0.0
ZHX2	na	0.0	0.0	0.0	0.0	0.0	0.0	0.0
DERL1	na	0.0	0.0	0.0	0.0	0.0	0.0	0.0
TBC1D31	na	0.0	0.0	0.0	0.0	0.0	0.0	0.0
FAM83A	na	0.0	0.0	0.0	0.0	0.0	0.0	0.0
C8orf76	na	0.0	0.0	0.0	0.0	0.0	0.0	0.0
ZHX1-C8orf76	na	0.0	0.0	0.0	0.0	0.0	0.0	0.0
ZHX1	na	0.0	0.0	0.0	0.0	0.0	0.0	0.0
ATAD2	na	0.0	0.0	0.0	0.0	0.0	0.0	0.0
WDYHV1	na	0.0	0.0	0.0	0.0	0.0	0.0	0.0
FBXO32	na	0.0	0.0	0.0	0.0	0.0	0.0	0.0
FAM91A1	na	0.0	0.0	0.0	0.0	0.0	0.0	0.0
TMEM65	na	0.0	0.0	0.0	0.0	0.0	0.0	0.0
TRMT12	na	0.0	0.0	0.0	0.0	0.0	0.0	0.0
RNF139-AS1	na	0.0	0.0	0.0	0.0	0.0	0.0	0.0
RNF139	na	0.0	0.0	0.0	0.0	0.0	0.0	0.0
TATDN1	na	0.0	0.0	0.0	0.0	0.0	0.0	0.0
NDUFB9	na	0.11491859701183334	0.26024048870902244	0.0292076467412182	0.06973049656276194	0.08611179190009093	0.17945689852090027	0.18824870103272984
MTSS1	na	0.0	0.0	0.0	0.0	0.0	0.0	0.0
SQLE	na	0.0	0.0	0.0	0.0	0.0	0.0	0.0
WASHC5	na	0.0	0.0	0.0	0.0	0.0	0.0	0.0
NSMCE2	na	0.0	0.0	0.0	0.0	0.0	0.0	0.0
TRIB1	na	0.0	0.0	0.0	0.0	0.0	0.0	0.0
FAM84B	na	0.0	0.0	0.0	0.0	0.0	0.0	0.0
PRNCR1	na	0.0	0.0	0.0	0.0	0.0	0.0	0.0
MYC	na	0.0	0.0	0.0	0.0	0.0	0.0	0.0
PVT1	na	0.0	0.0	0.0	0.0	0.0	0.0	0.0
FAM49B	na	0.05297644984616477	0.08900399587113945	0.032408367264818216	0.04998592745044079	0.047367179363418145	0.076872331194889	0.0788955779645464
ASAP1	na	0.0	0.0	0.0	0.0	0.0	0.0	0.0
EFR3A	na	0.0	0.0	0.0	0.0	0.0	0.0	0.0
KCNQ3	na	0.0	0.0	0.0	0.0	0.0	0.0	0.0
LRRC6	na	0.0	0.0	0.0	0.0	0.0	0.0	0.0
TMEM71	na	0.0	0.0	0.0	0.0	0.0	0.0	0.0
PHF20L1	na	0.0	0.0	0.0	0.0	0.0	0.0	0.0
TG	na	0.0	0.0	0.0	0.0	0.0	0.0	0.0
SLA	na	0.0	0.0	0.0	0.0	0.0	0.0	0.0
WISP1	na	0.0	0.0	0.0	0.0	0.0	0.0	0.0
NDRG1	na	0.0	0.0	0.0	0.0	0.0	0.0	0.0
ST3GAL1	na	0.0	0.0	0.0	0.0	0.0	0.0	0.0
AC103706.1	na	0.0	0.0	0.0	0.0	0.0	0.0	0.0
ZFAT	na	0.0	0.0	0.0	0.0	0.0	0.0	0.0
AC083843.3	na	0.0	0.0	0.0	0.0	0.0	0.0	0.0
KHDRBS3	na	0.0	0.0	0.0	0.0	0.0	0.0	0.0
COL22A1	na	0.0	0.0	0.0	0.0	0.0	0.0	0.0
TRAPPC9	na	0.0	0.0	0.0	0.0	0.0	0.0	0.0
CHRAC1	na	0.0	0.0	0.0	0.0	0.0	0.0	0.0
AGO2	na	0.0	0.0	0.0	0.0	0.0	0.0	0.0
ERICD	na	0.0	0.0	0.0	0.0	0.0	0.0	0.0
PTK2	na	0.0	0.0	0.0	0.0	0.0	0.0	0.0
DENND3	na	0.0	0.0	0.0	0.0	0.0	0.0	0.0
SLC45A4	na	0.0	0.0	0.0	0.0	0.0	0.0	0.0
PTP4A3	na	0.0	0.0	0.0	0.0	0.0	0.0	0.0
TSNARE1	na	0.0	0.0	0.0	0.0	0.0	0.0	0.0
JRK	na	0.0	0.0	0.0	0.0	0.0	0.0	0.0
PSCA	na	0.0	0.0	0.0	0.0	0.0	0.0	0.0
THEM6	na	0.0	0.0	0.0	0.0	0.0	0.0	0.0
SLURP1	na	0.0	0.0	0.0	0.0	0.0	0.0	0.0
LYNX1	na	0.0	0.0	0.0	0.0	0.0	0.0	0.0
LY6E	na	0.10146657248535129	0.28055674392434055	0.0110278185246171	0.08351773386393391	0.09480485089508184	0.2575350782644876	0.21199933743717808
LY6H	na	0.0	0.0	0.0	0.0	0.0	0.0	0.0
ZFP41	na	0.0	0.0	0.0	0.0	0.0	0.0	0.0
GLI4	na	0.0	0.0	0.0	0.0	0.0	0.0	0.0
MINCR	na	0.0	0.0	0.0	0.0	0.0	0.0	0.0
ZNF696	na	0.0	0.0	0.0	0.0	0.0	0.0	0.0
TOP1MT	na	0.0	0.0	0.0	0.0	0.0	0.0	0.0
RHPN1-AS1	na	0.0	0.0	0.0	0.0	0.0	0.0	0.0
RHPN1	na	0.04242317967026349	0.05799663203457787	0.05712951930305026	0.04725781102255086	0.04861032929617893	0.06983891742678427	0.08466142317217475
MAFA	na	0.0	0.0	0.0	0.0	0.0	0.0	0.0
ZC3H3	na	0.0	0.0	0.0	0.0	0.0	0.0	0.0
GSDMD	na	0.0	0.0	0.0	0.0	0.0	0.0	0.0
MROH6	na	0.0	0.0	0.0	0.0	0.0	0.0	0.0
NAPRT	na	0.0	0.0	0.0	0.0	0.0	0.0	0.0
EEF1D	na	0.13809758291376065	0.310539186632385	0.07472527505014398	0.07500457389971005	0.10886432164601798	0.2344979343450908	0.2486660423565438
TIGD5	na	0.0	0.0	0.0	0.0	0.0	0.0	0.0
PYCR3	na	0.0	0.0	0.0	0.0	0.0	0.0	0.0
TSTA3	na	0.0505814752183753	0.08534786801237809	0.04228987826697716	0.045644048602778944	0.04643512057724385	0.071823757158204	0.08082203502900677
ZNF623	na	0.0	0.0	0.0	0.0	0.0	0.0	0.0
ZNF707	na	0.0	0.0	0.0	0.0	0.0	0.0	0.0
MAPK15	na	0.0	0.0	0.0	0.0	0.0	0.0	0.0
FAM83H	na	0.04401280833912808	0.06825280062542835	0.04662944244214618	0.04631241724570948	0.047839113842605786	0.067175389948877	0.08513142984655098
IQANK1	na	0.0	0.0	0.0	0.0	0.0	0.0	0.0
SCRIB	na	0.0	0.0	0.0	0.0	0.0	0.0	0.0
PUF60	na	0.05933164667220432	0.09784635368617862	0.048023930731433795	0.035374039786524765	0.052582703013700015	0.09822928710173166	0.10480906304610134
NRBP2	na	0.0	0.0	0.0	0.0	0.0	0.0	0.0
EPPK1	na	0.0	0.0	0.0	0.0	0.0	0.0	0.0
PLEC	na	0.0532775845876459	0.10026531180871287	0.05295193514416532	0.04859519289157077	0.05851232237271347	0.10378813759851081	0.11433729863769024
PARP10	na	0.0	0.0	0.0	0.0	0.0	0.0	0.0
GRINA	na	0.07556335549924732	0.1493339110198069	0.061249733805551085	0.07107188464021034	0.07306924841121007	0.1299019932797747	0.1470145255047049
OPLAH	na	0.0	0.0	0.0	0.0	0.0	0.0	0.0
AC109322.1	na	0.0	0.0	0.0	0.0	0.0	0.0	0.0
EXOSC4	na	0.0	0.0	0.0	0.0	0.0	0.0	0.0
GPAA1	na	0.05070256669973274	0.07335194281447423	0.04427681130158366	0.05305592026897701	0.04803951028671089	0.06115464545217003	0.08290141824135613
CYC1	na	0.07346029308152864	0.12769931866197343	0.05502638090594969	0.03614586313667597	0.05584592578529665	0.09876179191268433	0.12042689418684738
SHARPIN	na	0.0	0.0	0.0	0.0	0.0	0.0	0.0
MAF1	na	0.046351445829699314	0.0795860205662546	0.04510551048006021	0.044089255056713184	0.047469922320270044	0.07070252956089097	0.09245745756585579
WDR97	na	0.0	0.0	0.0	0.0	0.0	0.0	0.0
HGH1	na	0.0	0.0	0.0	0.0	0.0	0.0	0.0
MROH1	na	0.0	0.0	0.0	0.0	0.0	0.0	0.0
BOP1	na	0.0	0.0	0.0	0.0	0.0	0.0	0.0
SCX	na	0.0	0.0	0.0	0.0	0.0	0.0	0.0
HSF1	na	0.04708677029636216	0.07031354637353224	0.04286364294108291	0.043153174372508936	0.045079993911707646	0.05973638632621205	0.08562595405719074
DGAT1	na	0.0	0.0	0.0	0.0	0.0	0.0	0.0
SLC52A2	na	0.04121658436671758	0.06261197748074687	0.04355224665131535	0.04542573007635254	0.04688867873800952	0.07377062231934256	0.0916338847032977
FBXL6	na	0.0	0.0	0.0	0.0	0.0	0.0	0.0
ADCK5	na	0.0	0.0	0.0	0.0	0.0	0.0	0.0
CPSF1	na	0.0	0.0	0.0	0.0	0.0	0.0	0.0
SLC39A4	na	0.0	0.0	0.0	0.0	0.0	0.0	0.0
VPS28	na	0.10626627810710589	0.17763168128494275	0.05799688435163108	0.04515060006419857	0.07508247812432642	0.13677232040700588	0.18291501333242444
TONSL	na	0.0	0.0	0.0	0.0	0.0	0.0	0.0
CYHR1	na	0.03869031752393512	0.059986339426596834	0.05083931013796115	0.04682017762655879	0.0424621786485824	0.0484299429563769	0.07848910609216744
KIFC2	na	0.0	0.0	0.0	0.0	0.0	0.0	0.0
PPP1R16A	na	0.054683446149507715	0.05657242281183753	0.045217286958315124	0.0525920032679132	0.048746972082309104	0.06303420410743851	0.07651909644081537
GPT	na	0.0	0.0	0.0	0.0	0.0	0.0	0.0
MFSD3	na	0.0	0.0	0.0	0.0	0.0	0.0	0.0
RECQL4	na	0.0	0.0	0.0	0.0	0.0	0.0	0.0
LRRC14	na	0.0	0.0	0.0	0.0	0.0	0.0	0.0
LRRC24	na	0.0	0.0	0.0	0.0	0.0	0.0	0.0
C8orf82	na	0.0	0.0	0.0	0.0	0.0	0.0	0.0
ARHGAP39	na	0.0	0.0	0.0	0.0	0.0	0.0	0.0
ZNF251	na	0.0	0.0	0.0	0.0	0.0	0.0	0.0
ZNF34	na	0.0	0.0	0.0	0.0	0.0	0.0	0.0
RPL8	na	0.7509787121353986	2.02109271245838	0.048763104369745555	0.20443651591642156	0.477021179527092	1.511201710360561	1.5276698085138516
ZNF517	na	0.0	0.0	0.0	0.0	0.0	0.0	0.0
ZNF7	na	0.0	0.0	0.0	0.0	0.0	0.0	0.0
COMMD5	na	0.0	0.0	0.0	0.0	0.0	0.0	0.0
ZNF250	na	0.0	0.0	0.0	0.0	0.0	0.0	0.0
ZNF16	na	0.0	0.0	0.0	0.0	0.0	0.0	0.0
C8orf33	na	0.0	0.0	0.0	0.0	0.0	0.0	0.0
WASHC1	na	0.0	0.0	0.0	0.0	0.0	0.0	0.0
CBWD1	na	0.0	0.0	0.0	0.0	0.0	0.0	0.0
C9orf66	na	0.0	0.0	0.0	0.0	0.0	0.0	0.0
DOCK8	na	0.0	0.0	0.0	0.0	0.0	0.0	0.0
KANK1	na	0.0	0.0	0.0	0.0	0.0	0.0	0.0
SMARCA2	na	0.056453623890541066	0.08436213299952651	0.061259050324270356	0.03406476373648694	0.04892016608740356	0.07428178279552107	0.08937501944931701
VLDLR-AS1	na	0.0	0.0	0.0	0.0	0.0	0.0	0.0
VLDLR	na	0.0	0.0	0.0	0.0	0.0	0.0	0.0
PUM3	na	0.0	0.0	0.0	0.0	0.0	0.0	0.0
RFX3	na	0.0	0.0	0.0	0.0	0.0	0.0	0.0
GLIS3	na	0.0	0.0	0.0	0.0	0.0	0.0	0.0
SLC1A1	na	0.0	0.0	0.0	0.0	0.0	0.0	0.0
SPATA6L	na	0.0	0.0	0.0	0.0	0.0	0.0	0.0
PLPP6	na	0.0	0.0	0.0	0.0	0.0	0.0	0.0
CDC37L1-DT	na	0.0	0.0	0.0	0.0	0.0	0.0	0.0
CDC37L1	na	0.0	0.0	0.0	0.0	0.0	0.0	0.0
AK3	na	0.0	0.0	0.0	0.0	0.0	0.0	0.0
RCL1	na	0.0	0.0	0.0	0.0	0.0	0.0	0.0
JAK2	na	0.0	0.0	0.0	0.0	0.0	0.0	0.0
PLGRKT	na	0.06730977207976563	0.12695360161924263	0.03958720013572921	0.05118507152735472	0.05426604804792632	0.09596204840459356	0.08932550868026094
CD274	na	0.0	0.0	0.0	0.0	0.0	0.0	0.0
PDCD1LG2	na	0.0	0.0	0.0	0.0	0.0	0.0	0.0
RIC1	na	0.0	0.0	0.0	0.0	0.0	0.0	0.0
ERMP1	na	0.0	0.0	0.0	0.0	0.0	0.0	0.0
KIAA2026	na	0.0	0.0	0.0	0.0	0.0	0.0	0.0
RANBP6	na	0.0	0.0	0.0	0.0	0.0	0.0	0.0
IL33	na	0.0	0.0	0.0	0.0	0.0	0.0	0.0
UHRF2	na	0.0	0.0	0.0	0.0	0.0	0.0	0.0
AL354707.1	na	0.0	0.0	0.0	0.0	0.0	0.0	0.0
KDM4C	na	0.0	0.0	0.0	0.0	0.0	0.0	0.0
DMAC1	na	0.055965577259722225	0.12191269288967252	0.04266990029842375	0.05842924363220319	0.05814109060573935	0.09897643082234686	0.11661085120486657
PTPRD	na	0.0	0.0	0.0	0.0	0.0	0.0	0.0
AL162413.1	na	0.0	0.0	0.0	0.0	0.0	0.0	0.0
TYRP1	na	0.0	0.0	0.0	0.0	0.0	0.0	0.0
LURAP1L	na	0.0	0.0	0.0	0.0	0.0	0.0	0.0
MPDZ	na	0.0	0.0	0.0	0.0	0.0	0.0	0.0
NFIB	na	0.04621979840973677	0.07749541723691915	0.053206230731717825	0.033840883949960605	0.04860877221613431	0.0683010878552666	0.09310015226159253
AL159169.2	na	0.0	0.0	0.0	0.0	0.0	0.0	0.0
ZDHHC21	na	0.0	0.0	0.0	0.0	0.0	0.0	0.0
TTC39B	na	0.0	0.0	0.0	0.0	0.0	0.0	0.0
SNAPC3	na	0.0	0.0	0.0	0.0	0.0	0.0	0.0
PSIP1	na	0.0	0.0	0.0	0.0	0.0	0.0	0.0
CCDC171	na	0.0	0.0	0.0	0.0	0.0	0.0	0.0
BNC2	na	0.0	0.0	0.0	0.0	0.0	0.0	0.0
CNTLN	na	0.0	0.0	0.0	0.0	0.0	0.0	0.0
ADAMTSL1	na	0.0	0.0	0.0	0.0	0.0	0.0	0.0
RRAGA	na	0.046266352997728806	0.07844093886907755	0.04065925058111179	0.0462075907819912	0.046011809570649174	0.05038402463042041	0.09589427861847162
HAUS6	na	0.0	0.0	0.0	0.0	0.0	0.0	0.0
PLIN2	na	0.0	0.0	0.0	0.0	0.0	0.0	0.0
DENND4C	na	0.0	0.0	0.0	0.0	0.0	0.0	0.0
AL391834.2	na	0.0	0.0	0.0	0.0	0.0	0.0	0.0
RPS6	na	1.0986749087524745	2.4150018690968986	0.1853273761594152	1.0244130284145796e-15	0.5675423731480804	1.6991938890156497	2.127404575225392
MLLT3	na	0.0	0.0	0.0	0.0	0.0	0.0	0.0
FOCAD	na	0.0	0.0	0.0	0.0	0.0	0.0	0.0
HACD4	na	0.0	0.0	0.0	0.0	0.0	0.0	0.0
KLHL9	na	0.0	0.0	0.0	0.0	0.0	0.0	0.0
MTAP	na	0.0	0.0	0.0	0.0	0.0	0.0	0.0
CDKN2A	na	0.0	0.0	0.0	0.0	0.0	0.0	0.0
CDKN2B-AS1	na	0.0	0.0	0.0	0.0	0.0	0.0	0.0
CDKN2B	na	0.0	0.0	0.0	0.0	0.0	0.0	0.0
LINC01239	na	0.0	0.0	0.0	0.0	0.0	0.0	0.0
ELAVL2	na	0.0	0.0	0.0	0.0	0.0	0.0	0.0
TUSC1	na	0.0	0.0	0.0	0.0	0.0	0.0	0.0
CAAP1	na	0.0	0.0	0.0	0.0	0.0	0.0	0.0
PLAA	na	0.0	0.0	0.0	0.0	0.0	0.0	0.0
IFT74	na	0.0	0.0	0.0	0.0	0.0	0.0	0.0
TEK	na	0.0	0.0	0.0	0.0	0.0	0.0	0.0
C9orf72	na	0.0	0.0	0.0	0.0	0.0	0.0	0.0
ACO1	na	0.0	0.0	0.0	0.0	0.0	0.0	0.0
DDX58	na	0.0	0.0	0.0	0.0	0.0	0.0	0.0
TOPORS	na	0.0	0.0	0.0	0.0	0.0	0.0	0.0
SMIM27	na	0.0	0.0	0.0	0.0	0.0	0.0	0.0
NDUFB6	na	0.08000065238527938	0.19987439772108936	0.03723928478552333	0.07485442937470117	0.07156088148180273	0.12333915586342686	0.163139982559031
APTX	na	0.0	0.0	0.0	0.0	0.0	0.0	0.0
DNAJA1	na	0.11288293997363429	0.20387290430398036	0.07889744547165461	0.047816067395780065	0.0883246964194871	0.2017816788256752	0.18779105900653595
SMU1	na	0.0	0.0	0.0	0.0	0.0	0.0	0.0
B4GALT1	na	0.04741213190812528	0.05846956574188582	0.06693014547584566	0.05332611535224626	0.05537814434595608	0.07251149131477135	0.0994315428936967
B4GALT1-AS1	na	0.0	0.0	0.0	0.0	0.0	0.0	0.0
BAG1	na	0.05147972644100723	0.06698998743113344	0.050200500267824605	0.05085177050109608	0.048314804455093764	0.04192262630013987	0.08653578458206976
CHMP5	na	0.05702654206430368	0.09854593536575101	0.056738058640730754	0.054061085212218855	0.05751872308876524	0.0886308662140643	0.1198537224420759
NFX1	na	0.0	0.0	0.0	0.0	0.0	0.0	0.0
AQP3	na	0.0	0.0	0.0	0.0	0.0	0.0	0.0
NOL6	na	0.0	0.0	0.0	0.0	0.0	0.0	0.0
UBE2R2	na	0.05014273916209914	0.07262465454841677	0.05783534404555414	0.0512932644324787	0.053943337788396856	0.06966230645569474	0.10546858094491021
UBAP2	na	0.0	0.0	0.0	0.0	0.0	0.0	0.0
DCAF12	na	0.0	0.0	0.0	0.0	0.0	0.0	0.0
UBAP1	na	0.0	0.0	0.0	0.0	0.0	0.0	0.0
KIF24	na	0.0	0.0	0.0	0.0	0.0	0.0	0.0
NUDT2	na	0.0	0.0	0.0	0.0	0.0	0.0	0.0
MYORG	na	0.0	0.0	0.0	0.0	0.0	0.0	0.0
FAM219A	na	0.0	0.0	0.0	0.0	0.0	0.0	0.0
DNAI1	na	0.0	0.0	0.0	0.0	0.0	0.0	0.0
ENHO	na	0.0	0.0	0.0	0.0	0.0	0.0	0.0
RPP25L	na	0.0	0.0	0.0	0.0	0.0	0.0	0.0
DCTN3	na	0.06610879264136471	0.09694493443252167	0.044432175312024785	0.055420154860009486	0.05095014431566263	0.06479887042926848	0.08987287195830823
SIGMAR1	na	0.0	0.0	0.0	0.0	0.0	0.0	0.0
GALT	na	0.0	0.0	0.0	0.0	0.0	0.0	0.0
IL11RA	na	0.0	0.0	0.0	0.0	0.0	0.0	0.0
AL162231.1	na	0.0	0.0	0.0	0.0	0.0	0.0	0.0
DNAJB5	na	0.0	0.0	0.0	0.0	0.0	0.0	0.0
VCP	na	0.10229453734866463	0.1659841830351719	0.11754571053090963	0.08307754109528137	0.09932338874984604	0.1617171042970118	0.2092898131534255
FANCG	na	0.0	0.0	0.0	0.0	0.0	0.0	0.0
PIGO	na	0.0	0.0	0.0	0.0	0.0	0.0	0.0
STOML2	na	0.0	0.0	0.0	0.0	0.0	0.0	0.0
FAM214B	na	0.0	0.0	0.0	0.0	0.0	0.0	0.0
UNC13B	na	0.0	0.0	0.0	0.0	0.0	0.0	0.0
RUSC2	na	0.0	0.0	0.0	0.0	0.0	0.0	0.0
TESK1	na	0.05377533907889176	0.04769433027857002	0.05136046091342062	0.04435257746385813	0.043902891521578745	0.05228858865767773	0.07903200615719412
CD72	na	0.0	0.0	0.0	0.0	0.0	0.0	0.0
SIT1	na	0.0	0.0	0.0	0.0	0.0	0.0	0.0
RMRP	na	0.0	0.0	0.0	0.0	0.0	0.0	0.0
CCDC107	na	0.0	0.0	0.0	0.0	0.0	0.0	0.0
ARHGEF39	na	0.0	0.0	0.0	0.0	0.0	0.0	0.0
TPM2	na	0.06549827849930662	0.14551343450750553	0.048051018841364514	0.021969651537128765	0.06503605903776191	0.13660423517084352	0.11771474245657335
TLN1	na	0.052889917936899615	0.05522118264771708	0.04345398349891367	0.05364106404532125	0.047814102570037396	0.065090693618905	0.08542433231202361
CREB3	na	0.0	0.0	0.0	0.0	0.0	0.0	0.0
GBA2	na	0.0	0.0	0.0	0.0	0.0	0.0	0.0
RGP1	na	0.0	0.0	0.0	0.0	0.0	0.0	0.0
NPR2	na	0.0	0.0	0.0	0.0	0.0	0.0	0.0
HINT2	na	0.05114700591873134	0.08562853831250739	0.039162255745779466	0.05125599508376014	0.048102285396697884	0.07027908804117028	0.08485435047754476
TMEM8B	na	0.07453313874302282	0.04593434850872489	0.07636429844700858	0.057940449922245216	0.05996099534392624	0.042321014609860916	0.09025356757610732
FAM221B	na	0.0	0.0	0.0	0.0	0.0	0.0	0.0
HRCT1	na	0.0	0.0	0.0	0.0	0.0	0.0	0.0
RECK	na	0.0	0.0	0.0	0.0	0.0	0.0	0.0
GLIPR2	na	0.0	0.0	0.0	0.0	0.0	0.0	0.0
CLTA	na	0.11050805481316026	0.18392137566328542	0.06494601352984092	0.07027325406053923	0.08559220140503117	0.1919974776792383	0.19800292516535933
GNE	na	0.0	0.0	0.0	0.0	0.0	0.0	0.0
RNF38	na	0.0	0.0	0.0	0.0	0.0	0.0	0.0
MELK	na	0.0	0.0	0.0	0.0	0.0	0.0	0.0
EBLN3P	na	0.06276074545074478	0.0677019244380626	0.05558600768422642	0.03901769658455253	0.04504470688731648	0.056825416457504226	0.08148702768577934
ZCCHC7	na	0.0	0.0	0.0	0.0	0.0	0.0	0.0
GRHPR	na	0.05758844004340056	0.09212666496616902	0.04706973251047557	0.05229832631785131	0.0524361095811183	0.07116548232528896	0.09350691724811339
ZBTB5	na	0.0	0.0	0.0	0.0	0.0	0.0	0.0
POLR1E	na	0.0	0.0	0.0	0.0	0.0	0.0	0.0
FBXO10	na	0.0	0.0	0.0	0.0	0.0	0.0	0.0
TOMM5	na	0.06042371032539176	0.12160574014772564	0.04645485399968335	0.054914302666300915	0.055827020094610186	0.08125375314714135	0.09955614282693281
TRMT10B	na	0.0	0.0	0.0	0.0	0.0	0.0	0.0
EXOSC3	na	0.0	0.0	0.0	0.0	0.0	0.0	0.0
DCAF10	na	0.0	0.0	0.0	0.0	0.0	0.0	0.0
SLC25A51	na	0.0	0.0	0.0	0.0	0.0	0.0	0.0
SHB	na	0.0	0.0	0.0	0.0	0.0	0.0	0.0
ALDH1B1	na	0.0	0.0	0.0	0.0	0.0	0.0	0.0
FAM95C	na	0.0	0.0	0.0	0.0	0.0	0.0	0.0
ANKRD18A	na	0.0	0.0	0.0	0.0	0.0	0.0	0.0
FAM201A	na	0.0	0.0	0.0	0.0	0.0	0.0	0.0
GLIDR	na	0.0	0.0	0.0	0.0	0.0	0.0	0.0
FAM95B1	na	0.0	0.0	0.0	0.0	0.0	0.0	0.0
CBWD6	na	0.0	0.0	0.0	0.0	0.0	0.0	0.0
FAM27C	na	0.0	0.0	0.0	0.0	0.0	0.0	0.0
AL512625.1	na	0.0	0.0	0.0	0.0	0.0	0.0	0.0
CBWD5	na	0.0	0.0	0.0	0.0	0.0	0.0	0.0
ZNF658	na	0.0	0.0	0.0	0.0	0.0	0.0	0.0
CBWD3	na	0.0	0.0	0.0	0.0	0.0	0.0	0.0
PIP5K1B	na	0.0	0.0	0.0	0.0	0.0	0.0	0.0
FAM122A	na	0.0	0.0	0.0	0.0	0.0	0.0	0.0
FXN	na	0.0	0.0	0.0	0.0	0.0	0.0	0.0
TJP2	na	0.0	0.0	0.0	0.0	0.0	0.0	0.0
PTAR1	na	0.0	0.0	0.0	0.0	0.0	0.0	0.0
SMC5	na	0.0	0.0	0.0	0.0	0.0	0.0	0.0
KLF9	na	0.0	0.0	0.0	0.0	0.0	0.0	0.0
CEMIP2	na	0.0	0.0	0.0	0.0	0.0	0.0	0.0
ABHD17B	na	0.0	0.0	0.0	0.0	0.0	0.0	0.0
C9orf85	na	0.0	0.0	0.0	0.0	0.0	0.0	0.0
ZFAND5	na	0.05403105888025215	0.12109760571711344	0.036161584230540555	0.06023263019691416	0.058742108957837304	0.11178211038548232	0.11409368898500527
ALDH1A1	na	0.0	0.0	0.0	0.0	0.0	0.0	0.0
ANXA1	na	0.0	0.0	0.0	0.0	0.0	0.0	0.0
C9orf40	na	0.0	0.0	0.0	0.0	0.0	0.0	0.0
CARNMT1	na	0.0	0.0	0.0	0.0	0.0	0.0	0.0
NMRK1	na	0.0	0.0	0.0	0.0	0.0	0.0	0.0
OSTF1	na	0.0	0.0	0.0	0.0	0.0	0.0	0.0
PCSK5	na	0.0	0.0	0.0	0.0	0.0	0.0	0.0
RFK	na	0.0	0.0	0.0	0.0	0.0	0.0	0.0
GCNT1	na	0.0	0.0	0.0	0.0	0.0	0.0	0.0
PRUNE2	na	0.0	0.0	0.0	0.0	0.0	0.0	0.0
VPS13A	na	0.0	0.0	0.0	0.0	0.0	0.0	0.0
GNA14	na	0.0	0.0	0.0	0.0	0.0	0.0	0.0
GNAQ	na	0.04706770423142732	0.07729456489995652	0.05012273508083303	0.03874434318710735	0.045808161032184526	0.0755091579186746	0.0801346338903245
CEP78	na	0.0	0.0	0.0	0.0	0.0	0.0	0.0
PSAT1	na	0.0	0.0	0.0	0.0	0.0	0.0	0.0
TLE4	na	0.0	0.0	0.0	0.0	0.0	0.0	0.0
TLE1	na	0.06406058446731043	0.1063908438635503	0.049200161207068466	0.05836604233183065	0.054066811071225386	0.09706313015786698	0.10902711934876226
RASEF	na	0.0	0.0	0.0	0.0	0.0	0.0	0.0
IDNK	na	0.0	0.0	0.0	0.0	0.0	0.0	0.0
UBQLN1	na	0.05974991396947556	0.07830971884209834	0.045782382612870626	0.05526709242169619	0.04996983144913491	0.08118470535727842	0.09092869216084892
GKAP1	na	0.0	0.0	0.0	0.0	0.0	0.0	0.0
KIF27	na	0.0	0.0	0.0	0.0	0.0	0.0	0.0
C9orf64	na	0.0	0.0	0.0	0.0	0.0	0.0	0.0
HNRNPK	na	0.2035824530229925	0.41255692295328233	0.14972147145199555	0.10290491611694565	0.1688991883997002	0.36729490520354974	0.3987481899135583
RMI1	na	0.0	0.0	0.0	0.0	0.0	0.0	0.0
SLC28A3	na	0.0	0.0	0.0	0.0	0.0	0.0	0.0
NTRK2	na	0.0	0.0	0.0	0.0	0.0	0.0	0.0
AGTPBP1	na	0.0	0.0	0.0	0.0	0.0	0.0	0.0
NAA35	na	0.0	0.0	0.0	0.0	0.0	0.0	0.0
GOLM1	na	0.0	0.0	0.0	0.0	0.0	0.0	0.0
ISCA1	na	0.0	0.0	0.0	0.0	0.0	0.0	0.0
TUT7	na	0.0	0.0	0.0	0.0	0.0	0.0	0.0
GAS1	na	0.0	0.0	0.0	0.0	0.0	0.0	0.0
DAPK1	na	0.0	0.0	0.0	0.0	0.0	0.0	0.0
CTSL	na	0.05063141540656322	0.10643370666529993	0.04676586926343888	0.04777446839054789	0.05565897575612803	0.1311332662244067	0.11285647836305564
CDK20	na	0.0	0.0	0.0	0.0	0.0	0.0	0.0
SPIN1	na	0.0	0.0	0.0	0.0	0.0	0.0	0.0
C9orf47	na	0.0	0.0	0.0	0.0	0.0	0.0	0.0
S1PR3	na	0.0	0.0	0.0	0.0	0.0	0.0	0.0
SHC3	na	0.0	0.0	0.0	0.0	0.0	0.0	0.0
CKS2	na	0.07474657740116498	0.1790120650719049	0.030324852687280766	0.07645132416208116	0.06696544184242552	0.1297090297545507	0.12508585445085657
SECISBP2	na	0.0	0.0	0.0	0.0	0.0	0.0	0.0
SEMA4D	na	0.0	0.0	0.0	0.0	0.0	0.0	0.0
GADD45G	na	0.0	0.0	0.0	0.0	0.0	0.0	0.0
AL606807.1	na	0.0	0.0	0.0	0.0	0.0	0.0	0.0
LINC01508	na	0.0	0.0	0.0	0.0	0.0	0.0	0.0
SYK	na	0.0	0.0	0.0	0.0	0.0	0.0	0.0
AUH	na	0.0	0.0	0.0	0.0	0.0	0.0	0.0
NFIL3	na	0.0	0.0	0.0	0.0	0.0	0.0	0.0
ROR2	na	0.0	0.0	0.0	0.0	0.0	0.0	0.0
SPTLC1	na	0.0	0.0	0.0	0.0	0.0	0.0	0.0
IARS	na	0.04718541796927387	0.06950580606481156	0.04133870950479627	0.05299725846765716	0.047500158639282995	0.06515098453522801	0.07626972404662724
NOL8	na	0.0	0.0	0.0	0.0	0.0	0.0	0.0
CENPP	na	0.0	0.0	0.0	0.0	0.0	0.0	0.0
OGN	na	0.0	0.0	0.0	0.0	0.0	0.0	0.0
OMD	na	0.0	0.0	0.0	0.0	0.0	0.0	0.0
ASPN	na	0.0	0.0	0.0	0.0	0.0	0.0	0.0
ECM2	na	0.0	0.0	0.0	0.0	0.0	0.0	0.0
IPPK	na	0.0	0.0	0.0	0.0	0.0	0.0	0.0
BICD2	na	0.0	0.0	0.0	0.0	0.0	0.0	0.0
FGD3	na	0.0	0.0	0.0	0.0	0.0	0.0	0.0
SUSD3	na	0.0	0.0	0.0	0.0	0.0	0.0	0.0
CARD19	na	0.0	0.0	0.0	0.0	0.0	0.0	0.0
NINJ1	na	0.080796928783779	0.14294846738227104	0.0444893855693163	0.05951449810127224	0.06722682093246023	0.11689086926459684	0.13975903035976703
WNK2	na	0.0	0.0	0.0	0.0	0.0	0.0	0.0
FAM120AOS	na	0.0	0.0	0.0	0.0	0.0	0.0	0.0
FAM120A	na	0.04770064073703004	0.09034946629503524	0.04320402521712661	0.06021921442743358	0.054246240783957754	0.10006432599440916	0.09350775092814591
PHF2	na	0.0	0.0	0.0	0.0	0.0	0.0	0.0
PTPDC1	na	0.0	0.0	0.0	0.0	0.0	0.0	0.0
MFSD14B	na	0.0	0.0	0.0	0.0	0.0	0.0	0.0
PCAT7	na	0.0	0.0	0.0	0.0	0.0	0.0	0.0
FBP1	na	0.06978578149594843	0.08379274865023066	0.03905042513897709	0.06167045380531864	0.05428397652911743	0.09613102448540867	0.08559529251871058
C9orf3	na	0.0	0.0	0.0	0.0	0.0	0.0	0.0
FANCC	na	0.0	0.0	0.0	0.0	0.0	0.0	0.0
PTCH1	na	0.0	0.0	0.0	0.0	0.0	0.0	0.0
LINC00476	na	0.0	0.0	0.0	0.0	0.0	0.0	0.0
ERCC6L2	na	0.0	0.0	0.0	0.0	0.0	0.0	0.0
SLC35D2	na	0.0	0.0	0.0	0.0	0.0	0.0	0.0
ZNF367	na	0.0	0.0	0.0	0.0	0.0	0.0	0.0
HABP4	na	0.0	0.0	0.0	0.0	0.0	0.0	0.0
CDC14B	na	0.0	0.0	0.0	0.0	0.0	0.0	0.0
AAED1	na	0.0	0.0	0.0	0.0	0.0	0.0	0.0
ZNF510	na	0.0	0.0	0.0	0.0	0.0	0.0	0.0
ZNF782	na	0.0	0.0	0.0	0.0	0.0	0.0	0.0
MFSD14C	na	0.0	0.0	0.0	0.0	0.0	0.0	0.0
CTSV	na	0.0	0.0	0.0	0.0	0.0	0.0	0.0
CCDC180	na	0.0	0.0	0.0	0.0	0.0	0.0	0.0
TDRD7	na	0.0	0.0	0.0	0.0	0.0	0.0	0.0
TMOD1	na	0.0	0.0	0.0	0.0	0.0	0.0	0.0
TSTD2	na	0.0	0.0	0.0	0.0	0.0	0.0	0.0
NCBP1	na	0.0	0.0	0.0	0.0	0.0	0.0	0.0
XPA	na	0.0	0.0	0.0	0.0	0.0	0.0	0.0
TRMO	na	0.0	0.0	0.0	0.0	0.0	0.0	0.0
ANP32B	na	0.07432445021695087	0.12199410325416049	0.06589552140089842	0.0524482139257463	0.06479309213307356	0.11302298827287172	0.12238907966372213
NANS	na	0.06012141533984466	0.09185449637930154	0.045791904392256465	0.0491110986269032	0.053300897053099254	0.09282327153111734	0.09647395870215515
TRIM14	na	0.0	0.0	0.0	0.0	0.0	0.0	0.0
CORO2A	na	0.0	0.0	0.0	0.0	0.0	0.0	0.0
TBC1D2	na	0.0	0.0	0.0	0.0	0.0	0.0	0.0
ANKS6	na	0.0	0.0	0.0	0.0	0.0	0.0	0.0
GALNT12	na	0.0	0.0	0.0	0.0	0.0	0.0	0.0
COL15A1	na	0.0	0.0	0.0	0.0	0.0	0.0	0.0
TGFBR1	na	0.0	0.0	0.0	0.0	0.0	0.0	0.0
ALG2	na	0.0	0.0	0.0	0.0	0.0	0.0	0.0
SEC61B	na	0.09794127029545059	0.31236838874916656	0.015636512857050464	0.09668992989014595	0.09350354154018578	0.22788436532095288	0.20123277729649053
NR4A3	na	0.0	0.0	0.0	0.0	0.0	0.0	0.0
STX17-AS1	na	0.0	0.0	0.0	0.0	0.0	0.0	0.0
STX17	na	0.0	0.0	0.0	0.0	0.0	0.0	0.0
ERP44	na	0.0	0.0	0.0	0.0	0.0	0.0	0.0
INVS	na	0.0	0.0	0.0	0.0	0.0	0.0	0.0
TEX10	na	0.0	0.0	0.0	0.0	0.0	0.0	0.0
MSANTD3	na	0.0	0.0	0.0	0.0	0.0	0.0	0.0
MRPL50	na	0.0	0.0	0.0	0.0	0.0	0.0	0.0
ZNF189	na	0.0	0.0	0.0	0.0	0.0	0.0	0.0
RNF20	na	0.0	0.0	0.0	0.0	0.0	0.0	0.0
SMC2	na	0.0	0.0	0.0	0.0	0.0	0.0	0.0
NIPSNAP3A	na	0.0	0.0	0.0	0.0	0.0	0.0	0.0
NIPSNAP3B	na	0.0	0.0	0.0	0.0	0.0	0.0	0.0
ABCA1	na	0.0	0.0	0.0	0.0	0.0	0.0	0.0
SLC44A1	na	0.0	0.0	0.0	0.0	0.0	0.0	0.0
FSD1L	na	0.0	0.0	0.0	0.0	0.0	0.0	0.0
FKTN	na	0.0	0.0	0.0	0.0	0.0	0.0	0.0
TMEM38B	na	0.0	0.0	0.0	0.0	0.0	0.0	0.0
ZNF462	na	0.0	0.0	0.0	0.0	0.0	0.0	0.0
RAD23B	na	0.08773465598679221	0.15820164503170578	0.06064603637996346	0.061518746346841235	0.07536726866167498	0.14852275871292395	0.14583348312321529
KLF4	na	0.0	0.0	0.0	0.0	0.0	0.0	0.0
ELP1	na	0.0	0.0	0.0	0.0	0.0	0.0	0.0
FAM206A	na	0.0	0.0	0.0	0.0	0.0	0.0	0.0
CTNNAL1	na	0.0	0.0	0.0	0.0	0.0	0.0	0.0
TMEM245	na	0.0	0.0	0.0	0.0	0.0	0.0	0.0
EPB41L4B	na	0.0	0.0	0.0	0.0	0.0	0.0	0.0
PTPN3	na	0.0	0.0	0.0	0.0	0.0	0.0	0.0
C9orf152	na	0.0	0.0	0.0	0.0	0.0	0.0	0.0
TXN	na	0.39384268506823317	1.237040042953022	9.359338604710102e-23	0.11684218162434766	0.26350122860315645	0.8391154130437593	0.8540546814106785
SVEP1	na	0.0	0.0	0.0	0.0	0.0	0.0	0.0
LPAR1	na	0.0	0.0	0.0	0.0	0.0	0.0	0.0
ECPAS	na	0.037020495939031846	0.06296965765627477	0.04604405793171623	0.05818241858716139	0.043837199480247904	0.05651806510554343	0.08001276551596662
PTGR1	na	0.0	0.0	0.0	0.0	0.0	0.0	0.0
DNAJC25	na	0.0	0.0	0.0	0.0	0.0	0.0	0.0
GNG10	na	0.0	0.0	0.0	0.0	0.0	0.0	0.0
UGCG	na	0.0	0.0	0.0	0.0	0.0	0.0	0.0
SUSD1	na	0.0	0.0	0.0	0.0	0.0	0.0	0.0
PTBP3	na	0.050210092292242395	0.06118191981207222	0.04834014812909252	0.053662181553600655	0.0467913278614536	0.07247096656512758	0.08559948948228982
HSDL2	na	0.0	0.0	0.0	0.0	0.0	0.0	0.0
KIAA1958	na	0.0	0.0	0.0	0.0	0.0	0.0	0.0
INIP	na	0.0	0.0	0.0	0.0	0.0	0.0	0.0
SNX30	na	0.0	0.0	0.0	0.0	0.0	0.0	0.0
ZFP37	na	0.0	0.0	0.0	0.0	0.0	0.0	0.0
FAM225A	na	0.0	0.0	0.0	0.0	0.0	0.0	0.0
SLC31A2	na	0.0	0.0	0.0	0.0	0.0	0.0	0.0
FKBP15	na	0.0	0.0	0.0	0.0	0.0	0.0	0.0
SLC31A1	na	0.0544155274758515	0.08434329203766533	0.05114413131213168	0.06318885474250091	0.054447748039821796	0.07089339422492856	0.09346990468467939
CDC26	na	0.0	0.0	0.0	0.0	0.0	0.0	0.0
PRPF4	na	0.0	0.0	0.0	0.0	0.0	0.0	0.0
WDR31	na	0.0	0.0	0.0	0.0	0.0	0.0	0.0
BSPRY	na	0.047441420016309147	0.06417785652852886	0.04303789238470431	0.040700367658965245	0.04656726763123977	0.07593828188687689	0.08500491304167442
HDHD3	na	0.0	0.0	0.0	0.0	0.0	0.0	0.0
ALAD	na	0.0	0.0	0.0	0.0	0.0	0.0	0.0
POLE3	na	0.03982315379079772	0.06867097637356827	0.04142308639776468	0.05227381297537903	0.04474519336754894	0.06400991204289283	0.08399392461665532
C9orf43	na	0.0	0.0	0.0	0.0	0.0	0.0	0.0
RGS3	na	0.0	0.0	0.0	0.0	0.0	0.0	0.0
ZNF618	na	0.0	0.0	0.0	0.0	0.0	0.0	0.0
AMBP	na	0.0	0.0	0.0	0.0	0.0	0.0	0.0
KIF12	na	0.0	0.0	0.0	0.0	0.0	0.0	0.0
COL27A1	na	0.0	0.0	0.0	0.0	0.0	0.0	0.0
ORM2	na	0.0	0.0	0.0	0.0	0.0	0.0	0.0
AKNA	na	0.0	0.0	0.0	0.0	0.0	0.0	0.0
WHRN	na	0.0	0.0	0.0	0.0	0.0	0.0	0.0
ATP6V1G1	na	0.19588228739119462	0.6094178180221357	0.0030363341182934197	0.12262985817142069	0.16410985607705456	0.4664143690063444	0.42468306542419376
TMEM268	na	0.04945025160098635	0.0642753060179469	0.05788495156360569	0.04681740717045654	0.04712636487729228	0.05242655483921276	0.07837904546898578
TNFSF15	na	0.0	0.0	0.0	0.0	0.0	0.0	0.0
TNC	na	0.0	0.0	0.0	0.0	0.0	0.0	0.0
PAPPA	na	0.0	0.0	0.0	0.0	0.0	0.0	0.0
ASTN2	na	0.0	0.0	0.0	0.0	0.0	0.0	0.0
TRIM32	na	0.0	0.0	0.0	0.0	0.0	0.0	0.0
TLR4	na	0.0	0.0	0.0	0.0	0.0	0.0	0.0
AL354754.1	na	0.0	0.0	0.0	0.0	0.0	0.0	0.0
BRINP1	na	0.0	0.0	0.0	0.0	0.0	0.0	0.0
CDK5RAP2	na	0.0	0.0	0.0	0.0	0.0	0.0	0.0
MEGF9	na	0.0	0.0	0.0	0.0	0.0	0.0	0.0
FBXW2	na	0.04499075203803742	0.05792411548629994	0.04693001333041817	0.05249354282945773	0.045444295413417976	0.05677009526532948	0.07652040219851776
PSMD5	na	0.03402465837927173	0.09232526541705627	0.056312163696471795	0.04652901420174238	0.05180745623070651	0.07766902691300877	0.11178422487830139
PHF19	na	0.0	0.0	0.0	0.0	0.0	0.0	0.0
TRAF1	na	0.0	0.0	0.0	0.0	0.0	0.0	0.0
C5	na	0.0	0.0	0.0	0.0	0.0	0.0	0.0
CNTRL	na	0.0	0.0	0.0	0.0	0.0	0.0	0.0
RAB14	na	0.061883130867039005	0.12960021249288523	0.04898119053588937	0.05022973738277958	0.06099994596805665	0.1178311451321007	0.11621632876018906
GSN	na	0.07064723197516923	0.08721078403044406	0.04909004604138088	0.05954984835906405	0.05528151469195513	0.09293701898191815	0.11255365104423438
STOM	na	0.10048312940624883	0.20524314134559882	0.04012595529407079	0.09600853982960353	0.0869514890857592	0.19876977149072111	0.15598347950355645
DAB2IP	na	0.0	0.0	0.0	0.0	0.0	0.0	0.0
TTLL11	na	0.0	0.0	0.0	0.0	0.0	0.0	0.0
NDUFA8	na	0.06909246120498418	0.14831321153693827	0.04187218782255034	0.06044045777417267	0.06468991353687718	0.12084094964027176	0.13508358404656864
LHX6	na	0.0	0.0	0.0	0.0	0.0	0.0	0.0
RBM18	na	0.0	0.0	0.0	0.0	0.0	0.0	0.0
MRRF	na	0.0	0.0	0.0	0.0	0.0	0.0	0.0
PTGS1	na	0.0	0.0	0.0	0.0	0.0	0.0	0.0
PDCL	na	0.0	0.0	0.0	0.0	0.0	0.0	0.0
RC3H2	na	0.0	0.0	0.0	0.0	0.0	0.0	0.0
ZBTB6	na	0.0	0.0	0.0	0.0	0.0	0.0	0.0
ZBTB26	na	0.0	0.0	0.0	0.0	0.0	0.0	0.0
RABGAP1	na	0.0	0.0	0.0	0.0	0.0	0.0	0.0
STRBP	na	0.0	0.0	0.0	0.0	0.0	0.0	0.0
DENND1A	na	0.0	0.0	0.0	0.0	0.0	0.0	0.0
LHX2	na	0.0	0.0	0.0	0.0	0.0	0.0	0.0
NEK6	na	0.0	0.0	0.0	0.0	0.0	0.0	0.0
PSMB7	na	0.08248039443123502	0.157243619049123	0.050355640897710184	0.07755242695683813	0.07636043341222724	0.13614097344975104	0.15686122258714078
MIR181A2HG	na	0.0	0.0	0.0	0.0	0.0	0.0	0.0
OLFML2A	na	0.0	0.0	0.0	0.0	0.0	0.0	0.0
RPL35	na	1.327336148351493	4.046725241150774	9.809657927382472e-19	0.31615114733202626	0.8042189889002482	3.272649801536943	2.5767271928558673
ARPC5L	na	0.05516190455113557	0.13507731833288444	0.045085643481111284	0.06905534563388432	0.06010849977003163	0.11658749057988607	0.11359230671700607
GOLGA1	na	0.0	0.0	0.0	0.0	0.0	0.0	0.0
SCAI	na	0.0	0.0	0.0	0.0	0.0	0.0	0.0
PPP6C	na	0.04510783478135174	0.06769696482148783	0.044677565766955536	0.052776796484784755	0.04399690933479351	0.057023638870506765	0.08334995027522292
RABEPK	na	0.0	0.0	0.0	0.0	0.0	0.0	0.0
HSPA5	na	0.07817546708514139	0.1346797640520503	0.06198640602326912	0.08732686687413903	0.07971840234937684	0.1395740343654741	0.14264848789470014
GAPVD1	na	0.0	0.0	0.0	0.0	0.0	0.0	0.0
MAPKAP1	na	0.0	0.0	0.0	0.0	0.0	0.0	0.0
PBX3	na	0.0	0.0	0.0	0.0	0.0	0.0	0.0
MVB12B	na	0.0	0.0	0.0	0.0	0.0	0.0	0.0
AL161908.1	na	0.0	0.0	0.0	0.0	0.0	0.0	0.0
LMX1B	na	0.0	0.0	0.0	0.0	0.0	0.0	0.0
ZBTB43	na	0.0	0.0	0.0	0.0	0.0	0.0	0.0
ZBTB34	na	0.0	0.0	0.0	0.0	0.0	0.0	0.0
RALGPS1	na	0.0	0.0	0.0	0.0	0.0	0.0	0.0
ANGPTL2	na	0.0	0.0	0.0	0.0	0.0	0.0	0.0
GARNL3	na	0.0	0.0	0.0	0.0	0.0	0.0	0.0
SLC2A8	na	0.0	0.0	0.0	0.0	0.0	0.0	0.0
ZNF79	na	0.0	0.0	0.0	0.0	0.0	0.0	0.0
RPL12	na	0.7923597792719073	2.6630446217723778	9.460262006518902e-19	0.1957107262174571	0.5219924588442983	2.126715292840276	1.6288770677366284
LRSAM1	na	0.0	0.0	0.0	0.0	0.0	0.0	0.0
FAM129B	na	0.04787640137027654	0.10277870107413646	0.06757619192714691	0.059824181043430485	0.0634779825836452	0.1078058195960633	0.1257024347356778
STXBP1	na	0.0	0.0	0.0	0.0	0.0	0.0	0.0
PTRH1	na	0.0	0.0	0.0	0.0	0.0	0.0	0.0
CFAP157	na	0.0	0.0	0.0	0.0	0.0	0.0	0.0
TOR2A	na	0.0	0.0	0.0	0.0	0.0	0.0	0.0
SH2D3C	na	0.0	0.0	0.0	0.0	0.0	0.0	0.0
CDK9	na	0.0	0.0	0.0	0.0	0.0	0.0	0.0
FPGS	na	0.0	0.0	0.0	0.0	0.0	0.0	0.0
ENG	na	0.0	0.0	0.0	0.0	0.0	0.0	0.0
AK1	na	0.0	0.0	0.0	0.0	0.0	0.0	0.0
ST6GALNAC4	na	0.0	0.0	0.0	0.0	0.0	0.0	0.0
PIP5KL1	na	0.0	0.0	0.0	0.0	0.0	0.0	0.0
DPM2	na	0.05904944936465856	0.0880120008541133	0.04371065166556055	0.06014354115265751	0.05237492544101999	0.09568765205977235	0.09062999766592988
FAM102A	na	0.04325544973254748	0.08770888882429138	0.061684787259554626	0.034132461060217285	0.04887305844044402	0.07412726419258338	0.10480919165208111
NAIF1	na	0.0	0.0	0.0	0.0	0.0	0.0	0.0
SLC25A25	na	0.0	0.0	0.0	0.0	0.0	0.0	0.0
SLC25A25-AS1	na	0.0	0.0	0.0	0.0	0.0	0.0	0.0
PTGES2	na	0.05396708679962258	0.06898203020261295	0.055175298261532314	0.040914956940288516	0.04592653445395115	0.06339032970894383	0.08125717450973094
LCN2	na	0.14190397562888513	0.3078465348682702	0.07877587091609621	0.04871635224326593	0.11039018709928705	0.23329899287367628	0.2719114805790729
C9orf16	na	0.14483908219104036	0.4998919232829474	1.3982282380972195e-19	0.09054727546306894	0.13018428872501442	0.46235241008318884	0.28967789208090267
CIZ1	na	0.0	0.0	0.0	0.0	0.0	0.0	0.0
DNM1	na	0.0	0.0	0.0	0.0	0.0	0.0	0.0
GOLGA2	na	0.050549704580340686	0.0764457714692851	0.07519069188538091	0.06671505533544156	0.06393131964624107	0.07116275063640971	0.10847702312517273
SWI5	na	0.040513971705034554	0.06344714136694721	0.0427831407792514	0.05886254592878642	0.04496154924681903	0.06529081813763413	0.08118534183888979
TRUB2	na	0.04985471077739291	0.06580635986126948	0.05296964793020909	0.042216491073135305	0.0491835130414827	0.07094940437528227	0.09151282460182751
COQ4	na	0.07082565473401621	0.1091138794078585	0.04449173114917203	0.0660486866672824	0.054299390606856235	0.08155846271799172	0.10488856128042065
SLC27A4	na	0.04824010126819621	0.05034651000432077	0.05645679283063348	0.03982107117289544	0.04473802794381027	0.07146759770303304	0.0847411992477222
URM1	na	0.0	0.0	0.0	0.0	0.0	0.0	0.0
CERCAM	na	0.0	0.0	0.0	0.0	0.0	0.0	0.0
ODF2	na	0.0	0.0	0.0	0.0	0.0	0.0	0.0
GLE1	na	0.0	0.0	0.0	0.0	0.0	0.0	0.0
SPTAN1	na	0.04592704035529482	0.07786570637304256	0.0576041567561642	0.05540402861341617	0.05020841818629923	0.06224872202649701	0.08751370453518408
WDR34	na	0.07001995312817563	0.12400241548434017	0.07159040091319391	0.08253600721625841	0.07595907743159556	0.11702049475251283	0.13516681742690542
HMGA1P4	na	0.0	0.0	0.0	0.0	0.0	0.0	0.0
SET	na	0.1357333488658074	0.30820973543395963	0.07077513267917318	0.07555353864886943	0.11033405737701826	0.2676027016925844	0.2606864018985232
PKN3	na	0.0	0.0	0.0	0.0	0.0	0.0	0.0
ZDHHC12	na	0.05524081362792354	0.11339999774305093	0.034751060722689645	0.06213102033305154	0.054707138763271775	0.07892247123980545	0.10415665054595268
AL441992.1	na	0.0	0.0	0.0	0.0	0.0	0.0	0.0
ZER1	na	0.0	0.0	0.0	0.0	0.0	0.0	0.0
TBC1D13	na	0.0	0.0	0.0	0.0	0.0	0.0	0.0
ENDOG	na	0.0	0.0	0.0	0.0	0.0	0.0	0.0
SPOUT1	na	0.0	0.0	0.0	0.0	0.0	0.0	0.0
KYAT1	na	0.0	0.0	0.0	0.0	0.0	0.0	0.0
LRRC8A	na	0.0	0.0	0.0	0.0	0.0	0.0	0.0
DOLK	na	0.0	0.0	0.0	0.0	0.0	0.0	0.0
NUP188	na	0.0	0.0	0.0	0.0	0.0	0.0	0.0
SH3GLB2	na	0.05788604638287829	0.07295086247249565	0.06919570791752469	0.039522813164595626	0.05291919752537123	0.06150669839107471	0.10217058265628343
MIGA2	na	0.0	0.0	0.0	0.0	0.0	0.0	0.0
DOLPP1	na	0.0	0.0	0.0	0.0	0.0	0.0	0.0
CRAT	na	0.0	0.0	0.0	0.0	0.0	0.0	0.0
PTPA	na	0.0931839385904023	0.14534467167164977	0.07619742252917	0.10082784313237214	0.09356720061087696	0.15818247299877095	0.18271258071464452
AL158151.4	na	0.0	0.0	0.0	0.0	0.0	0.0	0.0
IER5L	na	0.0534103326922175	0.10265696206955201	0.07049693453634057	0.03363325123621751	0.05802956068163189	0.08317173325809277	0.12293410596875039
LINC01503	na	0.0	0.0	0.0	0.0	0.0	0.0	0.0
AL353803.2	na	0.0	0.0	0.0	0.0	0.0	0.0	0.0
NTMT1	na	0.0	0.0	0.0	0.0	0.0	0.0	0.0
ASB6	na	0.0	0.0	0.0	0.0	0.0	0.0	0.0
PRRX2	na	0.0	0.0	0.0	0.0	0.0	0.0	0.0
PTGES	na	0.0	0.0	0.0	0.0	0.0	0.0	0.0
TOR1B	na	0.0	0.0	0.0	0.0	0.0	0.0	0.0
TOR1A	na	0.0	0.0	0.0	0.0	0.0	0.0	0.0
C9orf78	na	0.05114831287969832	0.09078360001186922	0.04358620084299573	0.04683323243507809	0.05380318860436467	0.09855550054343205	0.09510012071079461
USP20	na	0.0	0.0	0.0	0.0	0.0	0.0	0.0
FNBP1	na	0.0	0.0	0.0	0.0	0.0	0.0	0.0
GPR107	na	0.04218541865940261	0.06364768465182169	0.05282287942497146	0.05231189270482043	0.043972944332779894	0.0504620119206208	0.07907826363530626
NCS1	na	0.0	0.0	0.0	0.0	0.0	0.0	0.0
ASS1	na	0.10650062693946111	0.29944570821868455	0.046641027672144585	0.099750408717508	0.11131553084352663	0.2966390524702073	0.2331181304762656
FUBP3	na	0.0	0.0	0.0	0.0	0.0	0.0	0.0
EXOSC2	na	0.0	0.0	0.0	0.0	0.0	0.0	0.0
ABL1	na	0.05339513600091981	0.0630251383195281	0.05936338665696495	0.045491416932231084	0.04520263510916799	0.061863064750271674	0.07246894235115187
FIBCD1	na	0.05545507363535472	0.08000359769658714	0.044341211754848155	0.05319620870837611	0.04854467884931736	0.07028503422768033	0.08229009307269403
AIF1L	na	0.14724345734668767	0.24921080462752357	0.15324326860233656	0.05217109379602329	0.1226907365831898	0.2323441516246226	0.3098237585592717
NUP214	na	0.0	0.0	0.0	0.0	0.0	0.0	0.0
FAM78A	na	0.0	0.0	0.0	0.0	0.0	0.0	0.0
PLPP7	na	0.0	0.0	0.0	0.0	0.0	0.0	0.0
PRRC2B	na	0.054837542321021525	0.08245015739350321	0.06631758487837057	0.06879698792553932	0.05715952269399252	0.08225686247065411	0.09935163160476221
AL358781.1	na	0.0	0.0	0.0	0.0	0.0	0.0	0.0
POMT1	na	0.0	0.0	0.0	0.0	0.0	0.0	0.0
UCK1	na	0.0	0.0	0.0	0.0	0.0	0.0	0.0
RAPGEF1	na	0.0	0.0	0.0	0.0	0.0	0.0	0.0
MED27	na	0.0	0.0	0.0	0.0	0.0	0.0	0.0
NTNG2	na	0.0	0.0	0.0	0.0	0.0	0.0	0.0
SETX	na	0.0	0.0	0.0	0.0	0.0	0.0	0.0
TTF1	na	0.0	0.0	0.0	0.0	0.0	0.0	0.0
DDX31	na	0.0	0.0	0.0	0.0	0.0	0.0	0.0
GTF3C4	na	0.0	0.0	0.0	0.0	0.0	0.0	0.0
AK8	na	0.0	0.0	0.0	0.0	0.0	0.0	0.0
SPACA9	na	0.0	0.0	0.0	0.0	0.0	0.0	0.0
TSC1	na	0.0	0.0	0.0	0.0	0.0	0.0	0.0
GTF3C5	na	0.0	0.0	0.0	0.0	0.0	0.0	0.0
CEL	na	0.0	0.0	0.0	0.0	0.0	0.0	0.0
RALGDS	na	0.04722496317597097	0.058440835891260354	0.04875388053915573	0.04724032246875152	0.043957676064656184	0.0658584969315213	0.07781697492694806
GBGT1	na	0.0	0.0	0.0	0.0	0.0	0.0	0.0
SURF6	na	0.04103637558981148	0.053739379386645726	0.050333055364300834	0.05305325779133577	0.04533401681462453	0.0625944126490798	0.07199992535504485
MED22	na	0.0	0.0	0.0	0.0	0.0	0.0	0.0
RPL7A	na	1.1502864806398836	3.241293971064705	2.1362469231761856e-20	0.29695858513490825	0.6610309068030632	2.3895942147273797	2.1796896181719565
SURF1	na	0.06327922858903949	0.11836710821357158	0.040966850888004634	0.054594528153373255	0.06316791895451473	0.1469294233768862	0.11719942748890046
SURF2	na	0.0	0.0	0.0	0.0	0.0	0.0	0.0
SURF4	na	0.08478036362946209	0.1347563295731038	0.08285217171375268	0.07547787969182351	0.0763177304780237	0.12338175818569971	0.13314661567638097
STKLD1	na	0.0	0.0	0.0	0.0	0.0	0.0	0.0
REXO4	na	0.0	0.0	0.0	0.0	0.0	0.0	0.0
ADAMTS13	na	0.0	0.0	0.0	0.0	0.0	0.0	0.0
CACFD1	na	0.0534504539153995	0.058407524810418644	0.0609764383385561	0.05881679043713022	0.05220477000634036	0.09393621134323636	0.08429397218995904
SLC2A6	na	0.0	0.0	0.0	0.0	0.0	0.0	0.0
ADAMTSL2	na	0.0	0.0	0.0	0.0	0.0	0.0	0.0
SARDH	na	0.0	0.0	0.0	0.0	0.0	0.0	0.0
VAV2	na	0.057237286757659135	0.04984814800728582	0.04983111092321735	0.051868870421409856	0.04598587152967396	0.06546972564543786	0.07443194506801801
BRD3OS	na	0.0	0.0	0.0	0.0	0.0	0.0	0.0
BRD3	na	0.06983436331207159	0.06827063940805402	0.05292713356354926	0.06124927743513552	0.05478292786963844	0.07915163743714448	0.08644882133433289
WDR5	na	0.0	0.0	0.0	0.0	0.0	0.0	0.0
RXRA	na	0.04084356257935703	0.054687277800126326	0.051089991917787486	0.06398037126497046	0.04731473703206267	0.047509992042165536	0.07415074557419893
COL5A1	na	0.07753442195743608	0.1239390609524061	0.0798428137609827	0.09620259847068742	0.07965586360885182	0.14717858043699478	0.12288885465666347
FCN2	na	0.0	0.0	0.0	0.0	0.0	0.0	0.0
OLFM1	na	0.0	0.0	0.0	0.0	0.0	0.0	0.0
PPP1R26-AS1	na	0.0	0.0	0.0	0.0	0.0	0.0	0.0
PPP1R26	na	0.0	0.0	0.0	0.0	0.0	0.0	0.0
C9orf116	na	0.0	0.0	0.0	0.0	0.0	0.0	0.0
MRPS2	na	0.04398947920291039	0.06544897314984564	0.04812848027380805	0.05221139963465661	0.04433798823995188	0.0521375746012847	0.08106596492731662
SOHLH1	na	0.0	0.0	0.0	0.0	0.0	0.0	0.0
KCNT1	na	0.0	0.0	0.0	0.0	0.0	0.0	0.0
CAMSAP1	na	0.0	0.0	0.0	0.0	0.0	0.0	0.0
UBAC1	na	0.03746796265271314	0.06916657491959653	0.0930776761351693	0.06560065600224692	0.06318812498310411	0.07707439574128774	0.09646843059199191
NACC2	na	0.0	0.0	0.0	0.0	0.0	0.0	0.0
TMEM250	na	0.0	0.0	0.0	0.0	0.0	0.0	0.0
QSOX2	na	0.0	0.0	0.0	0.0	0.0	0.0	0.0
CCDC187	na	0.0	0.0	0.0	0.0	0.0	0.0	0.0
GPSM1	na	0.0	0.0	0.0	0.0	0.0	0.0	0.0
DNLZ	na	0.0	0.0	0.0	0.0	0.0	0.0	0.0
CARD9	na	0.0	0.0	0.0	0.0	0.0	0.0	0.0
SNAPC4	na	0.0	0.0	0.0	0.0	0.0	0.0	0.0
ENTR1	na	0.0	0.0	0.0	0.0	0.0	0.0	0.0
PMPCA	na	0.06672833395438549	0.074885160697356	0.06087843744159473	0.04496555601633507	0.052799095144954844	0.07703175342297289	0.08845556557550564
INPP5E	na	0.0	0.0	0.0	0.0	0.0	0.0	0.0
SEC16A	na	0.09496605920477083	0.15267073650658738	0.05737689667215021	0.1030708503661625	0.07821843981205487	0.14291003333242508	0.13662097376949164
NOTCH1	na	0.0	0.0	0.0	0.0	0.0	0.0	0.0
NALT1	na	0.0	0.0	0.0	0.0	0.0	0.0	0.0
EGFL7	na	0.04488536976454943	0.09170768867253369	0.03473076461715439	0.05095459095025891	0.0507526502198307	0.08539725715707343	0.0792112655182303
AGPAT2	na	0.07480423839486738	0.12958954952211418	0.029727747258391394	0.06791959522622985	0.06481177889031002	0.16852574704277604	0.12067482961151181
FAM69B	na	0.0	0.0	0.0	0.0	0.0	0.0	0.0
SNHG7	na	0.0	0.0	0.0	0.0	0.0	0.0	0.0
TMEM141	na	0.06350437326531783	0.16215373811483708	0.03793638687474814	0.08965351378126818	0.06964597095763553	0.15943360385249164	0.13651366874687637
CCDC183	na	0.0	0.0	0.0	0.0	0.0	0.0	0.0
RABL6	na	0.08420114251267645	0.10380202495074295	0.0734031611570381	0.063016255027579	0.07277339213694768	0.12455001367201804	0.1315590542066953
AJM1	na	0.0	0.0	0.0	0.0	0.0	0.0	0.0
PHPT1	na	0.1444666852763226	0.3370365438122764	0.04203777956350901	0.04939905322419331	0.10651221182886582	0.2311298128745716	0.27627265327353
MAMDC4	na	0.0	0.0	0.0	0.0	0.0	0.0	0.0
EDF1	na	0.2734412440011724	0.5156558253250749	0.08028367259578206	0.144817002526289	0.18525282261618303	0.46428968106451485	0.46010389570370364
TRAF2	na	0.0	0.0	0.0	0.0	0.0	0.0	0.0
FBXW5	na	0.05149704083055152	0.10304193106226942	0.057203891824282566	0.0654637234845585	0.06354638377258207	0.11641923683562974	0.11822419072809197
C8G	na	0.0	0.0	0.0	0.0	0.0	0.0	0.0
LCN12	na	0.0	0.0	0.0	0.0	0.0	0.0	0.0
PTGDS	na	0.0	0.0	0.0	0.0	0.0	0.0	0.0
PAXX	na	0.05938500722993479	0.1083661598007757	0.03389405482218887	0.06543353279868161	0.0614056508718279	0.10644203464782663	0.11476044923016548
CLIC3	na	0.0	0.0	0.0	0.0	0.0	0.0	0.0
ABCA2	na	0.0	0.0	0.0	0.0	0.0	0.0	0.0
NPDC1	na	0.07664005730004111	0.13251495247920192	0.061914315618017995	0.07190360961763632	0.07528298494617763	0.14174447464950732	0.14702876950603333
ENTPD2	na	0.0	0.0	0.0	0.0	0.0	0.0	0.0
SAPCD2	na	0.06497232080750684	0.05305768800606715	0.07262040959458346	0.08029897594473488	0.05714249213333852	0.065477176632389	0.07151862140593121
UAP1L1	na	0.0	0.0	0.0	0.0	0.0	0.0	0.0
MAN1B1-DT	na	0.0	0.0	0.0	0.0	0.0	0.0	0.0
MAN1B1	na	0.05843865597649622	0.06560243674024635	0.06050687785020672	0.05457374488889771	0.05128523848908368	0.06139602173245822	0.08110245652784738
DPP7	na	0.049387171271639496	0.08141189266305475	0.06058716739933028	0.052330173638745835	0.05723125712129559	0.07589505495746152	0.10096175196692661
GRIN1	na	0.0	0.0	0.0	0.0	0.0	0.0	0.0
LRRC26	na	0.05067848249201454	0.0381077377512467	0.08365715147843122	0.07345534868820305	0.056439643381449286	0.05803643926041743	0.07426535290072954
TMEM210	na	0.0	0.0	0.0	0.0	0.0	0.0	0.0
ANAPC2	na	0.0	0.0	0.0	0.0	0.0	0.0	0.0
SSNA1	na	0.0722194767602921	0.13218168863831062	0.03875356289605257	0.06560269083452357	0.06727526915521867	0.13576849765324878	0.12475093568784702
TPRN	na	0.0	0.0	0.0	0.0	0.0	0.0	0.0
TMEM203	na	0.0	0.0	0.0	0.0	0.0	0.0	0.0
NDOR1	na	0.0	0.0	0.0	0.0	0.0	0.0	0.0
BX255925.3	na	0.0	0.0	0.0	0.0	0.0	0.0	0.0
RNF208	na	0.0	0.0	0.0	0.0	0.0	0.0	0.0
CYSRT1	na	0.0	0.0	0.0	0.0	0.0	0.0	0.0
TUBB4B	na	0.13326337415643216	0.33477473927126333	0.05623066051852476	0.0939101247534867	0.12140258898491668	0.27050430251016894	0.30946558693059917
STPG3-AS1	na	0.0	0.0	0.0	0.0	0.0	0.0	0.0
NELFB	na	0.055937763046506606	0.062005763179791826	0.05560503859705771	0.06830649087054566	0.05396176552829267	0.08532273687413991	0.09806156746052654
TOR4A	na	0.0	0.0	0.0	0.0	0.0	0.0	0.0
NRARP	na	0.0	0.0	0.0	0.0	0.0	0.0	0.0
EXD3	na	0.0	0.0	0.0	0.0	0.0	0.0	0.0
NOXA1	na	0.0	0.0	0.0	0.0	0.0	0.0	0.0
ENTPD8	na	0.0	0.0	0.0	0.0	0.0	0.0	0.0
NSMF	na	0.0	0.0	0.0	0.0	0.0	0.0	0.0
PNPLA7	na	0.0	0.0	0.0	0.0	0.0	0.0	0.0
MRPL41	na	0.18260413269462872	0.47808315195725715	0.0180306611106704	0.0928973260738675	0.1432962821994247	0.41716091580126385	0.3630483865325274
DPH7	na	0.0	0.0	0.0	0.0	0.0	0.0	0.0
ZMYND19	na	0.0	0.0	0.0	0.0	0.0	0.0	0.0
ARRDC1	na	0.08175271070497937	0.12630728632729935	0.09056626066283986	0.06393958153985926	0.07666108608346778	0.1293930647770931	0.14999707743260723
ARRDC1-AS1	na	0.0	0.0	0.0	0.0	0.0	0.0	0.0
EHMT1	na	0.04628937755793826	0.060239416552320936	0.061738135280755314	0.050193025114411725	0.045990855590892124	0.06924685704665744	0.08292533609127634
CACNA1B	na	0.0	0.0	0.0	0.0	0.0	0.0	0.0
LINC01001	na	0.0	0.0	0.0	0.0	0.0	0.0	0.0
BET1L	na	0.0	0.0	0.0	0.0	0.0	0.0	0.0
RIC8A	na	0.05136831341094034	0.05756839680970318	0.0510897537685044	0.04373377550262562	0.045434528228051725	0.05494219201993056	0.06949888616226678
SIRT3	na	0.0	0.0	0.0	0.0	0.0	0.0	0.0
PSMD13	na	0.042380623427667234	0.08370530731582604	0.05451812332248271	0.04460519490776102	0.04644952333619277	0.07559843366097681	0.086259821317397
PGGHG	na	0.0	0.0	0.0	0.0	0.0	0.0	0.0
IFITM2	na	0.05644148172889172	0.11070330134550391	0.03357134847487456	0.04437718458098054	0.057234362670487864	0.11948478863612202	0.09969528093233351
IFITM1	na	0.0	0.0	0.0	0.0	0.0	0.0	0.0
IFITM3	na	0.18714996859141095	0.7161120902682523	6.842748219768352e-21	0.12483400884378965	0.16116753680626847	0.7428139779480716	0.34711880065215645
B4GALNT4	na	0.05493150399463308	0.04910717766781283	0.048385927983659996	0.052187405449763184	0.045827158339244646	0.05317768704826487	0.07546521689120259
PKP3	na	0.0	0.0	0.0	0.0	0.0	0.0	0.0
SIGIRR	na	0.06051537693302133	0.08461253377002806	0.0649157211070053	0.04604118651686288	0.05550666180206554	0.07489393151183328	0.11439124320186239
ANO9	na	0.0	0.0	0.0	0.0	0.0	0.0	0.0
PTDSS2	na	0.0	0.0	0.0	0.0	0.0	0.0	0.0
RNH1	na	0.047900817839469055	0.08054458682438195	0.04981018333097601	0.04138271264091826	0.05045067155598109	0.07882929811126327	0.09047802969934926
HRAS	na	0.0	0.0	0.0	0.0	0.0	0.0	0.0
LRRC56	na	0.0	0.0	0.0	0.0	0.0	0.0	0.0
LMNTD2	na	0.0	0.0	0.0	0.0	0.0	0.0	0.0
AP006284.1	na	0.0	0.0	0.0	0.0	0.0	0.0	0.0
RASSF7	na	0.0	0.0	0.0	0.0	0.0	0.0	0.0
MIR210HG	na	0.0	0.0	0.0	0.0	0.0	0.0	0.0
PHRF1	na	0.0	0.0	0.0	0.0	0.0	0.0	0.0
IRF7	na	0.05004802726812389	0.05901084541218374	0.04584496618082713	0.044246460412375295	0.04202809141131914	0.06503856872645876	0.08321190816828986
SCT	na	0.0	0.0	0.0	0.0	0.0	0.0	0.0
DRD4	na	0.0	0.0	0.0	0.0	0.0	0.0	0.0
DEAF1	na	0.0	0.0	0.0	0.0	0.0	0.0	0.0
EPS8L2	na	0.0	0.0	0.0	0.0	0.0	0.0	0.0
TMEM80	na	0.0	0.0	0.0	0.0	0.0	0.0	0.0
TALDO1	na	0.07651546081266881	0.14299835374009653	0.04952357245336387	0.06759963561113268	0.06975583601130278	0.13506605319581833	0.13097366201524152
GATD1	na	0.0	0.0	0.0	0.0	0.0	0.0	0.0
AP006621.3	na	0.0	0.0	0.0	0.0	0.0	0.0	0.0
SLC25A22	na	0.0	0.0	0.0	0.0	0.0	0.0	0.0
PIDD1	na	0.0	0.0	0.0	0.0	0.0	0.0	0.0
RPLP2	na	1.0090440757346057	2.7426231506400205	8.765569943326212e-25	0.2928177450647917	0.6225548131764758	2.1144246304388	2.0515537603017187
PNPLA2	na	0.0	0.0	0.0	0.0	0.0	0.0	0.0
CRACR2B	na	0.05438718970496351	0.04865086181348383	0.06324133250808253	0.05408542632684621	0.04980808937656834	0.0651505281420512	0.08695135996710217
CD151	na	0.0765453610881007	0.148278053188201	0.05746743030334793	0.05736024295726879	0.06956799560099879	0.12701441753928186	0.1572363758474155
POLR2L	na	0.2524860145004719	0.554770921963124	0.0033406600885015794	0.09235943115471283	0.15210388769810518	0.4360617842876207	0.4193887201791401
TSPAN4	na	0.0	0.0	0.0	0.0	0.0	0.0	0.0
CHID1	na	0.0	0.0	0.0	0.0	0.0	0.0	0.0
AP2A2	na	0.0	0.0	0.0	0.0	0.0	0.0	0.0
MUC2	na	0.0	0.0	0.0	0.0	0.0	0.0	0.0
MUC5B	na	0.1636517036671173	0.17135448039787488	0.19304370055882003	0.2520369996846177	0.1807944488047268	0.23604965224682928	0.21494909203422644
TOLLIP	na	0.0	0.0	0.0	0.0	0.0	0.0	0.0
TOLLIP-AS1	na	0.0	0.0	0.0	0.0	0.0	0.0	0.0
BRSK2	na	0.0	0.0	0.0	0.0	0.0	0.0	0.0
MOB2	na	0.0	0.0	0.0	0.0	0.0	0.0	0.0
DUSP8	na	0.0	0.0	0.0	0.0	0.0	0.0	0.0
IFITM10	na	0.0	0.0	0.0	0.0	0.0	0.0	0.0
CTSD	na	0.29087570347848496	0.5200343360325514	0.10098478640644111	0.1424133207140677	0.1984668500321617	0.5713852526263173	0.5116317510853039
TNNI2	na	0.0	0.0	0.0	0.0	0.0	0.0	0.0
LSP1	na	0.0	0.0	0.0	0.0	0.0	0.0	0.0
MRPL23	na	0.060036854310367704	0.09678754431066502	0.03636402482111027	0.043038284409103275	0.05078381814366558	0.09156463951459255	0.09413963930938019
TH	na	0.0	0.0	0.0	0.0	0.0	0.0	0.0
ASCL2	na	0.047634262979158064	0.06302376466047953	0.053376952749901486	0.043808542590058945	0.050619542133575085	0.07112241286363492	0.09163261300540564
CD81	na	0.17918984784129077	0.3244066847926709	0.08082450474385906	0.05104703642562972	0.12929425742424294	0.2961024281624143	0.3420744002031442
TSSC4	na	0.0	0.0	0.0	0.0	0.0	0.0	0.0
KCNQ1	na	0.0	0.0	0.0	0.0	0.0	0.0	0.0
KCNQ1OT1	na	0.0	0.0	0.0	0.0	0.0	0.0	0.0
CDKN1C	na	0.0	0.0	0.0	0.0	0.0	0.0	0.0
SLC22A18AS	na	0.0	0.0	0.0	0.0	0.0	0.0	0.0
SLC22A18	na	0.0	0.0	0.0	0.0	0.0	0.0	0.0
PHLDA2	na	0.04681946449735437	0.13070500704802065	0.031120431459011905	0.04546083540517521	0.05533160379537185	0.11863432010831038	0.08106763314198502
NAP1L4	na	0.0513353223641099	0.07892122107098114	0.06423143555847995	0.047208173612190485	0.05677340501807152	0.07987583911962352	0.10841874658701876
CARS	na	0.0	0.0	0.0	0.0	0.0	0.0	0.0
OSBPL5	na	0.0	0.0	0.0	0.0	0.0	0.0	0.0
ZNF195	na	0.0	0.0	0.0	0.0	0.0	0.0	0.0
CHRNA10	na	0.0	0.0	0.0	0.0	0.0	0.0	0.0
NUP98	na	0.0	0.0	0.0	0.0	0.0	0.0	0.0
PGAP2	na	0.0	0.0	0.0	0.0	0.0	0.0	0.0
RHOG	na	0.0	0.0	0.0	0.0	0.0	0.0	0.0
STIM1	na	0.0	0.0	0.0	0.0	0.0	0.0	0.0
RRM1	na	0.0	0.0	0.0	0.0	0.0	0.0	0.0
TRIM21	na	0.0	0.0	0.0	0.0	0.0	0.0	0.0
TRIM68	na	0.0	0.0	0.0	0.0	0.0	0.0	0.0
OR51E1	na	0.0	0.0	0.0	0.0	0.0	0.0	0.0
HBB	na	0.0	0.0	0.0	0.0	0.0	0.0	0.0
UBQLNL	na	0.0	0.0	0.0	0.0	0.0	0.0	0.0
TRIM6	na	0.0	0.0	0.0	0.0	0.0	0.0	0.0
TRIM5	na	0.0	0.0	0.0	0.0	0.0	0.0	0.0
TRIM22	na	0.0	0.0	0.0	0.0	0.0	0.0	0.0
FAM160A2	na	0.0	0.0	0.0	0.0	0.0	0.0	0.0
CAVIN3	na	0.0	0.0	0.0	0.0	0.0	0.0	0.0
SMPD1	na	0.0	0.0	0.0	0.0	0.0	0.0	0.0
APBB1	na	0.0	0.0	0.0	0.0	0.0	0.0	0.0
HPX	na	0.0	0.0	0.0	0.0	0.0	0.0	0.0
TRIM3	na	0.0	0.0	0.0	0.0	0.0	0.0	0.0
ARFIP2	na	0.0	0.0	0.0	0.0	0.0	0.0	0.0
TIMM10B	na	0.0	0.0	0.0	0.0	0.0	0.0	0.0
DNHD1	na	0.0	0.0	0.0	0.0	0.0	0.0	0.0
RRP8	na	0.0	0.0	0.0	0.0	0.0	0.0	0.0
ILK	na	0.02974572535066493	0.06933477670281912	0.049394403235928086	0.034047507905751805	0.04581430212532685	0.07380788448750897	0.08629507797553956
TAF10	na	0.04354511263853713	0.05403875644602338	0.05381050803501197	0.04596012661108548	0.04533290499260617	0.07694345018683033	0.0818779303399486
TPP1	na	0.0	0.0	0.0	0.0	0.0	0.0	0.0
DCHS1	na	0.0	0.0	0.0	0.0	0.0	0.0	0.0
MRPL17	na	0.04396039406947988	0.07198087221547896	0.03903197381550489	0.04620826261818829	0.04732004641216015	0.08956209603251443	0.08856981847209572
SYT9	na	0.0	0.0	0.0	0.0	0.0	0.0	0.0
OLFML1	na	0.0	0.0	0.0	0.0	0.0	0.0	0.0
PPFIBP2	na	0.0	0.0	0.0	0.0	0.0	0.0	0.0
CYB5R2	na	0.0	0.0	0.0	0.0	0.0	0.0	0.0
EIF3F	na	0.06198649545844286	0.11010689404223907	0.05103663875191671	0.03583231857865176	0.052356013129485485	0.09516207825396676	0.09552203120385643
RIC3	na	0.0	0.0	0.0	0.0	0.0	0.0	0.0
TRIM66	na	0.0	0.0	0.0	0.0	0.0	0.0	0.0
RPL27A	na	0.38538217374953593	1.0106473427187341	0.019792193768465385	0.11472832935357774	0.2518346811675771	0.8066987895371168	0.8010679512596114
ST5	na	0.0	0.0	0.0	0.0	0.0	0.0	0.0
AKIP1	na	0.0	0.0	0.0	0.0	0.0	0.0	0.0
TMEM9B	na	0.0	0.0	0.0	0.0	0.0	0.0	0.0
NRIP3	na	0.0	0.0	0.0	0.0	0.0	0.0	0.0
SCUBE2	na	0.0	0.0	0.0	0.0	0.0	0.0	0.0
DENND5A	na	0.0	0.0	0.0	0.0	0.0	0.0	0.0
TMEM41B	na	0.0	0.0	0.0	0.0	0.0	0.0	0.0
IPO7	na	0.0	0.0	0.0	0.0	0.0	0.0	0.0
ZNF143	na	0.0	0.0	0.0	0.0	0.0	0.0	0.0
WEE1	na	0.0	0.0	0.0	0.0	0.0	0.0	0.0
SWAP70	na	0.0	0.0	0.0	0.0	0.0	0.0	0.0
SBF2-AS1	na	0.0	0.0	0.0	0.0	0.0	0.0	0.0
SBF2	na	0.0	0.0	0.0	0.0	0.0	0.0	0.0
ADM	na	0.0	0.0	0.0	0.0	0.0	0.0	0.0
AMPD3	na	0.0	0.0	0.0	0.0	0.0	0.0	0.0
MTRNR2L8	na	0.0	0.0	0.0	0.0	0.0	0.0	0.0
RNF141	na	0.0	0.0	0.0	0.0	0.0	0.0	0.0
MRVI1	na	0.0	0.0	0.0	0.0	0.0	0.0	0.0
CTR9	na	0.0	0.0	0.0	0.0	0.0	0.0	0.0
EIF4G2	na	0.12504998515853333	0.24291642359631477	0.06328827621156549	0.07417104457244772	0.09859529875907298	0.22491793725075657	0.23423446964345074
ZBED5	na	0.0	0.0	0.0	0.0	0.0	0.0	0.0
ZBED5-AS1	na	0.0	0.0	0.0	0.0	0.0	0.0	0.0
GALNT18	na	0.0	0.0	0.0	0.0	0.0	0.0	0.0
AC104031.1	na	0.0	0.0	0.0	0.0	0.0	0.0	0.0
USP47	na	0.0	0.0	0.0	0.0	0.0	0.0	0.0
DKK3	na	0.0	0.0	0.0	0.0	0.0	0.0	0.0
MICAL2	na	0.0	0.0	0.0	0.0	0.0	0.0	0.0
PARVA	na	0.0	0.0	0.0	0.0	0.0	0.0	0.0
TEAD1	na	0.0	0.0	0.0	0.0	0.0	0.0	0.0
RASSF10	na	0.0	0.0	0.0	0.0	0.0	0.0	0.0
ARNTL	na	0.0	0.0	0.0	0.0	0.0	0.0	0.0
BTBD10	na	0.0	0.0	0.0	0.0	0.0	0.0	0.0
FAR1	na	0.0	0.0	0.0	0.0	0.0	0.0	0.0
SPON1	na	0.0	0.0	0.0	0.0	0.0	0.0	0.0
RRAS2	na	0.0	0.0	0.0	0.0	0.0	0.0	0.0
COPB1	na	0.03203583138805947	0.0770465019458348	0.046449326091661795	0.04634079768169893	0.04645288507920877	0.07053390665729806	0.08970880073726926
PSMA1	na	0.04843085439598259	0.09344043208530592	0.06163851450682622	0.046257642968464165	0.05479902566053658	0.08847555902657235	0.10856335972043202
CYP2R1	na	0.0	0.0	0.0	0.0	0.0	0.0	0.0
C11orf58	na	0.058660449281273	0.09687048588878588	0.05407699995736877	0.04208975614483667	0.05312536246990011	0.09409817230082641	0.1013520068002556
PLEKHA7	na	0.0	0.0	0.0	0.0	0.0	0.0	0.0
RPS13	na	0.672719055713536	1.8539947380177846	2.0278597673027432e-20	0.1825693371362712	0.36175456631995434	1.2965334260041457	1.153793134168871
PIK3C2A	na	0.0	0.0	0.0	0.0	0.0	0.0	0.0
NUCB2	na	0.0	0.0	0.0	0.0	0.0	0.0	0.0
AC124798.1	na	0.0	0.0	0.0	0.0	0.0	0.0	0.0
KCNJ11	na	0.0	0.0	0.0	0.0	0.0	0.0	0.0
ABCC8	na	0.0	0.0	0.0	0.0	0.0	0.0	0.0
SERGEF	na	0.0	0.0	0.0	0.0	0.0	0.0	0.0
SAAL1	na	0.0	0.0	0.0	0.0	0.0	0.0	0.0
SAA1	na	0.0	0.0	0.0	0.0	0.0	0.0	0.0
HPS5	na	0.0	0.0	0.0	0.0	0.0	0.0	0.0
GTF2H1	na	0.0	0.0	0.0	0.0	0.0	0.0	0.0
LDHA	na	0.12471249139888228	0.36958126180690504	0.02419790492660822	0.13455381653919793	0.12608956846019054	0.33283305561478876	0.31878802035412396
LDHC	na	0.0	0.0	0.0	0.0	0.0	0.0	0.0
TSG101	na	0.0	0.0	0.0	0.0	0.0	0.0	0.0
UEVLD	na	0.0	0.0	0.0	0.0	0.0	0.0	0.0
SPTY2D1OS	na	0.0	0.0	0.0	0.0	0.0	0.0	0.0
SPTY2D1	na	0.0	0.0	0.0	0.0	0.0	0.0	0.0
TMEM86A	na	0.0	0.0	0.0	0.0	0.0	0.0	0.0
ZDHHC13	na	0.0	0.0	0.0	0.0	0.0	0.0	0.0
E2F8	na	0.0	0.0	0.0	0.0	0.0	0.0	0.0
NAV2	na	0.0	0.0	0.0	0.0	0.0	0.0	0.0
HTATIP2	na	0.0	0.0	0.0	0.0	0.0	0.0	0.0
PRMT3	na	0.0	0.0	0.0	0.0	0.0	0.0	0.0
FANCF	na	0.0	0.0	0.0	0.0	0.0	0.0	0.0
SVIP	na	0.0	0.0	0.0	0.0	0.0	0.0	0.0
FIBIN	na	0.0	0.0	0.0	0.0	0.0	0.0	0.0
CCDC34	na	0.0	0.0	0.0	0.0	0.0	0.0	0.0
LGR4	na	0.0	0.0	0.0	0.0	0.0	0.0	0.0
LIN7C	na	0.0	0.0	0.0	0.0	0.0	0.0	0.0
KIF18A	na	0.0	0.0	0.0	0.0	0.0	0.0	0.0
METTL15	na	0.0	0.0	0.0	0.0	0.0	0.0	0.0
ARL14EP	na	0.0	0.0	0.0	0.0	0.0	0.0	0.0
DNAJC24	na	0.0	0.0	0.0	0.0	0.0	0.0	0.0
IMMP1L	na	0.0	0.0	0.0	0.0	0.0	0.0	0.0
ELP4	na	0.0	0.0	0.0	0.0	0.0	0.0	0.0
RCN1	na	0.0	0.0	0.0	0.0	0.0	0.0	0.0
WT1	na	0.0	0.0	0.0	0.0	0.0	0.0	0.0
EIF3M	na	0.045445929011090784	0.08226237761596689	0.04299854171621415	0.05244329746915553	0.04993565508376883	0.07256703066981562	0.09697527402105577
PRRG4	na	0.0	0.0	0.0	0.0	0.0	0.0	0.0
QSER1	na	0.0	0.0	0.0	0.0	0.0	0.0	0.0
TCP11L1	na	0.0	0.0	0.0	0.0	0.0	0.0	0.0
LINC00294	na	0.0	0.0	0.0	0.0	0.0	0.0	0.0
CSTF3	na	0.0	0.0	0.0	0.0	0.0	0.0	0.0
HIPK3	na	0.0	0.0	0.0	0.0	0.0	0.0	0.0
KIAA1549L	na	0.0	0.0	0.0	0.0	0.0	0.0	0.0
CD59	na	0.053072193312921755	0.08195399056731807	0.05494471774384767	0.04867526108722722	0.050733548156420415	0.07296841983290685	0.09603846539126747
FBXO3	na	0.0	0.0	0.0	0.0	0.0	0.0	0.0
LMO2	na	0.0	0.0	0.0	0.0	0.0	0.0	0.0
CAPRIN1	na	0.0497239534522034	0.08227004520787486	0.043249206995309486	0.05483219587149177	0.04892627568792188	0.0677463757961278	0.08577367706324952
NAT10	na	0.0	0.0	0.0	0.0	0.0	0.0	0.0
ABTB2	na	0.0	0.0	0.0	0.0	0.0	0.0	0.0
CAT	na	0.0	0.0	0.0	0.0	0.0	0.0	0.0
ELF5	na	0.0	0.0	0.0	0.0	0.0	0.0	0.0
EHF	na	0.0	0.0	0.0	0.0	0.0	0.0	0.0
APIP	na	0.0	0.0	0.0	0.0	0.0	0.0	0.0
PDHX	na	0.0	0.0	0.0	0.0	0.0	0.0	0.0
CD44	na	0.038548506453004325	0.08159496244416549	0.04303973063643734	0.04443800354967299	0.04750876898932799	0.08334858848625935	0.08339539869451308
SLC1A2	na	0.0	0.0	0.0	0.0	0.0	0.0	0.0
FJX1	na	0.0	0.0	0.0	0.0	0.0	0.0	0.0
TRIM44	na	0.0	0.0	0.0	0.0	0.0	0.0	0.0
LDLRAD3	na	0.0	0.0	0.0	0.0	0.0	0.0	0.0
COMMD9	na	0.0	0.0	0.0	0.0	0.0	0.0	0.0
PRR5L	na	0.0	0.0	0.0	0.0	0.0	0.0	0.0
TRAF6	na	0.0	0.0	0.0	0.0	0.0	0.0	0.0
C11orf74	na	0.0	0.0	0.0	0.0	0.0	0.0	0.0
API5	na	0.0	0.0	0.0	0.0	0.0	0.0	0.0
TTC17	na	0.0	0.0	0.0	0.0	0.0	0.0	0.0
HSD17B12	na	0.0	0.0	0.0	0.0	0.0	0.0	0.0
ALKBH3	na	0.0	0.0	0.0	0.0	0.0	0.0	0.0
C11orf96	na	0.0	0.0	0.0	0.0	0.0	0.0	0.0
ACCS	na	0.0	0.0	0.0	0.0	0.0	0.0	0.0
EXT2	na	0.0	0.0	0.0	0.0	0.0	0.0	0.0
CD82	na	0.0	0.0	0.0	0.0	0.0	0.0	0.0
TSPAN18	na	0.0	0.0	0.0	0.0	0.0	0.0	0.0
TP53I11	na	0.060267482798668226	0.07813786420481021	0.06677076025154552	0.05199403494934813	0.05451118849854877	0.0770535364695087	0.10217981123140916
PRDM11	na	0.0	0.0	0.0	0.0	0.0	0.0	0.0
CHST1	na	0.053845870362859316	0.06284189901222038	0.04971146697521431	0.041193755788607594	0.046524857471909625	0.06395891874596166	0.08688947903166401
SLC35C1	na	0.0	0.0	0.0	0.0	0.0	0.0	0.0
CRY2	na	0.0	0.0	0.0	0.0	0.0	0.0	0.0
MAPK8IP1	na	0.0	0.0	0.0	0.0	0.0	0.0	0.0
PEX16	na	0.0	0.0	0.0	0.0	0.0	0.0	0.0
LARGE2	na	0.0	0.0	0.0	0.0	0.0	0.0	0.0
PHF21A	na	0.0	0.0	0.0	0.0	0.0	0.0	0.0
LINC02489	na	0.0	0.0	0.0	0.0	0.0	0.0	0.0
CREB3L1	na	0.0	0.0	0.0	0.0	0.0	0.0	0.0
DGKZ	na	0.0	0.0	0.0	0.0	0.0	0.0	0.0
MDK	na	0.21753286345709982	0.4946280728069445	0.04559912992768131	0.17560885587835215	0.1683167729068202	0.435083571973445	0.408387769706866
AMBRA1	na	0.0	0.0	0.0	0.0	0.0	0.0	0.0
HARBI1	na	0.0	0.0	0.0	0.0	0.0	0.0	0.0
ATG13	na	0.0	0.0	0.0	0.0	0.0	0.0	0.0
ARHGAP1	na	0.06506955238379701	0.059742269344938356	0.05736311533741173	0.053319262374112206	0.05125076913948363	0.06285172509485207	0.08842148652725837
ZNF408	na	0.0	0.0	0.0	0.0	0.0	0.0	0.0
CKAP5	na	0.0	0.0	0.0	0.0	0.0	0.0	0.0
C11orf49	na	0.0	0.0	0.0	0.0	0.0	0.0	0.0
ARFGAP2	na	0.0	0.0	0.0	0.0	0.0	0.0	0.0
PACSIN3	na	0.0	0.0	0.0	0.0	0.0	0.0	0.0
DDB2	na	0.0	0.0	0.0	0.0	0.0	0.0	0.0
ACP2	na	0.0	0.0	0.0	0.0	0.0	0.0	0.0
NR1H3	na	0.0	0.0	0.0	0.0	0.0	0.0	0.0
MADD	na	0.0	0.0	0.0	0.0	0.0	0.0	0.0
SPI1	na	0.0	0.0	0.0	0.0	0.0	0.0	0.0
SLC39A13	na	0.0	0.0	0.0	0.0	0.0	0.0	0.0
PSMC3	na	0.04290517366480879	0.06714795748363422	0.05304991136867803	0.04971718929114296	0.045351466808498435	0.061117807268714484	0.078967934229542
CELF1	na	0.0	0.0	0.0	0.0	0.0	0.0	0.0
NDUFS3	na	0.046689539980649716	0.06916418563211682	0.04164054968590326	0.050767335029334976	0.0442719630399966	0.06349083637649736	0.08479466454079854
PTPMT1	na	0.0	0.0	0.0	0.0	0.0	0.0	0.0
KBTBD4	na	0.0	0.0	0.0	0.0	0.0	0.0	0.0
C1QTNF4	na	0.0	0.0	0.0	0.0	0.0	0.0	0.0
MTCH2	na	0.0	0.0	0.0	0.0	0.0	0.0	0.0
FNBP4	na	0.0	0.0	0.0	0.0	0.0	0.0	0.0
NUP160	na	0.0	0.0	0.0	0.0	0.0	0.0	0.0
PTPRJ	na	0.0	0.0	0.0	0.0	0.0	0.0	0.0
FOLH1	na	0.0	0.0	0.0	0.0	0.0	0.0	0.0
APLNR	na	0.0	0.0	0.0	0.0	0.0	0.0	0.0
TNKS1BP1	na	0.04690997131514288	0.06081899864007444	0.04953172146301518	0.0510813258274411	0.04561743114690676	0.05794229437249351	0.07370393357488225
SSRP1	na	0.03908296456140119	0.0504262313645905	0.043337507156996996	0.049991649090401984	0.04659484659605193	0.06589678556695883	0.07815584664834706
SLC43A3	na	0.0	0.0	0.0	0.0	0.0	0.0	0.0
RTN4RL2	na	0.0	0.0	0.0	0.0	0.0	0.0	0.0
SLC43A1	na	0.0	0.0	0.0	0.0	0.0	0.0	0.0
TIMM10	na	0.055555085171679015	0.09225225432417965	0.03862458297069183	0.052164922535188014	0.049849656598881485	0.08213469408002332	0.08349727467166793
UBE2L6	na	0.06989350072988991	0.09732796021649318	0.0359069988746279	0.06420974317663787	0.05200971000772001	0.08648328450649942	0.08082728302944153
SERPING1	na	0.0	0.0	0.0	0.0	0.0	0.0	0.0
CLP1	na	0.0	0.0	0.0	0.0	0.0	0.0	0.0
ZDHHC5	na	0.04083710062392855	0.05761628362064242	0.04608771534531138	0.0454810707618991	0.04252114316855557	0.06769293075504505	0.08620603268453492
MED19	na	0.0	0.0	0.0	0.0	0.0	0.0	0.0
TMX2	na	0.04009639667172098	0.07751219315768443	0.05449513419369572	0.054639688119512635	0.05163573935390026	0.0682691535904732	0.09449336524586177
SELENOH	na	0.13210688558670614	0.2504115164408084	0.06851811928242545	0.09320859491612363	0.09787832597289275	0.15831251786638206	0.20459057676597453
CTNND1	na	0.05727941625054311	0.06994703457058486	0.052352920336914056	0.05008284447983095	0.04930643965227443	0.07070418275788976	0.09331542240557258
LPXN	na	0.0	0.0	0.0	0.0	0.0	0.0	0.0
ZFP91	na	0.0	0.0	0.0	0.0	0.0	0.0	0.0
FAM111B	na	0.0	0.0	0.0	0.0	0.0	0.0	0.0
FAM111A-DT	na	0.0	0.0	0.0	0.0	0.0	0.0	0.0
FAM111A	na	0.0	0.0	0.0	0.0	0.0	0.0	0.0
DTX4	na	0.0	0.0	0.0	0.0	0.0	0.0	0.0
MPEG1	na	0.0	0.0	0.0	0.0	0.0	0.0	0.0
OSBP	na	0.0	0.0	0.0	0.0	0.0	0.0	0.0
PATL1	na	0.0	0.0	0.0	0.0	0.0	0.0	0.0
STX3	na	0.0	0.0	0.0	0.0	0.0	0.0	0.0
MRPL16	na	0.0	0.0	0.0	0.0	0.0	0.0	0.0
TCN1	na	0.0	0.0	0.0	0.0	0.0	0.0	0.0
MS4A6A	na	0.0	0.0	0.0	0.0	0.0	0.0	0.0
MS4A4A	na	0.0	0.0	0.0	0.0	0.0	0.0	0.0
MS4A7	na	0.0	0.0	0.0	0.0	0.0	0.0	0.0
MS4A14	na	0.0	0.0	0.0	0.0	0.0	0.0	0.0
CCDC86	na	0.0	0.0	0.0	0.0	0.0	0.0	0.0
ZP1	na	0.0	0.0	0.0	0.0	0.0	0.0	0.0
PRPF19	na	0.05298444318323073	0.06765277412569476	0.06244760402704021	0.041851698937277235	0.04897742167979754	0.0661259172285346	0.07901814522249367
TMEM109	na	0.061603184077845465	0.08475052851242494	0.05669076634218254	0.036667098295631195	0.04659456261121221	0.07719167038716498	0.08931678040870178
TMEM132A	na	0.08103842508435176	0.11531193751343775	0.0878626725360549	0.04803368014281883	0.07129996547928971	0.09315934774404176	0.14815756802169158
SLC15A3	na	0.0	0.0	0.0	0.0	0.0	0.0	0.0
CD6	na	0.0	0.0	0.0	0.0	0.0	0.0	0.0
CD5	na	0.0	0.0	0.0	0.0	0.0	0.0	0.0
VPS37C	na	0.054565522832188844	0.05588687790886823	0.0522901132580934	0.04587769894485126	0.04509002950295521	0.05981894464336515	0.08716020522355802
DDB1	na	0.0728358982950028	0.11650611494713793	0.06615188913866583	0.055839427981610616	0.06689383833452565	0.10337752634342519	0.12796012038644325
TKFC	na	0.05170415369008631	0.07147629438245026	0.047562315746736264	0.04404213215885604	0.045545889421006715	0.05607912487639275	0.08189428022160325
CYB561A3	na	0.0	0.0	0.0	0.0	0.0	0.0	0.0
TMEM138	na	0.0	0.0	0.0	0.0	0.0	0.0	0.0
TMEM216	na	0.0	0.0	0.0	0.0	0.0	0.0	0.0
CPSF7	na	0.0	0.0	0.0	0.0	0.0	0.0	0.0
SDHAF2	na	0.05032491469630456	0.07873183749946501	0.05135332493686884	0.040125388265010234	0.047409828953308614	0.06228104428866884	0.08120270438378556
PPP1R32	na	0.0	0.0	0.0	0.0	0.0	0.0	0.0
LRRC10B	na	0.0	0.0	0.0	0.0	0.0	0.0	0.0
SYT7	na	0.0	0.0	0.0	0.0	0.0	0.0	0.0
DAGLA	na	0.0	0.0	0.0	0.0	0.0	0.0	0.0
TMEM258	na	0.24116105847685967	0.6233980851743169	0.0021582589946115556	0.13865858532761247	0.161328012868539	0.4052317492288623	0.40641219921145566
FEN1	na	0.0	0.0	0.0	0.0	0.0	0.0	0.0
FADS2	na	0.041658797933128544	0.01644144811428116	0.08315832287150715	0.114592529108081	0.069463725399462	0.02521688471692078	0.05644965344850635
FADS1	na	0.0	0.0	0.0	0.0	0.0	0.0	0.0
FADS3	na	0.0	0.0	0.0	0.0	0.0	0.0	0.0
RAB3IL1	na	0.0	0.0	0.0	0.0	0.0	0.0	0.0
BEST1	na	0.0	0.0	0.0	0.0	0.0	0.0	0.0
FTH1	na	1.9369748969157166	5.083293429298994	0.00033557646739636524	0.6923888919094241	1.2217767315911081	4.0420118664282745	4.053474465696406
INCENP	na	0.0	0.0	0.0	0.0	0.0	0.0	0.0
SCGB2A1	na	0.0	0.0	0.0	0.0	0.0	0.0	0.0
AHNAK	na	0.0840940010546321	0.11971857392150279	0.0766098959043856	0.058824456517851835	0.07594389055827329	0.14763541379896014	0.1501214744406505
EEF1G	na	0.0	0.0	0.0	0.0	0.0	0.0	0.0
TUT1	na	0.0	0.0	0.0	0.0	0.0	0.0	0.0
MTA2	na	0.0	0.0	0.0	0.0	0.0	0.0	0.0
EML3	na	0.0	0.0	0.0	0.0	0.0	0.0	0.0
ROM1	na	0.0	0.0	0.0	0.0	0.0	0.0	0.0
B3GAT3	na	0.0	0.0	0.0	0.0	0.0	0.0	0.0
GANAB	na	0.0661954604246	0.05692644630400137	0.06722942311040424	0.06336840047796087	0.05807472694190094	0.08026232260449823	0.10061814929794137
INTS5	na	0.0	0.0	0.0	0.0	0.0	0.0	0.0
C11orf98	na	0.0	0.0	0.0	0.0	0.0	0.0	0.0
CSKMT	na	0.061270601908910254	0.12101595724545909	0.061691732357792656	0.05245639353209576	0.06342363084621544	0.12758329498867754	0.11845396632114603
UQCC3	na	0.07493566314566354	0.11936152726754591	0.047998588748818266	0.060235492609665486	0.06170239478647063	0.09394526029310553	0.12044259406901713
UBXN1	na	0.05378052761158398	0.0682763386770197	0.04368224805363892	0.04903420146951035	0.04570902510907135	0.06673104374388526	0.08275485723606149
BSCL2	na	0.0	0.0	0.0	0.0	0.0	0.0	0.0
HNRNPUL2	na	0.0	0.0	0.0	0.0	0.0	0.0	0.0
TTC9C	na	0.0	0.0	0.0	0.0	0.0	0.0	0.0
ZBTB3	na	0.0	0.0	0.0	0.0	0.0	0.0	0.0
POLR2G	na	0.05063563713390557	0.080313861714163	0.04031760055157727	0.05590344726004291	0.04809190432076996	0.06144540947856096	0.09199370207167747
TAF6L	na	0.0	0.0	0.0	0.0	0.0	0.0	0.0
TMEM223	na	0.0	0.0	0.0	0.0	0.0	0.0	0.0
AP001160.3	na	0.0	0.0	0.0	0.0	0.0	0.0	0.0
TMEM179B	na	0.04840339629493824	0.08636468016217339	0.03194940658844066	0.06233655836363999	0.04956794693222574	0.0764102975497975	0.08676791439998531
NXF1	na	0.0	0.0	0.0	0.0	0.0	0.0	0.0
STX5	na	0.0	0.0	0.0	0.0	0.0	0.0	0.0
WDR74	na	0.0	0.0	0.0	0.0	0.0	0.0	0.0
SLC3A2	na	0.06871365906388113	0.09426850288098086	0.06431414563697446	0.06863020955027618	0.06271344854852397	0.09203690106164103	0.10477018491257263
CHRM1	na	0.0	0.0	0.0	0.0	0.0	0.0	0.0
AP000438.1	na	0.0	0.0	0.0	0.0	0.0	0.0	0.0
RARRES3	na	0.10020637967251975	0.213125825690269	0.00897069721802901	0.10218547619938785	0.08302367058115939	0.20723722472799228	0.1663465843964976
HRASLS2	na	0.06220556453449304	0.10458254824121348	0.028188329269218357	0.07010550331090824	0.05755445452032104	0.10924349867500414	0.09781872304108366
PLA2G16	na	0.0	0.0	0.0	0.0	0.0	0.0	0.0
ATL3	na	0.05393295907680071	0.07929963147946205	0.0458385317472757	0.048311309626097594	0.04600427765766764	0.06396430789568931	0.07556519367973846
RTN3	na	0.09526494923018186	0.16447607919082066	0.07318312899659322	0.05930829069781681	0.08042600022058748	0.1546318294108395	0.18210168090971365
C11orf95	na	0.0	0.0	0.0	0.0	0.0	0.0	0.0
SPINDOC	na	0.0	0.0	0.0	0.0	0.0	0.0	0.0
MARK2	na	0.042715426532782416	0.04909116305255154	0.05224034591839052	0.0457885990034918	0.04635188555357948	0.06327563900978578	0.08111895773232476
RCOR2	na	0.0	0.0	0.0	0.0	0.0	0.0	0.0
NAA40	na	0.0	0.0	0.0	0.0	0.0	0.0	0.0
COX8A	na	0.32215527423017914	0.8447348195967163	0.058354414923123044	0.10485155862095058	0.23128705212554707	0.6438389864946569	0.6881885802417073
OTUB1	na	0.05142456059824364	0.10471725460212213	0.053909882950571274	0.057983997594966495	0.05910661681274485	0.07318314702679915	0.11842795233328872
MACROD1	na	0.0	0.0	0.0	0.0	0.0	0.0	0.0
STIP1	na	0.04947369390696108	0.08456005439767376	0.0621853804152684	0.03556990243866399	0.04972499519090494	0.07431244833321814	0.11396571400984111
FERMT3	na	0.0	0.0	0.0	0.0	0.0	0.0	0.0
TRPT1	na	0.056408754944378615	0.0944938348770742	0.035262548687877496	0.053261719028114746	0.049625978907076984	0.074195817786946	0.0885724428231236
NUDT22	na	0.0	0.0	0.0	0.0	0.0	0.0	0.0
DNAJC4	na	0.0	0.0	0.0	0.0	0.0	0.0	0.0
VEGFB	na	0.05234711419980171	0.08221588580818341	0.041826208443666135	0.04022494159231157	0.05202103676866188	0.07732314534279629	0.09516289276838943
FKBP2	na	0.05636702514306214	0.09626101841718704	0.05953871285523516	0.0659066363447521	0.06066518327673027	0.09424115096251999	0.11002072273757901
PPP1R14B	na	0.1390238968948209	0.22584530939927072	0.07134012263312912	0.045627170577939545	0.09425872934285046	0.21707124648030307	0.2579051508361498
AP001453.2	na	0.0	0.0	0.0	0.0	0.0	0.0	0.0
PLCB3	na	0.0	0.0	0.0	0.0	0.0	0.0	0.0
BAD	na	0.07751174006591334	0.0954116485901681	0.041023085728562926	0.05203891887451455	0.051527017597291516	0.08312840498936205	0.07738139213084344
GPR137	na	0.0	0.0	0.0	0.0	0.0	0.0	0.0
CATSPERZ	na	0.0	0.0	0.0	0.0	0.0	0.0	0.0
ESRRA	na	0.0	0.0	0.0	0.0	0.0	0.0	0.0
TRMT112	na	0.1823494664213917	0.3570105102012556	0.06854208486028007	0.0679567573903301	0.12111135373200237	0.26150769127583673	0.3241051552354972
PRDX5	na	0.16309716651510023	0.3252856493696457	0.04905012559143652	0.07493547441216022	0.11267904940324676	0.27011755993771774	0.2738694341455153
CCDC88B	na	0.0	0.0	0.0	0.0	0.0	0.0	0.0
RPS6KA4	na	0.0	0.0	0.0	0.0	0.0	0.0	0.0
NRXN2	na	0.0	0.0	0.0	0.0	0.0	0.0	0.0
RASGRP2	na	0.0	0.0	0.0	0.0	0.0	0.0	0.0
SF1	na	0.061758282680010775	0.05546635255915227	0.07108545043900193	0.061907070472561374	0.05674148388067999	0.06900256839629232	0.09050237162175163
MAP4K2	na	0.0	0.0	0.0	0.0	0.0	0.0	0.0
MEN1	na	0.0	0.0	0.0	0.0	0.0	0.0	0.0
CDC42BPG	na	0.0	0.0	0.0	0.0	0.0	0.0	0.0
EHD1	na	0.0	0.0	0.0	0.0	0.0	0.0	0.0
ATG2A	na	0.0	0.0	0.0	0.0	0.0	0.0	0.0
PPP2R5B	na	0.0	0.0	0.0	0.0	0.0	0.0	0.0
BATF2	na	0.0	0.0	0.0	0.0	0.0	0.0	0.0
ARL2	na	0.0	0.0	0.0	0.0	0.0	0.0	0.0
SNX15	na	0.0	0.0	0.0	0.0	0.0	0.0	0.0
SAC3D1	na	0.0	0.0	0.0	0.0	0.0	0.0	0.0
NAALADL1	na	0.0	0.0	0.0	0.0	0.0	0.0	0.0
CDCA5	na	0.0	0.0	0.0	0.0	0.0	0.0	0.0
ZFPL1	na	0.0	0.0	0.0	0.0	0.0	0.0	0.0
VPS51	na	0.0	0.0	0.0	0.0	0.0	0.0	0.0
TM7SF2	na	0.0	0.0	0.0	0.0	0.0	0.0	0.0
ZNHIT2	na	0.0	0.0	0.0	0.0	0.0	0.0	0.0
FAU	na	0.4313944934172629	1.1092296115768643	1.1573410583173792e-17	0.12091481795771768	0.2609348242657477	0.8236063181789623	0.8137230224939384
SYVN1	na	0.0	0.0	0.0	0.0	0.0	0.0	0.0
MRPL49	na	0.0	0.0	0.0	0.0	0.0	0.0	0.0
SPDYC	na	0.0	0.0	0.0	0.0	0.0	0.0	0.0
CAPN1	na	0.04510422178122489	0.06521421972268526	0.047350033043043006	0.04341194649843987	0.04314269748226849	0.06416269142663772	0.08337404290843686
POLA2	na	0.0	0.0	0.0	0.0	0.0	0.0	0.0
CDC42EP2	na	0.0	0.0	0.0	0.0	0.0	0.0	0.0
DPF2	na	0.0	0.0	0.0	0.0	0.0	0.0	0.0
TIGD3	na	0.0	0.0	0.0	0.0	0.0	0.0	0.0
SLC25A45	na	0.0	0.0	0.0	0.0	0.0	0.0	0.0
FRMD8	na	0.0	0.0	0.0	0.0	0.0	0.0	0.0
NEAT1	na	0.0456736711445146	0.06379054159218295	0.058409070363434755	0.046318457221413985	0.0511489990095208	0.0838803585710065	0.08511684223246209
MALAT1	na	0.20895004581860274	0.6817055161591892	0.013471715036854997	0.1600363584934533	0.23664612601130264	0.9977242822756293	0.588977299675082
SCYL1	na	0.0	0.0	0.0	0.0	0.0	0.0	0.0
LTBP3	na	0.0	0.0	0.0	0.0	0.0	0.0	0.0
SSSCA1	na	0.047399351744491974	0.07323146929575663	0.042745760048958435	0.05411330401770728	0.046851958644774025	0.06362632839637981	0.08109484047993805
FAM89B	na	0.06558507799747659	0.07117526640917952	0.05402767046458482	0.04205925726282218	0.048929543585103784	0.07079004898219399	0.09122540614197752
EHBP1L1	na	0.0	0.0	0.0	0.0	0.0	0.0	0.0
MAP3K11	na	0.05314218780447376	0.04789888967437779	0.054368519838240176	0.043582711727873126	0.044263599194925785	0.059777987430593184	0.07936617495915499
PCNX3	na	0.0	0.0	0.0	0.0	0.0	0.0	0.0
SIPA1	na	0.0	0.0	0.0	0.0	0.0	0.0	0.0
RELA	na	0.0	0.0	0.0	0.0	0.0	0.0	0.0
KAT5	na	0.0	0.0	0.0	0.0	0.0	0.0	0.0
RNASEH2C	na	0.06177957993726015	0.10023041006942768	0.04438953644867972	0.05919454207000881	0.05582525614551301	0.07767315484251863	0.10159818945817618
AP5B1	na	0.0	0.0	0.0	0.0	0.0	0.0	0.0
OVOL1	na	0.0	0.0	0.0	0.0	0.0	0.0	0.0
CFL1	na	0.4802826886344719	1.2106026307258326	0.2324543038653714	0.17098524697633383	0.3781078995967619	1.0452881536924343	1.0803835667097397
MUS81	na	0.0	0.0	0.0	0.0	0.0	0.0	0.0
EFEMP2	na	0.0	0.0	0.0	0.0	0.0	0.0	0.0
CTSW	na	0.0	0.0	0.0	0.0	0.0	0.0	0.0
FIBP	na	0.0	0.0	0.0	0.0	0.0	0.0	0.0
CCDC85B	na	0.03691986323260196	0.0599347502140048	0.05331401539240517	0.046211989180720336	0.04413208506428352	0.05947641137657292	0.08009738661565505
FOSL1	na	0.0	0.0	0.0	0.0	0.0	0.0	0.0
C11orf68	na	0.0	0.0	0.0	0.0	0.0	0.0	0.0
DRAP1	na	0.06853115699621438	0.1212287200386336	0.04865540164201777	0.047564521322031955	0.05966018060638615	0.09386633008247892	0.12531419465195642
SART1	na	0.0	0.0	0.0	0.0	0.0	0.0	0.0
EIF1AD	na	0.0	0.0	0.0	0.0	0.0	0.0	0.0
BANF1	na	0.1257871825330717	0.20730115186819184	0.05436006426758432	0.056625230855530125	0.08331393994156634	0.1410313963604682	0.18811140515226202
CST6	na	0.0	0.0	0.0	0.0	0.0	0.0	0.0
CATSPER1	na	0.0	0.0	0.0	0.0	0.0	0.0	0.0
SF3B2	na	0.06932157079877449	0.0895355627816257	0.06041341589637595	0.0654647274931177	0.06084539396008372	0.08353077747609086	0.11379243470719623
PACS1	na	0.0	0.0	0.0	0.0	0.0	0.0	0.0
KLC2	na	0.0	0.0	0.0	0.0	0.0	0.0	0.0
RAB1B	na	0.10616096430132417	0.12814012319857465	0.11915102842921013	0.05364055398638184	0.08699832988214168	0.14075009946937217	0.17733672445474086
AP001107.2	na	0.0	0.0	0.0	0.0	0.0	0.0	0.0
CNIH2	na	0.0	0.0	0.0	0.0	0.0	0.0	0.0
YIF1A	na	0.05848113381917107	0.07773465560769294	0.04776719871482108	0.05311810236383236	0.049233260027551025	0.08304173243321833	0.08378660930464686
CD248	na	0.0	0.0	0.0	0.0	0.0	0.0	0.0
RIN1	na	0.0	0.0	0.0	0.0	0.0	0.0	0.0
BRMS1	na	0.0	0.0	0.0	0.0	0.0	0.0	0.0
B4GAT1	na	0.0	0.0	0.0	0.0	0.0	0.0	0.0
AP001107.9	na	0.0	0.0	0.0	0.0	0.0	0.0	0.0
SLC29A2	na	0.0	0.0	0.0	0.0	0.0	0.0	0.0
MRPL11	na	0.0	0.0	0.0	0.0	0.0	0.0	0.0
PELI3	na	0.0	0.0	0.0	0.0	0.0	0.0	0.0
AP002748.3	na	0.0	0.0	0.0	0.0	0.0	0.0	0.0
DPP3	na	0.04836883235249757	0.06532629678238679	0.04434068515487147	0.0522558625796372	0.04626037049954041	0.06146036960924391	0.07279850092270154
BBS1	na	0.0	0.0	0.0	0.0	0.0	0.0	0.0
ZDHHC24	na	0.0	0.0	0.0	0.0	0.0	0.0	0.0
CTSF	na	0.0	0.0	0.0	0.0	0.0	0.0	0.0
CCS	na	0.0	0.0	0.0	0.0	0.0	0.0	0.0
RBM14	na	0.0	0.0	0.0	0.0	0.0	0.0	0.0
RBM4	na	0.0	0.0	0.0	0.0	0.0	0.0	0.0
RBM4B	na	0.0	0.0	0.0	0.0	0.0	0.0	0.0
AP001157.1	na	0.0	0.0	0.0	0.0	0.0	0.0	0.0
SPTBN2	na	0.0	0.0	0.0	0.0	0.0	0.0	0.0
C11orf80	na	0.0	0.0	0.0	0.0	0.0	0.0	0.0
RCE1	na	0.0	0.0	0.0	0.0	0.0	0.0	0.0
PC	na	0.0	0.0	0.0	0.0	0.0	0.0	0.0
LRFN4	na	0.0	0.0	0.0	0.0	0.0	0.0	0.0
SYT12	na	0.04503597405420116	0.04824998033647729	0.07803913716038649	0.0574305390361102	0.05411153575255956	0.05703883715050485	0.0849621288167554
RHOD	na	0.0	0.0	0.0	0.0	0.0	0.0	0.0
KDM2A	na	0.0	0.0	0.0	0.0	0.0	0.0	0.0
GRK2	na	0.053397065241299384	0.07263258106170477	0.05208706378938886	0.05303316690029673	0.048438253593417996	0.05938876039013503	0.08126034938927046
ANKRD13D	na	0.04265378722203998	0.053861714113927005	0.05057110589562864	0.05035122641478438	0.04345084505048862	0.059244294066391714	0.08108782854394916
SSH3	na	0.0	0.0	0.0	0.0	0.0	0.0	0.0
RAD9A	na	0.0	0.0	0.0	0.0	0.0	0.0	0.0
POLD4	na	0.0	0.0	0.0	0.0	0.0	0.0	0.0
CLCF1	na	0.0	0.0	0.0	0.0	0.0	0.0	0.0
AP003419.3	na	0.0	0.0	0.0	0.0	0.0	0.0	0.0
PPP1CA	na	0.0827729162895609	0.11820732887668049	0.08372899660500806	0.04333050049977207	0.0713816536849028	0.1275674214186629	0.15354565535537018
TBC1D10C	na	0.0	0.0	0.0	0.0	0.0	0.0	0.0
RPS6KB2	na	0.03192376850846597	0.07435437297284789	0.044261292406112214	0.06351996531377833	0.0502003321843761	0.06336363346505153	0.09403907809851862
CORO1B	na	0.0689904581903424	0.10903539195040135	0.049157066164644665	0.04355748317041819	0.05682530502810561	0.10228277229624652	0.10901101965610946
CABP4	na	0.0	0.0	0.0	0.0	0.0	0.0	0.0
TMEM134	na	0.0	0.0	0.0	0.0	0.0	0.0	0.0
AIP	na	0.0	0.0	0.0	0.0	0.0	0.0	0.0
PITPNM1	na	0.0	0.0	0.0	0.0	0.0	0.0	0.0
CDK2AP2	na	0.04233128222023584	0.06699463643534721	0.037915891619858394	0.0542209764154755	0.04639121975594353	0.06778745616514836	0.08017180215477987
GSTP1	na	0.0	0.0	0.0	0.0	0.0	0.0	0.0
NDUFV1	na	0.07066279611891926	0.08522578752604107	0.05065926277868465	0.06051846698209178	0.05829279919993004	0.08295558589606032	0.10322594570365902
NUDT8	na	0.0	0.0	0.0	0.0	0.0	0.0	0.0
TBX10	na	0.0	0.0	0.0	0.0	0.0	0.0	0.0
ALDH3B2	na	0.06764438711102297	0.07660051383408285	0.06950157998328058	0.049047289612054415	0.055072785048705275	0.05805775881127753	0.10614639738623995
UNC93B1	na	0.0	0.0	0.0	0.0	0.0	0.0	0.0
ALDH3B1	na	0.0	0.0	0.0	0.0	0.0	0.0	0.0
NDUFS8	na	0.1006050872113681	0.18280175204262183	0.046674028246102985	0.05940288862666451	0.07715309867738764	0.14196275033630998	0.15650437098856926
TCIRG1	na	0.0	0.0	0.0	0.0	0.0	0.0	0.0
AP002807.1	na	0.0	0.0	0.0	0.0	0.0	0.0	0.0
CHKA	na	0.0	0.0	0.0	0.0	0.0	0.0	0.0
KMT5B	na	0.0	0.0	0.0	0.0	0.0	0.0	0.0
C11orf24	na	0.0	0.0	0.0	0.0	0.0	0.0	0.0
LRP5	na	0.0	0.0	0.0	0.0	0.0	0.0	0.0
PPP6R3	na	0.0	0.0	0.0	0.0	0.0	0.0	0.0
GAL	na	0.0	0.0	0.0	0.0	0.0	0.0	0.0
TESMIN	na	0.0	0.0	0.0	0.0	0.0	0.0	0.0
CPT1A	na	0.0	0.0	0.0	0.0	0.0	0.0	0.0
AP000808.1	na	0.0	0.0	0.0	0.0	0.0	0.0	0.0
MRPL21	na	0.0	0.0	0.0	0.0	0.0	0.0	0.0
IGHMBP2	na	0.0	0.0	0.0	0.0	0.0	0.0	0.0
TPCN2	na	0.0	0.0	0.0	0.0	0.0	0.0	0.0
MYEOV	na	0.0	0.0	0.0	0.0	0.0	0.0	0.0
AP005233.2	na	0.0	0.0	0.0	0.0	0.0	0.0	0.0
AP000439.2	na	0.0	0.0	0.0	0.0	0.0	0.0	0.0
CCND1	na	0.07083591441895301	0.10125211393719812	0.084291289388058	0.07179172070376166	0.07095390910650218	0.07910888205343386	0.12288904634301358
ORAOV1	na	0.0	0.0	0.0	0.0	0.0	0.0	0.0
ANO1	na	0.0	0.0	0.0	0.0	0.0	0.0	0.0
FADD	na	0.0	0.0	0.0	0.0	0.0	0.0	0.0
PPFIA1	na	0.0	0.0	0.0	0.0	0.0	0.0	0.0
CTTN	na	0.05261233552198368	0.08112590394181533	0.06772164219749613	0.04707392015892642	0.05575701969761852	0.07504766530763433	0.11850634831547723
SHANK2	na	0.0	0.0	0.0	0.0	0.0	0.0	0.0
DHCR7	na	0.0	0.0	0.0	0.0	0.0	0.0	0.0
AP002387.2	na	0.0	0.0	0.0	0.0	0.0	0.0	0.0
NADSYN1	na	0.0	0.0	0.0	0.0	0.0	0.0	0.0
FAM86C1	na	0.0	0.0	0.0	0.0	0.0	0.0	0.0
AP002495.2	na	0.0	0.0	0.0	0.0	0.0	0.0	0.0
RNF121	na	0.0	0.0	0.0	0.0	0.0	0.0	0.0
IL18BP	na	0.0	0.0	0.0	0.0	0.0	0.0	0.0
NUMA1	na	0.06856291763311628	0.09521070639400897	0.07347567946776397	0.06833696918635276	0.0681640989323136	0.09485501477129182	0.12253544290840726
LRTOMT	na	0.0	0.0	0.0	0.0	0.0	0.0	0.0
LAMTOR1	na	0.09532447721656864	0.18053166428251102	0.055051745683428285	0.07624310601848469	0.07840221031180955	0.16764023834230768	0.14596127274567225
ANAPC15	na	0.0	0.0	0.0	0.0	0.0	0.0	0.0
FOLR1	na	0.0	0.0	0.0	0.0	0.0	0.0	0.0
FOLR2	na	0.0	0.0	0.0	0.0	0.0	0.0	0.0
INPPL1	na	0.051926770419149754	0.054764640279058724	0.05312214147935678	0.04908756252655665	0.049327514917524067	0.06230814089675673	0.08417373980577761
CLPB	na	0.0	0.0	0.0	0.0	0.0	0.0	0.0
PDE2A	na	0.0	0.0	0.0	0.0	0.0	0.0	0.0
ARAP1	na	0.0	0.0	0.0	0.0	0.0	0.0	0.0
STARD10	na	0.13303194951203556	0.20440968332738874	0.148885345234591	0.07706826246866598	0.11985515901565696	0.18227846911656073	0.2633955874403285
ATG16L2	na	0.0	0.0	0.0	0.0	0.0	0.0	0.0
FCHSD2	na	0.0	0.0	0.0	0.0	0.0	0.0	0.0
P2RY2	na	0.0	0.0	0.0	0.0	0.0	0.0	0.0
P2RY6	na	0.0	0.0	0.0	0.0	0.0	0.0	0.0
ARHGEF17	na	0.0	0.0	0.0	0.0	0.0	0.0	0.0
RELT	na	0.0	0.0	0.0	0.0	0.0	0.0	0.0
FAM168A	na	0.0	0.0	0.0	0.0	0.0	0.0	0.0
PLEKHB1	na	0.0	0.0	0.0	0.0	0.0	0.0	0.0
RAB6A	na	0.0641746928326072	0.08656947000923533	0.06394804578078382	0.035035488581158535	0.05907238498861343	0.08310500629842935	0.13264735447351686
MRPL48	na	0.0	0.0	0.0	0.0	0.0	0.0	0.0
COA4	na	0.060130611722916526	0.08530119985214926	0.03976074624400476	0.050917343036025256	0.04605925842023622	0.059732401803140094	0.08366986079756751
PAAF1	na	0.0	0.0	0.0	0.0	0.0	0.0	0.0
UCP2	na	0.04280636995018663	0.07591471462713209	0.06294111944709557	0.05030399031007786	0.0538543996753589	0.07707932963272232	0.10266175695489714
C2CD3	na	0.0	0.0	0.0	0.0	0.0	0.0	0.0
PPME1	na	0.0	0.0	0.0	0.0	0.0	0.0	0.0
P4HA3	na	0.0	0.0	0.0	0.0	0.0	0.0	0.0
PGM2L1	na	0.0	0.0	0.0	0.0	0.0	0.0	0.0
KCNE3	na	0.0	0.0	0.0	0.0	0.0	0.0	0.0
LIPT2	na	0.0	0.0	0.0	0.0	0.0	0.0	0.0
POLD3	na	0.0	0.0	0.0	0.0	0.0	0.0	0.0
RNF169	na	0.0	0.0	0.0	0.0	0.0	0.0	0.0
XRRA1	na	0.0	0.0	0.0	0.0	0.0	0.0	0.0
SPCS2	na	0.07450293940130365	0.10601519201294514	0.06566181802246483	0.04072343083147044	0.05751562808683747	0.11525361371888097	0.10504379234535874
NEU3	na	0.0	0.0	0.0	0.0	0.0	0.0	0.0
SLCO2B1	na	0.0	0.0	0.0	0.0	0.0	0.0	0.0
ARRB1	na	0.0	0.0	0.0	0.0	0.0	0.0	0.0
RPS3	na	0.764667230663693	1.9548181094393564	2.5019071361749574e-14	0.20637069417736228	0.4363811300819711	1.3522640090502014	1.472275626209238
KLHL35	na	0.0	0.0	0.0	0.0	0.0	0.0	0.0
GDPD5	na	0.0	0.0	0.0	0.0	0.0	0.0	0.0
SERPINH1	na	0.07090999013075432	0.12559278931312337	0.05692023342295783	0.05032814983230004	0.06603928336270824	0.12042518069075418	0.11509560970333411
DGAT2	na	0.0	0.0	0.0	0.0	0.0	0.0	0.0
UVRAG	na	0.0	0.0	0.0	0.0	0.0	0.0	0.0
WNT11	na	0.0	0.0	0.0	0.0	0.0	0.0	0.0
THAP12	na	0.0	0.0	0.0	0.0	0.0	0.0	0.0
AP002360.3	na	0.0	0.0	0.0	0.0	0.0	0.0	0.0
AP002360.1	na	0.0	0.0	0.0	0.0	0.0	0.0	0.0
EMSY	na	0.0	0.0	0.0	0.0	0.0	0.0	0.0
LRRC32	na	0.0	0.0	0.0	0.0	0.0	0.0	0.0
TSKU	na	0.0	0.0	0.0	0.0	0.0	0.0	0.0
ACER3	na	0.0	0.0	0.0	0.0	0.0	0.0	0.0
CAPN5	na	0.0	0.0	0.0	0.0	0.0	0.0	0.0
MYO7A	na	0.0	0.0	0.0	0.0	0.0	0.0	0.0
PAK1	na	0.0	0.0	0.0	0.0	0.0	0.0	0.0
CLNS1A	na	0.044117539183215655	0.07107751175275363	0.050127161313227274	0.04514089127197932	0.04554067079486392	0.05710296895628895	0.08771844332774646
AQP11	na	0.0	0.0	0.0	0.0	0.0	0.0	0.0
RSF1	na	0.0	0.0	0.0	0.0	0.0	0.0	0.0
AAMDC	na	0.0	0.0	0.0	0.0	0.0	0.0	0.0
INTS4	na	0.0	0.0	0.0	0.0	0.0	0.0	0.0
NDUFC2	na	0.14231353670327032	0.2892608867458456	0.07758153533877177	0.08257900897290905	0.11235800464116714	0.2695513905162846	0.2518822154120712
ALG8	na	0.0	0.0	0.0	0.0	0.0	0.0	0.0
KCTD21-AS1	na	0.0	0.0	0.0	0.0	0.0	0.0	0.0
KCTD21	na	0.0	0.0	0.0	0.0	0.0	0.0	0.0
USP35	na	0.0	0.0	0.0	0.0	0.0	0.0	0.0
GAB2	na	0.0	0.0	0.0	0.0	0.0	0.0	0.0
AP003086.1	na	0.0	0.0	0.0	0.0	0.0	0.0	0.0
NARS2	na	0.0	0.0	0.0	0.0	0.0	0.0	0.0
TENM4	na	0.0	0.0	0.0	0.0	0.0	0.0	0.0
PRCP	na	0.0	0.0	0.0	0.0	0.0	0.0	0.0
DDIAS	na	0.0	0.0	0.0	0.0	0.0	0.0	0.0
RAB30	na	0.0	0.0	0.0	0.0	0.0	0.0	0.0
RAB30-AS1	na	0.0	0.0	0.0	0.0	0.0	0.0	0.0
PCF11	na	0.0	0.0	0.0	0.0	0.0	0.0	0.0
PCF11-AS1	na	0.0	0.0	0.0	0.0	0.0	0.0	0.0
ANKRD42	na	0.0	0.0	0.0	0.0	0.0	0.0	0.0
CCDC90B	na	0.0	0.0	0.0	0.0	0.0	0.0	0.0
DLG2	na	0.0	0.0	0.0	0.0	0.0	0.0	0.0
TMEM126B	na	0.0	0.0	0.0	0.0	0.0	0.0	0.0
TMEM126A	na	0.0	0.0	0.0	0.0	0.0	0.0	0.0
CREBZF	na	0.04540621014365787	0.06383761213638042	0.05296519427494111	0.046699029258226464	0.04666156810057336	0.04520162522164878	0.07820648913296623
SYTL2	na	0.046853568851766544	0.04542289152464873	0.05816697442352139	0.060552730830004134	0.048175782944108195	0.03995208972200397	0.07740043080965718
CCDC83	na	0.0	0.0	0.0	0.0	0.0	0.0	0.0
PICALM	na	0.057194074216498136	0.060992967883811075	0.0505326393618622	0.04786811693677548	0.04262053378525127	0.04285757789128853	0.06653738161172079
EED	na	0.0	0.0	0.0	0.0	0.0	0.0	0.0
HIKESHI	na	0.0	0.0	0.0	0.0	0.0	0.0	0.0
CCDC81	na	0.0	0.0	0.0	0.0	0.0	0.0	0.0
ME3	na	0.0	0.0	0.0	0.0	0.0	0.0	0.0
PRSS23	na	0.0	0.0	0.0	0.0	0.0	0.0	0.0
AP001528.2	na	0.0	0.0	0.0	0.0	0.0	0.0	0.0
FZD4	na	0.0	0.0	0.0	0.0	0.0	0.0	0.0
TMEM135	na	0.0	0.0	0.0	0.0	0.0	0.0	0.0
CTSC	na	0.0	0.0	0.0	0.0	0.0	0.0	0.0
NOX4	na	0.0	0.0	0.0	0.0	0.0	0.0	0.0
CHORDC1	na	0.0	0.0	0.0	0.0	0.0	0.0	0.0
SLC36A4	na	0.0	0.0	0.0	0.0	0.0	0.0	0.0
SMCO4	na	0.0	0.0	0.0	0.0	0.0	0.0	0.0
CEP295	na	0.0	0.0	0.0	0.0	0.0	0.0	0.0
SCARNA9	na	0.0	0.0	0.0	0.0	0.0	0.0	0.0
TAF1D	na	0.0	0.0	0.0	0.0	0.0	0.0	0.0
C11orf54	na	0.0	0.0	0.0	0.0	0.0	0.0	0.0
MED17	na	0.0	0.0	0.0	0.0	0.0	0.0	0.0
PANX1	na	0.0	0.0	0.0	0.0	0.0	0.0	0.0
MRE11	na	0.0	0.0	0.0	0.0	0.0	0.0	0.0
ANKRD49	na	0.0	0.0	0.0	0.0	0.0	0.0	0.0
FUT4	na	0.0	0.0	0.0	0.0	0.0	0.0	0.0
AMOTL1	na	0.0	0.0	0.0	0.0	0.0	0.0	0.0
CWC15	na	0.0	0.0	0.0	0.0	0.0	0.0	0.0
SRSF8	na	0.0	0.0	0.0	0.0	0.0	0.0	0.0
ENDOD1	na	0.0	0.0	0.0	0.0	0.0	0.0	0.0
SESN3	na	0.0	0.0	0.0	0.0	0.0	0.0	0.0
FAM76B	na	0.0	0.0	0.0	0.0	0.0	0.0	0.0
CEP57	na	0.0	0.0	0.0	0.0	0.0	0.0	0.0
MTMR2	na	0.0	0.0	0.0	0.0	0.0	0.0	0.0
MAML2	na	0.0	0.0	0.0	0.0	0.0	0.0	0.0
CCDC82	na	0.0	0.0	0.0	0.0	0.0	0.0	0.0
JRKL	na	0.0	0.0	0.0	0.0	0.0	0.0	0.0
ARHGAP42	na	0.0	0.0	0.0	0.0	0.0	0.0	0.0
CEP126	na	0.0	0.0	0.0	0.0	0.0	0.0	0.0
YAP1	na	0.0	0.0	0.0	0.0	0.0	0.0	0.0
BIRC3	na	0.0	0.0	0.0	0.0	0.0	0.0	0.0
BIRC2	na	0.0	0.0	0.0	0.0	0.0	0.0	0.0
TMEM123	na	0.06311948312621232	0.1375246354729167	0.03622791385525235	0.06136228871358247	0.06564229191586411	0.15060984004483877	0.12016710475050651
MMP7	na	0.0	0.0	0.0	0.0	0.0	0.0	0.0
MMP1	na	0.0	0.0	0.0	0.0	0.0	0.0	0.0
MMP3	na	0.0	0.0	0.0	0.0	0.0	0.0	0.0
MMP13	na	0.0	0.0	0.0	0.0	0.0	0.0	0.0
DCUN1D5	na	0.0	0.0	0.0	0.0	0.0	0.0	0.0
DYNC2H1	na	0.0	0.0	0.0	0.0	0.0	0.0	0.0
PDGFD	na	0.0	0.0	0.0	0.0	0.0	0.0	0.0
CASP4	na	0.0	0.0	0.0	0.0	0.0	0.0	0.0
CASP1	na	0.0	0.0	0.0	0.0	0.0	0.0	0.0
CARD16	na	0.0	0.0	0.0	0.0	0.0	0.0	0.0
MSANTD4	na	0.0	0.0	0.0	0.0	0.0	0.0	0.0
KBTBD3	na	0.0	0.0	0.0	0.0	0.0	0.0	0.0
AASDHPPT	na	0.0	0.0	0.0	0.0	0.0	0.0	0.0
GUCY1A2	na	0.0	0.0	0.0	0.0	0.0	0.0	0.0
CWF19L2	na	0.0	0.0	0.0	0.0	0.0	0.0	0.0
ALKBH8	na	0.0	0.0	0.0	0.0	0.0	0.0	0.0
SLC35F2	na	0.0	0.0	0.0	0.0	0.0	0.0	0.0
CUL5	na	0.0	0.0	0.0	0.0	0.0	0.0	0.0
ACAT1	na	0.0	0.0	0.0	0.0	0.0	0.0	0.0
NPAT	na	0.0	0.0	0.0	0.0	0.0	0.0	0.0
ATM	na	0.0	0.0	0.0	0.0	0.0	0.0	0.0
KDELC2	na	0.0	0.0	0.0	0.0	0.0	0.0	0.0
EXPH5	na	0.0	0.0	0.0	0.0	0.0	0.0	0.0
DDX10	na	0.0	0.0	0.0	0.0	0.0	0.0	0.0
RDX	na	0.0	0.0	0.0	0.0	0.0	0.0	0.0
ZC3H12C	na	0.0	0.0	0.0	0.0	0.0	0.0	0.0
FDX1	na	0.0	0.0	0.0	0.0	0.0	0.0	0.0
COLCA1	na	0.0	0.0	0.0	0.0	0.0	0.0	0.0
COLCA2	na	0.0	0.0	0.0	0.0	0.0	0.0	0.0
POU2AF1	na	0.0	0.0	0.0	0.0	0.0	0.0	0.0
LAYN	na	0.0	0.0	0.0	0.0	0.0	0.0	0.0
SIK2	na	0.0	0.0	0.0	0.0	0.0	0.0	0.0
PPP2R1B	na	0.0	0.0	0.0	0.0	0.0	0.0	0.0
ALG9	na	0.0	0.0	0.0	0.0	0.0	0.0	0.0
FDXACB1	na	0.0	0.0	0.0	0.0	0.0	0.0	0.0
C11orf1	na	0.0	0.0	0.0	0.0	0.0	0.0	0.0
CRYAB	na	0.0	0.0	0.0	0.0	0.0	0.0	0.0
HSPB2	na	0.0	0.0	0.0	0.0	0.0	0.0	0.0
DIXDC1	na	0.0	0.0	0.0	0.0	0.0	0.0	0.0
DLAT	na	0.0	0.0	0.0	0.0	0.0	0.0	0.0
NKAPD1	na	0.0	0.0	0.0	0.0	0.0	0.0	0.0
TIMM8B	na	0.09031213167881677	0.20248308488439934	0.01830112324990802	0.07285506182025761	0.08176979621056472	0.15853698279004383	0.17465092167036567
SDHD	na	0.0	0.0	0.0	0.0	0.0	0.0	0.0
IL18	na	0.0	0.0	0.0	0.0	0.0	0.0	0.0
PTS	na	0.0	0.0	0.0	0.0	0.0	0.0	0.0
AP002884.1	na	0.0	0.0	0.0	0.0	0.0	0.0	0.0
TTC12	na	0.0	0.0	0.0	0.0	0.0	0.0	0.0
ZW10	na	0.0	0.0	0.0	0.0	0.0	0.0	0.0
USP28	na	0.0	0.0	0.0	0.0	0.0	0.0	0.0
NNMT	na	0.0	0.0	0.0	0.0	0.0	0.0	0.0
C11orf71	na	0.0	0.0	0.0	0.0	0.0	0.0	0.0
RBM7	na	0.0	0.0	0.0	0.0	0.0	0.0	0.0
REXO2	na	0.0	0.0	0.0	0.0	0.0	0.0	0.0
CADM1	na	0.0	0.0	0.0	0.0	0.0	0.0	0.0
LINC00900	na	0.0	0.0	0.0	0.0	0.0	0.0	0.0
BUD13	na	0.0	0.0	0.0	0.0	0.0	0.0	0.0
ZPR1	na	0.0	0.0	0.0	0.0	0.0	0.0	0.0
APOA1	na	0.0	0.0	0.0	0.0	0.0	0.0	0.0
SIK3	na	0.0	0.0	0.0	0.0	0.0	0.0	0.0
PAFAH1B2	na	0.0566905791538294	0.05922998470273814	0.054630425505334576	0.0575195837472598	0.05090025248725679	0.05531943718422365	0.08159297648749018
SIDT2	na	0.0	0.0	0.0	0.0	0.0	0.0	0.0
TAGLN	na	0.10615641476795477	0.27139258167113933	0.032595605904523435	0.041551402479466065	0.10247994928429256	0.23716783793669038	0.2104221026304492
PCSK7	na	0.0	0.0	0.0	0.0	0.0	0.0	0.0
RNF214	na	0.0	0.0	0.0	0.0	0.0	0.0	0.0
BACE1	na	0.0	0.0	0.0	0.0	0.0	0.0	0.0
BACE1-AS	na	0.0	0.0	0.0	0.0	0.0	0.0	0.0
CEP164	na	0.0	0.0	0.0	0.0	0.0	0.0	0.0
FXYD6	na	0.0	0.0	0.0	0.0	0.0	0.0	0.0
TMPRSS13	na	0.0	0.0	0.0	0.0	0.0	0.0	0.0
IL10RA	na	0.0	0.0	0.0	0.0	0.0	0.0	0.0
SCN4B	na	0.0	0.0	0.0	0.0	0.0	0.0	0.0
JAML	na	0.0	0.0	0.0	0.0	0.0	0.0	0.0
MPZL3	na	0.0	0.0	0.0	0.0	0.0	0.0	0.0
MPZL2	na	0.0	0.0	0.0	0.0	0.0	0.0	0.0
CD3E	na	0.0	0.0	0.0	0.0	0.0	0.0	0.0
CD3D	na	0.0	0.0	0.0	0.0	0.0	0.0	0.0
CD3G	na	0.0	0.0	0.0	0.0	0.0	0.0	0.0
UBE4A	na	0.0	0.0	0.0	0.0	0.0	0.0	0.0
AP001267.1	na	0.0	0.0	0.0	0.0	0.0	0.0	0.0
ATP5MG	na	0.2220935369907047	0.6184064672376177	5.953903543142507e-14	0.10154036755599732	0.15897203234936533	0.4486891987329	0.4372612378214517
KMT2A	na	0.0	0.0	0.0	0.0	0.0	0.0	0.0
TTC36	na	0.0	0.0	0.0	0.0	0.0	0.0	0.0
TMEM25	na	0.0	0.0	0.0	0.0	0.0	0.0	0.0
IFT46	na	0.0	0.0	0.0	0.0	0.0	0.0	0.0
ARCN1	na	0.0533565781238068	0.06196754758725061	0.046037223898004256	0.043320821711283354	0.04568198522835907	0.06795268426199809	0.08145350203456095
PHLDB1	na	0.0	0.0	0.0	0.0	0.0	0.0	0.0
DDX6	na	0.05171900683427837	0.05665364781282801	0.0629664918596088	0.051770980435352595	0.048250051997852844	0.06132116784339488	0.08425764374973028
AP004609.3	na	0.0	0.0	0.0	0.0	0.0	0.0	0.0
BCL9L	na	0.0	0.0	0.0	0.0	0.0	0.0	0.0
CCDC84	na	0.0	0.0	0.0	0.0	0.0	0.0	0.0
RPS25	na	0.597237416210127	1.9688204880316522	3.927348858355499e-19	0.06596952995955085	0.37468943000628324	1.4759530214082284	1.3547669592503537
TRAPPC4	na	0.066298686626304	0.07981338779926946	0.04197531978738663	0.046311350883318704	0.046328239424132354	0.06967498916901278	0.08156112390871174
SLC37A4	na	0.0	0.0	0.0	0.0	0.0	0.0	0.0
AP003392.3	na	0.0	0.0	0.0	0.0	0.0	0.0	0.0
HYOU1	na	0.0	0.0	0.0	0.0	0.0	0.0	0.0
AP003392.6	na	0.0	0.0	0.0	0.0	0.0	0.0	0.0
VPS11	na	0.0	0.0	0.0	0.0	0.0	0.0	0.0
HMBS	na	0.0	0.0	0.0	0.0	0.0	0.0	0.0
H2AFX	na	0.041689361698697816	0.06767143618075336	0.0515916622381915	0.04856032707396256	0.04610111145783796	0.07180185489066629	0.09285860727997336
DPAGT1	na	0.0	0.0	0.0	0.0	0.0	0.0	0.0
C2CD2L	na	0.0	0.0	0.0	0.0	0.0	0.0	0.0
HINFP	na	0.0	0.0	0.0	0.0	0.0	0.0	0.0
NLRX1	na	0.0	0.0	0.0	0.0	0.0	0.0	0.0
CCDC153	na	0.0	0.0	0.0	0.0	0.0	0.0	0.0
CBL	na	0.0	0.0	0.0	0.0	0.0	0.0	0.0
MCAM	na	0.0	0.0	0.0	0.0	0.0	0.0	0.0
RNF26	na	0.0	0.0	0.0	0.0	0.0	0.0	0.0
THY1	na	0.0	0.0	0.0	0.0	0.0	0.0	0.0
NECTIN1	na	0.0	0.0	0.0	0.0	0.0	0.0	0.0
TRIM29	na	0.0	0.0	0.0	0.0	0.0	0.0	0.0
OAF	na	0.0	0.0	0.0	0.0	0.0	0.0	0.0
POU2F3	na	0.0	0.0	0.0	0.0	0.0	0.0	0.0
TMEM136	na	0.0	0.0	0.0	0.0	0.0	0.0	0.0
ARHGEF12	na	0.04234829274093562	0.06629939831475974	0.0578781072479152	0.041187640050213	0.04862885767597235	0.06818128678465743	0.08931457304431609
GRIK4	na	0.0	0.0	0.0	0.0	0.0	0.0	0.0
TBCEL	na	0.0	0.0	0.0	0.0	0.0	0.0	0.0
SC5D	na	0.0	0.0	0.0	0.0	0.0	0.0	0.0
SORL1	na	0.0	0.0	0.0	0.0	0.0	0.0	0.0
UBASH3B	na	0.0	0.0	0.0	0.0	0.0	0.0	0.0
HSPA8	na	0.227788083380361	0.5818044075728795	2.882560856549995e-24	0.21871553945177227	0.16869085986256688	0.4848105513151102	0.3406461599236267
CLMP	na	0.0	0.0	0.0	0.0	0.0	0.0	0.0
GRAMD1B	na	0.0	0.0	0.0	0.0	0.0	0.0	0.0
ZNF202	na	0.0	0.0	0.0	0.0	0.0	0.0	0.0
VWA5A	na	0.0	0.0	0.0	0.0	0.0	0.0	0.0
TBRG1	na	0.0	0.0	0.0	0.0	0.0	0.0	0.0
SIAE	na	0.0	0.0	0.0	0.0	0.0	0.0	0.0
SPA17	na	0.0	0.0	0.0	0.0	0.0	0.0	0.0
NRGN	na	0.0	0.0	0.0	0.0	0.0	0.0	0.0
ESAM	na	0.0	0.0	0.0	0.0	0.0	0.0	0.0
AP000866.2	na	0.0	0.0	0.0	0.0	0.0	0.0	0.0
MSANTD2	na	0.0	0.0	0.0	0.0	0.0	0.0	0.0
ROBO3	na	0.0	0.0	0.0	0.0	0.0	0.0	0.0
ROBO4	na	0.0	0.0	0.0	0.0	0.0	0.0	0.0
CCDC15	na	0.0	0.0	0.0	0.0	0.0	0.0	0.0
SLC37A2	na	0.0	0.0	0.0	0.0	0.0	0.0	0.0
TMEM218	na	0.0	0.0	0.0	0.0	0.0	0.0	0.0
PKNOX2	na	0.0	0.0	0.0	0.0	0.0	0.0	0.0
FEZ1	na	0.0	0.0	0.0	0.0	0.0	0.0	0.0
EI24	na	0.061194395195568685	0.0768125670691708	0.04472064312156571	0.06408771236159223	0.052443373104776245	0.07259268255579329	0.09406818824448925
STT3A	na	0.042208927435675586	0.050958542259299834	0.05058819941362684	0.05199462229908289	0.0435629462854771	0.05203284968214598	0.08137655782930346
CHEK1	na	0.0	0.0	0.0	0.0	0.0	0.0	0.0
AP000842.3	na	0.0	0.0	0.0	0.0	0.0	0.0	0.0
HYLS1	na	0.0	0.0	0.0	0.0	0.0	0.0	0.0
PUS3	na	0.0	0.0	0.0	0.0	0.0	0.0	0.0
CDON	na	0.0	0.0	0.0	0.0	0.0	0.0	0.0
RPUSD4	na	0.0	0.0	0.0	0.0	0.0	0.0	0.0
FAM118B	na	0.0	0.0	0.0	0.0	0.0	0.0	0.0
SRPRA	na	0.05155886181761159	0.061135244840600636	0.051590466261104743	0.04882141924791566	0.04519800251488282	0.05894990216223987	0.0762904375795741
FOXRED1	na	0.0	0.0	0.0	0.0	0.0	0.0	0.0
TIRAP	na	0.0	0.0	0.0	0.0	0.0	0.0	0.0
AP001318.2	na	0.0	0.0	0.0	0.0	0.0	0.0	0.0
DCPS	na	0.0	0.0	0.0	0.0	0.0	0.0	0.0
GSEC	na	0.0	0.0	0.0	0.0	0.0	0.0	0.0
ST3GAL4	na	0.0	0.0	0.0	0.0	0.0	0.0	0.0
ETS1	na	0.0	0.0	0.0	0.0	0.0	0.0	0.0
FLI1	na	0.0	0.0	0.0	0.0	0.0	0.0	0.0
KCNJ5	na	0.0	0.0	0.0	0.0	0.0	0.0	0.0
C11orf45	na	0.0	0.0	0.0	0.0	0.0	0.0	0.0
ARHGAP32	na	0.0	0.0	0.0	0.0	0.0	0.0	0.0
BARX2	na	0.0	0.0	0.0	0.0	0.0	0.0	0.0
TMEM45B	na	0.0	0.0	0.0	0.0	0.0	0.0	0.0
NFRKB	na	0.0	0.0	0.0	0.0	0.0	0.0	0.0
PRDM10	na	0.0	0.0	0.0	0.0	0.0	0.0	0.0
APLP2	na	0.1409680656356952	0.26379241521515073	0.12806067944881058	0.07388837546476161	0.11954022730821674	0.1904731761154567	0.2707561223206456
ST14	na	0.06198923430628579	0.09467259136590857	0.06647605570445597	0.06549106560491683	0.06457098717756524	0.10605696168714107	0.13241391174689351
ZBTB44	na	0.0	0.0	0.0	0.0	0.0	0.0	0.0
ADAMTS15	na	0.0	0.0	0.0	0.0	0.0	0.0	0.0
AP003486.1	na	0.0	0.0	0.0	0.0	0.0	0.0	0.0
SNX19	na	0.0	0.0	0.0	0.0	0.0	0.0	0.0
NTM	na	0.0	0.0	0.0	0.0	0.0	0.0	0.0
AP000844.2	na	0.0	0.0	0.0	0.0	0.0	0.0	0.0
IGSF9B	na	0.0	0.0	0.0	0.0	0.0	0.0	0.0
AP000911.1	na	0.0	0.0	0.0	0.0	0.0	0.0	0.0
JAM3	na	0.0	0.0	0.0	0.0	0.0	0.0	0.0
NCAPD3	na	0.0	0.0	0.0	0.0	0.0	0.0	0.0
VPS26B	na	0.0	0.0	0.0	0.0	0.0	0.0	0.0
THYN1	na	0.0	0.0	0.0	0.0	0.0	0.0	0.0
ACAD8	na	0.0	0.0	0.0	0.0	0.0	0.0	0.0
GLB1L2	na	0.0	0.0	0.0	0.0	0.0	0.0	0.0
B3GAT1	na	0.0	0.0	0.0	0.0	0.0	0.0	0.0
ZMYND11	na	0.0	0.0	0.0	0.0	0.0	0.0	0.0
DIP2C	na	0.0	0.0	0.0	0.0	0.0	0.0	0.0
LARP4B	na	0.0	0.0	0.0	0.0	0.0	0.0	0.0
GTPBP4	na	0.0	0.0	0.0	0.0	0.0	0.0	0.0
IDI1	na	0.05075055457738808	0.10592041863947192	0.044695225923618125	0.041330533915355676	0.05400499766286188	0.0982697023807253	0.09223029535144138
WDR37	na	0.0	0.0	0.0	0.0	0.0	0.0	0.0
PFKP	na	0.0	0.0	0.0	0.0	0.0	0.0	0.0
PITRM1	na	0.0	0.0	0.0	0.0	0.0	0.0	0.0
KLF6	na	0.06152149098521439	0.0834089883241137	0.05175782041979743	0.03778577804741454	0.05379454549097597	0.09122941819975047	0.09986431290820832
AKR1E2	na	0.0	0.0	0.0	0.0	0.0	0.0	0.0
AKR1C3	na	0.0	0.0	0.0	0.0	0.0	0.0	0.0
NET1	na	0.055045754441998995	0.06645323172937155	0.0406406074929923	0.04834049727170701	0.04602482300308218	0.07603059296219153	0.07589767845534984
CALML5	na	0.31106069222439325	0.37167715758014014	0.2914066205430285	2.528598152303876e-18	0.18970136854535624	0.25991718473476316	0.6023581804701239
ASB13	na	0.0	0.0	0.0	0.0	0.0	0.0	0.0
FAM208B	na	0.0	0.0	0.0	0.0	0.0	0.0	0.0
GDI2	na	0.0812695350829532	0.1269388095475338	0.055248600370939836	0.0496189793326917	0.06426552642383397	0.13114342796488662	0.1411678653481975
ANKRD16	na	0.0	0.0	0.0	0.0	0.0	0.0	0.0
FBH1	na	0.0	0.0	0.0	0.0	0.0	0.0	0.0
AL137186.2	na	0.0	0.0	0.0	0.0	0.0	0.0	0.0
IL15RA	na	0.0	0.0	0.0	0.0	0.0	0.0	0.0
IL2RA	na	0.0	0.0	0.0	0.0	0.0	0.0	0.0
RBM17	na	0.0	0.0	0.0	0.0	0.0	0.0	0.0
PFKFB3	na	0.0	0.0	0.0	0.0	0.0	0.0	0.0
SFMBT2	na	0.0	0.0	0.0	0.0	0.0	0.0	0.0
KIN	na	0.0	0.0	0.0	0.0	0.0	0.0	0.0
ATP5F1C	na	0.09080685133005663	0.1670291307005598	0.03830824373191538	0.05314866392790657	0.06986759196866033	0.14009828209877012	0.1461051284831181
TAF3	na	0.0	0.0	0.0	0.0	0.0	0.0	0.0
GATA3	na	0.1769356899923176	0.29561103841341735	0.1307745119622694	0.06880127481134557	0.1372190693426524	0.2974539676087052	0.33823040164735546
GATA3-AS1	na	0.0	0.0	0.0	0.0	0.0	0.0	0.0
AC044784.1	na	0.0	0.0	0.0	0.0	0.0	0.0	0.0
CELF2	na	0.0	0.0	0.0	0.0	0.0	0.0	0.0
USP6NL	na	0.0	0.0	0.0	0.0	0.0	0.0	0.0
ECHDC3	na	0.0	0.0	0.0	0.0	0.0	0.0	0.0
PROSER2	na	0.0	0.0	0.0	0.0	0.0	0.0	0.0
UPF2	na	0.0	0.0	0.0	0.0	0.0	0.0	0.0
DHTKD1	na	0.0	0.0	0.0	0.0	0.0	0.0	0.0
SEC61A2	na	0.0	0.0	0.0	0.0	0.0	0.0	0.0
NUDT5	na	0.0	0.0	0.0	0.0	0.0	0.0	0.0
CDC123	na	0.0	0.0	0.0	0.0	0.0	0.0	0.0
CAMK1D	na	0.0	0.0	0.0	0.0	0.0	0.0	0.0
CCDC3	na	0.0	0.0	0.0	0.0	0.0	0.0	0.0
OPTN	na	0.0	0.0	0.0	0.0	0.0	0.0	0.0
MCM10	na	0.0	0.0	0.0	0.0	0.0	0.0	0.0
PHYH	na	0.0	0.0	0.0	0.0	0.0	0.0	0.0
SEPHS1	na	0.04342169020787641	0.07748853921379635	0.05681028375017602	0.045875386186291486	0.047923102362628714	0.06545793564559797	0.08355952988946638
BEND7	na	0.0	0.0	0.0	0.0	0.0	0.0	0.0
PRPF18	na	0.0	0.0	0.0	0.0	0.0	0.0	0.0
AL157392.5	na	0.0	0.0	0.0	0.0	0.0	0.0	0.0
FRMD4A	na	0.0	0.0	0.0	0.0	0.0	0.0	0.0
FAM107B	na	0.0	0.0	0.0	0.0	0.0	0.0	0.0
CDNF	na	0.0	0.0	0.0	0.0	0.0	0.0	0.0
HSPA14	na	0.0	0.0	0.0	0.0	0.0	0.0	0.0
HSPA14	na	0.0	0.0	0.0	0.0	0.0	0.0	0.0
AC069544.1	na	0.0	0.0	0.0	0.0	0.0	0.0	0.0
SUV39H2	na	0.0	0.0	0.0	0.0	0.0	0.0	0.0
DCLRE1C	na	0.0	0.0	0.0	0.0	0.0	0.0	0.0
RPP38	na	0.0	0.0	0.0	0.0	0.0	0.0	0.0
NMT2	na	0.0	0.0	0.0	0.0	0.0	0.0	0.0
FAM171A1	na	0.0	0.0	0.0	0.0	0.0	0.0	0.0
ITGA8	na	0.0	0.0	0.0	0.0	0.0	0.0	0.0
MINDY3	na	0.0	0.0	0.0	0.0	0.0	0.0	0.0
PTER	na	0.0	0.0	0.0	0.0	0.0	0.0	0.0
RSU1	na	0.0	0.0	0.0	0.0	0.0	0.0	0.0
TRDMT1	na	0.0	0.0	0.0	0.0	0.0	0.0	0.0
VIM	na	0.17442833498318627	0.5031074269464977	0.02009916159150015	0.03833214707643319	0.16274025013009102	0.5101107709400832	0.38738575982870305
ST8SIA6-AS1	na	0.056344178457373155	0.10524562663159447	0.04698889196431493	0.03993534804665445	0.05718134476497712	0.08584425860731437	0.11671632100258438
HACD1	na	0.0	0.0	0.0	0.0	0.0	0.0	0.0
STAM	na	0.0	0.0	0.0	0.0	0.0	0.0	0.0
MRC1	na	0.0	0.0	0.0	0.0	0.0	0.0	0.0
NSUN6	na	0.0	0.0	0.0	0.0	0.0	0.0	0.0
ARL5B	na	0.0	0.0	0.0	0.0	0.0	0.0	0.0
PLXDC2	na	0.0	0.0	0.0	0.0	0.0	0.0	0.0
NEBL	na	0.0	0.0	0.0	0.0	0.0	0.0	0.0
NEBL-AS1	na	0.0	0.0	0.0	0.0	0.0	0.0	0.0
MLLT10	na	0.0	0.0	0.0	0.0	0.0	0.0	0.0
DNAJC1	na	0.0	0.0	0.0	0.0	0.0	0.0	0.0
COMMD3	na	0.050169599222413735	0.12857321325099555	0.037978906165130194	0.06061598469993258	0.05542429293389356	0.09703520541727556	0.10196639551427866
BMI1	na	0.05262219646218062	0.07130576055211008	0.03903380017811736	0.06923011055061812	0.04614155652857131	0.05669249992147384	0.07844499731753395
PIP4K2A	na	0.0	0.0	0.0	0.0	0.0	0.0	0.0
ARMC3	na	0.0	0.0	0.0	0.0	0.0	0.0	0.0
MSRB2	na	0.05634927427185389	0.09551595193229433	0.033960973021000075	0.05561154016159277	0.052930916205798303	0.09784943905717679	0.08525189328922202
OTUD1	na	0.0	0.0	0.0	0.0	0.0	0.0	0.0
KIAA1217	na	0.04664973428416244	0.06260740660512337	0.05316229846619587	0.04564816430310248	0.0433244555239575	0.06312306745611833	0.07836763193037827
ARHGAP21	na	0.0	0.0	0.0	0.0	0.0	0.0	0.0
PRTFDC1	na	0.0	0.0	0.0	0.0	0.0	0.0	0.0
THNSL1	na	0.0	0.0	0.0	0.0	0.0	0.0	0.0
APBB1IP	na	0.0	0.0	0.0	0.0	0.0	0.0	0.0
PDSS1	na	0.0	0.0	0.0	0.0	0.0	0.0	0.0
ABI1	na	0.0	0.0	0.0	0.0	0.0	0.0	0.0
ANKRD26	na	0.0	0.0	0.0	0.0	0.0	0.0	0.0
YME1L1	na	0.06401935812591501	0.09905152057524866	0.042545411522252864	0.05045106321686751	0.05290468523897724	0.0805500418553411	0.09081311185708164
MASTL	na	0.0	0.0	0.0	0.0	0.0	0.0	0.0
ACBD5	na	0.0	0.0	0.0	0.0	0.0	0.0	0.0
RAB18	na	0.054018258460949584	0.07671659681267631	0.05255981136409147	0.0465151635782087	0.048931272530020525	0.0703816252747791	0.08501470466797646
MPP7	na	0.0	0.0	0.0	0.0	0.0	0.0	0.0
WAC-AS1	na	0.0	0.0	0.0	0.0	0.0	0.0	0.0
WAC	na	0.05052522128317638	0.08030247076436041	0.056558232929246686	0.047539937346036565	0.04770981786908812	0.059894672949277035	0.08184632970783627
BAMBI	na	0.0	0.0	0.0	0.0	0.0	0.0	0.0
SVIL	na	0.0	0.0	0.0	0.0	0.0	0.0	0.0
JCAD	na	0.0	0.0	0.0	0.0	0.0	0.0	0.0
MTPAP	na	0.0	0.0	0.0	0.0	0.0	0.0	0.0
MAP3K8	na	0.0	0.0	0.0	0.0	0.0	0.0	0.0
LYZL2	na	0.0	0.0	0.0	0.0	0.0	0.0	0.0
ZNF438	na	0.0	0.0	0.0	0.0	0.0	0.0	0.0
ZEB1-AS1	na	0.0	0.0	0.0	0.0	0.0	0.0	0.0
ZEB1	na	0.0	0.0	0.0	0.0	0.0	0.0	0.0
AL161935.3	na	0.0	0.0	0.0	0.0	0.0	0.0	0.0
ARHGAP12	na	0.0	0.0	0.0	0.0	0.0	0.0	0.0
KIF5B	na	0.06345427508802814	0.08230873036038815	0.049749756495468866	0.05273284304779352	0.0512857885920232	0.08975433188562522	0.09065799514985413
EPC1	na	0.0	0.0	0.0	0.0	0.0	0.0	0.0
CCDC7	na	0.0	0.0	0.0	0.0	0.0	0.0	0.0
ITGB1	na	0.1235706669983508	0.19457384098154643	0.06365754993675432	0.05038230948840368	0.08929199382706575	0.1799160118892421	0.19526205703175825
NRP1	na	0.0	0.0	0.0	0.0	0.0	0.0	0.0
PARD3	na	0.0	0.0	0.0	0.0	0.0	0.0	0.0
AL392046.2	na	0.0	0.0	0.0	0.0	0.0	0.0	0.0
CUL2	na	0.0	0.0	0.0	0.0	0.0	0.0	0.0
CREM	na	0.0	0.0	0.0	0.0	0.0	0.0	0.0
CCNY	na	0.0	0.0	0.0	0.0	0.0	0.0	0.0
FZD8	na	0.0	0.0	0.0	0.0	0.0	0.0	0.0
ANKRD30A	na	0.06524197749451326	0.0766848976922954	0.050464836226445924	0.03617334373116833	0.0494332159162787	0.06892685875487038	0.09275609831524578
ZNF248	na	0.0	0.0	0.0	0.0	0.0	0.0	0.0
ZNF25	na	0.0	0.0	0.0	0.0	0.0	0.0	0.0
ZNF33A	na	0.05560701639612407	0.05589531707274224	0.052342524205270476	0.054773151065667255	0.045924865346454645	0.05725056984353134	0.07205427039659078
ZNF37A	na	0.0	0.0	0.0	0.0	0.0	0.0	0.0
ZNF33B	na	0.0	0.0	0.0	0.0	0.0	0.0	0.0
BMS1	na	0.0	0.0	0.0	0.0	0.0	0.0	0.0
AL365199.1	na	0.0	0.0	0.0	0.0	0.0	0.0	0.0
RET	na	0.05051125879433033	0.07160957092440509	0.05954573800040016	0.05512269863943628	0.05345704054983815	0.08673226422720237	0.09495483203659374
CSGALNACT2	na	0.0	0.0	0.0	0.0	0.0	0.0	0.0
RASGEF1A	na	0.0	0.0	0.0	0.0	0.0	0.0	0.0
HNRNPF	na	0.08678016109353517	0.16927252268268228	0.05245445753832908	0.09739876286349618	0.0815869055202862	0.15350684410482535	0.15921331672772285
ZNF487	na	0.0	0.0	0.0	0.0	0.0	0.0	0.0
ZNF239	na	0.0	0.0	0.0	0.0	0.0	0.0	0.0
ZNF485	na	0.0	0.0	0.0	0.0	0.0	0.0	0.0
ZNF32	na	0.0	0.0	0.0	0.0	0.0	0.0	0.0
CXCL12	na	0.0	0.0	0.0	0.0	0.0	0.0	0.0
RASSF4	na	0.0	0.0	0.0	0.0	0.0	0.0	0.0
DEPP1	na	0.0	0.0	0.0	0.0	0.0	0.0	0.0
ZNF22	na	0.0	0.0	0.0	0.0	0.0	0.0	0.0
ALOX5	na	0.0	0.0	0.0	0.0	0.0	0.0	0.0
MARCH8	na	0.0	0.0	0.0	0.0	0.0	0.0	0.0
ZFAND4	na	0.0	0.0	0.0	0.0	0.0	0.0	0.0
WASHC2C	na	0.0	0.0	0.0	0.0	0.0	0.0	0.0
AGAP4	na	0.0	0.0	0.0	0.0	0.0	0.0	0.0
TIMM23	na	0.0	0.0	0.0	0.0	0.0	0.0	0.0
NCOA4	na	0.0	0.0	0.0	0.0	0.0	0.0	0.0
SYT15	na	0.0	0.0	0.0	0.0	0.0	0.0	0.0
PTPN20	na	0.0	0.0	0.0	0.0	0.0	0.0	0.0
AGAP9	na	0.0	0.0	0.0	0.0	0.0	0.0	0.0
MAPK8	na	0.0	0.0	0.0	0.0	0.0	0.0	0.0
ARHGAP22	na	0.0	0.0	0.0	0.0	0.0	0.0	0.0
WDFY4	na	0.0	0.0	0.0	0.0	0.0	0.0	0.0
VSTM4	na	0.0	0.0	0.0	0.0	0.0	0.0	0.0
TMEM273	na	0.0	0.0	0.0	0.0	0.0	0.0	0.0
AL138760.1	na	0.0	0.0	0.0	0.0	0.0	0.0	0.0
ERCC6	na	0.0	0.0	0.0	0.0	0.0	0.0	0.0
OGDHL	na	0.0	0.0	0.0	0.0	0.0	0.0	0.0
PARG	na	0.0	0.0	0.0	0.0	0.0	0.0	0.0
TIMM23B	na	0.0	0.0	0.0	0.0	0.0	0.0	0.0
AGAP6	na	0.0	0.0	0.0	0.0	0.0	0.0	0.0
WASHC2A	na	0.0	0.0	0.0	0.0	0.0	0.0	0.0
SGMS1	na	0.0	0.0	0.0	0.0	0.0	0.0	0.0
ASAH2B	na	0.0	0.0	0.0	0.0	0.0	0.0	0.0
PRKG1	na	0.0	0.0	0.0	0.0	0.0	0.0	0.0
CSTF2T	na	0.0	0.0	0.0	0.0	0.0	0.0	0.0
AC074327.1	na	0.0	0.0	0.0	0.0	0.0	0.0	0.0
ZWINT	na	0.0	0.0	0.0	0.0	0.0	0.0	0.0
IPMK	na	0.0	0.0	0.0	0.0	0.0	0.0	0.0
CISD1	na	0.0	0.0	0.0	0.0	0.0	0.0	0.0
UBE2D1	na	0.0	0.0	0.0	0.0	0.0	0.0	0.0
TFAM	na	0.0	0.0	0.0	0.0	0.0	0.0	0.0
BICC1	na	0.0	0.0	0.0	0.0	0.0	0.0	0.0
CCDC6	na	0.05468793188390861	0.07756773662186772	0.042106133454607154	0.040350964080682554	0.04858656526935719	0.08050629873402573	0.07925160056087911
ANK3	na	0.0	0.0	0.0	0.0	0.0	0.0	0.0
CDK1	na	0.0	0.0	0.0	0.0	0.0	0.0	0.0
RHOBTB1	na	0.0	0.0	0.0	0.0	0.0	0.0	0.0
ARID5B	na	0.0	0.0	0.0	0.0	0.0	0.0	0.0
RTKN2	na	0.0	0.0	0.0	0.0	0.0	0.0	0.0
ZNF365	na	0.0	0.0	0.0	0.0	0.0	0.0	0.0
ADO	na	0.0	0.0	0.0	0.0	0.0	0.0	0.0
EGR2	na	0.0	0.0	0.0	0.0	0.0	0.0	0.0
NRBF2	na	0.0	0.0	0.0	0.0	0.0	0.0	0.0
JMJD1C	na	0.0	0.0	0.0	0.0	0.0	0.0	0.0
REEP3	na	0.0	0.0	0.0	0.0	0.0	0.0	0.0
DNAJC12	na	0.049357878725082426	0.09629168577763315	0.05022000147294794	0.03573823329085661	0.05551607705353648	0.09115299208225389	0.10136983432263058
SIRT1	na	0.0	0.0	0.0	0.0	0.0	0.0	0.0
HERC4	na	0.0	0.0	0.0	0.0	0.0	0.0	0.0
PBLD	na	0.0	0.0	0.0	0.0	0.0	0.0	0.0
HNRNPH3	na	0.0529978586945122	0.08129800652688275	0.0536451133946315	0.04817726303155388	0.051378982661840274	0.07597829837816161	0.09340672214158278
RUFY2	na	0.0	0.0	0.0	0.0	0.0	0.0	0.0
DNA2	na	0.0	0.0	0.0	0.0	0.0	0.0	0.0
SLC25A16	na	0.0	0.0	0.0	0.0	0.0	0.0	0.0
TET1	na	0.0	0.0	0.0	0.0	0.0	0.0	0.0
CCAR1	na	0.046979106741601606	0.05723083461927449	0.04676393304638755	0.03817745148003327	0.04623369742206926	0.07380688626750632	0.07997249311512841
STOX1	na	0.0	0.0	0.0	0.0	0.0	0.0	0.0
DDX50	na	0.0	0.0	0.0	0.0	0.0	0.0	0.0
DDX21	na	0.0	0.0	0.0	0.0	0.0	0.0	0.0
KIF1BP	na	0.0	0.0	0.0	0.0	0.0	0.0	0.0
SRGN	na	0.0	0.0	0.0	0.0	0.0	0.0	0.0
VPS26A	na	0.0	0.0	0.0	0.0	0.0	0.0	0.0
SUPV3L1	na	0.0	0.0	0.0	0.0	0.0	0.0	0.0
HK1	na	0.05146566247774347	0.09709512431036503	0.041844167271820235	0.06125388193603564	0.05182736079194846	0.08269876038690285	0.09530778867672836
TACR2	na	0.0	0.0	0.0	0.0	0.0	0.0	0.0
TSPAN15	na	0.046173734929621534	0.07479002524569639	0.036983461820092475	0.04730902359121737	0.04648112599680071	0.10724054745135049	0.07724840842123472
FAM241B	na	0.0	0.0	0.0	0.0	0.0	0.0	0.0
COL13A1	na	0.0	0.0	0.0	0.0	0.0	0.0	0.0
H2AFY2	na	0.0	0.0	0.0	0.0	0.0	0.0	0.0
AIFM2	na	0.0	0.0	0.0	0.0	0.0	0.0	0.0
TYSND1	na	0.0	0.0	0.0	0.0	0.0	0.0	0.0
SAR1A	na	0.03908471872060324	0.05848425183204022	0.048481217475447	0.0527360321518006	0.04443176925547913	0.06386358953372516	0.07862130871350535
PPA1	na	0.0830604593517768	0.19176700916036254	0.023791441951250165	0.07610064741092777	0.07787011521165968	0.18057614924345486	0.15945358365204856
LRRC20	na	0.0	0.0	0.0	0.0	0.0	0.0	0.0
EIF4EBP2	na	0.044261650284492596	0.06390955494610831	0.045327812962044876	0.049240481658023416	0.04774572731746792	0.06896243278118934	0.08098649148929371
PALD1	na	0.0	0.0	0.0	0.0	0.0	0.0	0.0
PRF1	na	0.0	0.0	0.0	0.0	0.0	0.0	0.0
ADAMTS14	na	0.0	0.0	0.0	0.0	0.0	0.0	0.0
SGPL1	na	0.0	0.0	0.0	0.0	0.0	0.0	0.0
PCBD1	na	0.05560733375181149	0.11104551323978877	0.027554883416376914	0.05815782623094176	0.05167183543282629	0.09710029259503286	0.08611135540344762
UNC5B	na	0.0	0.0	0.0	0.0	0.0	0.0	0.0
UNC5B-AS1	na	0.0	0.0	0.0	0.0	0.0	0.0	0.0
SLC29A3	na	0.0	0.0	0.0	0.0	0.0	0.0	0.0
VSIR	na	0.0	0.0	0.0	0.0	0.0	0.0	0.0
PSAP	na	0.30792797235141073	0.617033391499687	0.16614453663424975	0.12902461067736393	0.23750139620241026	0.636632866532182	0.6505661225341163
CHST3	na	0.0	0.0	0.0	0.0	0.0	0.0	0.0
SPOCK2	na	0.0	0.0	0.0	0.0	0.0	0.0	0.0
ASCC1	na	0.0	0.0	0.0	0.0	0.0	0.0	0.0
ANAPC16	na	0.05266200922489689	0.07728808494392324	0.03969094463811628	0.05249727591395885	0.05032779671233403	0.07917312921812793	0.086516456190842
DDIT4	na	0.06485741016678236	0.07377491414656104	0.06662450766693082	0.07004675717698632	0.05950243129860197	0.07874994906411738	0.10237227219254313
DDIT4-AS1	na	0.0	0.0	0.0	0.0	0.0	0.0	0.0
DNAJB12	na	0.0	0.0	0.0	0.0	0.0	0.0	0.0
MICU1	na	0.0	0.0	0.0	0.0	0.0	0.0	0.0
MCU	na	0.0	0.0	0.0	0.0	0.0	0.0	0.0
P4HA1	na	0.0	0.0	0.0	0.0	0.0	0.0	0.0
NUDT13	na	0.0	0.0	0.0	0.0	0.0	0.0	0.0
AC016394.2	na	0.0	0.0	0.0	0.0	0.0	0.0	0.0
ECD	na	0.0	0.0	0.0	0.0	0.0	0.0	0.0
FAM149B1	na	0.0	0.0	0.0	0.0	0.0	0.0	0.0
DNAJC9	na	0.0	0.0	0.0	0.0	0.0	0.0	0.0
MRPS16	na	0.047670252328415715	0.07528973895359138	0.04417050602630392	0.04533657366089266	0.04847734429241272	0.06948654069221002	0.08512210400157934
AC016394.1	na	0.0	0.0	0.0	0.0	0.0	0.0	0.0
CFAP70	na	0.0	0.0	0.0	0.0	0.0	0.0	0.0
ANXA7	na	0.05826122540808953	0.09207658906013057	0.04294965727041176	0.05560021229909564	0.055524971288148074	0.08004069470037956	0.10541555442130317
MSS51	na	0.0	0.0	0.0	0.0	0.0	0.0	0.0
PPP3CB	na	0.0	0.0	0.0	0.0	0.0	0.0	0.0
USP54	na	0.0	0.0	0.0	0.0	0.0	0.0	0.0
AC073389.1	na	0.0	0.0	0.0	0.0	0.0	0.0	0.0
AC073389.3	na	0.0	0.0	0.0	0.0	0.0	0.0	0.0
AGAP5	na	0.0	0.0	0.0	0.0	0.0	0.0	0.0
SEC24C	na	0.0	0.0	0.0	0.0	0.0	0.0	0.0
FUT11	na	0.0	0.0	0.0	0.0	0.0	0.0	0.0
CHCHD1	na	0.061161399011585064	0.10494920369016493	0.05078725670772532	0.04345751381633877	0.052458842394280565	0.1046566782380307	0.09520960549492682
ZSWIM8	na	0.0	0.0	0.0	0.0	0.0	0.0	0.0
NDST2	na	0.0	0.0	0.0	0.0	0.0	0.0	0.0
CAMK2G	na	0.0	0.0	0.0	0.0	0.0	0.0	0.0
PLAU	na	0.0	0.0	0.0	0.0	0.0	0.0	0.0
VCL	na	0.0	0.0	0.0	0.0	0.0	0.0	0.0
AP3M1	na	0.0	0.0	0.0	0.0	0.0	0.0	0.0
ADK	na	0.0	0.0	0.0	0.0	0.0	0.0	0.0
KAT6B	na	0.0	0.0	0.0	0.0	0.0	0.0	0.0
SAMD8	na	0.0	0.0	0.0	0.0	0.0	0.0	0.0
VDAC2	na	0.06263228869822458	0.10971635697040702	0.03717871173576184	0.055333898803209	0.05130546579201592	0.0953779758651447	0.09066615293409207
COMTD1	na	0.0	0.0	0.0	0.0	0.0	0.0	0.0
ZNF503	na	0.0	0.0	0.0	0.0	0.0	0.0	0.0
ZNF503-AS2	na	0.0	0.0	0.0	0.0	0.0	0.0	0.0
LRMDA	na	0.0	0.0	0.0	0.0	0.0	0.0	0.0
KCNMA1	na	0.0	0.0	0.0	0.0	0.0	0.0	0.0
AL450306.1	na	0.0	0.0	0.0	0.0	0.0	0.0	0.0
DLG5	na	0.0	0.0	0.0	0.0	0.0	0.0	0.0
AL391421.1	na	0.0	0.0	0.0	0.0	0.0	0.0	0.0
POLR3A	na	0.0	0.0	0.0	0.0	0.0	0.0	0.0
RPS24	na	0.9885417855377392	2.807933252233663	8.627312843169083e-20	0.2030136992106277	0.584508020404228	2.2204799313206744	1.9325863138155517
ZMIZ1	na	0.04999603839231126	0.0736130406011583	0.055243024591927745	0.04668123474981135	0.048840948232752375	0.0780786256102072	0.08240834106081904
PPIF	na	0.0	0.0	0.0	0.0	0.0	0.0	0.0
ZCCHC24	na	0.0	0.0	0.0	0.0	0.0	0.0	0.0
EIF5AL1	na	0.0	0.0	0.0	0.0	0.0	0.0	0.0
NUTM2B-AS1	na	0.0	0.0	0.0	0.0	0.0	0.0	0.0
AL135925.1	na	0.0	0.0	0.0	0.0	0.0	0.0	0.0
TMEM254	na	0.0	0.0	0.0	0.0	0.0	0.0	0.0
PLAC9	na	0.0	0.0	0.0	0.0	0.0	0.0	0.0
ANXA11	na	0.04764053277064798	0.06656884492823603	0.05222340005910399	0.04151598770910817	0.04368352266985347	0.06320752673186955	0.0773442933914881
FAM213A	na	0.049518611399507036	0.08944518589770287	0.05057144252189734	0.048205505382371276	0.05184429270912195	0.08083784611553362	0.09579382719920143
TSPAN14	na	0.0	0.0	0.0	0.0	0.0	0.0	0.0
GHITM	na	0.09374944742533424	0.1452498645836962	0.057007760108461085	0.06923862382358491	0.07209766185365607	0.15059161025360351	0.1362663527829342
LINC00858	na	0.0	0.0	0.0	0.0	0.0	0.0	0.0
CCSER2	na	0.0	0.0	0.0	0.0	0.0	0.0	0.0
WAPL	na	0.0	0.0	0.0	0.0	0.0	0.0	0.0
BMPR1A	na	0.0	0.0	0.0	0.0	0.0	0.0	0.0
MMRN2	na	0.0	0.0	0.0	0.0	0.0	0.0	0.0
SNCG	na	0.0	0.0	0.0	0.0	0.0	0.0	0.0
ADIRF	na	0.04212845966152224	0.21837485544410057	1.4035267176615338e-19	0.09732208039519889	0.07035759484231514	0.23774482743751493	0.08419592228118006
GLUD1	na	0.040208470923744646	0.06647096523171446	0.05590706806517173	0.044667182092281134	0.04694709918150226	0.0586114993584182	0.08814430483554721
SHLD2	na	0.0	0.0	0.0	0.0	0.0	0.0	0.0
NUTM2A-AS1	na	0.0	0.0	0.0	0.0	0.0	0.0	0.0
MINPP1	na	0.0	0.0	0.0	0.0	0.0	0.0	0.0
AL138767.3	na	0.0	0.0	0.0	0.0	0.0	0.0	0.0
PAPSS2	na	0.06097961661763294	0.08083196163192859	0.04990049065144826	0.05028094239428553	0.052944424303269406	0.07695185126245156	0.08784003961775949
ATAD1	na	0.0	0.0	0.0	0.0	0.0	0.0	0.0
PTEN	na	0.0	0.0	0.0	0.0	0.0	0.0	0.0
RNLS	na	0.0	0.0	0.0	0.0	0.0	0.0	0.0
ANKRD22	na	0.0	0.0	0.0	0.0	0.0	0.0	0.0
STAMBPL1	na	0.0	0.0	0.0	0.0	0.0	0.0	0.0
ACTA2	na	0.0617528218800975	0.16136335934639479	0.053970798133933025	0.035404796337698066	0.0758106011145687	0.1467010765214431	0.15056445045270145
FAS	na	0.0	0.0	0.0	0.0	0.0	0.0	0.0
LIPA	na	0.0	0.0	0.0	0.0	0.0	0.0	0.0
IFIT2	na	0.0	0.0	0.0	0.0	0.0	0.0	0.0
IFIT3	na	0.0	0.0	0.0	0.0	0.0	0.0	0.0
IFIT1	na	0.0	0.0	0.0	0.0	0.0	0.0	0.0
IFIT5	na	0.0	0.0	0.0	0.0	0.0	0.0	0.0
PANK1	na	0.0	0.0	0.0	0.0	0.0	0.0	0.0
KIF20B	na	0.0	0.0	0.0	0.0	0.0	0.0	0.0
RPP30	na	0.0	0.0	0.0	0.0	0.0	0.0	0.0
PCGF5	na	0.0	0.0	0.0	0.0	0.0	0.0	0.0
HECTD2	na	0.0	0.0	0.0	0.0	0.0	0.0	0.0
PPP1R3C	na	0.0	0.0	0.0	0.0	0.0	0.0	0.0
TNKS2	na	0.0	0.0	0.0	0.0	0.0	0.0	0.0
FGFBP3	na	0.0	0.0	0.0	0.0	0.0	0.0	0.0
BTAF1	na	0.0	0.0	0.0	0.0	0.0	0.0	0.0
CPEB3	na	0.0	0.0	0.0	0.0	0.0	0.0	0.0
MARCH5	na	0.0	0.0	0.0	0.0	0.0	0.0	0.0
IDE	na	0.0	0.0	0.0	0.0	0.0	0.0	0.0
KIF11	na	0.0	0.0	0.0	0.0	0.0	0.0	0.0
HHEX	na	0.0	0.0	0.0	0.0	0.0	0.0	0.0
EXOC6	na	0.0	0.0	0.0	0.0	0.0	0.0	0.0
MYOF	na	0.0	0.0	0.0	0.0	0.0	0.0	0.0
CEP55	na	0.0	0.0	0.0	0.0	0.0	0.0	0.0
FFAR4	na	0.0	0.0	0.0	0.0	0.0	0.0	0.0
RBP4	na	0.0	0.0	0.0	0.0	0.0	0.0	0.0
FRA10AC1	na	0.0	0.0	0.0	0.0	0.0	0.0	0.0
SLC35G1	na	0.0	0.0	0.0	0.0	0.0	0.0	0.0
PLCE1	na	0.0	0.0	0.0	0.0	0.0	0.0	0.0
NOC3L	na	0.0	0.0	0.0	0.0	0.0	0.0	0.0
TBC1D12	na	0.0	0.0	0.0	0.0	0.0	0.0	0.0
HELLS	na	0.0	0.0	0.0	0.0	0.0	0.0	0.0
PDLIM1	na	0.05516513818212241	0.10226412235979195	0.037758601663002135	0.059645062551816314	0.05207317120753075	0.08646762464070708	0.09381214716808112
SORBS1	na	0.0	0.0	0.0	0.0	0.0	0.0	0.0
ALDH18A1	na	0.04590789023990231	0.06476619660055995	0.044793981756081076	0.04397354410768171	0.04805373245754342	0.06866096201372353	0.08238658265305597
TCTN3	na	0.0	0.0	0.0	0.0	0.0	0.0	0.0
ENTPD1	na	0.0	0.0	0.0	0.0	0.0	0.0	0.0
CCNJ	na	0.0	0.0	0.0	0.0	0.0	0.0	0.0
ZNF518A	na	0.0	0.0	0.0	0.0	0.0	0.0	0.0
BLNK	na	0.0	0.0	0.0	0.0	0.0	0.0	0.0
TM9SF3	na	0.06433612755989217	0.06777241415760095	0.06336997410075224	0.05943567087299217	0.05749551651213129	0.09023191501666122	0.10062410864628644
PIK3AP1	na	0.0	0.0	0.0	0.0	0.0	0.0	0.0
LCOR	na	0.0	0.0	0.0	0.0	0.0	0.0	0.0
ARHGAP19	na	0.0	0.0	0.0	0.0	0.0	0.0	0.0
FRAT1	na	0.0	0.0	0.0	0.0	0.0	0.0	0.0
FRAT2	na	0.0	0.0	0.0	0.0	0.0	0.0	0.0
RRP12	na	0.0	0.0	0.0	0.0	0.0	0.0	0.0
PGAM1	na	0.057987811682923	0.1495631164682162	0.043755897560591124	0.056515689406216624	0.06981498142472879	0.14483965473338872	0.1592584616864854
EXOSC1	na	0.0	0.0	0.0	0.0	0.0	0.0	0.0
ZDHHC16	na	0.0	0.0	0.0	0.0	0.0	0.0	0.0
MMS19	na	0.0	0.0	0.0	0.0	0.0	0.0	0.0
UBTD1	na	0.0	0.0	0.0	0.0	0.0	0.0	0.0
MORN4	na	0.0	0.0	0.0	0.0	0.0	0.0	0.0
PI4K2A	na	0.0	0.0	0.0	0.0	0.0	0.0	0.0
AVPI1	na	0.0	0.0	0.0	0.0	0.0	0.0	0.0
MARVELD1	na	0.0	0.0	0.0	0.0	0.0	0.0	0.0
ZFYVE27	na	0.0	0.0	0.0	0.0	0.0	0.0	0.0
R3HCC1L	na	0.0	0.0	0.0	0.0	0.0	0.0	0.0
PYROXD2	na	0.0	0.0	0.0	0.0	0.0	0.0	0.0
HPS1	na	0.0	0.0	0.0	0.0	0.0	0.0	0.0
GOT1	na	0.0	0.0	0.0	0.0	0.0	0.0	0.0
SLC25A28	na	0.0	0.0	0.0	0.0	0.0	0.0	0.0
ENTPD7	na	0.0	0.0	0.0	0.0	0.0	0.0	0.0
CUTC	na	0.0	0.0	0.0	0.0	0.0	0.0	0.0
COX15	na	0.0	0.0	0.0	0.0	0.0	0.0	0.0
DNMBP	na	0.0	0.0	0.0	0.0	0.0	0.0	0.0
ERLIN1	na	0.0	0.0	0.0	0.0	0.0	0.0	0.0
CHUK	na	0.0	0.0	0.0	0.0	0.0	0.0	0.0
CWF19L1	na	0.0	0.0	0.0	0.0	0.0	0.0	0.0
BLOC1S2	na	0.0	0.0	0.0	0.0	0.0	0.0	0.0
PKD2L1	na	0.0	0.0	0.0	0.0	0.0	0.0	0.0
SCD	na	0.059296055886688716	0.16259176883960558	7.221985053461049e-17	0.12308030972738328	0.07543648750078807	0.23965039189656878	0.10433063504699486
OLMALINC	na	0.0	0.0	0.0	0.0	0.0	0.0	0.0
SEC31B	na	0.0	0.0	0.0	0.0	0.0	0.0	0.0
NDUFB8	na	0.07103673381991325	0.1490605435756404	0.019496278052310946	0.07456199449888216	0.062484446162301865	0.12270115333381003	0.111290071536794
HIF1AN	na	0.0	0.0	0.0	0.0	0.0	0.0	0.0
PAX2	na	0.0	0.0	0.0	0.0	0.0	0.0	0.0
AL138762.1	na	0.0	0.0	0.0	0.0	0.0	0.0	0.0
SLF2	na	0.0	0.0	0.0	0.0	0.0	0.0	0.0
MRPL43	na	0.0	0.0	0.0	0.0	0.0	0.0	0.0
TWNK	na	0.0	0.0	0.0	0.0	0.0	0.0	0.0
LZTS2	na	0.0	0.0	0.0	0.0	0.0	0.0	0.0
PDZD7	na	0.0	0.0	0.0	0.0	0.0	0.0	0.0
SFXN3	na	0.0	0.0	0.0	0.0	0.0	0.0	0.0
AL133215.2	na	0.0	0.0	0.0	0.0	0.0	0.0	0.0
KAZALD1	na	0.0	0.0	0.0	0.0	0.0	0.0	0.0
BTRC	na	0.0	0.0	0.0	0.0	0.0	0.0	0.0
DPCD	na	0.0	0.0	0.0	0.0	0.0	0.0	0.0
POLL	na	0.0	0.0	0.0	0.0	0.0	0.0	0.0
FBXW4	na	0.0	0.0	0.0	0.0	0.0	0.0	0.0
NPM3	na	0.0	0.0	0.0	0.0	0.0	0.0	0.0
OGA	na	0.046684622992777085	0.08535751398909708	0.03926855492470163	0.061093077464625244	0.053317097851775776	0.08498166837671091	0.08908018595733373
ARMH3	na	0.0	0.0	0.0	0.0	0.0	0.0	0.0
HPS6	na	0.0	0.0	0.0	0.0	0.0	0.0	0.0
LDB1	na	0.0	0.0	0.0	0.0	0.0	0.0	0.0
PPRC1	na	0.0	0.0	0.0	0.0	0.0	0.0	0.0
NOLC1	na	0.0	0.0	0.0	0.0	0.0	0.0	0.0
GBF1	na	0.0	0.0	0.0	0.0	0.0	0.0	0.0
NFKB2	na	0.0	0.0	0.0	0.0	0.0	0.0	0.0
PSD	na	0.0	0.0	0.0	0.0	0.0	0.0	0.0
FBXL15	na	0.0	0.0	0.0	0.0	0.0	0.0	0.0
CUEDC2	na	0.0	0.0	0.0	0.0	0.0	0.0	0.0
MFSD13A	na	0.0	0.0	0.0	0.0	0.0	0.0	0.0
ACTR1A	na	0.0	0.0	0.0	0.0	0.0	0.0	0.0
SUFU	na	0.0	0.0	0.0	0.0	0.0	0.0	0.0
TRIM8	na	0.0	0.0	0.0	0.0	0.0	0.0	0.0
ARL3	na	0.0	0.0	0.0	0.0	0.0	0.0	0.0
SFXN2	na	0.0	0.0	0.0	0.0	0.0	0.0	0.0
WBP1L	na	0.0	0.0	0.0	0.0	0.0	0.0	0.0
CYP17A1-AS1	na	0.0	0.0	0.0	0.0	0.0	0.0	0.0
BORCS7	na	0.0	0.0	0.0	0.0	0.0	0.0	0.0
CNNM2	na	0.0	0.0	0.0	0.0	0.0	0.0	0.0
NT5C2	na	0.0	0.0	0.0	0.0	0.0	0.0	0.0
PCGF6	na	0.0	0.0	0.0	0.0	0.0	0.0	0.0
TAF5	na	0.0	0.0	0.0	0.0	0.0	0.0	0.0
ATP5MD	na	0.22523766593859723	0.7264123092074048	1.50987724823812e-23	0.10631104452179753	0.1774360842147492	0.5374394156414881	0.5242627364401858
PDCD11	na	0.0	0.0	0.0	0.0	0.0	0.0	0.0
CALHM2	na	0.0	0.0	0.0	0.0	0.0	0.0	0.0
SH3PXD2A	na	0.0	0.0	0.0	0.0	0.0	0.0	0.0
STN1	na	0.0	0.0	0.0	0.0	0.0	0.0	0.0
SLK	na	0.0	0.0	0.0	0.0	0.0	0.0	0.0
SFR1	na	0.0	0.0	0.0	0.0	0.0	0.0	0.0
CFAP43	na	0.0	0.0	0.0	0.0	0.0	0.0	0.0
GSTO1	na	0.043205010485115096	0.09088634435434592	0.0321959394617932	0.05666959453519156	0.05198060530216699	0.0720051311255753	0.09921091011660334
GSTO2	na	0.0	0.0	0.0	0.0	0.0	0.0	0.0
ITPRIP	na	0.0	0.0	0.0	0.0	0.0	0.0	0.0
XPNPEP1	na	0.0	0.0	0.0	0.0	0.0	0.0	0.0
ADD3	na	0.0	0.0	0.0	0.0	0.0	0.0	0.0
MXI1	na	0.0	0.0	0.0	0.0	0.0	0.0	0.0
SMNDC1	na	0.0	0.0	0.0	0.0	0.0	0.0	0.0
AL355512.1	na	0.0	0.0	0.0	0.0	0.0	0.0	0.0
DUSP5	na	0.0	0.0	0.0	0.0	0.0	0.0	0.0
SMC3	na	0.0	0.0	0.0	0.0	0.0	0.0	0.0
PDCD4	na	0.0	0.0	0.0	0.0	0.0	0.0	0.0
BBIP1	na	0.0	0.0	0.0	0.0	0.0	0.0	0.0
SHOC2	na	0.0	0.0	0.0	0.0	0.0	0.0	0.0
ADRA2A	na	0.0	0.0	0.0	0.0	0.0	0.0	0.0
GPAM	na	0.0	0.0	0.0	0.0	0.0	0.0	0.0
ACSL5	na	0.0	0.0	0.0	0.0	0.0	0.0	0.0
ZDHHC6	na	0.0	0.0	0.0	0.0	0.0	0.0	0.0
VTI1A	na	0.0	0.0	0.0	0.0	0.0	0.0	0.0
TCF7L2	na	0.0	0.0	0.0	0.0	0.0	0.0	0.0
HABP2	na	0.0	0.0	0.0	0.0	0.0	0.0	0.0
CASP7	na	0.0	0.0	0.0	0.0	0.0	0.0	0.0
PLEKHS1	na	0.0	0.0	0.0	0.0	0.0	0.0	0.0
DCLRE1A	na	0.0	0.0	0.0	0.0	0.0	0.0	0.0
NHLRC2	na	0.0	0.0	0.0	0.0	0.0	0.0	0.0
CCDC186	na	0.0	0.0	0.0	0.0	0.0	0.0	0.0
AFAP1L2	na	0.0	0.0	0.0	0.0	0.0	0.0	0.0
ABLIM1	na	0.0	0.0	0.0	0.0	0.0	0.0	0.0
FAM160B1	na	0.0	0.0	0.0	0.0	0.0	0.0	0.0
TRUB1	na	0.0	0.0	0.0	0.0	0.0	0.0	0.0
HSPA12A	na	0.0	0.0	0.0	0.0	0.0	0.0	0.0
SHTN1	na	0.0	0.0	0.0	0.0	0.0	0.0	0.0
PDZD8	na	0.0	0.0	0.0	0.0	0.0	0.0	0.0
RAB11FIP2	na	0.0	0.0	0.0	0.0	0.0	0.0	0.0
CASC2	na	0.0	0.0	0.0	0.0	0.0	0.0	0.0
FAM204A	na	0.0	0.0	0.0	0.0	0.0	0.0	0.0
CACUL1	na	0.0	0.0	0.0	0.0	0.0	0.0	0.0
NANOS1	na	0.0	0.0	0.0	0.0	0.0	0.0	0.0
EIF3A	na	0.054898450897096274	0.07730678218916869	0.05056186061761666	0.050026433678088636	0.05000752595429364	0.07661991906919821	0.09030491582517403
FAM45A	na	0.0	0.0	0.0	0.0	0.0	0.0	0.0
SFXN4	na	0.0	0.0	0.0	0.0	0.0	0.0	0.0
PRDX3	na	0.06228397256625215	0.1562954096312434	0.0467181591332773	0.05521334863916282	0.06915487941423173	0.11243920402530908	0.15247452630266306
GRK5	na	0.0	0.0	0.0	0.0	0.0	0.0	0.0
RGS10	na	0.05687617441097326	0.09006083260087823	0.03359711968110069	0.06138845393388877	0.05219890835164647	0.08131354147702965	0.10401784825209026
TIAL1	na	0.0	0.0	0.0	0.0	0.0	0.0	0.0
BAG3	na	0.0	0.0	0.0	0.0	0.0	0.0	0.0
INPP5F	na	0.0	0.0	0.0	0.0	0.0	0.0	0.0
MCMBP	na	0.0	0.0	0.0	0.0	0.0	0.0	0.0
SEC23IP	na	0.0	0.0	0.0	0.0	0.0	0.0	0.0
PLPP4	na	0.0	0.0	0.0	0.0	0.0	0.0	0.0
WDR11	na	0.0	0.0	0.0	0.0	0.0	0.0	0.0
AC010998.3	na	0.0	0.0	0.0	0.0	0.0	0.0	0.0
FGFR2	na	0.0	0.0	0.0	0.0	0.0	0.0	0.0
ATE1	na	0.0	0.0	0.0	0.0	0.0	0.0	0.0
NSMCE4A	na	0.0	0.0	0.0	0.0	0.0	0.0	0.0
TACC2	na	0.0	0.0	0.0	0.0	0.0	0.0	0.0
PLEKHA1	na	0.0	0.0	0.0	0.0	0.0	0.0	0.0
HTRA1	na	0.06511096921885014	0.10477704229044918	0.04816923490808735	0.0341349106805615	0.05887935328959514	0.13227014094702993	0.11932752814298812
C10orf88	na	0.0	0.0	0.0	0.0	0.0	0.0	0.0
PSTK	na	0.0	0.0	0.0	0.0	0.0	0.0	0.0
IKZF5	na	0.0	0.0	0.0	0.0	0.0	0.0	0.0
ACADSB	na	0.0	0.0	0.0	0.0	0.0	0.0	0.0
BUB3	na	0.05424061018376151	0.09081276956808473	0.047064857409087765	0.04778204120556317	0.049414173378141454	0.07771987821760358	0.08508640171366298
GPR26	na	0.0	0.0	0.0	0.0	0.0	0.0	0.0
CPXM2	na	0.0	0.0	0.0	0.0	0.0	0.0	0.0
CHST15	na	0.0	0.0	0.0	0.0	0.0	0.0	0.0
OAT	na	0.0	0.0	0.0	0.0	0.0	0.0	0.0
LHPP	na	0.0	0.0	0.0	0.0	0.0	0.0	0.0
FAM53B	na	0.0	0.0	0.0	0.0	0.0	0.0	0.0
EEF1AKMT2	na	0.0	0.0	0.0	0.0	0.0	0.0	0.0
ABRAXAS2	na	0.0	0.0	0.0	0.0	0.0	0.0	0.0
ZRANB1	na	0.0	0.0	0.0	0.0	0.0	0.0	0.0
CTBP2	na	0.05369692255061415	0.08616718930324654	0.045853040418597155	0.05241027697861473	0.05080052177427638	0.07987586906587671	0.10019203366391001
AL158835.1	na	0.0	0.0	0.0	0.0	0.0	0.0	0.0
EDRF1	na	0.0	0.0	0.0	0.0	0.0	0.0	0.0
UROS	na	0.0	0.0	0.0	0.0	0.0	0.0	0.0
BCCIP	na	0.0	0.0	0.0	0.0	0.0	0.0	0.0
DHX32	na	0.0	0.0	0.0	0.0	0.0	0.0	0.0
FANK1	na	0.0	0.0	0.0	0.0	0.0	0.0	0.0
ADAM12	na	0.0	0.0	0.0	0.0	0.0	0.0	0.0
DOCK1	na	0.0	0.0	0.0	0.0	0.0	0.0	0.0
PTPRE	na	0.0	0.0	0.0	0.0	0.0	0.0	0.0
MKI67	na	0.0	0.0	0.0	0.0	0.0	0.0	0.0
MGMT	na	0.0	0.0	0.0	0.0	0.0	0.0	0.0
C10orf143	na	0.0	0.0	0.0	0.0	0.0	0.0	0.0
GLRX3	na	0.0	0.0	0.0	0.0	0.0	0.0	0.0
PPP2R2D	na	0.0	0.0	0.0	0.0	0.0	0.0	0.0
BNIP3	na	0.06175722436581197	0.13415700843695474	0.025013766829720237	0.0833045506983706	0.06620721649113494	0.1057627388915123	0.1300671037386518
JAKMIP3	na	0.0	0.0	0.0	0.0	0.0	0.0	0.0
DPYSL4	na	0.0	0.0	0.0	0.0	0.0	0.0	0.0
STK32C	na	0.0	0.0	0.0	0.0	0.0	0.0	0.0
LRRC27	na	0.0	0.0	0.0	0.0	0.0	0.0	0.0
PWWP2B	na	0.0	0.0	0.0	0.0	0.0	0.0	0.0
AL451069.2	na	0.0	0.0	0.0	0.0	0.0	0.0	0.0
INPP5A	na	0.0	0.0	0.0	0.0	0.0	0.0	0.0
KNDC1	na	0.0	0.0	0.0	0.0	0.0	0.0	0.0
VENTX	na	0.0	0.0	0.0	0.0	0.0	0.0	0.0
ADAM8	na	0.0	0.0	0.0	0.0	0.0	0.0	0.0
TUBGCP2	na	0.0	0.0	0.0	0.0	0.0	0.0	0.0
ZNF511	na	0.0	0.0	0.0	0.0	0.0	0.0	0.0
FUOM	na	0.0	0.0	0.0	0.0	0.0	0.0	0.0
ECHS1	na	0.0621184923901713	0.11775732755552373	0.061485809109444706	0.046466158331317564	0.06353138075555122	0.11295663325064996	0.12570002444352718
PAOX	na	0.0	0.0	0.0	0.0	0.0	0.0	0.0
MTG1	na	0.0	0.0	0.0	0.0	0.0	0.0	0.0
SLC6A12	na	0.0	0.0	0.0	0.0	0.0	0.0	0.0
SLC6A13	na	0.0	0.0	0.0	0.0	0.0	0.0	0.0
KDM5A	na	0.0	0.0	0.0	0.0	0.0	0.0	0.0
CCDC77	na	0.0	0.0	0.0	0.0	0.0	0.0	0.0
B4GALNT3	na	0.0	0.0	0.0	0.0	0.0	0.0	0.0
NINJ2	na	0.0	0.0	0.0	0.0	0.0	0.0	0.0
AC021054.1	na	0.0	0.0	0.0	0.0	0.0	0.0	0.0
WNK1	na	0.05664944460398725	0.07419343623964815	0.05112977080380108	0.0470405338173744	0.047392686400462854	0.07870923049673724	0.0793414278699224
RAD52	na	0.0	0.0	0.0	0.0	0.0	0.0	0.0
AC004803.1	na	0.0	0.0	0.0	0.0	0.0	0.0	0.0
ERC1	na	0.0	0.0	0.0	0.0	0.0	0.0	0.0
WNT5B	na	0.0	0.0	0.0	0.0	0.0	0.0	0.0
ADIPOR2	na	0.0	0.0	0.0	0.0	0.0	0.0	0.0
CACNA2D4	na	0.0	0.0	0.0	0.0	0.0	0.0	0.0
LRTM2	na	0.0	0.0	0.0	0.0	0.0	0.0	0.0
LINC00940	na	0.0	0.0	0.0	0.0	0.0	0.0	0.0
DCP1B	na	0.0	0.0	0.0	0.0	0.0	0.0	0.0
CACNA1C	na	0.0	0.0	0.0	0.0	0.0	0.0	0.0
FKBP4	na	0.10528323115098007	0.21515742392107462	0.09219606928629087	0.10577093296212287	0.10724444065676018	0.19511873722172238	0.21082651064595695
ITFG2-AS1	na	0.0	0.0	0.0	0.0	0.0	0.0	0.0
ITFG2	na	0.0	0.0	0.0	0.0	0.0	0.0	0.0
FOXM1	na	0.0	0.0	0.0	0.0	0.0	0.0	0.0
RHNO1	na	0.0	0.0	0.0	0.0	0.0	0.0	0.0
TULP3	na	0.0	0.0	0.0	0.0	0.0	0.0	0.0
TEAD4	na	0.0	0.0	0.0	0.0	0.0	0.0	0.0
TSPAN9	na	0.04518977429129466	0.05328588669238127	0.0493537526453925	0.051035476644839727	0.04679588651039659	0.06652683139038529	0.08141311616091805
CRACR2A	na	0.0	0.0	0.0	0.0	0.0	0.0	0.0
PARP11	na	0.0	0.0	0.0	0.0	0.0	0.0	0.0
CCND2	na	0.0	0.0	0.0	0.0	0.0	0.0	0.0
TIGAR	na	0.0	0.0	0.0	0.0	0.0	0.0	0.0
C12orf4	na	0.0	0.0	0.0	0.0	0.0	0.0	0.0
RAD51AP1	na	0.0	0.0	0.0	0.0	0.0	0.0	0.0
DYRK4	na	0.0	0.0	0.0	0.0	0.0	0.0	0.0
NDUFA9	na	0.05351905973665669	0.08242180727530435	0.051298764231860604	0.049686066148373134	0.04997631246129153	0.08979907638221704	0.0939786153446632
ANO2	na	0.0	0.0	0.0	0.0	0.0	0.0	0.0
VWF	na	0.0	0.0	0.0	0.0	0.0	0.0	0.0
CD9	na	0.1618023618713069	0.3562468672039987	0.0793984462898087	0.09670727938486533	0.13202998612947048	0.30042212320706	0.29581070625965844
PLEKHG6	na	0.0	0.0	0.0	0.0	0.0	0.0	0.0
TNFRSF1A	na	0.05790410317639033	0.05661722299522683	0.04067540219067422	0.04851544622000758	0.04616567781079017	0.05586198035434309	0.07548244468866501
SCNN1A	na	0.0	0.0	0.0	0.0	0.0	0.0	0.0
LTBR	na	0.05627794595427622	0.055610138560770156	0.059715194037443214	0.05476369287960475	0.04844231055280643	0.0655995946240641	0.08049775866428509
AC005840.2	na	0.0	0.0	0.0	0.0	0.0	0.0	0.0
CD27	na	0.0	0.0	0.0	0.0	0.0	0.0	0.0
TAPBPL	na	0.0	0.0	0.0	0.0	0.0	0.0	0.0
VAMP1	na	0.0	0.0	0.0	0.0	0.0	0.0	0.0
AC005840.4	na	0.0	0.0	0.0	0.0	0.0	0.0	0.0
MRPL51	na	0.1372901691588143	0.243795316550499	0.043766393561667595	0.08171441729540126	0.09132703655556108	0.1755479388089945	0.18580831087682453
NCAPD2	na	0.0	0.0	0.0	0.0	0.0	0.0	0.0
GAPDH	na	1.1398314827847322	2.767368089810567	0.11347224835170158	0.4789062938219157	0.7522395489717799	2.3708302196999984	2.346926091409939
AC006064.4	na	0.0	0.0	0.0	0.0	0.0	0.0	0.0
IFFO1	na	0.0	0.0	0.0	0.0	0.0	0.0	0.0
NOP2	na	0.0	0.0	0.0	0.0	0.0	0.0	0.0
CHD4	na	0.05904900825944742	0.11320426124377429	0.0740246799147761	0.06164718345852309	0.06690671052934746	0.12035094930876931	0.13321944166623143
LPAR5	na	0.0	0.0	0.0	0.0	0.0	0.0	0.0
ACRBP	na	0.0	0.0	0.0	0.0	0.0	0.0	0.0
ING4	na	0.0	0.0	0.0	0.0	0.0	0.0	0.0
ZNF384	na	0.0	0.0	0.0	0.0	0.0	0.0	0.0
COPS7A	na	0.0	0.0	0.0	0.0	0.0	0.0	0.0
MLF2	na	0.09410476831361791	0.17534079402471367	0.08849088082953353	0.06552251219182452	0.09153604807219545	0.14177686483937868	0.20248154865367882
PTMS	na	0.16410405861196614	0.2401139465814752	0.14210793533865124	0.11886847657470467	0.14041509319212978	0.28625783160177576	0.29078508301418093
LAG3	na	0.0	0.0	0.0	0.0	0.0	0.0	0.0
CD4	na	0.0	0.0	0.0	0.0	0.0	0.0	0.0
P3H3	na	0.0	0.0	0.0	0.0	0.0	0.0	0.0
GNB3	na	0.0	0.0	0.0	0.0	0.0	0.0	0.0
CDCA3	na	0.0	0.0	0.0	0.0	0.0	0.0	0.0
USP5	na	0.060113583927634384	0.07244294161410303	0.06140376234050751	0.052160870239304734	0.052007192999004234	0.0736034965423141	0.0889347609174395
TPI1	na	0.2649470189244651	0.518484439436271	0.11075312267802437	0.17811526020072127	0.20511648817878222	0.4784188855074203	0.4987251057493647
SPSB2	na	0.0	0.0	0.0	0.0	0.0	0.0	0.0
LRRC23	na	0.0	0.0	0.0	0.0	0.0	0.0	0.0
ENO2	na	0.0	0.0	0.0	0.0	0.0	0.0	0.0
ATN1	na	0.047828581712468385	0.06582332009306444	0.07303422906365134	0.06501799872245034	0.055010768600658094	0.0631476520407353	0.0806696927625161
C12orf57	na	0.2580466347765703	0.5456064303773902	0.0275555994814202	0.13185310641401246	0.1687902605185386	0.4135602820299203	0.44468554398208204
U47924.2	na	0.0	0.0	0.0	0.0	0.0	0.0	0.0
PTPN6	na	0.0	0.0	0.0	0.0	0.0	0.0	0.0
MIR200CHG	na	0.0	0.0	0.0	0.0	0.0	0.0	0.0
PHB2	na	0.10160545714685185	0.16049026245188486	0.05935991791794758	0.06756411965300478	0.07884901494694918	0.15343225636102797	0.16219542480649207
EMG1	na	0.0	0.0	0.0	0.0	0.0	0.0	0.0
LPCAT3	na	0.05578689998192072	0.059659008442149074	0.05908333200930625	0.045483219578882766	0.049982386649828826	0.055604149752746704	0.07784739318523864
C1S	na	0.0	0.0	0.0	0.0	0.0	0.0	0.0
C1R	na	0.0	0.0	0.0	0.0	0.0	0.0	0.0
C1RL	na	0.0	0.0	0.0	0.0	0.0	0.0	0.0
CLSTN3	na	0.0	0.0	0.0	0.0	0.0	0.0	0.0
PEX5	na	0.0	0.0	0.0	0.0	0.0	0.0	0.0
CD163L1	na	0.0	0.0	0.0	0.0	0.0	0.0	0.0
CD163	na	0.0	0.0	0.0	0.0	0.0	0.0	0.0
SLC2A3	na	0.0	0.0	0.0	0.0	0.0	0.0	0.0
FOXJ2	na	0.0	0.0	0.0	0.0	0.0	0.0	0.0
C3AR1	na	0.0	0.0	0.0	0.0	0.0	0.0	0.0
NECAP1	na	0.0	0.0	0.0	0.0	0.0	0.0	0.0
CLEC4A	na	0.0	0.0	0.0	0.0	0.0	0.0	0.0
LINC00937	na	0.0	0.0	0.0	0.0	0.0	0.0	0.0
MFAP5	na	0.0	0.0	0.0	0.0	0.0	0.0	0.0
RIMKLB	na	0.0	0.0	0.0	0.0	0.0	0.0	0.0
A2ML1	na	0.0	0.0	0.0	0.0	0.0	0.0	0.0
PHC1	na	0.0	0.0	0.0	0.0	0.0	0.0	0.0
M6PR	na	0.056932069611660856	0.07433386383500264	0.046526699726585866	0.049643129851104785	0.049695167235662675	0.07001987558015456	0.08525700693501716
A2M	na	0.0814829025022577	0.19089007015853923	0.0610831908977204	0.030490121217259716	0.08694668549263708	0.18152212374840848	0.2028536724061808
KLRB1	na	0.0	0.0	0.0	0.0	0.0	0.0	0.0
CLEC2D	na	0.0	0.0	0.0	0.0	0.0	0.0	0.0
CLECL1	na	0.0	0.0	0.0	0.0	0.0	0.0	0.0
CD69	na	0.0	0.0	0.0	0.0	0.0	0.0	0.0
CLEC2B	na	0.0	0.0	0.0	0.0	0.0	0.0	0.0
CLEC7A	na	0.0	0.0	0.0	0.0	0.0	0.0	0.0
OLR1	na	0.0	0.0	0.0	0.0	0.0	0.0	0.0
TMEM52B	na	0.0	0.0	0.0	0.0	0.0	0.0	0.0
GABARAPL1	na	0.0	0.0	0.0	0.0	0.0	0.0	0.0
KLRD1	na	0.0	0.0	0.0	0.0	0.0	0.0	0.0
MAGOHB	na	0.0	0.0	0.0	0.0	0.0	0.0	0.0
YBX3	na	0.0	0.0	0.0	0.0	0.0	0.0	0.0
PRH1	na	0.0	0.0	0.0	0.0	0.0	0.0	0.0
TAS2R14	na	0.0	0.0	0.0	0.0	0.0	0.0	0.0
SMIM10L1	na	0.04386167391322874	0.07831152577138614	0.045757352411422314	0.045423973608858526	0.047290732418430646	0.06366709732311318	0.08227227888427847
LINC01252	na	0.0	0.0	0.0	0.0	0.0	0.0	0.0
ETV6	na	0.0	0.0	0.0	0.0	0.0	0.0	0.0
LRP6	na	0.0	0.0	0.0	0.0	0.0	0.0	0.0
MANSC1	na	0.0	0.0	0.0	0.0	0.0	0.0	0.0
LOH12CR2	na	0.0	0.0	0.0	0.0	0.0	0.0	0.0
BORCS5	na	0.0	0.0	0.0	0.0	0.0	0.0	0.0
DUSP16	na	0.0	0.0	0.0	0.0	0.0	0.0	0.0
CREBL2	na	0.0	0.0	0.0	0.0	0.0	0.0	0.0
CDKN1B	na	0.0	0.0	0.0	0.0	0.0	0.0	0.0
APOLD1	na	0.0	0.0	0.0	0.0	0.0	0.0	0.0
DDX47	na	0.0	0.0	0.0	0.0	0.0	0.0	0.0
GPRC5A	na	0.08632023242002586	0.1512696614918001	0.09511342667894007	0.05313280974893296	0.0815164593367798	0.1191951805551158	0.17621063749490476
GPRC5D-AS1	na	0.0	0.0	0.0	0.0	0.0	0.0	0.0
HEBP1	na	0.0	0.0	0.0	0.0	0.0	0.0	0.0
FAM234B	na	0.0	0.0	0.0	0.0	0.0	0.0	0.0
EMP1	na	0.0	0.0	0.0	0.0	0.0	0.0	0.0
ATF7IP	na	0.0	0.0	0.0	0.0	0.0	0.0	0.0
PLBD1	na	0.0462441703682807	0.05694188975609017	0.059010037229902626	0.043185834838163434	0.045444166704234956	0.051108321758311766	0.0870267600379604
HIST4H4	na	0.0	0.0	0.0	0.0	0.0	0.0	0.0
H2AFJ	na	0.4051695573255704	0.5440149089433142	0.31521106035429036	0.27556480910281134	0.2902418641943608	0.40678558977220025	0.6563784931534178
WBP11	na	0.05105854254894206	0.07343931649075562	0.046369485235748784	0.04406149021908995	0.045036613597739535	0.061951478949911744	0.08048867702546432
C12orf60	na	0.0	0.0	0.0	0.0	0.0	0.0	0.0
MGP	na	0.30681570003051184	0.5128152090532936	0.021840065282286852	0.2549917856359251	0.18809313240105405	0.4771311118240054	0.4870308804423724
ERP27	na	0.0	0.0	0.0	0.0	0.0	0.0	0.0
ARHGDIB	na	0.09549702633925884	0.23999159656444116	0.029450091020518047	0.07032130382060443	0.08938442568250883	0.21039336199814784	0.20238736513362304
RERG	na	0.0	0.0	0.0	0.0	0.0	0.0	0.0
PTPRO	na	0.0	0.0	0.0	0.0	0.0	0.0	0.0
EPS8	na	0.0	0.0	0.0	0.0	0.0	0.0	0.0
STRAP	na	0.07043544278771975	0.12287850819131463	0.042317425424367915	0.05401798949647292	0.060464763492801867	0.09838736944000623	0.11188088236576434
DERA	na	0.0	0.0	0.0	0.0	0.0	0.0	0.0
MGST1	na	0.21048314122933606	0.48117515452865917	0.04578962105734752	0.08559074015474531	0.13691898998375132	0.3535737085497803	0.3507472207392495
LMO3	na	0.0	0.0	0.0	0.0	0.0	0.0	0.0
PIK3C2G	na	0.0	0.0	0.0	0.0	0.0	0.0	0.0
PLEKHA5	na	0.0	0.0	0.0	0.0	0.0	0.0	0.0
AEBP2	na	0.0	0.0	0.0	0.0	0.0	0.0	0.0
PDE3A	na	0.0	0.0	0.0	0.0	0.0	0.0	0.0
PYROXD1	na	0.0	0.0	0.0	0.0	0.0	0.0	0.0
RECQL	na	0.0	0.0	0.0	0.0	0.0	0.0	0.0
GOLT1B	na	0.0	0.0	0.0	0.0	0.0	0.0	0.0
LDHB	na	0.0	0.0	0.0	0.0	0.0	0.0	0.0
KCNJ8	na	0.0	0.0	0.0	0.0	0.0	0.0	0.0
ABCC9	na	0.0	0.0	0.0	0.0	0.0	0.0	0.0
CMAS	na	0.0	0.0	0.0	0.0	0.0	0.0	0.0
C2CD5	na	0.0	0.0	0.0	0.0	0.0	0.0	0.0
ETNK1	na	0.0	0.0	0.0	0.0	0.0	0.0	0.0
BCAT1	na	0.0	0.0	0.0	0.0	0.0	0.0	0.0
LRMP	na	0.0	0.0	0.0	0.0	0.0	0.0	0.0
CASC1	na	0.0	0.0	0.0	0.0	0.0	0.0	0.0
ETFRF1	na	0.0	0.0	0.0	0.0	0.0	0.0	0.0
KRAS	na	0.0	0.0	0.0	0.0	0.0	0.0	0.0
AC087239.1	na	0.0	0.0	0.0	0.0	0.0	0.0	0.0
RASSF8	na	0.0	0.0	0.0	0.0	0.0	0.0	0.0
BHLHE41	na	0.0	0.0	0.0	0.0	0.0	0.0	0.0
SSPN	na	0.0	0.0	0.0	0.0	0.0	0.0	0.0
ITPR2	na	0.0	0.0	0.0	0.0	0.0	0.0	0.0
INTS13	na	0.0	0.0	0.0	0.0	0.0	0.0	0.0
FGFR1OP2	na	0.0	0.0	0.0	0.0	0.0	0.0	0.0
TM7SF3	na	0.0	0.0	0.0	0.0	0.0	0.0	0.0
MED21	na	0.0	0.0	0.0	0.0	0.0	0.0	0.0
AC092747.4	na	0.0	0.0	0.0	0.0	0.0	0.0	0.0
STK38L	na	0.0	0.0	0.0	0.0	0.0	0.0	0.0
ARNTL2	na	0.0	0.0	0.0	0.0	0.0	0.0	0.0
PPFIBP1	na	0.0	0.0	0.0	0.0	0.0	0.0	0.0
MRPS35	na	0.054978192022583694	0.10134743882864024	0.03545749800234459	0.05517780100108053	0.05229760644159299	0.08487539222653509	0.09560188720862794
KLHL42	na	0.0	0.0	0.0	0.0	0.0	0.0	0.0
PTHLH	na	0.0	0.0	0.0	0.0	0.0	0.0	0.0
CCDC91	na	0.0	0.0	0.0	0.0	0.0	0.0	0.0
AC022364.1	na	0.0	0.0	0.0	0.0	0.0	0.0	0.0
FAR2	na	0.0	0.0	0.0	0.0	0.0	0.0	0.0
AC009318.2	na	0.0	0.0	0.0	0.0	0.0	0.0	0.0
ERGIC2	na	0.0	0.0	0.0	0.0	0.0	0.0	0.0
TMTC1	na	0.0	0.0	0.0	0.0	0.0	0.0	0.0
IPO8	na	0.0	0.0	0.0	0.0	0.0	0.0	0.0
CAPRIN2	na	0.0	0.0	0.0	0.0	0.0	0.0	0.0
DDX11	na	0.0	0.0	0.0	0.0	0.0	0.0	0.0
SINHCAF	na	0.0	0.0	0.0	0.0	0.0	0.0	0.0
DENND5B	na	0.0	0.0	0.0	0.0	0.0	0.0	0.0
ETFBKMT	na	0.0	0.0	0.0	0.0	0.0	0.0	0.0
AMN1	na	0.0	0.0	0.0	0.0	0.0	0.0	0.0
AC023157.3	na	0.0	0.0	0.0	0.0	0.0	0.0	0.0
KIAA1551	na	0.0	0.0	0.0	0.0	0.0	0.0	0.0
AC016957.2	na	0.0	0.0	0.0	0.0	0.0	0.0	0.0
BICD1	na	0.0	0.0	0.0	0.0	0.0	0.0	0.0
FGD4	na	0.0	0.0	0.0	0.0	0.0	0.0	0.0
DNM1L	na	0.0	0.0	0.0	0.0	0.0	0.0	0.0
YARS2	na	0.0	0.0	0.0	0.0	0.0	0.0	0.0
PKP2	na	0.0	0.0	0.0	0.0	0.0	0.0	0.0
ALG10	na	0.0	0.0	0.0	0.0	0.0	0.0	0.0
ALG10B	na	0.0	0.0	0.0	0.0	0.0	0.0	0.0
CPNE8	na	0.0	0.0	0.0	0.0	0.0	0.0	0.0
KIF21A	na	0.0	0.0	0.0	0.0	0.0	0.0	0.0
SLC2A13	na	0.0	0.0	0.0	0.0	0.0	0.0	0.0
LRRK2	na	0.0	0.0	0.0	0.0	0.0	0.0	0.0
CNTN1	na	0.0	0.0	0.0	0.0	0.0	0.0	0.0
GXYLT1	na	0.0	0.0	0.0	0.0	0.0	0.0	0.0
YAF2	na	0.0	0.0	0.0	0.0	0.0	0.0	0.0
PPHLN1	na	0.0	0.0	0.0	0.0	0.0	0.0	0.0
ZCRB1	na	0.0	0.0	0.0	0.0	0.0	0.0	0.0
PRICKLE1	na	0.0	0.0	0.0	0.0	0.0	0.0	0.0
PUS7L	na	0.0	0.0	0.0	0.0	0.0	0.0	0.0
IRAK4	na	0.0	0.0	0.0	0.0	0.0	0.0	0.0
TWF1	na	0.0	0.0	0.0	0.0	0.0	0.0	0.0
TMEM117	na	0.0	0.0	0.0	0.0	0.0	0.0	0.0
ANO6	na	0.0	0.0	0.0	0.0	0.0	0.0	0.0
AC008124.1	na	0.0	0.0	0.0	0.0	0.0	0.0	0.0
ARID2	na	0.0	0.0	0.0	0.0	0.0	0.0	0.0
SCAF11	na	0.0	0.0	0.0	0.0	0.0	0.0	0.0
SLC38A1	na	0.08725219518198452	0.14013614870803395	0.0773081647542817	0.05378166987431172	0.07296807142945537	0.10452640353332875	0.13043030086482785
SLC38A2	na	0.06342351162531337	0.10214384430331097	0.07673079083886866	0.04746898001062075	0.05761741609763389	0.09743035429597424	0.11480109174553899
AC008014.1	na	0.0	0.0	0.0	0.0	0.0	0.0	0.0
AC008035.1	na	0.0	0.0	0.0	0.0	0.0	0.0	0.0
AMIGO2	na	0.0	0.0	0.0	0.0	0.0	0.0	0.0
PCED1B	na	0.0	0.0	0.0	0.0	0.0	0.0	0.0
RPAP3	na	0.0	0.0	0.0	0.0	0.0	0.0	0.0
RAPGEF3	na	0.0	0.0	0.0	0.0	0.0	0.0	0.0
SLC48A1	na	0.0	0.0	0.0	0.0	0.0	0.0	0.0
HDAC7	na	0.0	0.0	0.0	0.0	0.0	0.0	0.0
VDR	na	0.0	0.0	0.0	0.0	0.0	0.0	0.0
TMEM106C	na	0.049379517471617514	0.0846190098313145	0.04816108794089567	0.06643896362971798	0.05485432067505667	0.07175889267313058	0.09165963327860735
SENP1	na	0.0	0.0	0.0	0.0	0.0	0.0	0.0
PFKM	na	0.0	0.0	0.0	0.0	0.0	0.0	0.0
ASB8	na	0.0	0.0	0.0	0.0	0.0	0.0	0.0
ZNF641	na	0.0	0.0	0.0	0.0	0.0	0.0	0.0
KANSL2	na	0.0	0.0	0.0	0.0	0.0	0.0	0.0
CCNT1	na	0.0	0.0	0.0	0.0	0.0	0.0	0.0
ADCY6	na	0.0	0.0	0.0	0.0	0.0	0.0	0.0
CACNB3	na	0.0	0.0	0.0	0.0	0.0	0.0	0.0
DDX23	na	0.058114488802786815	0.0667824930360419	0.0597967059320511	0.06272625057779734	0.05207626619910791	0.06948620718956122	0.08535247902304502
RND1	na	0.0	0.0	0.0	0.0	0.0	0.0	0.0
CCDC65	na	0.0	0.0	0.0	0.0	0.0	0.0	0.0
FKBP11	na	0.0	0.0	0.0	0.0	0.0	0.0	0.0
ARF3	na	0.05736901432466045	0.10091450468082196	0.05878695165800541	0.059630699805173194	0.06077258482961548	0.08666682861378826	0.1173481172960343
WNT10B	na	0.0	0.0	0.0	0.0	0.0	0.0	0.0
DDN-AS1	na	0.0	0.0	0.0	0.0	0.0	0.0	0.0
PRKAG1	na	0.0	0.0	0.0	0.0	0.0	0.0	0.0
KMT2D	na	0.0	0.0	0.0	0.0	0.0	0.0	0.0
RHEBL1	na	0.0	0.0	0.0	0.0	0.0	0.0	0.0
LMBR1L	na	0.0	0.0	0.0	0.0	0.0	0.0	0.0
AC011603.2	na	0.0	0.0	0.0	0.0	0.0	0.0	0.0
TUBA1B	na	0.2898534767790437	0.6687572668708802	0.09743614297165065	0.07411706278978243	0.20705176297092281	0.5917129637688738	0.5643145462230785
TUBA1A	na	0.08083417519061652	0.15489826709934668	0.07263508152200611	0.05139712033231509	0.07918639303226555	0.13847932848963318	0.15890798804170045
TUBA1C	na	0.06921015169486314	0.14471395200162987	0.057151669459370814	0.05663480134611714	0.06799765800104726	0.1364986597447534	0.14086646802328232
AC125611.3	na	0.0	0.0	0.0	0.0	0.0	0.0	0.0
PRPH	na	0.0	0.0	0.0	0.0	0.0	0.0	0.0
TROAP	na	0.0	0.0	0.0	0.0	0.0	0.0	0.0
DNAJC22	na	0.0	0.0	0.0	0.0	0.0	0.0	0.0
SPATS2	na	0.0	0.0	0.0	0.0	0.0	0.0	0.0
MCRS1	na	0.0	0.0	0.0	0.0	0.0	0.0	0.0
PRPF40B	na	0.0	0.0	0.0	0.0	0.0	0.0	0.0
FMNL3	na	0.0	0.0	0.0	0.0	0.0	0.0	0.0
TMBIM6	na	0.1791773302766969	0.382769948589737	0.13128025183848635	0.11284577601874683	0.15763116496822016	0.35846707127057786	0.3631843480583204
NCKAP5L	na	0.0	0.0	0.0	0.0	0.0	0.0	0.0
BCDIN3D	na	0.0	0.0	0.0	0.0	0.0	0.0	0.0
FAIM2	na	0.0	0.0	0.0	0.0	0.0	0.0	0.0
RACGAP1	na	0.0	0.0	0.0	0.0	0.0	0.0	0.0
ASIC1	na	0.0	0.0	0.0	0.0	0.0	0.0	0.0
SMARCD1	na	0.0	0.0	0.0	0.0	0.0	0.0	0.0
COX14	na	0.0969571509586749	0.20355318743909473	0.04554809648362715	0.06677978801956018	0.0764565785604578	0.13260488135228343	0.15836756581712919
AC074032.1	na	0.0	0.0	0.0	0.0	0.0	0.0	0.0
CERS5	na	0.0	0.0	0.0	0.0	0.0	0.0	0.0
LIMA1	na	0.058009870742826465	0.06093409041178932	0.045739152959094496	0.04936150055431969	0.04487191124517071	0.0627120412474308	0.0821183545055818
LARP4	na	0.0	0.0	0.0	0.0	0.0	0.0	0.0
DIP2B	na	0.0	0.0	0.0	0.0	0.0	0.0	0.0
ATF1	na	0.0	0.0	0.0	0.0	0.0	0.0	0.0
METTL7A	na	0.0	0.0	0.0	0.0	0.0	0.0	0.0
SLC11A2	na	0.0	0.0	0.0	0.0	0.0	0.0	0.0
LETMD1	na	0.0	0.0	0.0	0.0	0.0	0.0	0.0
CSRNP2	na	0.0	0.0	0.0	0.0	0.0	0.0	0.0
TFCP2	na	0.0	0.0	0.0	0.0	0.0	0.0	0.0
DAZAP2	na	0.07834049074165687	0.13401064945159946	0.06827141088706364	0.0863591941312118	0.07476453377581822	0.1137635513884623	0.12797162884920904
SMAGP	na	0.0	0.0	0.0	0.0	0.0	0.0	0.0
BIN2	na	0.0	0.0	0.0	0.0	0.0	0.0	0.0
GALNT6	na	0.05159581698361293	0.05996996658468268	0.04629771912304574	0.061119776208818984	0.04553148668974006	0.05282762938891154	0.07771193074974564
SLC4A8	na	0.0	0.0	0.0	0.0	0.0	0.0	0.0
SCN8A	na	0.0	0.0	0.0	0.0	0.0	0.0	0.0
ACVRL1	na	0.0	0.0	0.0	0.0	0.0	0.0	0.0
ACVR1B	na	0.0	0.0	0.0	0.0	0.0	0.0	0.0
GRASP	na	0.0	0.0	0.0	0.0	0.0	0.0	0.0
NR4A1	na	0.0	0.0	0.0	0.0	0.0	0.0	0.0
ATG101	na	0.0	0.0	0.0	0.0	0.0	0.0	0.0
KRT80	na	0.0	0.0	0.0	0.0	0.0	0.0	0.0
KRT7	na	0.33424486269166637	0.6067369247622263	0.22750109779535213	0.10066976175865441	0.23828721764702718	0.508595966130424	0.6115970677991556
KRT7-AS	na	0.0	0.0	0.0	0.0	0.0	0.0	0.0
KRT86	na	0.0	0.0	0.0	0.0	0.0	0.0	0.0
KRT81	na	0.0	0.0	0.0	0.0	0.0	0.0	0.0
KRT6B	na	0.0	0.0	0.0	0.0	0.0	0.0	0.0
KRT5	na	0.0	0.0	0.0	0.0	0.0	0.0	0.0
KRT8	na	0.4979277375200019	1.056649089382708	0.20660627915319998	0.037930175751147696	0.3339957383965293	0.8961999595954684	1.0857374317657682
KRT18	na	0.29369791522976363	0.734732267835135	0.06806314726870769	0.06983793307221357	0.21502481356832837	0.6730493962979724	0.6573153360870335
EIF4B	na	0.06136479462040498	0.11840407162463044	0.06892183991102475	0.045270084132974495	0.06850677976516079	0.11301428976992099	0.13925117632632653
AC068888.1	na	0.0	0.0	0.0	0.0	0.0	0.0	0.0
TNS2	na	0.0	0.0	0.0	0.0	0.0	0.0	0.0
SPRYD3	na	0.0	0.0	0.0	0.0	0.0	0.0	0.0
IGFBP6	na	0.0	0.0	0.0	0.0	0.0	0.0	0.0
CSAD	na	0.0	0.0	0.0	0.0	0.0	0.0	0.0
ZNF740	na	0.0	0.0	0.0	0.0	0.0	0.0	0.0
ITGB7	na	0.0	0.0	0.0	0.0	0.0	0.0	0.0
RARG	na	0.0	0.0	0.0	0.0	0.0	0.0	0.0
MFSD5	na	0.0	0.0	0.0	0.0	0.0	0.0	0.0
ESPL1	na	0.0	0.0	0.0	0.0	0.0	0.0	0.0
PFDN5	na	0.21078400275499146	0.5327276788483071	0.004179548624933212	0.10053821732915906	0.1398253636626302	0.3719635933224669	0.38136556863110277
AC073611.1	na	0.0	0.0	0.0	0.0	0.0	0.0	0.0
C12orf10	na	0.0	0.0	0.0	0.0	0.0	0.0	0.0
AAAS	na	0.0	0.0	0.0	0.0	0.0	0.0	0.0
SP1	na	0.0	0.0	0.0	0.0	0.0	0.0	0.0
PRR13	na	0.07306371337456058	0.13215684021973653	0.04955427210800415	0.04976081419816501	0.06498132681843416	0.10294964575239032	0.12859333708329182
PCBP2	na	0.14724779146426617	0.30175983872920675	0.10087115641834778	0.09196768097625187	0.12337241743412844	0.28266433839663013	0.28443055344035684
MAP3K12	na	0.0	0.0	0.0	0.0	0.0	0.0	0.0
AC023509.4	na	0.0	0.0	0.0	0.0	0.0	0.0	0.0
TARBP2	na	0.0	0.0	0.0	0.0	0.0	0.0	0.0
AC023509.3	na	0.0	0.0	0.0	0.0	0.0	0.0	0.0
ATF7	na	0.0	0.0	0.0	0.0	0.0	0.0	0.0
ATP5MC2	na	0.2282280142370722	0.5328598959947348	0.06423259179288882	0.12266821498151081	0.16536832581705377	0.4028983277248879	0.43900084273931256
CALCOCO1	na	0.0	0.0	0.0	0.0	0.0	0.0	0.0
HOXC13-AS	na	0.0	0.0	0.0	0.0	0.0	0.0	0.0
HOXC13	na	0.0	0.0	0.0	0.0	0.0	0.0	0.0
HOTAIR	na	0.0	0.0	0.0	0.0	0.0	0.0	0.0
HOXC11	na	0.0	0.0	0.0	0.0	0.0	0.0	0.0
HOXC10	na	0.0	0.0	0.0	0.0	0.0	0.0	0.0
HOXC6	na	0.0	0.0	0.0	0.0	0.0	0.0	0.0
HOXC9	na	0.0	0.0	0.0	0.0	0.0	0.0	0.0
HOXC-AS1	na	0.0	0.0	0.0	0.0	0.0	0.0	0.0
HOXC8	na	0.0	0.0	0.0	0.0	0.0	0.0	0.0
HOXC4	na	0.0	0.0	0.0	0.0	0.0	0.0	0.0
HOXC5	na	0.0	0.0	0.0	0.0	0.0	0.0	0.0
SMUG1	na	0.0	0.0	0.0	0.0	0.0	0.0	0.0
LINC02381	na	0.0	0.0	0.0	0.0	0.0	0.0	0.0
AC023794.2	na	0.0	0.0	0.0	0.0	0.0	0.0	0.0
CBX5	na	0.0	0.0	0.0	0.0	0.0	0.0	0.0
HNRNPA1	na	0.15133842406547784	0.30393460048791227	0.17280473186065312	0.13192505417277794	0.15619983307101912	0.33436123311733057	0.33661501998690924
COPZ1	na	0.07105566130936564	0.1368582737556914	0.06417969874460618	0.05573249167066216	0.06929651910747663	0.12255908980874915	0.15445328843261344
GPR84	na	0.0	0.0	0.0	0.0	0.0	0.0	0.0
ZNF385A	na	0.0	0.0	0.0	0.0	0.0	0.0	0.0
ITGA5	na	0.0	0.0	0.0	0.0	0.0	0.0	0.0
NCKAP1L	na	0.0	0.0	0.0	0.0	0.0	0.0	0.0
PDE1B	na	0.0	0.0	0.0	0.0	0.0	0.0	0.0
PPP1R1A	na	0.0	0.0	0.0	0.0	0.0	0.0	0.0
LACRT	na	0.0	0.0	0.0	0.0	0.0	0.0	0.0
MUCL1	na	0.10191480052375183	0.4505784664241928	1.723972835737654e-23	0.12654895628596693	0.14240241236025114	0.48326240595220366	0.26353842830101437
METTL7B	na	0.0	0.0	0.0	0.0	0.0	0.0	0.0
ITGA7	na	0.0	0.0	0.0	0.0	0.0	0.0	0.0
BLOC1S1	na	0.07051531230145987	0.14028727223336782	0.047677308446650586	0.04771603766946271	0.06191496373278963	0.11944417793108987	0.11701020263631629
CD63	na	0.2154262316167539	0.49436236193766253	0.09504679756146975	0.18444655523381717	0.1840774787069956	0.4410015458952942	0.42401294896809527
AC009779.2	na	0.0	0.0	0.0	0.0	0.0	0.0	0.0
GDF11	na	0.0	0.0	0.0	0.0	0.0	0.0	0.0
SARNP	na	0.0	0.0	0.0	0.0	0.0	0.0	0.0
ORMDL2	na	0.04479713871017105	0.09687565157425469	0.040147363398242444	0.04948690413788584	0.052724326338578736	0.074499592492627	0.09280384883919655
DNAJC14	na	0.0	0.0	0.0	0.0	0.0	0.0	0.0
MMP19	na	0.0	0.0	0.0	0.0	0.0	0.0	0.0
PYM1	na	0.0	0.0	0.0	0.0	0.0	0.0	0.0
DGKA	na	0.0	0.0	0.0	0.0	0.0	0.0	0.0
PMEL	na	0.0	0.0	0.0	0.0	0.0	0.0	0.0
CDK2	na	0.0	0.0	0.0	0.0	0.0	0.0	0.0
RAB5B	na	0.05477532852693312	0.061870337383283375	0.05428269217782541	0.050859321613056334	0.05063679724364628	0.053957952661527024	0.0896989705488692
SUOX	na	0.0	0.0	0.0	0.0	0.0	0.0	0.0
IKZF4	na	0.0	0.0	0.0	0.0	0.0	0.0	0.0
RPS26	na	0.7259812575245729	2.680304696551682	3.5325957810722906e-19	0.32724422607219894	0.5063593928449448	2.0562676111070233	1.4131439838292041
ERBB3	na	0.10036561956959954	0.14862037359892732	0.08895560026949773	0.09016790688586644	0.08831412317528207	0.15973604949124157	0.16246492282859623
PA2G4	na	0.06683061314537843	0.09203199334126254	0.056371273084406835	0.04202484047632876	0.052836234512557985	0.09442741234278594	0.09693961176600084
RPL41	na	3.2963013532930536	11.138339639200826	2.027619045450882e-30	1.4679123724352588e-26	1.7820621861182697	8.449788103977419	6.679591525506884
ZC3H10	na	0.0	0.0	0.0	0.0	0.0	0.0	0.0
ESYT1	na	0.04660716718612399	0.05587572164688984	0.05434659498816015	0.03492849908454625	0.04557872298458264	0.0655190830475392	0.08563582555395016
MYL6B	na	0.04100064629714317	0.09370784568828566	0.04151975946831949	0.050217355560056263	0.05242191336386724	0.07727283190482688	0.10055210344800262
MYL6	na	0.7951908809170398	1.6769755524783265	0.19852308924511858	0.23167293469707503	0.47869033334558786	1.3227409042915774	1.5110324587642767
SMARCC2	na	0.0	0.0	0.0	0.0	0.0	0.0	0.0
RNF41	na	0.0	0.0	0.0	0.0	0.0	0.0	0.0
NABP2	na	0.0	0.0	0.0	0.0	0.0	0.0	0.0
ANKRD52	na	0.0	0.0	0.0	0.0	0.0	0.0	0.0
COQ10A	na	0.0	0.0	0.0	0.0	0.0	0.0	0.0
CS	na	0.043858276065401075	0.06899546353419789	0.05022796765260013	0.05278604674140065	0.04600495559043728	0.07276938471361835	0.09446148906577971
AC073896.2	na	0.0	0.0	0.0	0.0	0.0	0.0	0.0
CNPY2	na	0.05416345357310449	0.13149372381496705	0.04742762906856192	0.07214377686880363	0.06319403713885673	0.10135004020582176	0.11782858146374708
PAN2	na	0.0	0.0	0.0	0.0	0.0	0.0	0.0
IL23A	na	0.0	0.0	0.0	0.0	0.0	0.0	0.0
STAT2	na	0.043527257986200676	0.07499817094061723	0.06522658663866586	0.04583888848581171	0.04882784356071679	0.07070232973151093	0.09250642531093753
TIMELESS	na	0.0	0.0	0.0	0.0	0.0	0.0	0.0
SPRYD4	na	0.0	0.0	0.0	0.0	0.0	0.0	0.0
GLS2	na	0.0	0.0	0.0	0.0	0.0	0.0	0.0
RBMS2	na	0.0	0.0	0.0	0.0	0.0	0.0	0.0
BAZ2A	na	0.0	0.0	0.0	0.0	0.0	0.0	0.0
ATP5F1B	na	0.14791732641878597	0.2800259005030949	0.08189326787801035	0.10000634383846538	0.11633821135565242	0.24452352404266522	0.26689874690056403
PTGES3	na	0.07680895660087705	0.19078337636050907	0.07175258376364585	0.0664036733066059	0.08499358733872998	0.14695251099881382	0.19668227076790576
NACA	na	0.3562801160111887	1.0580094979525785	0.04846480502156497	0.07860300718887023	0.255304738299641	0.7713572958609205	0.7927647888838711
PRIM1	na	0.0	0.0	0.0	0.0	0.0	0.0	0.0
HSD17B6	na	0.0	0.0	0.0	0.0	0.0	0.0	0.0
RDH16	na	0.0	0.0	0.0	0.0	0.0	0.0	0.0
ZBTB39	na	0.0	0.0	0.0	0.0	0.0	0.0	0.0
NEMP1	na	0.0	0.0	0.0	0.0	0.0	0.0	0.0
NAB2	na	0.0	0.0	0.0	0.0	0.0	0.0	0.0
STAT6	na	0.0	0.0	0.0	0.0	0.0	0.0	0.0
LRP1	na	0.0	0.0	0.0	0.0	0.0	0.0	0.0
NXPH4	na	0.0	0.0	0.0	0.0	0.0	0.0	0.0
SHMT2	na	0.04469735129191944	0.06055150221015051	0.05344772311399221	0.05154623927184301	0.046594265768965144	0.0643837000683481	0.07542216738041325
NDUFA4L2	na	0.0	0.0	0.0	0.0	0.0	0.0	0.0
STAC3	na	0.0	0.0	0.0	0.0	0.0	0.0	0.0
R3HDM2	na	0.0	0.0	0.0	0.0	0.0	0.0	0.0
ARHGAP9	na	0.0	0.0	0.0	0.0	0.0	0.0	0.0
MARS	na	0.0	0.0	0.0	0.0	0.0	0.0	0.0
DDIT3	na	0.0	0.0	0.0	0.0	0.0	0.0	0.0
MBD6	na	0.0	0.0	0.0	0.0	0.0	0.0	0.0
DCTN2	na	0.04962100102590817	0.07795870789426637	0.042357298356659724	0.04552133984679269	0.04854388676831559	0.07364074739115872	0.08665631244698122
PIP4K2C	na	0.0	0.0	0.0	0.0	0.0	0.0	0.0
DTX3	na	0.0	0.0	0.0	0.0	0.0	0.0	0.0
ARHGEF25	na	0.0	0.0	0.0	0.0	0.0	0.0	0.0
B4GALNT1	na	0.0	0.0	0.0	0.0	0.0	0.0	0.0
OS9	na	0.057645373861918627	0.090158793367939	0.06345056596206854	0.04797109923785431	0.055673757534013144	0.08497336063983561	0.11084217573099185
AGAP2	na	0.0	0.0	0.0	0.0	0.0	0.0	0.0
AGAP2-AS1	na	0.0	0.0	0.0	0.0	0.0	0.0	0.0
TSPAN31	na	0.0	0.0	0.0	0.0	0.0	0.0	0.0
CDK4	na	0.05942857620549479	0.09184340370078352	0.044144342323575864	0.05541387611279772	0.05425901928714758	0.09950919401311542	0.09388399713565872
MARCH9	na	0.0	0.0	0.0	0.0	0.0	0.0	0.0
CYP27B1	na	0.0	0.0	0.0	0.0	0.0	0.0	0.0
METTL1	na	0.0	0.0	0.0	0.0	0.0	0.0	0.0
EEF1AKMT3	na	0.0	0.0	0.0	0.0	0.0	0.0	0.0
TSFM	na	0.0	0.0	0.0	0.0	0.0	0.0	0.0
AVIL	na	0.0	0.0	0.0	0.0	0.0	0.0	0.0
CTDSP2	na	0.0	0.0	0.0	0.0	0.0	0.0	0.0
AC084033.3	na	0.0	0.0	0.0	0.0	0.0	0.0	0.0
ATP23	na	0.0	0.0	0.0	0.0	0.0	0.0	0.0
LRIG3	na	0.0	0.0	0.0	0.0	0.0	0.0	0.0
SLC16A7	na	0.0	0.0	0.0	0.0	0.0	0.0	0.0
USP15	na	0.0	0.0	0.0	0.0	0.0	0.0	0.0
MON2	na	0.0	0.0	0.0	0.0	0.0	0.0	0.0
PPM1H	na	0.0	0.0	0.0	0.0	0.0	0.0	0.0
AVPR1A	na	0.0	0.0	0.0	0.0	0.0	0.0	0.0
RXYLT1	na	0.0	0.0	0.0	0.0	0.0	0.0	0.0
SRGAP1	na	0.0	0.0	0.0	0.0	0.0	0.0	0.0
C12orf66	na	0.0	0.0	0.0	0.0	0.0	0.0	0.0
XPOT	na	0.0	0.0	0.0	0.0	0.0	0.0	0.0
TBK1	na	0.0	0.0	0.0	0.0	0.0	0.0	0.0
RASSF3	na	0.0	0.0	0.0	0.0	0.0	0.0	0.0
GNS	na	0.04595841979164592	0.04716371861989381	0.052190134027873904	0.05329267359954208	0.04649902402040736	0.05353513209107349	0.08436911710095676
TBC1D30	na	0.0	0.0	0.0	0.0	0.0	0.0	0.0
LEMD3	na	0.0	0.0	0.0	0.0	0.0	0.0	0.0
MSRB3	na	0.0	0.0	0.0	0.0	0.0	0.0	0.0
LLPH	na	0.05670752085648192	0.07228452125127519	0.042169078345412746	0.04443112777007587	0.0479883886524518	0.05813440866021122	0.08164007015608889
TMBIM4	na	0.0665180908711984	0.07935367051382704	0.06179271737400456	0.03401289283646254	0.05187781649809335	0.07942064450150245	0.09821747108890391
IRAK3	na	0.0	0.0	0.0	0.0	0.0	0.0	0.0
HELB	na	0.0	0.0	0.0	0.0	0.0	0.0	0.0
GRIP1	na	0.0	0.0	0.0	0.0	0.0	0.0	0.0
CAND1	na	0.05494903125867532	0.08040132386106592	0.06795760888531859	0.04126786540957834	0.050059771314029146	0.07218223027011095	0.0959781642665304
DYRK2	na	0.0	0.0	0.0	0.0	0.0	0.0	0.0
MDM1	na	0.0	0.0	0.0	0.0	0.0	0.0	0.0
RAP1B	na	0.04479591001526725	0.09008155957634842	0.04545616480189529	0.049080859673350206	0.05220859814561317	0.08612620194425473	0.10346871586688149
NUP107	na	0.0	0.0	0.0	0.0	0.0	0.0	0.0
SLC35E3	na	0.0	0.0	0.0	0.0	0.0	0.0	0.0
MDM2	na	0.0	0.0	0.0	0.0	0.0	0.0	0.0
CPM	na	0.0	0.0	0.0	0.0	0.0	0.0	0.0
CPSF6	na	0.04508983197413925	0.06934884595048926	0.05476685589337714	0.03835752615383054	0.04697284973874776	0.06634784555687266	0.07690792854928528
LYZ	na	0.0	0.0	0.0	0.0	0.0	0.0	0.0
AC020656.1	na	0.0	0.0	0.0	0.0	0.0	0.0	0.0
YEATS4	na	0.0	0.0	0.0	0.0	0.0	0.0	0.0
FRS2	na	0.0	0.0	0.0	0.0	0.0	0.0	0.0
CCT2	na	0.08670081392640301	0.1428385444585372	0.07007314503381434	0.04618267677802474	0.07187725590511056	0.1227210717913941	0.1500415407545008
RAB3IP	na	0.0	0.0	0.0	0.0	0.0	0.0	0.0
MYRFL	na	0.0	0.0	0.0	0.0	0.0	0.0	0.0
AC025159.1	na	0.0	0.0	0.0	0.0	0.0	0.0	0.0
CNOT2	na	0.0	0.0	0.0	0.0	0.0	0.0	0.0
KCNMB4	na	0.0	0.0	0.0	0.0	0.0	0.0	0.0
PTPRB	na	0.0	0.0	0.0	0.0	0.0	0.0	0.0
ZFC3H1	na	0.0	0.0	0.0	0.0	0.0	0.0	0.0
THAP2	na	0.0	0.0	0.0	0.0	0.0	0.0	0.0
TMEM19	na	0.0	0.0	0.0	0.0	0.0	0.0	0.0
RAB21	na	0.044244248216244175	0.07266081334992382	0.057358359330700895	0.04021999749196177	0.04554608517780485	0.06452836833005515	0.08956497675357034
TBC1D15	na	0.0	0.0	0.0	0.0	0.0	0.0	0.0
AC090502.1	na	0.0	0.0	0.0	0.0	0.0	0.0	0.0
ATXN7L3B	na	0.051802392555704777	0.08907478193926811	0.06558142574834139	0.04987531482930753	0.057820029078933695	0.05661447228855104	0.11977572765055139
GLIPR1	na	0.0	0.0	0.0	0.0	0.0	0.0	0.0
KRR1	na	0.0	0.0	0.0	0.0	0.0	0.0	0.0
PHLDA1	na	0.0	0.0	0.0	0.0	0.0	0.0	0.0
NAP1L1	na	0.09842388345061152	0.18623607840035192	0.06666435211940504	0.048050942571520594	0.08062591759658985	0.15051313023380075	0.17667740910016902
BBS10	na	0.0	0.0	0.0	0.0	0.0	0.0	0.0
OSBPL8	na	0.0	0.0	0.0	0.0	0.0	0.0	0.0
ZDHHC17	na	0.0	0.0	0.0	0.0	0.0	0.0	0.0
CSRP2	na	0.0	0.0	0.0	0.0	0.0	0.0	0.0
E2F7	na	0.0	0.0	0.0	0.0	0.0	0.0	0.0
SYT1	na	0.0	0.0	0.0	0.0	0.0	0.0	0.0
PAWR	na	0.0	0.0	0.0	0.0	0.0	0.0	0.0
PPP1R12A	na	0.0	0.0	0.0	0.0	0.0	0.0	0.0
PTPRQ	na	0.0	0.0	0.0	0.0	0.0	0.0	0.0
LIN7A	na	0.0	0.0	0.0	0.0	0.0	0.0	0.0
ACSS3	na	0.0	0.0	0.0	0.0	0.0	0.0	0.0
CCDC59	na	0.0	0.0	0.0	0.0	0.0	0.0	0.0
METTL25	na	0.0	0.0	0.0	0.0	0.0	0.0	0.0
TMTC2	na	0.0	0.0	0.0	0.0	0.0	0.0	0.0
NTS	na	0.0	0.0	0.0	0.0	0.0	0.0	0.0
C12orf29	na	0.0	0.0	0.0	0.0	0.0	0.0	0.0
CEP290	na	0.0	0.0	0.0	0.0	0.0	0.0	0.0
TMTC3	na	0.0	0.0	0.0	0.0	0.0	0.0	0.0
KITLG	na	0.0	0.0	0.0	0.0	0.0	0.0	0.0
DUSP6	na	0.0	0.0	0.0	0.0	0.0	0.0	0.0
POC1B	na	0.0	0.0	0.0	0.0	0.0	0.0	0.0
POC1B-AS1	na	0.0	0.0	0.0	0.0	0.0	0.0	0.0
ATP2B1	na	0.0	0.0	0.0	0.0	0.0	0.0	0.0
AC126178.1	na	0.0	0.0	0.0	0.0	0.0	0.0	0.0
EPYC	na	0.0	0.0	0.0	0.0	0.0	0.0	0.0
LUM	na	0.13336712089660926	0.2679661328060168	0.006020664775129037	0.07539982475282593	0.10009907944528147	0.2507911508310416	0.19164111056446723
DCN	na	0.05441714503805514	0.1363066026874123	0.03938968581815724	0.04662758523214102	0.06977025538714127	0.16437378484469248	0.15037204854406702
BTG1	na	0.042525539561148275	0.06998341779787377	0.049608381523421737	0.048585660614758004	0.054091719550077785	0.09874986361173144	0.10500890783929924
EEA1	na	0.0	0.0	0.0	0.0	0.0	0.0	0.0
NUDT4	na	0.05926869120261395	0.09294181630590964	0.06537258367787434	0.0520879339037642	0.05826818274320617	0.08199950666309437	0.10704125289392266
UBE2N	na	0.06911323672399261	0.11772517306199501	0.06495188293134592	0.032366975885144374	0.06079276591852358	0.11102123434674953	0.13519732391792416
MRPL42	na	0.0	0.0	0.0	0.0	0.0	0.0	0.0
SOCS2	na	0.0	0.0	0.0	0.0	0.0	0.0	0.0
CRADD	na	0.0	0.0	0.0	0.0	0.0	0.0	0.0
PLXNC1	na	0.0	0.0	0.0	0.0	0.0	0.0	0.0
CEP83	na	0.0	0.0	0.0	0.0	0.0	0.0	0.0
TMCC3	na	0.0	0.0	0.0	0.0	0.0	0.0	0.0
NDUFA12	na	0.0812680524800483	0.14361018878090195	0.02819022957534756	0.07159959595621894	0.07179788153899277	0.11403809477002956	0.15750741294299106
NR2C1	na	0.0	0.0	0.0	0.0	0.0	0.0	0.0
FGD6	na	0.0	0.0	0.0	0.0	0.0	0.0	0.0
VEZT	na	0.0	0.0	0.0	0.0	0.0	0.0	0.0
METAP2	na	0.04509393278853637	0.07345309145012971	0.049622436175580265	0.04632015635835468	0.044725982358119816	0.05980900555924267	0.08513625425088175
NTN4	na	0.0	0.0	0.0	0.0	0.0	0.0	0.0
SNRPF	na	0.13295807891216224	0.28128654039050927	0.0705529643018164	0.04418221178582256	0.09920720110470646	0.204034427274538	0.24047786017643352
AMDHD1	na	0.0	0.0	0.0	0.0	0.0	0.0	0.0
LTA4H	na	0.0	0.0	0.0	0.0	0.0	0.0	0.0
ELK3	na	0.0	0.0	0.0	0.0	0.0	0.0	0.0
CDK17	na	0.0	0.0	0.0	0.0	0.0	0.0	0.0
NEDD1	na	0.0	0.0	0.0	0.0	0.0	0.0	0.0
LINC02453	na	0.0	0.0	0.0	0.0	0.0	0.0	0.0
TMPO-AS1	na	0.0	0.0	0.0	0.0	0.0	0.0	0.0
TMPO	na	0.051578491560831816	0.08460600504576785	0.0676256534074106	0.042676207332423034	0.05375704160453231	0.07657585436446816	0.09841552352399854
SLC25A3	na	0.16570024264869404	0.31114749193094327	0.08595957957608308	0.10539933064479529	0.11892478091117532	0.20634771507705257	0.2747824907100201
IKBIP	na	0.0	0.0	0.0	0.0	0.0	0.0	0.0
APAF1	na	0.0	0.0	0.0	0.0	0.0	0.0	0.0
ANKS1B	na	0.0	0.0	0.0	0.0	0.0	0.0	0.0
UHRF1BP1L	na	0.0	0.0	0.0	0.0	0.0	0.0	0.0
ACTR6	na	0.0	0.0	0.0	0.0	0.0	0.0	0.0
SCYL2	na	0.04389266514682801	0.07108205286904037	0.0529306832920337	0.03674010296477864	0.04529581927273618	0.05907167919977328	0.07958835534641065
GAS2L3	na	0.0	0.0	0.0	0.0	0.0	0.0	0.0
SLC5A8	na	0.0	0.0	0.0	0.0	0.0	0.0	0.0
UTP20	na	0.0	0.0	0.0	0.0	0.0	0.0	0.0
ARL1	na	0.07410174880029342	0.07169411215907444	0.06172371088589765	0.04954461462961746	0.05295986719388522	0.07139943393080347	0.09449025808250365
CHPT1	na	0.0	0.0	0.0	0.0	0.0	0.0	0.0
GNPTAB	na	0.0	0.0	0.0	0.0	0.0	0.0	0.0
DRAM1	na	0.0	0.0	0.0	0.0	0.0	0.0	0.0
WASHC3	na	0.0	0.0	0.0	0.0	0.0	0.0	0.0
NUP37	na	0.0	0.0	0.0	0.0	0.0	0.0	0.0
PARPBP	na	0.0	0.0	0.0	0.0	0.0	0.0	0.0
IGF1	na	0.0	0.0	0.0	0.0	0.0	0.0	0.0
AC025265.1	na	0.0	0.0	0.0	0.0	0.0	0.0	0.0
NT5DC3	na	0.0	0.0	0.0	0.0	0.0	0.0	0.0
HSP90B1	na	0.15764903879918407	0.28046008852678533	0.14152418861721824	0.08612141198213762	0.13030596116526535	0.2419175924864958	0.30314427935699073
C12orf73	na	0.0	0.0	0.0	0.0	0.0	0.0	0.0
TDG	na	0.0	0.0	0.0	0.0	0.0	0.0	0.0
GLT8D2	na	0.0	0.0	0.0	0.0	0.0	0.0	0.0
HCFC2	na	0.0	0.0	0.0	0.0	0.0	0.0	0.0
NFYB	na	0.0	0.0	0.0	0.0	0.0	0.0	0.0
TXNRD1	na	0.05252290447385376	0.06825442582290735	0.055913425628294884	0.039723187673536414	0.047704776653399415	0.06157207887750262	0.09715279739588417
CHST11	na	0.0	0.0	0.0	0.0	0.0	0.0	0.0
SLC41A2	na	0.0	0.0	0.0	0.0	0.0	0.0	0.0
C12orf45	na	0.0	0.0	0.0	0.0	0.0	0.0	0.0
ALDH1L2	na	0.0	0.0	0.0	0.0	0.0	0.0	0.0
WASHC4	na	0.0	0.0	0.0	0.0	0.0	0.0	0.0
APPL2	na	0.0	0.0	0.0	0.0	0.0	0.0	0.0
C12orf75	na	0.0	0.0	0.0	0.0	0.0	0.0	0.0
NUAK1	na	0.0	0.0	0.0	0.0	0.0	0.0	0.0
CKAP4	na	0.06221579577861875	0.07906490244334387	0.06109261707786312	0.05849702580439176	0.05632813250738299	0.06469805836934889	0.0947222795380668
AC079174.2	na	0.0	0.0	0.0	0.0	0.0	0.0	0.0
TCP11L2	na	0.0	0.0	0.0	0.0	0.0	0.0	0.0
POLR3B	na	0.0	0.0	0.0	0.0	0.0	0.0	0.0
RIC8B	na	0.0	0.0	0.0	0.0	0.0	0.0	0.0
TMEM263	na	0.0	0.0	0.0	0.0	0.0	0.0	0.0
MTERF2	na	0.0	0.0	0.0	0.0	0.0	0.0	0.0
CRY1	na	0.0	0.0	0.0	0.0	0.0	0.0	0.0
BTBD11	na	0.0	0.0	0.0	0.0	0.0	0.0	0.0
PWP1	na	0.0	0.0	0.0	0.0	0.0	0.0	0.0
PRDM4	na	0.0	0.0	0.0	0.0	0.0	0.0	0.0
ASCL4	na	0.0	0.0	0.0	0.0	0.0	0.0	0.0
AC126177.8	na	0.0	0.0	0.0	0.0	0.0	0.0	0.0
CMKLR1	na	0.0	0.0	0.0	0.0	0.0	0.0	0.0
FICD	na	0.0	0.0	0.0	0.0	0.0	0.0	0.0
SART3	na	0.0	0.0	0.0	0.0	0.0	0.0	0.0
ISCU	na	0.0677901059596844	0.09937003737057092	0.04188121360236006	0.0555097558006788	0.053547617694867856	0.07838990095248717	0.10128072365358873
TMEM119	na	0.0	0.0	0.0	0.0	0.0	0.0	0.0
SELPLG	na	0.0	0.0	0.0	0.0	0.0	0.0	0.0
CORO1C	na	0.0	0.0	0.0	0.0	0.0	0.0	0.0
SSH1	na	0.0	0.0	0.0	0.0	0.0	0.0	0.0
USP30	na	0.0	0.0	0.0	0.0	0.0	0.0	0.0
USP30-AS1	na	0.0	0.0	0.0	0.0	0.0	0.0	0.0
ALKBH2	na	0.0	0.0	0.0	0.0	0.0	0.0	0.0
UNG	na	0.0	0.0	0.0	0.0	0.0	0.0	0.0
ACACB	na	0.0	0.0	0.0	0.0	0.0	0.0	0.0
MYO1H	na	0.0	0.0	0.0	0.0	0.0	0.0	0.0
KCTD10	na	0.044010237222533964	0.060098681278914136	0.06294505268656835	0.03712440597472531	0.0452387086474637	0.055530167750709125	0.08782032931215852
UBE3B	na	0.0	0.0	0.0	0.0	0.0	0.0	0.0
MMAB	na	0.0	0.0	0.0	0.0	0.0	0.0	0.0
MVK	na	0.0	0.0	0.0	0.0	0.0	0.0	0.0
FAM222A	na	0.0	0.0	0.0	0.0	0.0	0.0	0.0
TRPV4	na	0.0	0.0	0.0	0.0	0.0	0.0	0.0
GLTP	na	0.0	0.0	0.0	0.0	0.0	0.0	0.0
TCHP	na	0.0	0.0	0.0	0.0	0.0	0.0	0.0
GIT2	na	0.0	0.0	0.0	0.0	0.0	0.0	0.0
ANKRD13A	na	0.0	0.0	0.0	0.0	0.0	0.0	0.0
C12orf76	na	0.0	0.0	0.0	0.0	0.0	0.0	0.0
IFT81	na	0.0	0.0	0.0	0.0	0.0	0.0	0.0
ATP2A2	na	0.07409845819714742	0.07091180103310304	0.07836312804581419	0.06090372125228098	0.06245766575858637	0.08466842279877553	0.10690030655447894
ANAPC7	na	0.0	0.0	0.0	0.0	0.0	0.0	0.0
ARPC3	na	0.16705206973774056	0.39789206531623805	0.06471645257208547	0.047970070606402265	0.12061191905217873	0.2803325014813819	0.33218916146103933
GPN3	na	0.0	0.0	0.0	0.0	0.0	0.0	0.0
FAM216A	na	0.0	0.0	0.0	0.0	0.0	0.0	0.0
VPS29	na	0.07682348617397035	0.13162933600254426	0.04917321218995325	0.057433391969925966	0.06025365716386008	0.0792080399951548	0.11676886582054985
PPTC7	na	0.0	0.0	0.0	0.0	0.0	0.0	0.0
TCTN1	na	0.0	0.0	0.0	0.0	0.0	0.0	0.0
HVCN1	na	0.0	0.0	0.0	0.0	0.0	0.0	0.0
PPP1CC	na	0.0784585002579155	0.09644338238269869	0.06845077152605902	0.05826115455301217	0.059284888781458524	0.08039080276443394	0.11637507675154161
PHETA1	na	0.0	0.0	0.0	0.0	0.0	0.0	0.0
SH2B3	na	0.0	0.0	0.0	0.0	0.0	0.0	0.0
ATXN2	na	0.0	0.0	0.0	0.0	0.0	0.0	0.0
BRAP	na	0.0	0.0	0.0	0.0	0.0	0.0	0.0
ACAD10	na	0.0	0.0	0.0	0.0	0.0	0.0	0.0
ALDH2	na	0.08301682749034181	0.14494000005500593	0.10432565286048674	0.011407647529926174	0.07390528791219594	0.11231086339144877	0.1899829220492159
MAPKAPK5-AS1	na	0.0	0.0	0.0	0.0	0.0	0.0	0.0
MAPKAPK5	na	0.0	0.0	0.0	0.0	0.0	0.0	0.0
TMEM116	na	0.0	0.0	0.0	0.0	0.0	0.0	0.0
ERP29	na	0.10396172486715091	0.13540817648753628	0.11003385195608417	0.06793449160672217	0.08964346214575533	0.11597494120690431	0.19321449699063012
NAA25	na	0.0	0.0	0.0	0.0	0.0	0.0	0.0
TRAFD1	na	0.0	0.0	0.0	0.0	0.0	0.0	0.0
HECTD4	na	0.0	0.0	0.0	0.0	0.0	0.0	0.0
RPL6	na	0.7834167267119989	1.8487145103886617	0.1476673318605118	0.1568998698084785	0.46107637877051005	1.3562779962091316	1.5688906508588303
PTPN11	na	0.0	0.0	0.0	0.0	0.0	0.0	0.0
RPH3A	na	0.0	0.0	0.0	0.0	0.0	0.0	0.0
OAS1	na	0.07885693229227574	0.11010770972355509	0.051409577194866156	0.04696480378937187	0.060186496597284124	0.11118068742159222	0.11819705115597469
OAS3	na	0.0	0.0	0.0	0.0	0.0	0.0	0.0
OAS2	na	0.0	0.0	0.0	0.0	0.0	0.0	0.0
DTX1	na	0.0	0.0	0.0	0.0	0.0	0.0	0.0
RASAL1	na	0.0	0.0	0.0	0.0	0.0	0.0	0.0
DDX54	na	0.053568523978105555	0.06100882882283931	0.05712747274057474	0.045256661428093606	0.05055265157908649	0.06958044870116531	0.0915215139169356
RITA1	na	0.0	0.0	0.0	0.0	0.0	0.0	0.0
IQCD	na	0.0	0.0	0.0	0.0	0.0	0.0	0.0
TPCN1	na	0.0	0.0	0.0	0.0	0.0	0.0	0.0
SLC8B1	na	0.0	0.0	0.0	0.0	0.0	0.0	0.0
PLBD2	na	0.0	0.0	0.0	0.0	0.0	0.0	0.0
SDS	na	0.0	0.0	0.0	0.0	0.0	0.0	0.0
SDSL	na	0.0	0.0	0.0	0.0	0.0	0.0	0.0
RBM19	na	0.0	0.0	0.0	0.0	0.0	0.0	0.0
TBX3	na	0.0	0.0	0.0	0.0	0.0	0.0	0.0
MED13L	na	0.0	0.0	0.0	0.0	0.0	0.0	0.0
C12orf49	na	0.0	0.0	0.0	0.0	0.0	0.0	0.0
RNFT2	na	0.0	0.0	0.0	0.0	0.0	0.0	0.0
HRK	na	0.0	0.0	0.0	0.0	0.0	0.0	0.0
FBXW8	na	0.0	0.0	0.0	0.0	0.0	0.0	0.0
TESC	na	0.0	0.0	0.0	0.0	0.0	0.0	0.0
FBXO21	na	0.0	0.0	0.0	0.0	0.0	0.0	0.0
KSR2	na	0.0	0.0	0.0	0.0	0.0	0.0	0.0
RFC5	na	0.0	0.0	0.0	0.0	0.0	0.0	0.0
WSB2	na	0.042543205130721753	0.06823733547644364	0.07104835358253908	0.03683962300726715	0.04836417920926749	0.06769383410527174	0.10077557058957781
VSIG10	na	0.0	0.0	0.0	0.0	0.0	0.0	0.0
PEBP1	na	0.2624318782464744	0.44045071987260503	0.21624369650214242	0.02486649767703246	0.1790795418526893	0.33680330666822245	0.5099039061074335
TAOK3	na	0.0	0.0	0.0	0.0	0.0	0.0	0.0
SUDS3	na	0.0	0.0	0.0	0.0	0.0	0.0	0.0
SRRM4	na	0.0	0.0	0.0	0.0	0.0	0.0	0.0
HSPB8	na	0.0	0.0	0.0	0.0	0.0	0.0	0.0
TMEM233	na	0.0	0.0	0.0	0.0	0.0	0.0	0.0
PRKAB1	na	0.0	0.0	0.0	0.0	0.0	0.0	0.0
CIT	na	0.0	0.0	0.0	0.0	0.0	0.0	0.0
BICDL1	na	0.0	0.0	0.0	0.0	0.0	0.0	0.0
RAB35	na	0.0	0.0	0.0	0.0	0.0	0.0	0.0
AC004812.2	na	0.0	0.0	0.0	0.0	0.0	0.0	0.0
GCN1	na	0.04877857850328366	0.05189686226934684	0.05741003730901187	0.05921890095550765	0.048648514435211745	0.04966128997215729	0.0720104230744827
RPLP0	na	0.5673688199735432	1.3806922489899336	0.13388260490759393	0.2636218696669621	0.3858059196476621	1.0580651605398261	1.1892295880467667
PXN-AS1	na	0.0	0.0	0.0	0.0	0.0	0.0	0.0
PXN	na	0.056834709371457445	0.06255708314065186	0.06124258097252	0.04857987868138493	0.05237750143081669	0.07016809933896499	0.09594670430289699
SIRT4	na	0.0	0.0	0.0	0.0	0.0	0.0	0.0
MSI1	na	0.0	0.0	0.0	0.0	0.0	0.0	0.0
COX6A1	na	0.5236910922919132	1.1347966283107362	0.17348963531524839	0.015579776589653739	0.29938177513169933	0.7863472432396688	1.048898180653289
TRIAP1	na	0.0	0.0	0.0	0.0	0.0	0.0	0.0
GATC	na	0.0	0.0	0.0	0.0	0.0	0.0	0.0
SRSF9	na	0.08611897052924633	0.12700475915303083	0.12293651170177873	0.05597106730720677	0.08413222515032943	0.12703979853143876	0.18471487339509096
DYNLL1	na	0.22060924730741624	0.5343543772449766	0.021666173188891174	0.1095470889199397	0.14618126562816075	0.3752480739493518	0.40613349448668945
NRAV	na	0.0	0.0	0.0	0.0	0.0	0.0	0.0
COQ5	na	0.0	0.0	0.0	0.0	0.0	0.0	0.0
RNF10	na	0.04773489330070507	0.056274966446321684	0.05513520320156695	0.03641361076915807	0.0476369747587915	0.05870547595015509	0.085079662292904
POP5	na	0.0	0.0	0.0	0.0	0.0	0.0	0.0
MLEC	na	0.0602417225510741	0.05154265324666927	0.0765494408696567	0.07573886313597607	0.057400535379048837	0.04601238857634709	0.09064205100199381
UNC119B	na	0.0	0.0	0.0	0.0	0.0	0.0	0.0
ACADS	na	0.0	0.0	0.0	0.0	0.0	0.0	0.0
SPPL3	na	0.0	0.0	0.0	0.0	0.0	0.0	0.0
C12orf43	na	0.0	0.0	0.0	0.0	0.0	0.0	0.0
OASL	na	0.0	0.0	0.0	0.0	0.0	0.0	0.0
P2RX7	na	0.0	0.0	0.0	0.0	0.0	0.0	0.0
P2RX4	na	0.0	0.0	0.0	0.0	0.0	0.0	0.0
CAMKK2	na	0.0	0.0	0.0	0.0	0.0	0.0	0.0
ANAPC5	na	0.051121195505384145	0.07265962845442366	0.0508448445581707	0.050903690189585064	0.04813149649971485	0.06076222676121467	0.09162250157279371
RNF34	na	0.0	0.0	0.0	0.0	0.0	0.0	0.0
KDM2B	na	0.0	0.0	0.0	0.0	0.0	0.0	0.0
ORAI1	na	0.0	0.0	0.0	0.0	0.0	0.0	0.0
TMEM120B	na	0.0	0.0	0.0	0.0	0.0	0.0	0.0
RHOF	na	0.0	0.0	0.0	0.0	0.0	0.0	0.0
LINC01089	na	0.0	0.0	0.0	0.0	0.0	0.0	0.0
AC084018.2	na	0.0	0.0	0.0	0.0	0.0	0.0	0.0
SETD1B	na	0.0	0.0	0.0	0.0	0.0	0.0	0.0
PSMD9	na	0.0	0.0	0.0	0.0	0.0	0.0	0.0
WDR66	na	0.0	0.0	0.0	0.0	0.0	0.0	0.0
AC069503.1	na	0.0	0.0	0.0	0.0	0.0	0.0	0.0
BCL7A	na	0.0	0.0	0.0	0.0	0.0	0.0	0.0
MLXIP	na	0.0	0.0	0.0	0.0	0.0	0.0	0.0
B3GNT4	na	0.0	0.0	0.0	0.0	0.0	0.0	0.0
VPS33A	na	0.0	0.0	0.0	0.0	0.0	0.0	0.0
CLIP1	na	0.0	0.0	0.0	0.0	0.0	0.0	0.0
ZCCHC8	na	0.0	0.0	0.0	0.0	0.0	0.0	0.0
RSRC2	na	0.057308330329031716	0.07760689923053715	0.053663964137981704	0.04992399304409454	0.05016780620144423	0.07377894098891005	0.08725096199698554
KNTC1	na	0.0	0.0	0.0	0.0	0.0	0.0	0.0
HCAR2	na	0.0	0.0	0.0	0.0	0.0	0.0	0.0
HCAR1	na	0.06331465741967848	0.07319296687435	0.06989379185713045	0.035519035962237426	0.04875359681396184	0.04251346169788804	0.09350835147743429
DENR	na	0.06513260365040803	0.08713423438467942	0.059038599136445165	0.05777431626532181	0.05745460488790293	0.06569143260465952	0.10682513759638859
HIP1R	na	0.0	0.0	0.0	0.0	0.0	0.0	0.0
VPS37B	na	0.0	0.0	0.0	0.0	0.0	0.0	0.0
ABCB9	na	0.0	0.0	0.0	0.0	0.0	0.0	0.0
OGFOD2	na	0.0	0.0	0.0	0.0	0.0	0.0	0.0
ARL6IP4	na	0.10307685739561415	0.13378535118844867	0.06100100674118553	0.05596240803783539	0.0725407272031083	0.1273568066384172	0.15013969776276875
PITPNM2	na	0.0	0.0	0.0	0.0	0.0	0.0	0.0
MPHOSPH9	na	0.0	0.0	0.0	0.0	0.0	0.0	0.0
C12orf65	na	0.0	0.0	0.0	0.0	0.0	0.0	0.0
CDK2AP1	na	0.0	0.0	0.0	0.0	0.0	0.0	0.0
SBNO1	na	0.0	0.0	0.0	0.0	0.0	0.0	0.0
AC137767.1	na	0.0	0.0	0.0	0.0	0.0	0.0	0.0
KMT5A	na	0.0	0.0	0.0	0.0	0.0	0.0	0.0
RILPL2	na	0.0	0.0	0.0	0.0	0.0	0.0	0.0
SNRNP35	na	0.0	0.0	0.0	0.0	0.0	0.0	0.0
RILPL1	na	0.0	0.0	0.0	0.0	0.0	0.0	0.0
AC055713.1	na	0.0	0.0	0.0	0.0	0.0	0.0	0.0
TMED2	na	0.10446140979318834	0.16462912073183578	0.09651650278210297	0.06077513378850088	0.08464714490507198	0.12429338083302667	0.18475197048554345
DDX55	na	0.0	0.0	0.0	0.0	0.0	0.0	0.0
EIF2B1	na	0.0	0.0	0.0	0.0	0.0	0.0	0.0
GTF2H3	na	0.0	0.0	0.0	0.0	0.0	0.0	0.0
TCTN2	na	0.0	0.0	0.0	0.0	0.0	0.0	0.0
ATP6V0A2	na	0.0	0.0	0.0	0.0	0.0	0.0	0.0
CCDC92	na	0.0	0.0	0.0	0.0	0.0	0.0	0.0
AC079315.1	na	0.0	0.0	0.0	0.0	0.0	0.0	0.0
ZNF664	na	0.0702267290081566	0.10672211636771041	0.0563620231218326	0.0497270856903103	0.060369667726906585	0.09642062151565978	0.1359791229012111
RFLNA	na	0.0	0.0	0.0	0.0	0.0	0.0	0.0
NCOR2	na	0.06179145833749195	0.06298326855165773	0.05767399263713269	0.05715643617494964	0.050227254910912046	0.0560582384596067	0.0885898927652683
SCARB1	na	0.0	0.0	0.0	0.0	0.0	0.0	0.0
UBC	na	0.3715366640701299	0.7101333569511347	0.23153190058132558	0.15018667813380274	0.2775110971537505	0.5767537570243955	0.7626095661689937
DHX37	na	0.0	0.0	0.0	0.0	0.0	0.0	0.0
BRI3BP	na	0.0	0.0	0.0	0.0	0.0	0.0	0.0
AACS	na	0.05177763271180254	0.0460101414189198	0.0539249180701695	0.06021394821341543	0.0476617255490218	0.0497390465094968	0.08148722509561168
SLC15A4	na	0.0	0.0	0.0	0.0	0.0	0.0	0.0
STX2	na	0.0	0.0	0.0	0.0	0.0	0.0	0.0
RAN	na	0.14032422877732037	0.27740150969662186	0.07484889712396837	0.09030335354568149	0.10922595526272944	0.23943236625107456	0.27429791157480127
SFSWAP	na	0.0	0.0	0.0	0.0	0.0	0.0	0.0
MMP17	na	0.0	0.0	0.0	0.0	0.0	0.0	0.0
ULK1	na	0.06152599766366662	0.06726659806055021	0.07108725952704541	0.06421959584406335	0.05727534245073465	0.05017202096554051	0.09378797989851023
PUS1	na	0.0	0.0	0.0	0.0	0.0	0.0	0.0
EP400	na	0.0	0.0	0.0	0.0	0.0	0.0	0.0
DDX51	na	0.0	0.0	0.0	0.0	0.0	0.0	0.0
NOC4L	na	0.0	0.0	0.0	0.0	0.0	0.0	0.0
LINC02361	na	0.0	0.0	0.0	0.0	0.0	0.0	0.0
AC148476.1	na	0.0	0.0	0.0	0.0	0.0	0.0	0.0
FBRSL1	na	0.046375436809599005	0.06691484863059681	0.07068765745971474	0.05249947807064168	0.05635381465845959	0.057433498392210125	0.09358792608880243
POLE	na	0.0	0.0	0.0	0.0	0.0	0.0	0.0
PXMP2	na	0.0	0.0	0.0	0.0	0.0	0.0	0.0
PGAM5	na	0.0	0.0	0.0	0.0	0.0	0.0	0.0
ANKLE2	na	0.0	0.0	0.0	0.0	0.0	0.0	0.0
GOLGA3	na	0.05682994818700062	0.050915217870165945	0.0645293185671346	0.061421916257015756	0.050488075256756346	0.04722216483988157	0.08655690289548863
CHFR	na	0.0	0.0	0.0	0.0	0.0	0.0	0.0
AC127070.1	na	0.0	0.0	0.0	0.0	0.0	0.0	0.0
AC127070.2	na	0.0	0.0	0.0	0.0	0.0	0.0	0.0
ZNF605	na	0.0	0.0	0.0	0.0	0.0	0.0	0.0
ZNF26	na	0.0	0.0	0.0	0.0	0.0	0.0	0.0
ZNF84	na	0.0	0.0	0.0	0.0	0.0	0.0	0.0
ZNF140	na	0.0	0.0	0.0	0.0	0.0	0.0	0.0
ZNF891	na	0.0	0.0	0.0	0.0	0.0	0.0	0.0
ZNF10	na	0.0	0.0	0.0	0.0	0.0	0.0	0.0
ZNF268	na	0.0	0.0	0.0	0.0	0.0	0.0	0.0
MPHOSPH8	na	0.0	0.0	0.0	0.0	0.0	0.0	0.0
PSPC1	na	0.0	0.0	0.0	0.0	0.0	0.0	0.0
ZMYM5	na	0.0	0.0	0.0	0.0	0.0	0.0	0.0
AL355001.2	na	0.0	0.0	0.0	0.0	0.0	0.0	0.0
ZMYM2	na	0.0	0.0	0.0	0.0	0.0	0.0	0.0
GJB2	na	0.0	0.0	0.0	0.0	0.0	0.0	0.0
CRYL1	na	0.0	0.0	0.0	0.0	0.0	0.0	0.0
IFT88	na	0.0	0.0	0.0	0.0	0.0	0.0	0.0
AL161772.1	na	0.0	0.0	0.0	0.0	0.0	0.0	0.0
EEF1AKMT1	na	0.0	0.0	0.0	0.0	0.0	0.0	0.0
XPO4	na	0.0	0.0	0.0	0.0	0.0	0.0	0.0
LATS2	na	0.0	0.0	0.0	0.0	0.0	0.0	0.0
SAP18	na	0.0895326307637482	0.2041970586302164	0.04866366554970348	0.08154766993045905	0.08297504814036769	0.16017812442888132	0.18399313298353126
SKA3	na	0.0	0.0	0.0	0.0	0.0	0.0	0.0
MRPL57	na	0.06187947825299543	0.1398171554798551	0.044029215796837606	0.06608115725680987	0.06649889528718082	0.12046559873919459	0.12659961412771567
ZDHHC20	na	0.0	0.0	0.0	0.0	0.0	0.0	0.0
MICU2	na	0.0	0.0	0.0	0.0	0.0	0.0	0.0
SACS	na	0.0	0.0	0.0	0.0	0.0	0.0	0.0
TNFRSF19	na	0.0	0.0	0.0	0.0	0.0	0.0	0.0
MIPEP	na	0.0	0.0	0.0	0.0	0.0	0.0	0.0
SPATA13	na	0.0	0.0	0.0	0.0	0.0	0.0	0.0
PARP4	na	0.0	0.0	0.0	0.0	0.0	0.0	0.0
CENPJ	na	0.0	0.0	0.0	0.0	0.0	0.0	0.0
MTMR6	na	0.0	0.0	0.0	0.0	0.0	0.0	0.0
NUP58	na	0.0	0.0	0.0	0.0	0.0	0.0	0.0
ATP8A2	na	0.0	0.0	0.0	0.0	0.0	0.0	0.0
SHISA2	na	0.0	0.0	0.0	0.0	0.0	0.0	0.0
RNF6	na	0.0	0.0	0.0	0.0	0.0	0.0	0.0
CDK8	na	0.0	0.0	0.0	0.0	0.0	0.0	0.0
WASF3	na	0.0	0.0	0.0	0.0	0.0	0.0	0.0
USP12	na	0.0	0.0	0.0	0.0	0.0	0.0	0.0
RPL21	na	0.4843404981250873	1.4678166401307604	6.651067207385088e-20	0.15800343886703505	0.30689643992796234	1.1719363670154068	0.8506428288613914
GTF3A	na	0.0524006204010857	0.07177631139968478	0.04618612237986205	0.047746423985934594	0.04588425127879602	0.06985345009522666	0.07875908250959082
MTIF3	na	0.0	0.0	0.0	0.0	0.0	0.0	0.0
LNX2	na	0.0	0.0	0.0	0.0	0.0	0.0	0.0
POLR1D	na	0.0	0.0	0.0	0.0	0.0	0.0	0.0
PAN3	na	0.0	0.0	0.0	0.0	0.0	0.0	0.0
FLT1	na	0.0	0.0	0.0	0.0	0.0	0.0	0.0
POMP	na	0.08790545760743916	0.18514063055841337	0.034686388712991456	0.07287059226455032	0.07057611902496029	0.14133533302562648	0.1431433572286466
SLC46A3	na	0.0	0.0	0.0	0.0	0.0	0.0	0.0
MTUS2	na	0.0	0.0	0.0	0.0	0.0	0.0	0.0
SLC7A1	na	0.0	0.0	0.0	0.0	0.0	0.0	0.0
UBL3	na	0.0	0.0	0.0	0.0	0.0	0.0	0.0
KATNAL1	na	0.0	0.0	0.0	0.0	0.0	0.0	0.0
HMGB1	na	0.1252244793105499	0.3008465699193329	0.07317465019512834	0.03845463820837412	0.10426494219634398	0.29372039780692866	0.25744416292095323
USPL1	na	0.0	0.0	0.0	0.0	0.0	0.0	0.0
ALOX5AP	na	0.0	0.0	0.0	0.0	0.0	0.0	0.0
MEDAG	na	0.0	0.0	0.0	0.0	0.0	0.0	0.0
HSPH1	na	0.05581161089847673	0.0825600362511031	0.04756367723138602	0.05860806963906704	0.05205423895372963	0.08546226171089932	0.09637809713843168
B3GLCT	na	0.0	0.0	0.0	0.0	0.0	0.0	0.0
FRY	na	0.0	0.0	0.0	0.0	0.0	0.0	0.0
BRCA2	na	0.0	0.0	0.0	0.0	0.0	0.0	0.0
N4BP2L1	na	0.0	0.0	0.0	0.0	0.0	0.0	0.0
N4BP2L2	na	0.0	0.0	0.0	0.0	0.0	0.0	0.0
PDS5B	na	0.0	0.0	0.0	0.0	0.0	0.0	0.0
STARD13	na	0.0	0.0	0.0	0.0	0.0	0.0	0.0
RFC3	na	0.0	0.0	0.0	0.0	0.0	0.0	0.0
NBEA	na	0.0	0.0	0.0	0.0	0.0	0.0	0.0
DCLK1	na	0.0	0.0	0.0	0.0	0.0	0.0	0.0
SPART	na	0.0	0.0	0.0	0.0	0.0	0.0	0.0
RFXAP	na	0.0	0.0	0.0	0.0	0.0	0.0	0.0
SMAD9	na	0.0	0.0	0.0	0.0	0.0	0.0	0.0
ALG5	na	0.0	0.0	0.0	0.0	0.0	0.0	0.0
EXOSC8	na	0.0	0.0	0.0	0.0	0.0	0.0	0.0
SUPT20H	na	0.0	0.0	0.0	0.0	0.0	0.0	0.0
POSTN	na	0.1250876442648447	0.4098304274580291	1.7457248230273975e-18	0.057900375044930445	0.11905014152600624	0.34048135193410045	0.22910318915341493
UFM1	na	0.0	0.0	0.0	0.0	0.0	0.0	0.0
FREM2	na	0.0	0.0	0.0	0.0	0.0	0.0	0.0
PROSER1	na	0.0	0.0	0.0	0.0	0.0	0.0	0.0
NHLRC3	na	0.0	0.0	0.0	0.0	0.0	0.0	0.0
LHFPL6	na	0.0	0.0	0.0	0.0	0.0	0.0	0.0
COG6	na	0.0	0.0	0.0	0.0	0.0	0.0	0.0
FOXO1	na	0.0	0.0	0.0	0.0	0.0	0.0	0.0
MRPS31	na	0.0	0.0	0.0	0.0	0.0	0.0	0.0
SLC25A15	na	0.0	0.0	0.0	0.0	0.0	0.0	0.0
ELF1	na	0.0	0.0	0.0	0.0	0.0	0.0	0.0
WBP4	na	0.0	0.0	0.0	0.0	0.0	0.0	0.0
KBTBD6	na	0.0	0.0	0.0	0.0	0.0	0.0	0.0
KBTBD7	na	0.0	0.0	0.0	0.0	0.0	0.0	0.0
MTRF1	na	0.0	0.0	0.0	0.0	0.0	0.0	0.0
NAA16	na	0.0	0.0	0.0	0.0	0.0	0.0	0.0
RGCC	na	0.0	0.0	0.0	0.0	0.0	0.0	0.0
VWA8	na	0.0	0.0	0.0	0.0	0.0	0.0	0.0
DGKH	na	0.0	0.0	0.0	0.0	0.0	0.0	0.0
AKAP11	na	0.0	0.0	0.0	0.0	0.0	0.0	0.0
EPSTI1	na	0.0	0.0	0.0	0.0	0.0	0.0	0.0
DNAJC15	na	0.0	0.0	0.0	0.0	0.0	0.0	0.0
ENOX1	na	0.0	0.0	0.0	0.0	0.0	0.0	0.0
CCDC122	na	0.0	0.0	0.0	0.0	0.0	0.0	0.0
LACC1	na	0.0	0.0	0.0	0.0	0.0	0.0	0.0
TUSC8	na	0.0	0.0	0.0	0.0	0.0	0.0	0.0
TSC22D1	na	0.07889854922288046	0.13191134995862067	0.06837497773876679	0.06996250578961875	0.07223855845332178	0.1071685690021888	0.13818711393940522
NUFIP1	na	0.0	0.0	0.0	0.0	0.0	0.0	0.0
GPALPP1	na	0.0	0.0	0.0	0.0	0.0	0.0	0.0
GTF2F2	na	0.0	0.0	0.0	0.0	0.0	0.0	0.0
TPT1	na	0.5984838625754147	1.8620346254519644	9.611638887573801e-16	0.17336179288108952	0.41288399302310047	1.5251050980074865	1.3143131926506721
AL138963.3	na	0.0	0.0	0.0	0.0	0.0	0.0	0.0
SLC25A30	na	0.0	0.0	0.0	0.0	0.0	0.0	0.0
COG3	na	0.0	0.0	0.0	0.0	0.0	0.0	0.0
ZC3H13	na	0.0	0.0	0.0	0.0	0.0	0.0	0.0
LCP1	na	0.0	0.0	0.0	0.0	0.0	0.0	0.0
RUBCNL	na	0.0	0.0	0.0	0.0	0.0	0.0	0.0
LRCH1	na	0.0	0.0	0.0	0.0	0.0	0.0	0.0
ESD	na	0.0	0.0	0.0	0.0	0.0	0.0	0.0
SUCLA2	na	0.0	0.0	0.0	0.0	0.0	0.0	0.0
NUDT15	na	0.0	0.0	0.0	0.0	0.0	0.0	0.0
MED4	na	0.0	0.0	0.0	0.0	0.0	0.0	0.0
ITM2B	na	0.21127735944915715	0.4832896831574429	0.08826647070237346	0.06421350931140478	0.15590225479863026	0.4062525718964072	0.4317906326033317
RB1	na	0.0	0.0	0.0	0.0	0.0	0.0	0.0
LPAR6	na	0.0	0.0	0.0	0.0	0.0	0.0	0.0
RCBTB2	na	0.0	0.0	0.0	0.0	0.0	0.0	0.0
FNDC3A	na	0.0	0.0	0.0	0.0	0.0	0.0	0.0
CDADC1	na	0.0	0.0	0.0	0.0	0.0	0.0	0.0
CAB39L	na	0.0	0.0	0.0	0.0	0.0	0.0	0.0
SETDB2	na	0.0	0.0	0.0	0.0	0.0	0.0	0.0
PHF11	na	0.0	0.0	0.0	0.0	0.0	0.0	0.0
RCBTB1	na	0.0	0.0	0.0	0.0	0.0	0.0	0.0
ARL11	na	0.0	0.0	0.0	0.0	0.0	0.0	0.0
EBPL	na	0.0	0.0	0.0	0.0	0.0	0.0	0.0
KPNA3	na	0.0	0.0	0.0	0.0	0.0	0.0	0.0
SPRYD7	na	0.0	0.0	0.0	0.0	0.0	0.0	0.0
DLEU2	na	0.0	0.0	0.0	0.0	0.0	0.0	0.0
TRIM13	na	0.0	0.0	0.0	0.0	0.0	0.0	0.0
DLEU7	na	0.0	0.0	0.0	0.0	0.0	0.0	0.0
RNASEH2B	na	0.0	0.0	0.0	0.0	0.0	0.0	0.0
FAM124A	na	0.0	0.0	0.0	0.0	0.0	0.0	0.0
INTS6	na	0.0	0.0	0.0	0.0	0.0	0.0	0.0
INTS6-AS1	na	0.0	0.0	0.0	0.0	0.0	0.0	0.0
WDFY2	na	0.0	0.0	0.0	0.0	0.0	0.0	0.0
DHRS12	na	0.0	0.0	0.0	0.0	0.0	0.0	0.0
AL162377.1	na	0.0	0.0	0.0	0.0	0.0	0.0	0.0
ATP7B	na	0.0	0.0	0.0	0.0	0.0	0.0	0.0
ALG11	na	0.0	0.0	0.0	0.0	0.0	0.0	0.0
UTP14C	na	0.0	0.0	0.0	0.0	0.0	0.0	0.0
NEK5	na	0.0	0.0	0.0	0.0	0.0	0.0	0.0
NEK3	na	0.0	0.0	0.0	0.0	0.0	0.0	0.0
THSD1	na	0.0	0.0	0.0	0.0	0.0	0.0	0.0
VPS36	na	0.0	0.0	0.0	0.0	0.0	0.0	0.0
AL359513.1	na	0.0	0.0	0.0	0.0	0.0	0.0	0.0
CKAP2	na	0.0	0.0	0.0	0.0	0.0	0.0	0.0
HNRNPA1L2	na	0.0	0.0	0.0	0.0	0.0	0.0	0.0
AL139089.1	na	0.0	0.0	0.0	0.0	0.0	0.0	0.0
SUGT1	na	0.05462239988015121	0.05824991607297785	0.04369498338191507	0.041432629303370286	0.04503020323308087	0.06656688139286646	0.07510067028431476
PCDH17	na	0.0	0.0	0.0	0.0	0.0	0.0	0.0
DIAPH3	na	0.0	0.0	0.0	0.0	0.0	0.0	0.0
TDRD3	na	0.0	0.0	0.0	0.0	0.0	0.0	0.0
DACH1	na	0.06080435298571089	0.06072828874882188	0.051626186454807724	0.04704550930059574	0.04788414580909667	0.053292618664355744	0.0761896253972057
MZT1	na	0.0	0.0	0.0	0.0	0.0	0.0	0.0
BORA	na	0.0	0.0	0.0	0.0	0.0	0.0	0.0
DIS3	na	0.0	0.0	0.0	0.0	0.0	0.0	0.0
PIBF1	na	0.0	0.0	0.0	0.0	0.0	0.0	0.0
KLF5	na	0.0	0.0	0.0	0.0	0.0	0.0	0.0
KLF12	na	0.0	0.0	0.0	0.0	0.0	0.0	0.0
TBC1D4	na	0.0	0.0	0.0	0.0	0.0	0.0	0.0
COMMD6	na	0.21868614837917846	0.7404345135765763	6.4208376397522914e-21	0.16262938377275785	0.17835538113518407	0.5408638674844942	0.44978939039641513
UCHL3	na	0.05381047610918723	0.07767440524452886	0.03236756967006331	0.05719158521781297	0.04690535738355344	0.07247960566532875	0.08122602654207553
LMO7-AS1	na	0.0	0.0	0.0	0.0	0.0	0.0	0.0
LMO7	na	0.0	0.0	0.0	0.0	0.0	0.0	0.0
KCTD12	na	0.0	0.0	0.0	0.0	0.0	0.0	0.0
CLN5	na	0.0	0.0	0.0	0.0	0.0	0.0	0.0
FBXL3	na	0.05159268313835563	0.06936362742036026	0.05075539554854286	0.04178136087378585	0.043983127134523646	0.0677920751418584	0.08594756086921085
MYCBP2	na	0.0	0.0	0.0	0.0	0.0	0.0	0.0
EDNRB	na	0.0	0.0	0.0	0.0	0.0	0.0	0.0
RNF219	na	0.0	0.0	0.0	0.0	0.0	0.0	0.0
RBM26	na	0.057924119272001535	0.07187210132070422	0.04891619843500334	0.043996981306488644	0.049202609889919945	0.07607161189856972	0.095972201219904
NDFIP2	na	0.05062696803342529	0.06646869203495195	0.05331966128561456	0.037561732007021675	0.04660286313607831	0.0730512039831051	0.07915252896517513
SPRY2	na	0.0	0.0	0.0	0.0	0.0	0.0	0.0
SLITRK6	na	0.0	0.0	0.0	0.0	0.0	0.0	0.0
GPC6	na	0.0	0.0	0.0	0.0	0.0	0.0	0.0
TGDS	na	0.0	0.0	0.0	0.0	0.0	0.0	0.0
GPR180	na	0.0	0.0	0.0	0.0	0.0	0.0	0.0
ABCC4	na	0.0	0.0	0.0	0.0	0.0	0.0	0.0
DZIP1	na	0.0	0.0	0.0	0.0	0.0	0.0	0.0
DNAJC3-DT	na	0.0	0.0	0.0	0.0	0.0	0.0	0.0
DNAJC3	na	0.0	0.0	0.0	0.0	0.0	0.0	0.0
UGGT2	na	0.0	0.0	0.0	0.0	0.0	0.0	0.0
HS6ST3	na	0.0	0.0	0.0	0.0	0.0	0.0	0.0
MBNL2	na	0.054505625795227046	0.07957034088565852	0.05763447060628421	0.04583348310740751	0.05126871396420244	0.0706336443188932	0.11072727241886521
RAP2A	na	0.0	0.0	0.0	0.0	0.0	0.0	0.0
IPO5	na	0.05707291739231216	0.06435344610474582	0.055035481124726816	0.036311338459715944	0.04140798637647712	0.05369240522254682	0.0685498748760003
FARP1	na	0.07519333603421341	0.07790784347146776	0.08325396632986141	0.05100699115046887	0.06280319960114862	0.058910939699617026	0.10265826853405814
STK24	na	0.0646282495414065	0.10508750979289076	0.06374954688739452	0.04398123263458823	0.059614619227453605	0.10689073935826107	0.11948966499010934
DOCK9	na	0.0	0.0	0.0	0.0	0.0	0.0	0.0
DOCK9-DT	na	0.0	0.0	0.0	0.0	0.0	0.0	0.0
UBAC2-AS1	na	0.0	0.0	0.0	0.0	0.0	0.0	0.0
UBAC2	na	0.05389944169265798	0.07167815533057263	0.04884548485836172	0.06293532949727883	0.05347987160194371	0.07854812941286134	0.10195148883319552
GPR183	na	0.0	0.0	0.0	0.0	0.0	0.0	0.0
TM9SF2	na	0.09677443320929416	0.18436318465182125	0.07527110118150487	0.06510568291673641	0.08998539474503617	0.1625531379097364	0.20423165392266018
CLYBL	na	0.0	0.0	0.0	0.0	0.0	0.0	0.0
ZIC2	na	0.0	0.0	0.0	0.0	0.0	0.0	0.0
AL355338.1	na	0.0	0.0	0.0	0.0	0.0	0.0	0.0
PCCA	na	0.0	0.0	0.0	0.0	0.0	0.0	0.0
GGACT	na	0.0	0.0	0.0	0.0	0.0	0.0	0.0
AL136526.1	na	0.0	0.0	0.0	0.0	0.0	0.0	0.0
TMTC4	na	0.0	0.0	0.0	0.0	0.0	0.0	0.0
ITGBL1	na	0.0	0.0	0.0	0.0	0.0	0.0	0.0
TPP2	na	0.04483903208240278	0.05772460062728672	0.04849411922521481	0.052841479374853416	0.0492525922815488	0.06790697522330852	0.08692310313496247
TEX30	na	0.0453110538462934	0.09104046545354483	0.0351954980123662	0.061076745083422486	0.047823617330893776	0.06441057687270971	0.08547634064654382
KDELC1	na	0.0	0.0	0.0	0.0	0.0	0.0	0.0
BIVM	na	0.0	0.0	0.0	0.0	0.0	0.0	0.0
ERCC5	na	0.0	0.0	0.0	0.0	0.0	0.0	0.0
LINC00460	na	0.0	0.0	0.0	0.0	0.0	0.0	0.0
EFNB2	na	0.0	0.0	0.0	0.0	0.0	0.0	0.0
ARGLU1	na	0.06535240307889702	0.08510867912495602	0.09450610189334889	0.06026768659627951	0.06858979327123552	0.09328951862437403	0.13158665478838408
LIG4	na	0.0	0.0	0.0	0.0	0.0	0.0	0.0
ABHD13	na	0.0	0.0	0.0	0.0	0.0	0.0	0.0
TNFSF13B	na	0.0	0.0	0.0	0.0	0.0	0.0	0.0
MYO16	na	0.0	0.0	0.0	0.0	0.0	0.0	0.0
IRS2	na	0.0	0.0	0.0	0.0	0.0	0.0	0.0
COL4A1	na	0.09919226833546539	0.20763149779332865	0.03877718174015557	0.04770136866433353	0.08153263674997417	0.1703708855539976	0.19256442182244643
COL4A2	na	0.0632673226291624	0.12842463659870104	0.06083345966605705	0.03276152158269759	0.0645577397363231	0.12594057631230046	0.1432732522986173
RAB20	na	0.045421439043305846	0.07306372287134738	0.03559138583761954	0.055518667409039386	0.0466642052980484	0.059457955205878286	0.09318319788464392
AL139385.1	na	0.0	0.0	0.0	0.0	0.0	0.0	0.0
NAXD	na	0.05232432302783325	0.07144323080713952	0.05169405271131886	0.0529804341689703	0.04980823928906344	0.05280469820068342	0.08589147210081297
CARS2	na	0.05404529047690248	0.07921360217824781	0.06132349571269066	0.04296697365746602	0.052058074145238976	0.08240524203360744	0.10728549717878172
ING1	na	0.0	0.0	0.0	0.0	0.0	0.0	0.0
LINC00346	na	0.0	0.0	0.0	0.0	0.0	0.0	0.0
ANKRD10	na	0.07502730129896643	0.0957070514894177	0.06657300462684886	0.07960874504824299	0.06642319673243033	0.10537617505581906	0.11711719298889339
ARHGEF7	na	0.06044038764916273	0.08035986479968102	0.056565295740019644	0.04458868174969627	0.048837482023698364	0.06379318804590628	0.08534929175809962
TEX29	na	0.0	0.0	0.0	0.0	0.0	0.0	0.0
SOX1-OT	na	0.0	0.0	0.0	0.0	0.0	0.0	0.0
SPACA7	na	0.0	0.0	0.0	0.0	0.0	0.0	0.0
TUBGCP3	na	0.0	0.0	0.0	0.0	0.0	0.0	0.0
AL139384.2	na	0.0	0.0	0.0	0.0	0.0	0.0	0.0
ATP11A	na	0.0	0.0	0.0	0.0	0.0	0.0	0.0
MCF2L	na	0.08791114492369227	0.11347070950323285	0.10548629586919941	0.04518843249929836	0.07381282743961434	0.09121944841959923	0.14435169257291772
AL356740.1	na	0.0	0.0	0.0	0.0	0.0	0.0	0.0
MCF2L-AS1	na	0.0	0.0	0.0	0.0	0.0	0.0	0.0
F7	na	0.0	0.0	0.0	0.0	0.0	0.0	0.0
F10	na	0.0	0.0	0.0	0.0	0.0	0.0	0.0
PCID2	na	0.04407287011253147	0.072173334439983	0.048184220800415456	0.05397054321385415	0.045932314501124824	0.06280784258717065	0.08693345877466556
CUL4A	na	0.07662548375530877	0.1363712382266206	0.08143080173054139	0.056668351214339885	0.07393151731760189	0.11901116603474411	0.15491752413858215
LAMP1	na	0.14213605279118222	0.17822769008284048	0.17335040672510316	0.08486303899975715	0.12591074564294635	0.1649526624388816	0.2523145658021307
GRTP1	na	0.0	0.0	0.0	0.0	0.0	0.0	0.0
ADPRHL1	na	0.0	0.0	0.0	0.0	0.0	0.0	0.0
DCUN1D2	na	0.0	0.0	0.0	0.0	0.0	0.0	0.0
TMCO3	na	0.04480142617411377	0.07432241643594584	0.04210032368419374	0.04491654266444706	0.04868818507862564	0.08058829109429388	0.08899418623465444
TFDP1	na	0.0671512990712318	0.10851245469714435	0.046281847627959366	0.059161519620663405	0.05703941829547269	0.09200701625202684	0.12990401317247227
TMEM255B	na	0.0	0.0	0.0	0.0	0.0	0.0	0.0
GAS6-AS1	na	0.0	0.0	0.0	0.0	0.0	0.0	0.0
GAS6	na	0.0	0.0	0.0	0.0	0.0	0.0	0.0
C13orf46	na	0.0	0.0	0.0	0.0	0.0	0.0	0.0
RASA3	na	0.0	0.0	0.0	0.0	0.0	0.0	0.0
CDC16	na	0.061968659733477684	0.08934189448406239	0.06318936230136848	0.04750245232245181	0.05513107669440277	0.07436425732973356	0.111912428411465
UPF3A	na	0.0625563213786172	0.07872522399474849	0.04918070468908124	0.050777861234673115	0.047582969310327995	0.06055209942311269	0.09127604924004687
CHAMP1	na	0.0	0.0	0.0	0.0	0.0	0.0	0.0
TTC5	na	0.0	0.0	0.0	0.0	0.0	0.0	0.0
AL356019.2	na	0.0	0.0	0.0	0.0	0.0	0.0	0.0
CCNB1IP1	na	0.0	0.0	0.0	0.0	0.0	0.0	0.0
AL355075.4	na	0.0	0.0	0.0	0.0	0.0	0.0	0.0
PARP2	na	0.0	0.0	0.0	0.0	0.0	0.0	0.0
TEP1	na	0.0	0.0	0.0	0.0	0.0	0.0	0.0
OSGEP	na	0.0	0.0	0.0	0.0	0.0	0.0	0.0
APEX1	na	0.053602772973281095	0.10966889703697104	0.050276185364373456	0.04958531133828021	0.05187790405464126	0.08113338333628112	0.11018132966160245
PIP4P1	na	0.0	0.0	0.0	0.0	0.0	0.0	0.0
PNP	na	0.04664440605770642	0.08779195909085824	0.04871101585792823	0.03642523411857003	0.04596167798081262	0.06828038437390606	0.08741152825271543
RNASE4	na	0.0	0.0	0.0	0.0	0.0	0.0	0.0
ANG	na	0.0	0.0	0.0	0.0	0.0	0.0	0.0
RNASE6	na	0.0	0.0	0.0	0.0	0.0	0.0	0.0
RNASE1	na	0.1505976617169339	0.28417336932420134	0.050811416097862765	0.05342677843027522	0.11153204111783324	0.28239493634701995	0.31128220949021856
RNASE2	na	0.0	0.0	0.0	0.0	0.0	0.0	0.0
METTL17	na	0.0	0.0	0.0	0.0	0.0	0.0	0.0
NDRG2	na	0.0	0.0	0.0	0.0	0.0	0.0	0.0
ARHGEF40	na	0.0	0.0	0.0	0.0	0.0	0.0	0.0
ZNF219	na	0.0	0.0	0.0	0.0	0.0	0.0	0.0
HNRNPC	na	0.11339654933010468	0.2532770629255201	0.11511441219225603	0.06774152651163962	0.10897757163522917	0.22923594792363688	0.2554989031121481
RPGRIP1	na	0.0	0.0	0.0	0.0	0.0	0.0	0.0
SUPT16H	na	0.053545466039240146	0.06959028340756496	0.054891365888936804	0.050783700242482306	0.04899179936432313	0.06129443200874154	0.08632294924307798
CHD8	na	0.0	0.0	0.0	0.0	0.0	0.0	0.0
RAB2B	na	0.0	0.0	0.0	0.0	0.0	0.0	0.0
TOX4	na	0.0	0.0	0.0	0.0	0.0	0.0	0.0
METTL3	na	0.0	0.0	0.0	0.0	0.0	0.0	0.0
SALL2	na	0.0	0.0	0.0	0.0	0.0	0.0	0.0
TRAC	na	0.0	0.0	0.0	0.0	0.0	0.0	0.0
DAD1	na	0.08375793406307863	0.18693635217090812	0.023276464207069518	0.08555500946998024	0.07426260020666671	0.13516234209196085	0.1451393956045003
ABHD4	na	0.0	0.0	0.0	0.0	0.0	0.0	0.0
OXA1L	na	0.04388863439921358	0.07964844982109238	0.05121141318172903	0.058521833231615306	0.05182255734735777	0.06536470606670401	0.09540304328982988
SLC7A7	na	0.0	0.0	0.0	0.0	0.0	0.0	0.0
MRPL52	na	0.07281399202896437	0.14825375528413948	0.035085579631406565	0.06050152596043423	0.06712298313367103	0.1201151479190103	0.14033871790621905
MMP14	na	0.0	0.0	0.0	0.0	0.0	0.0	0.0
LRP10	na	0.07620928360046375	0.1101207009677567	0.06219789695125066	0.04317024382409927	0.05804818417764537	0.08632157969940854	0.11253484212881357
REM2	na	0.0	0.0	0.0	0.0	0.0	0.0	0.0
RBM23	na	0.0	0.0	0.0	0.0	0.0	0.0	0.0
PRMT5	na	0.0	0.0	0.0	0.0	0.0	0.0	0.0
HAUS4	na	0.0	0.0	0.0	0.0	0.0	0.0	0.0
AJUBA	na	0.0	0.0	0.0	0.0	0.0	0.0	0.0
C14orf93	na	0.0	0.0	0.0	0.0	0.0	0.0	0.0
PSMB5	na	0.08198020738526582	0.15912371519552135	0.060358354839836134	0.0506574293573615	0.07243511071103338	0.1270577972383122	0.15211052272625497
CDH24	na	0.0	0.0	0.0	0.0	0.0	0.0	0.0
ACIN1	na	0.0	0.0	0.0	0.0	0.0	0.0	0.0
C14orf119	na	0.0	0.0	0.0	0.0	0.0	0.0	0.0
SLC7A8	na	0.0	0.0	0.0	0.0	0.0	0.0	0.0
HOMEZ	na	0.0	0.0	0.0	0.0	0.0	0.0	0.0
PPP1R3E	na	0.0	0.0	0.0	0.0	0.0	0.0	0.0
BCL2L2	na	0.0	0.0	0.0	0.0	0.0	0.0	0.0
PABPN1	na	0.0	0.0	0.0	0.0	0.0	0.0	0.0
SLC22A17	na	0.0	0.0	0.0	0.0	0.0	0.0	0.0
EFS	na	0.04900894071919137	0.06694387510211897	0.06759981498962178	0.05622885739194894	0.05272877383565961	0.061848214006174206	0.08856650416460751
NGDN	na	0.0	0.0	0.0	0.0	0.0	0.0	0.0
ZFHX2	na	0.0	0.0	0.0	0.0	0.0	0.0	0.0
THTPA	na	0.0	0.0	0.0	0.0	0.0	0.0	0.0
AP1G2	na	0.0	0.0	0.0	0.0	0.0	0.0	0.0
AL135999.1	na	0.0	0.0	0.0	0.0	0.0	0.0	0.0
DHRS2	na	0.0	0.0	0.0	0.0	0.0	0.0	0.0
DHRS4-AS1	na	0.0	0.0	0.0	0.0	0.0	0.0	0.0
DHRS4	na	0.0	0.0	0.0	0.0	0.0	0.0	0.0
DHRS4L2	na	0.0	0.0	0.0	0.0	0.0	0.0	0.0
NRL	na	0.0	0.0	0.0	0.0	0.0	0.0	0.0
PCK2	na	0.0	0.0	0.0	0.0	0.0	0.0	0.0
DCAF11	na	0.030715310042112434	0.0533440672023528	0.05737844089271728	0.04598795971986801	0.04817249241002425	0.06895657372043515	0.09140412724143604
PSME1	na	0.09044041020216653	0.21449140437133338	0.04817750772995235	0.07317228602926397	0.08551676597077336	0.18479374398388626	0.188171021264164
EMC9	na	0.0	0.0	0.0	0.0	0.0	0.0	0.0
AL136295.2	na	0.0	0.0	0.0	0.0	0.0	0.0	0.0
PSME2	na	0.09976334245207417	0.18549729117939467	0.040770355289381735	0.09843438063443215	0.08551755961048825	0.17608941069738285	0.17765667156250722
RNF31	na	0.0	0.0	0.0	0.0	0.0	0.0	0.0
REC8	na	0.0	0.0	0.0	0.0	0.0	0.0	0.0
IPO4	na	0.0	0.0	0.0	0.0	0.0	0.0	0.0
TM9SF1	na	0.0	0.0	0.0	0.0	0.0	0.0	0.0
AL136295.6	na	0.0	0.0	0.0	0.0	0.0	0.0	0.0
CHMP4A	na	0.05111748430699323	0.08195667664309217	0.05195549610259715	0.04721548202042213	0.04868469620048153	0.07039192355387877	0.08484046291623987
MDP1	na	0.0	0.0	0.0	0.0	0.0	0.0	0.0
NEDD8	na	0.09117019615509643	0.21849445540119924	0.015402000594501088	0.10374685296225555	0.0857022806476838	0.16757401658978777	0.16181234377727674
GMPR2	na	0.0	0.0	0.0	0.0	0.0	0.0	0.0
TINF2	na	0.0	0.0	0.0	0.0	0.0	0.0	0.0
TGM1	na	0.0	0.0	0.0	0.0	0.0	0.0	0.0
RABGGTA	na	0.0	0.0	0.0	0.0	0.0	0.0	0.0
DHRS1	na	0.0	0.0	0.0	0.0	0.0	0.0	0.0
NOP9	na	0.0	0.0	0.0	0.0	0.0	0.0	0.0
CIDEB	na	0.0	0.0	0.0	0.0	0.0	0.0	0.0
LTB4R2	na	0.0	0.0	0.0	0.0	0.0	0.0	0.0
LTB4R	na	0.0	0.0	0.0	0.0	0.0	0.0	0.0
ADCY4	na	0.0	0.0	0.0	0.0	0.0	0.0	0.0
RIPK3	na	0.0	0.0	0.0	0.0	0.0	0.0	0.0
NFATC4	na	0.0	0.0	0.0	0.0	0.0	0.0	0.0
NYNRIN	na	0.0	0.0	0.0	0.0	0.0	0.0	0.0
KHNYN	na	0.0	0.0	0.0	0.0	0.0	0.0	0.0
SDR39U1	na	0.0	0.0	0.0	0.0	0.0	0.0	0.0
GZMH	na	0.0	0.0	0.0	0.0	0.0	0.0	0.0
GZMB	na	0.0	0.0	0.0	0.0	0.0	0.0	0.0
PRKD1	na	0.0	0.0	0.0	0.0	0.0	0.0	0.0
G2E3	na	0.0	0.0	0.0	0.0	0.0	0.0	0.0
SCFD1	na	0.0	0.0	0.0	0.0	0.0	0.0	0.0
COCH	na	0.0	0.0	0.0	0.0	0.0	0.0	0.0
STRN3	na	0.0	0.0	0.0	0.0	0.0	0.0	0.0
AP4S1	na	0.0	0.0	0.0	0.0	0.0	0.0	0.0
HECTD1	na	0.0	0.0	0.0	0.0	0.0	0.0	0.0
HEATR5A	na	0.0	0.0	0.0	0.0	0.0	0.0	0.0
DTD2	na	0.0	0.0	0.0	0.0	0.0	0.0	0.0
NUBPL	na	0.0	0.0	0.0	0.0	0.0	0.0	0.0
ARHGAP5-AS1	na	0.0	0.0	0.0	0.0	0.0	0.0	0.0
ARHGAP5	na	0.0	0.0	0.0	0.0	0.0	0.0	0.0
EGLN3	na	0.0	0.0	0.0	0.0	0.0	0.0	0.0
SPTSSA	na	0.07462344249245072	0.12041316594717322	0.035100894970229085	0.06612099597626131	0.05910792799702566	0.10778972775294438	0.10766565409068944
EAPP	na	0.0	0.0	0.0	0.0	0.0	0.0	0.0
SNX6	na	0.03106832783488345	0.060472607380637096	0.046088858565569	0.05149499687430604	0.041834463392565115	0.056057689303679235	0.08748923905023581
CFL2	na	0.0	0.0	0.0	0.0	0.0	0.0	0.0
BAZ1A	na	0.0	0.0	0.0	0.0	0.0	0.0	0.0
AL121603.2	na	0.0	0.0	0.0	0.0	0.0	0.0	0.0
SRP54	na	0.0	0.0	0.0	0.0	0.0	0.0	0.0
FAM177A1	na	0.046430485626197934	0.08222643025343832	0.04406709853020746	0.05267317541843771	0.05092810802638644	0.06984087625083667	0.10390148970323852
PPP2R3C	na	0.0	0.0	0.0	0.0	0.0	0.0	0.0
KIAA0391	na	0.0	0.0	0.0	0.0	0.0	0.0	0.0
PSMA6	na	0.0	0.0	0.0	0.0	0.0	0.0	0.0
NFKBIA	na	0.08425772520194964	0.10160349339860922	0.08499154206074767	0.028686863043959107	0.06529737289846983	0.08979297023238683	0.12835727502845212
RALGAPA1	na	0.0	0.0	0.0	0.0	0.0	0.0	0.0
BRMS1L	na	0.0	0.0	0.0	0.0	0.0	0.0	0.0
MBIP	na	0.0	0.0	0.0	0.0	0.0	0.0	0.0
PAX9	na	0.0	0.0	0.0	0.0	0.0	0.0	0.0
SLC25A21	na	0.0	0.0	0.0	0.0	0.0	0.0	0.0
SLC25A21-AS1	na	0.0	0.0	0.0	0.0	0.0	0.0	0.0
MIPOL1	na	0.0	0.0	0.0	0.0	0.0	0.0	0.0
FOXA1	na	0.10697008028832564	0.19173140548078194	0.07149524085607567	0.06431796119856309	0.08698093058280046	0.17277096611013784	0.18889410941850304
TTC6	na	0.0	0.0	0.0	0.0	0.0	0.0	0.0
CLEC14A	na	0.0	0.0	0.0	0.0	0.0	0.0	0.0
LINC00639	na	0.0	0.0	0.0	0.0	0.0	0.0	0.0
SEC23A	na	0.0	0.0	0.0	0.0	0.0	0.0	0.0
GEMIN2	na	0.0	0.0	0.0	0.0	0.0	0.0	0.0
TRAPPC6B	na	0.0	0.0	0.0	0.0	0.0	0.0	0.0
PNN	na	0.0	0.0	0.0	0.0	0.0	0.0	0.0
MIA2	na	0.0	0.0	0.0	0.0	0.0	0.0	0.0
AL132639.2	na	0.0	0.0	0.0	0.0	0.0	0.0	0.0
FBXO33	na	0.0	0.0	0.0	0.0	0.0	0.0	0.0
C14orf28	na	0.0	0.0	0.0	0.0	0.0	0.0	0.0
KLHL28	na	0.0	0.0	0.0	0.0	0.0	0.0	0.0
TOGARAM1	na	0.0	0.0	0.0	0.0	0.0	0.0	0.0
PRPF39	na	0.0	0.0	0.0	0.0	0.0	0.0	0.0
FKBP3	na	0.04350774153995345	0.08751377743962606	0.041452945477014135	0.04477273704122998	0.046523114930711484	0.07988964101328319	0.09337957742318483
FANCM	na	0.0	0.0	0.0	0.0	0.0	0.0	0.0
MIS18BP1	na	0.0	0.0	0.0	0.0	0.0	0.0	0.0
RPS29	na	1.7723308628327668	5.540429090205305	5.792615471214193e-18	0.09181045699194079	0.9346646140103605	3.9212754312189566	3.4625930530196527
LRR1	na	0.0	0.0	0.0	0.0	0.0	0.0	0.0
RPL36AL	na	0.1730182069832604	0.4241509476519104	0.040511124523175186	0.09375729583225932	0.13036062213066993	0.3219107630129924	0.3111599509183776
MGAT2	na	0.0	0.0	0.0	0.0	0.0	0.0	0.0
DNAAF2	na	0.0	0.0	0.0	0.0	0.0	0.0	0.0
POLE2	na	0.0	0.0	0.0	0.0	0.0	0.0	0.0
KLHDC1	na	0.0	0.0	0.0	0.0	0.0	0.0	0.0
KLHDC2	na	0.11414872996283826	0.21766985815988654	0.08104933291691648	0.07758990149090607	0.09479063224572597	0.15168229632764363	0.20481124902710104
NEMF	na	0.06012014031642899	0.09835356749868242	0.05882868771810473	0.04018376306351536	0.0560451360135725	0.09084854249047437	0.09695172378043478
ARF6	na	0.1695793109134726	0.2615236678860198	0.14152334601764577	0.09185656576342803	0.13219963887424785	0.2453698645032491	0.28068984101795164
LINC01588	na	0.0	0.0	0.0	0.0	0.0	0.0	0.0
VCPKMT	na	0.0	0.0	0.0	0.0	0.0	0.0	0.0
SOS2	na	0.0	0.0	0.0	0.0	0.0	0.0	0.0
L2HGDH	na	0.0	0.0	0.0	0.0	0.0	0.0	0.0
ATP5S	na	0.0	0.0	0.0	0.0	0.0	0.0	0.0
MAP4K5	na	0.0	0.0	0.0	0.0	0.0	0.0	0.0
ATL1	na	0.0	0.0	0.0	0.0	0.0	0.0	0.0
SAV1	na	0.0	0.0	0.0	0.0	0.0	0.0	0.0
NIN	na	0.0	0.0	0.0	0.0	0.0	0.0	0.0
PYGL	na	0.0	0.0	0.0	0.0	0.0	0.0	0.0
TMX1	na	0.0	0.0	0.0	0.0	0.0	0.0	0.0
FRMD6	na	0.0	0.0	0.0	0.0	0.0	0.0	0.0
GNG2	na	0.0	0.0	0.0	0.0	0.0	0.0	0.0
RTRAF	na	0.06336510756074044	0.10215136462817302	0.04370084490937245	0.05125400026375802	0.05278772234438436	0.09842237851788802	0.09965293129557104
NID2	na	0.0	0.0	0.0	0.0	0.0	0.0	0.0
PTGER2	na	0.0	0.0	0.0	0.0	0.0	0.0	0.0
TXNDC16	na	0.0	0.0	0.0	0.0	0.0	0.0	0.0
GPR137C	na	0.0	0.0	0.0	0.0	0.0	0.0	0.0
ERO1A	na	0.0	0.0	0.0	0.0	0.0	0.0	0.0
PSMC6	na	0.037684402963374185	0.07040802311474678	0.052231912224562325	0.03430625216149201	0.04431537169056337	0.06684716093812763	0.08074389615198946
STYX	na	0.0	0.0	0.0	0.0	0.0	0.0	0.0
GNPNAT1	na	0.0	0.0	0.0	0.0	0.0	0.0	0.0
AL139317.3	na	0.0	0.0	0.0	0.0	0.0	0.0	0.0
FERMT2	na	0.0	0.0	0.0	0.0	0.0	0.0	0.0
DDHD1	na	0.0	0.0	0.0	0.0	0.0	0.0	0.0
BMP4	na	0.07528263546350533	0.11392312717928987	0.06968283395529457	0.03846628685598858	0.061807716179490504	0.1177487964515963	0.11044473063531816
CDKN3	na	0.0	0.0	0.0	0.0	0.0	0.0	0.0
CNIH1	na	0.03421405218612014	0.08120579070753779	0.025926416533103108	0.06452702185777721	0.04636951349468701	0.06827857050435002	0.0903148558414637
GMFB	na	0.0	0.0	0.0	0.0	0.0	0.0	0.0
CGRRF1	na	0.0	0.0	0.0	0.0	0.0	0.0	0.0
SAMD4A	na	0.0	0.0	0.0	0.0	0.0	0.0	0.0
GCH1	na	0.0	0.0	0.0	0.0	0.0	0.0	0.0
WDHD1	na	0.0	0.0	0.0	0.0	0.0	0.0	0.0
SOCS4	na	0.0	0.0	0.0	0.0	0.0	0.0	0.0
MAPK1IP1L	na	0.0	0.0	0.0	0.0	0.0	0.0	0.0
LGALS3	na	0.0	0.0	0.0	0.0	0.0	0.0	0.0
DLGAP5	na	0.0	0.0	0.0	0.0	0.0	0.0	0.0
FBXO34	na	0.0	0.0	0.0	0.0	0.0	0.0	0.0
ATG14	na	0.0	0.0	0.0	0.0	0.0	0.0	0.0
KTN1	na	0.05308104357784015	0.06101573816708186	0.0391992337619971	0.04292356195455653	0.04593668482850459	0.0699123228526086	0.07785196232537488
TMEM260	na	0.0	0.0	0.0	0.0	0.0	0.0	0.0
EXOC5	na	0.0	0.0	0.0	0.0	0.0	0.0	0.0
AP5M1	na	0.0	0.0	0.0	0.0	0.0	0.0	0.0
NAA30	na	0.0	0.0	0.0	0.0	0.0	0.0	0.0
ARMH4	na	0.0	0.0	0.0	0.0	0.0	0.0	0.0
ACTR10	na	0.0	0.0	0.0	0.0	0.0	0.0	0.0
PSMA3	na	0.04645426587494121	0.10342668756727236	0.02286221993620912	0.06628912978222383	0.053125134337792396	0.10070734303527495	0.10012694066795363
PSMA3-AS1	na	0.0	0.0	0.0	0.0	0.0	0.0	0.0
ARID4A	na	0.0	0.0	0.0	0.0	0.0	0.0	0.0
TIMM9	na	0.0	0.0	0.0	0.0	0.0	0.0	0.0
KIAA0586	na	0.0	0.0	0.0	0.0	0.0	0.0	0.0
DACT1	na	0.0	0.0	0.0	0.0	0.0	0.0	0.0
DAAM1	na	0.0	0.0	0.0	0.0	0.0	0.0	0.0
L3HYPDH	na	0.0	0.0	0.0	0.0	0.0	0.0	0.0
JKAMP	na	0.0	0.0	0.0	0.0	0.0	0.0	0.0
RTN1	na	0.0	0.0	0.0	0.0	0.0	0.0	0.0
PCNX4	na	0.0	0.0	0.0	0.0	0.0	0.0	0.0
DHRS7	na	0.0	0.0	0.0	0.0	0.0	0.0	0.0
PPM1A	na	0.0	0.0	0.0	0.0	0.0	0.0	0.0
C14orf39	na	0.0	0.0	0.0	0.0	0.0	0.0	0.0
SIX1	na	0.0	0.0	0.0	0.0	0.0	0.0	0.0
SIX4	na	0.0	0.0	0.0	0.0	0.0	0.0	0.0
MNAT1	na	0.0	0.0	0.0	0.0	0.0	0.0	0.0
TRMT5	na	0.0	0.0	0.0	0.0	0.0	0.0	0.0
SLC38A6	na	0.0	0.0	0.0	0.0	0.0	0.0	0.0
PRKCH	na	0.0	0.0	0.0	0.0	0.0	0.0	0.0
TMEM30B	na	0.0	0.0	0.0	0.0	0.0	0.0	0.0
HIF1A	na	0.05450388940768013	0.06366479959607221	0.04570410418813671	0.04955044706360591	0.04591810432155501	0.07099334871633033	0.07052743767354137
SNAPC1	na	0.0	0.0	0.0	0.0	0.0	0.0	0.0
RHOJ	na	0.0	0.0	0.0	0.0	0.0	0.0	0.0
PPP2R5E	na	0.0	0.0	0.0	0.0	0.0	0.0	0.0
WDR89	na	0.0	0.0	0.0	0.0	0.0	0.0	0.0
SGPP1	na	0.0	0.0	0.0	0.0	0.0	0.0	0.0
SYNE2	na	0.0	0.0	0.0	0.0	0.0	0.0	0.0
MTHFD1	na	0.0	0.0	0.0	0.0	0.0	0.0	0.0
ZBTB25	na	0.0	0.0	0.0	0.0	0.0	0.0	0.0
AKAP5	na	0.0	0.0	0.0	0.0	0.0	0.0	0.0
ZBTB1	na	0.0	0.0	0.0	0.0	0.0	0.0	0.0
HSPA2	na	0.0	0.0	0.0	0.0	0.0	0.0	0.0
PLEKHG3	na	0.0	0.0	0.0	0.0	0.0	0.0	0.0
CHURC1	na	0.0	0.0	0.0	0.0	0.0	0.0	0.0
RAB15	na	0.0	0.0	0.0	0.0	0.0	0.0	0.0
FNTB	na	0.0	0.0	0.0	0.0	0.0	0.0	0.0
MAX	na	0.0	0.0	0.0	0.0	0.0	0.0	0.0
FUT8	na	0.0	0.0	0.0	0.0	0.0	0.0	0.0
GPHN	na	0.0	0.0	0.0	0.0	0.0	0.0	0.0
FAM71D	na	0.0	0.0	0.0	0.0	0.0	0.0	0.0
MPP5	na	0.0	0.0	0.0	0.0	0.0	0.0	0.0
ATP6V1D	na	0.0	0.0	0.0	0.0	0.0	0.0	0.0
EIF2S1	na	0.0	0.0	0.0	0.0	0.0	0.0	0.0
PLEK2	na	0.0	0.0	0.0	0.0	0.0	0.0	0.0
TMEM229B	na	0.0	0.0	0.0	0.0	0.0	0.0	0.0
PLEKHH1	na	0.0	0.0	0.0	0.0	0.0	0.0	0.0
PIGH	na	0.0	0.0	0.0	0.0	0.0	0.0	0.0
ARG2	na	0.0	0.0	0.0	0.0	0.0	0.0	0.0
VTI1B	na	0.0	0.0	0.0	0.0	0.0	0.0	0.0
RDH11	na	0.0	0.0	0.0	0.0	0.0	0.0	0.0
ZFYVE26	na	0.0	0.0	0.0	0.0	0.0	0.0	0.0
AL121820.2	na	0.0	0.0	0.0	0.0	0.0	0.0	0.0
ZFP36L1	na	0.06633610234695844	0.11773967261345386	0.0429409420987408	0.05014446345103627	0.05918575361691001	0.11389719496517897	0.10732504115181678
ACTN1	na	0.05840623254671311	0.0756730584376716	0.042878792099460904	0.04791608692827488	0.047359924465870375	0.0843213765615402	0.07966002351442723
DCAF5	na	0.0	0.0	0.0	0.0	0.0	0.0	0.0
EXD2	na	0.0	0.0	0.0	0.0	0.0	0.0	0.0
ERH	na	0.057149690923617755	0.13653607683346133	0.04586774192513817	0.055596060673039314	0.06592775748623035	0.13350436336943974	0.1333717870118584
SLC39A9	na	0.0	0.0	0.0	0.0	0.0	0.0	0.0
SUSD6	na	0.0	0.0	0.0	0.0	0.0	0.0	0.0
SRSF5	na	0.05316609626280868	0.07711425738509874	0.04557607570291502	0.05815885847912455	0.04843900327281404	0.07671826825079574	0.08782189441435946
COX16	na	0.0	0.0	0.0	0.0	0.0	0.0	0.0
SYNJ2BP	na	0.0	0.0	0.0	0.0	0.0	0.0	0.0
MED6	na	0.0	0.0	0.0	0.0	0.0	0.0	0.0
TTC9	na	0.0	0.0	0.0	0.0	0.0	0.0	0.0
MAP3K9	na	0.0	0.0	0.0	0.0	0.0	0.0	0.0
AC004816.1	na	0.0	0.0	0.0	0.0	0.0	0.0	0.0
PCNX1	na	0.0	0.0	0.0	0.0	0.0	0.0	0.0
SIPA1L1	na	0.0	0.0	0.0	0.0	0.0	0.0	0.0
RGS6	na	0.0	0.0	0.0	0.0	0.0	0.0	0.0
DCAF4	na	0.0	0.0	0.0	0.0	0.0	0.0	0.0
ZFYVE1	na	0.0	0.0	0.0	0.0	0.0	0.0	0.0
RBM25	na	0.039306782029435175	0.06377353347374476	0.041758449654092436	0.05746876588339354	0.043657175618620515	0.05696109525285398	0.08031252804032293
PSEN1	na	0.0	0.0	0.0	0.0	0.0	0.0	0.0
NUMB	na	0.0	0.0	0.0	0.0	0.0	0.0	0.0
RIOX1	na	0.0	0.0	0.0	0.0	0.0	0.0	0.0
ACOT1	na	0.0	0.0	0.0	0.0	0.0	0.0	0.0
ACOT2	na	0.0	0.0	0.0	0.0	0.0	0.0	0.0
ACOT4	na	0.0	0.0	0.0	0.0	0.0	0.0	0.0
DNAL1	na	0.0	0.0	0.0	0.0	0.0	0.0	0.0
PNMA1	na	0.0	0.0	0.0	0.0	0.0	0.0	0.0
ELMSAN1	na	0.0	0.0	0.0	0.0	0.0	0.0	0.0
PTGR2	na	0.0	0.0	0.0	0.0	0.0	0.0	0.0
FAM161B	na	0.0	0.0	0.0	0.0	0.0	0.0	0.0
COQ6	na	0.0	0.0	0.0	0.0	0.0	0.0	0.0
ENTPD5	na	0.0	0.0	0.0	0.0	0.0	0.0	0.0
BBOF1	na	0.0	0.0	0.0	0.0	0.0	0.0	0.0
ALDH6A1	na	0.0	0.0	0.0	0.0	0.0	0.0	0.0
LIN52	na	0.0	0.0	0.0	0.0	0.0	0.0	0.0
ABCD4	na	0.0	0.0	0.0	0.0	0.0	0.0	0.0
NPC2	na	0.052099507452030236	0.19141066004013288	0.0027659490258915426	0.10192952787948881	0.06819743205616642	0.1657583795839741	0.132020605647656
ISCA2	na	0.0	0.0	0.0	0.0	0.0	0.0	0.0
LTBP2	na	0.0	0.0	0.0	0.0	0.0	0.0	0.0
AREL1	na	0.0	0.0	0.0	0.0	0.0	0.0	0.0
FCF1	na	0.0	0.0	0.0	0.0	0.0	0.0	0.0
YLPM1	na	0.0	0.0	0.0	0.0	0.0	0.0	0.0
DLST	na	0.0	0.0	0.0	0.0	0.0	0.0	0.0
RPS6KL1	na	0.0	0.0	0.0	0.0	0.0	0.0	0.0
PGF	na	0.0	0.0	0.0	0.0	0.0	0.0	0.0
EIF2B2	na	0.0	0.0	0.0	0.0	0.0	0.0	0.0
MLH3	na	0.0	0.0	0.0	0.0	0.0	0.0	0.0
ACYP1	na	0.0	0.0	0.0	0.0	0.0	0.0	0.0
ZC2HC1C	na	0.0	0.0	0.0	0.0	0.0	0.0	0.0
NEK9	na	0.0	0.0	0.0	0.0	0.0	0.0	0.0
TMED10	na	0.061095786415757525	0.09983034808193982	0.047603544207806964	0.06461187022722306	0.05978289487257037	0.11519995270907164	0.10600912222571303
FOS	na	0.04825548009597549	0.11049896015891814	0.049037704268373644	0.05391003207811713	0.055693126052770804	0.08621054524227335	0.113480067804131
JDP2	na	0.0	0.0	0.0	0.0	0.0	0.0	0.0
BATF	na	0.0	0.0	0.0	0.0	0.0	0.0	0.0
FLVCR2	na	0.0	0.0	0.0	0.0	0.0	0.0	0.0
TTLL5	na	0.0	0.0	0.0	0.0	0.0	0.0	0.0
ERG28	na	0.0	0.0	0.0	0.0	0.0	0.0	0.0
IFT43	na	0.0	0.0	0.0	0.0	0.0	0.0	0.0
TGFB3	na	0.0	0.0	0.0	0.0	0.0	0.0	0.0
GPATCH2L	na	0.0	0.0	0.0	0.0	0.0	0.0	0.0
VASH1	na	0.0	0.0	0.0	0.0	0.0	0.0	0.0
VASH1-AS1	na	0.0	0.0	0.0	0.0	0.0	0.0	0.0
ANGEL1	na	0.0	0.0	0.0	0.0	0.0	0.0	0.0
IRF2BPL	na	0.0	0.0	0.0	0.0	0.0	0.0	0.0
AC007686.3	na	0.0	0.0	0.0	0.0	0.0	0.0	0.0
CIPC	na	0.0	0.0	0.0	0.0	0.0	0.0	0.0
TMEM63C	na	0.0	0.0	0.0	0.0	0.0	0.0	0.0
POMT2	na	0.0	0.0	0.0	0.0	0.0	0.0	0.0
GSTZ1	na	0.0	0.0	0.0	0.0	0.0	0.0	0.0
TMED8	na	0.0	0.0	0.0	0.0	0.0	0.0	0.0
VIPAS39	na	0.0	0.0	0.0	0.0	0.0	0.0	0.0
AHSA1	na	0.061967694097511655	0.08922710259082102	0.04044823104577477	0.06565484144775362	0.0532905441182267	0.08878756549863602	0.08858927860657849
SPTLC2	na	0.0	0.0	0.0	0.0	0.0	0.0	0.0
ALKBH1	na	0.0	0.0	0.0	0.0	0.0	0.0	0.0
SLIRP	na	0.10339588588500126	0.34686990549973734	4.13682100891369e-14	0.12067737215052365	0.10302384756856435	0.3098409722756934	0.2103014329376815
SNW1	na	0.0	0.0	0.0	0.0	0.0	0.0	0.0
ADCK1	na	0.0	0.0	0.0	0.0	0.0	0.0	0.0
NRXN3	na	0.0	0.0	0.0	0.0	0.0	0.0	0.0
DIO2	na	0.0	0.0	0.0	0.0	0.0	0.0	0.0
CEP128	na	0.0	0.0	0.0	0.0	0.0	0.0	0.0
GTF2A1	na	0.0	0.0	0.0	0.0	0.0	0.0	0.0
STON2	na	0.0	0.0	0.0	0.0	0.0	0.0	0.0
SEL1L	na	0.0	0.0	0.0	0.0	0.0	0.0	0.0
FLRT2	na	0.0	0.0	0.0	0.0	0.0	0.0	0.0
GALC	na	0.0	0.0	0.0	0.0	0.0	0.0	0.0
GPR65	na	0.0	0.0	0.0	0.0	0.0	0.0	0.0
SPATA7	na	0.0	0.0	0.0	0.0	0.0	0.0	0.0
PTPN21	na	0.0	0.0	0.0	0.0	0.0	0.0	0.0
ZC3H14	na	0.0	0.0	0.0	0.0	0.0	0.0	0.0
TTC8	na	0.0	0.0	0.0	0.0	0.0	0.0	0.0
FOXN3	na	0.0	0.0	0.0	0.0	0.0	0.0	0.0
FOXN3-AS1	na	0.0	0.0	0.0	0.0	0.0	0.0	0.0
EFCAB11	na	0.0	0.0	0.0	0.0	0.0	0.0	0.0
TDP1	na	0.0	0.0	0.0	0.0	0.0	0.0	0.0
KCNK13	na	0.0	0.0	0.0	0.0	0.0	0.0	0.0
PSMC1	na	0.04936820572943441	0.09270039277282527	0.04698357253119455	0.057479974559953156	0.0515235982662177	0.09147124927411625	0.09342754281119821
NRDE2	na	0.0	0.0	0.0	0.0	0.0	0.0	0.0
CALM1	na	0.12916563223698416	0.28344460798749177	0.04970469781482021	0.08801560120721433	0.10582636955098922	0.25751640778802587	0.22000014335010418
TTC7B	na	0.0	0.0	0.0	0.0	0.0	0.0	0.0
RPS6KA5	na	0.0	0.0	0.0	0.0	0.0	0.0	0.0
DGLUCY	na	0.0	0.0	0.0	0.0	0.0	0.0	0.0
GPR68	na	0.0	0.0	0.0	0.0	0.0	0.0	0.0
CCDC88C	na	0.0	0.0	0.0	0.0	0.0	0.0	0.0
PPP4R3A	na	0.0	0.0	0.0	0.0	0.0	0.0	0.0
CATSPERB	na	0.0	0.0	0.0	0.0	0.0	0.0	0.0
TC2N	na	0.04700943145596495	0.0695617743715291	0.037552323909006924	0.05737046730407574	0.046691841362929656	0.06303722196663915	0.07391702859514968
FBLN5	na	0.0	0.0	0.0	0.0	0.0	0.0	0.0
TRIP11	na	0.0	0.0	0.0	0.0	0.0	0.0	0.0
ATXN3	na	0.0	0.0	0.0	0.0	0.0	0.0	0.0
NDUFB1	na	0.20763778970429017	0.6151517077617743	3.8800969438267736e-14	0.12596658126705854	0.1579268610895752	0.46191483681657547	0.368185270224702
CPSF2	na	0.0	0.0	0.0	0.0	0.0	0.0	0.0
RIN3	na	0.0	0.0	0.0	0.0	0.0	0.0	0.0
LGMN	na	0.05829450587356368	0.10911765697042118	0.06434334264614684	0.03853133054107058	0.060296241088821846	0.12332892971935752	0.11209966238065237
GOLGA5	na	0.0	0.0	0.0	0.0	0.0	0.0	0.0
LINC02287	na	0.0	0.0	0.0	0.0	0.0	0.0	0.0
CHGA	na	0.0	0.0	0.0	0.0	0.0	0.0	0.0
ITPK1	na	0.05064644166964171	0.059930056122280265	0.04795381767522273	0.061250990487919675	0.04841299828820246	0.06317553502650951	0.07320694751117442
MOAP1	na	0.0	0.0	0.0	0.0	0.0	0.0	0.0
TMEM251	na	0.0	0.0	0.0	0.0	0.0	0.0	0.0
GON7	na	0.0	0.0	0.0	0.0	0.0	0.0	0.0
UBR7	na	0.0	0.0	0.0	0.0	0.0	0.0	0.0
BTBD7	na	0.0	0.0	0.0	0.0	0.0	0.0	0.0
OTUB2	na	0.0	0.0	0.0	0.0	0.0	0.0	0.0
DDX24	na	0.05313311437621211	0.061595836422907196	0.03910420611118069	0.050522994842621974	0.04564921814704366	0.07462714841451874	0.06986982148737687
IFI27L1	na	0.0	0.0	0.0	0.0	0.0	0.0	0.0
IFI27	na	0.1614834383057827	1.9474596263856951	1.5815310740980583e-18	0.6666463738299014	0.3686029847296846	2.146783711328559	0.38019173617781316
IFI27L2	na	0.0	0.0	0.0	0.0	0.0	0.0	0.0
SERPINA1	na	0.0	0.0	0.0	0.0	0.0	0.0	0.0
SERPINA5	na	0.0	0.0	0.0	0.0	0.0	0.0	0.0
AL049839.2	na	0.0	0.0	0.0	0.0	0.0	0.0	0.0
GSC	na	0.0	0.0	0.0	0.0	0.0	0.0	0.0
DICER1	na	0.0	0.0	0.0	0.0	0.0	0.0	0.0
DICER1-AS1	na	0.0	0.0	0.0	0.0	0.0	0.0	0.0
CLMN	na	0.0	0.0	0.0	0.0	0.0	0.0	0.0
SYNE3	na	0.0	0.0	0.0	0.0	0.0	0.0	0.0
SNHG10	na	0.0	0.0	0.0	0.0	0.0	0.0	0.0
GLRX5	na	0.040300068604552104	0.05628293044306843	0.049674575128750224	0.04915757213676943	0.04733601105645363	0.0692406929600206	0.07618424115865478
TCL1B	na	0.0	0.0	0.0	0.0	0.0	0.0	0.0
C14orf132	na	0.0	0.0	0.0	0.0	0.0	0.0	0.0
BDKRB2	na	0.0	0.0	0.0	0.0	0.0	0.0	0.0
BDKRB1	na	0.0	0.0	0.0	0.0	0.0	0.0	0.0
ATG2B	na	0.0	0.0	0.0	0.0	0.0	0.0	0.0
GSKIP	na	0.0	0.0	0.0	0.0	0.0	0.0	0.0
AK7	na	0.0	0.0	0.0	0.0	0.0	0.0	0.0
AL163051.1	na	0.0	0.0	0.0	0.0	0.0	0.0	0.0
PAPOLA	na	0.0529993346309585	0.07858771985674919	0.0485040776817502	0.06268038646084392	0.056350797504901254	0.09590626456437312	0.09135224746181658
VRK1	na	0.0	0.0	0.0	0.0	0.0	0.0	0.0
LINC01550	na	0.0	0.0	0.0	0.0	0.0	0.0	0.0
BCL11B	na	0.0	0.0	0.0	0.0	0.0	0.0	0.0
SETD3	na	0.0	0.0	0.0	0.0	0.0	0.0	0.0
CCNK	na	0.0	0.0	0.0	0.0	0.0	0.0	0.0
CCDC85C	na	0.0	0.0	0.0	0.0	0.0	0.0	0.0
HHIPL1	na	0.0	0.0	0.0	0.0	0.0	0.0	0.0
EML1	na	0.0	0.0	0.0	0.0	0.0	0.0	0.0
EVL	na	0.09247840989989399	0.09235178507699145	0.10342544566332076	0.09000550639418818	0.08420269326127693	0.12161287229151678	0.1363002470637073
DEGS2	na	0.0	0.0	0.0	0.0	0.0	0.0	0.0
YY1	na	0.045389100282046436	0.07700883883365621	0.03596131400890321	0.057570861219928285	0.0460919939691724	0.060034641235584524	0.07955513655149414
SLC25A29	na	0.04287482444038685	0.03786833185498865	0.060554434426644724	0.06469923461370498	0.053515315129697545	0.06945528969327149	0.0651230701079774
WARS	na	0.0426875607757739	0.0809628246327119	0.03779846720730598	0.059401434169701846	0.04563932752304147	0.0867594437384966	0.07246158187795393
WDR25	na	0.0	0.0	0.0	0.0	0.0	0.0	0.0
MEG3	na	0.0	0.0	0.0	0.0	0.0	0.0	0.0
PPP2R5C	na	0.0440475622805542	0.06545165871861765	0.053014898162045174	0.054442010222251036	0.044851142451691715	0.07316306588110319	0.06955331521043895
AL118558.3	na	0.0	0.0	0.0	0.0	0.0	0.0	0.0
DYNC1H1	na	0.057373232738352625	0.08801521785959363	0.05590251656979271	0.07775732001207745	0.058721249885384345	0.08598035437496497	0.09237304627653421
HSP90AA1	na	0.31860404164910855	0.8750474301339125	0.08786121868001584	0.18302072622659812	0.25783931829996787	0.8565905871213173	0.6812173099028569
WDR20	na	0.0	0.0	0.0	0.0	0.0	0.0	0.0
MOK	na	0.0	0.0	0.0	0.0	0.0	0.0	0.0
ZNF839	na	0.0	0.0	0.0	0.0	0.0	0.0	0.0
CINP	na	0.0	0.0	0.0	0.0	0.0	0.0	0.0
TECPR2	na	0.0	0.0	0.0	0.0	0.0	0.0	0.0
ANKRD9	na	0.0	0.0	0.0	0.0	0.0	0.0	0.0
RCOR1	na	0.0	0.0	0.0	0.0	0.0	0.0	0.0
TRAF3	na	0.0	0.0	0.0	0.0	0.0	0.0	0.0
CDC42BPB	na	0.0	0.0	0.0	0.0	0.0	0.0	0.0
TNFAIP2	na	0.0	0.0	0.0	0.0	0.0	0.0	0.0
EIF5	na	0.04460683503577143	0.08981757560631211	0.042763535825148004	0.05829966289949271	0.049992586797275175	0.07633321299367758	0.09223108281038546
MARK3	na	0.0	0.0	0.0	0.0	0.0	0.0	0.0
CKB	na	0.15318320837572308	0.24964321754091462	0.15309176269178992	0.18103896878622822	0.14950660011276085	0.22999064705796804	0.26547446416797366
TRMT61A	na	0.0	0.0	0.0	0.0	0.0	0.0	0.0
BAG5	na	0.0	0.0	0.0	0.0	0.0	0.0	0.0
KLC1	na	0.049899053575890286	0.06788510427861401	0.05544222924782524	0.04051146186513065	0.04390395492227822	0.05588560321278296	0.06982426589913164
APOPT1	na	0.0	0.0	0.0	0.0	0.0	0.0	0.0
XRCC3	na	0.0	0.0	0.0	0.0	0.0	0.0	0.0
ZFYVE21	na	0.0	0.0	0.0	0.0	0.0	0.0	0.0
PPP1R13B	na	0.0	0.0	0.0	0.0	0.0	0.0	0.0
ATP5MPL	na	0.20118721563339012	0.6266764190980031	3.053455164582979e-17	0.15093186289072905	0.1569429587226247	0.48692501266960575	0.39577823466083195
KIF26A	na	0.0	0.0	0.0	0.0	0.0	0.0	0.0
TMEM179	na	0.0	0.0	0.0	0.0	0.0	0.0	0.0
INF2	na	0.05252222080486747	0.0868346593730225	0.04788632280160804	0.07333056150527716	0.059852392831889235	0.1133933429393873	0.10023329151112083
ADSSL1	na	0.0	0.0	0.0	0.0	0.0	0.0	0.0
SIVA1	na	0.03662031176045194	0.12969624762116108	0.030020887427970926	0.0841032165745121	0.059623319631076345	0.1398844837764043	0.11245215827740355
AKT1	na	0.05893887130123514	0.10821255153043981	0.06270800784617095	0.07869915582478695	0.06325107061071854	0.10502945247978701	0.09096832155489135
AL583722.2	na	0.0	0.0	0.0	0.0	0.0	0.0	0.0
ZBTB42	na	0.0	0.0	0.0	0.0	0.0	0.0	0.0
CEP170B	na	0.0	0.0	0.0	0.0	0.0	0.0	0.0
PLD4	na	0.0	0.0	0.0	0.0	0.0	0.0	0.0
AHNAK2	na	0.0	0.0	0.0	0.0	0.0	0.0	0.0
CLBA1	na	0.0	0.0	0.0	0.0	0.0	0.0	0.0
CDCA4	na	0.0	0.0	0.0	0.0	0.0	0.0	0.0
GPR132	na	0.0	0.0	0.0	0.0	0.0	0.0	0.0
JAG2	na	0.0	0.0	0.0	0.0	0.0	0.0	0.0
NUDT14	na	0.0	0.0	0.0	0.0	0.0	0.0	0.0
BRF1	na	0.0	0.0	0.0	0.0	0.0	0.0	0.0
BTBD6	na	0.0	0.0	0.0	0.0	0.0	0.0	0.0
PACS2	na	0.0	0.0	0.0	0.0	0.0	0.0	0.0
MTA1	na	0.0	0.0	0.0	0.0	0.0	0.0	0.0
CRIP2	na	0.1506070090123933	0.3151708953717601	0.08696082925278957	0.09435933340831175	0.1259411559781573	0.29542592395065437	0.28628888830338856
CRIP1	na	0.0	0.0	0.0	0.0	0.0	0.0	0.0
TEDC1	na	0.0	0.0	0.0	0.0	0.0	0.0	0.0
TMEM121	na	0.0	0.0	0.0	0.0	0.0	0.0	0.0
IGHA2	na	0.0	0.0	0.0	0.0	0.0	0.0	0.0
IGHE	na	0.0	0.0	0.0	0.0	0.0	0.0	0.0
IGHG4	na	0.0	0.0	0.0	0.0	0.0	0.0	0.0
IGHG2	na	0.0	0.0	0.0	0.0	0.0	0.0	0.0
IGHGP	na	0.0	0.0	0.0	0.0	0.0	0.0	0.0
IGHA1	na	2.799987865325793e-17	1.7402772581800818	5.412387141034552e-21	0.4274534853609083	0.2688137017451046	1.7700994091862312	4.695082947115273e-17
IGHG1	na	0.2877166066640919	1.6518926689408917	5.000761166576083e-15	0.28932879389318333	0.33406025445342347	1.1826447207270985	0.741759746952786
IGHG3	na	0.18357140022718593	0.4122323264713555	0.20609937618076105	0.24050464030717852	0.18220513084104925	0.26427028110262796	0.3280168483837731
IGHD	na	0.0	0.0	0.0	0.0	0.0	0.0	0.0
IGHM	na	0.04188521887799497	0.7908900830932014	0.0733749439093699	0.18617162865966436	0.209069247758906	0.48222085041305623	0.15168674628738837
FAM30A	na	0.0	0.0	0.0	0.0	0.0	0.0	0.0
NIPA1	na	0.0	0.0	0.0	0.0	0.0	0.0	0.0
NIPA2	na	0.0	0.0	0.0	0.0	0.0	0.0	0.0
CYFIP1	na	0.05217052436482531	0.06319901577011237	0.04943570059983848	0.04062945719150547	0.04423683471434048	0.07210447194415942	0.07825250125230916
TUBGCP5	na	0.0	0.0	0.0	0.0	0.0	0.0	0.0
NDN	na	0.0	0.0	0.0	0.0	0.0	0.0	0.0
SNRPN	na	0.05586615689543549	0.07089071762484948	0.04602506775445885	0.045718165083710946	0.04730088365929635	0.061719353539726136	0.08032599601774579
SNURF	na	0.0	0.0	0.0	0.0	0.0	0.0	0.0
PWAR6	na	0.0	0.0	0.0	0.0	0.0	0.0	0.0
UBE3A	na	0.0	0.0	0.0	0.0	0.0	0.0	0.0
ATP10A	na	0.0	0.0	0.0	0.0	0.0	0.0	0.0
GABRB3	na	0.0	0.0	0.0	0.0	0.0	0.0	0.0
HERC2	na	0.0	0.0	0.0	0.0	0.0	0.0	0.0
APBA2	na	0.0	0.0	0.0	0.0	0.0	0.0	0.0
NSMCE3	na	0.0	0.0	0.0	0.0	0.0	0.0	0.0
TJP1	na	0.0	0.0	0.0	0.0	0.0	0.0	0.0
FAN1	na	0.0	0.0	0.0	0.0	0.0	0.0	0.0
MTMR10	na	0.0	0.0	0.0	0.0	0.0	0.0	0.0
KLF13	na	0.0	0.0	0.0	0.0	0.0	0.0	0.0
ARHGAP11A	na	0.0	0.0	0.0	0.0	0.0	0.0	0.0
SCG5	na	0.0	0.0	0.0	0.0	0.0	0.0	0.0
GREM1	na	0.0	0.0	0.0	0.0	0.0	0.0	0.0
FMN1	na	0.0	0.0	0.0	0.0	0.0	0.0	0.0
AVEN	na	0.0	0.0	0.0	0.0	0.0	0.0	0.0
EMC7	na	0.0	0.0	0.0	0.0	0.0	0.0	0.0
PGBD4	na	0.0	0.0	0.0	0.0	0.0	0.0	0.0
KATNBL1	na	0.0	0.0	0.0	0.0	0.0	0.0	0.0
EMC4	na	0.05066978597458468	0.0833507780103484	0.04823515404361722	0.04784632042867381	0.04778643554429779	0.06693952813448986	0.08201635530587048
SLC12A6	na	0.0	0.0	0.0	0.0	0.0	0.0	0.0
NOP10	na	0.08162527511247307	0.18692286611108633	0.03631025024011104	0.07059405959723401	0.0709151994908016	0.15133985884534337	0.14032140627297612
LPCAT4	na	0.0	0.0	0.0	0.0	0.0	0.0	0.0
GOLGA8A	na	0.0	0.0	0.0	0.0	0.0	0.0	0.0
GOLGA8B	na	0.0	0.0	0.0	0.0	0.0	0.0	0.0
AQR	na	0.0	0.0	0.0	0.0	0.0	0.0	0.0
ZNF770	na	0.0	0.0	0.0	0.0	0.0	0.0	0.0
DPH6	na	0.0	0.0	0.0	0.0	0.0	0.0	0.0
MEIS2	na	0.0	0.0	0.0	0.0	0.0	0.0	0.0
SPRED1	na	0.0	0.0	0.0	0.0	0.0	0.0	0.0
FAM98B	na	0.0	0.0	0.0	0.0	0.0	0.0	0.0
RASGRP1	na	0.0	0.0	0.0	0.0	0.0	0.0	0.0
THBS1	na	0.06963835853105142	0.12824078618596962	0.03234288147725455	0.0611022294384261	0.0696547804577245	0.12201412072144296	0.13345715155739
GPR176	na	0.0	0.0	0.0	0.0	0.0	0.0	0.0
EIF2AK4	na	0.0	0.0	0.0	0.0	0.0	0.0	0.0
SRP14	na	0.3092157300411762	0.7595212780014677	0.056380782718017775	0.10120179131653961	0.2011967021108314	0.5537671785207215	0.5809342816246285
SRP14-AS1	na	0.0	0.0	0.0	0.0	0.0	0.0	0.0
BMF	na	0.0	0.0	0.0	0.0	0.0	0.0	0.0
BUB1B	na	0.0	0.0	0.0	0.0	0.0	0.0	0.0
PAK6	na	0.0	0.0	0.0	0.0	0.0	0.0	0.0
PLCB2	na	0.0	0.0	0.0	0.0	0.0	0.0	0.0
INAFM2	na	0.0	0.0	0.0	0.0	0.0	0.0	0.0
CCDC9B	na	0.0	0.0	0.0	0.0	0.0	0.0	0.0
KNSTRN	na	0.0	0.0	0.0	0.0	0.0	0.0	0.0
IVD	na	0.0	0.0	0.0	0.0	0.0	0.0	0.0
BAHD1	na	0.0	0.0	0.0	0.0	0.0	0.0	0.0
CHST14	na	0.0	0.0	0.0	0.0	0.0	0.0	0.0
CCDC32	na	0.0	0.0	0.0	0.0	0.0	0.0	0.0
RPUSD2	na	0.0	0.0	0.0	0.0	0.0	0.0	0.0
KNL1	na	0.0	0.0	0.0	0.0	0.0	0.0	0.0
RAD51	na	0.0	0.0	0.0	0.0	0.0	0.0	0.0
RMDN3	na	0.0	0.0	0.0	0.0	0.0	0.0	0.0
GCHFR	na	0.0	0.0	0.0	0.0	0.0	0.0	0.0
DNAJC17	na	0.0	0.0	0.0	0.0	0.0	0.0	0.0
ZFYVE19	na	0.0	0.0	0.0	0.0	0.0	0.0	0.0
PPP1R14D	na	0.0	0.0	0.0	0.0	0.0	0.0	0.0
SPINT1-AS1	na	0.0	0.0	0.0	0.0	0.0	0.0	0.0
SPINT1	na	0.09064021311798133	0.09212439986696516	0.05663131494612666	0.07682442832952059	0.06423523158687083	0.08380513383335701	0.10287641125719008
RHOV	na	0.0	0.0	0.0	0.0	0.0	0.0	0.0
VPS18	na	0.0	0.0	0.0	0.0	0.0	0.0	0.0
DLL4	na	0.0	0.0	0.0	0.0	0.0	0.0	0.0
CHAC1	na	0.0	0.0	0.0	0.0	0.0	0.0	0.0
INO80	na	0.0	0.0	0.0	0.0	0.0	0.0	0.0
CHP1	na	0.0	0.0	0.0	0.0	0.0	0.0	0.0
OIP5	na	0.0	0.0	0.0	0.0	0.0	0.0	0.0
NUSAP1	na	0.0	0.0	0.0	0.0	0.0	0.0	0.0
NDUFAF1	na	0.0	0.0	0.0	0.0	0.0	0.0	0.0
RTF1	na	0.0540624909847625	0.07073549196041679	0.043557473854116825	0.04815203341823335	0.04633884117568189	0.06183875866642282	0.07841017113829907
ITPKA	na	0.0	0.0	0.0	0.0	0.0	0.0	0.0
RPAP1	na	0.0	0.0	0.0	0.0	0.0	0.0	0.0
TYRO3	na	0.0	0.0	0.0	0.0	0.0	0.0	0.0
MGA	na	0.0	0.0	0.0	0.0	0.0	0.0	0.0
MAPKBP1	na	0.0	0.0	0.0	0.0	0.0	0.0	0.0
JMJD7-PLA2G4B	na	0.0	0.0	0.0	0.0	0.0	0.0	0.0
SPTBN5	na	0.0	0.0	0.0	0.0	0.0	0.0	0.0
EHD4	na	0.0	0.0	0.0	0.0	0.0	0.0	0.0
PLA2G4F	na	0.0	0.0	0.0	0.0	0.0	0.0	0.0
VPS39	na	0.0	0.0	0.0	0.0	0.0	0.0	0.0
TMEM87A	na	0.0436600523383138	0.08896175440382335	0.04825945570902067	0.04970948302147256	0.05253691288049541	0.07241606957910343	0.0928792278500176
GANC	na	0.0	0.0	0.0	0.0	0.0	0.0	0.0
ZNF106	na	0.0	0.0	0.0	0.0	0.0	0.0	0.0
SNAP23	na	0.0	0.0	0.0	0.0	0.0	0.0	0.0
AC018362.1	na	0.0	0.0	0.0	0.0	0.0	0.0	0.0
LRRC57	na	0.0	0.0	0.0	0.0	0.0	0.0	0.0
HAUS2	na	0.0	0.0	0.0	0.0	0.0	0.0	0.0
CDAN1	na	0.0	0.0	0.0	0.0	0.0	0.0	0.0
TTBK2	na	0.0	0.0	0.0	0.0	0.0	0.0	0.0
UBR1	na	0.0	0.0	0.0	0.0	0.0	0.0	0.0
TMEM62	na	0.0	0.0	0.0	0.0	0.0	0.0	0.0
CCNDBP1	na	0.0	0.0	0.0	0.0	0.0	0.0	0.0
LCMT2	na	0.0	0.0	0.0	0.0	0.0	0.0	0.0
ADAL	na	0.0	0.0	0.0	0.0	0.0	0.0	0.0
ZSCAN29	na	0.0	0.0	0.0	0.0	0.0	0.0	0.0
TUBGCP4	na	0.0	0.0	0.0	0.0	0.0	0.0	0.0
TP53BP1	na	0.0	0.0	0.0	0.0	0.0	0.0	0.0
MAP1A	na	0.0	0.0	0.0	0.0	0.0	0.0	0.0
PPIP5K1	na	0.0	0.0	0.0	0.0	0.0	0.0	0.0
CKMT1B	na	0.0	0.0	0.0	0.0	0.0	0.0	0.0
STRC	na	0.0	0.0	0.0	0.0	0.0	0.0	0.0
CATSPER2	na	0.0	0.0	0.0	0.0	0.0	0.0	0.0
PDIA3	na	0.053624458950696695	0.10592289657770529	0.06602353446619551	0.07188769967826586	0.06293909023288882	0.10699533778948468	0.12354230111206481
ELL3	na	0.0	0.0	0.0	0.0	0.0	0.0	0.0
SERF2	na	1.4051893410996816	3.407436849109231	0.37773095637623216	0.028576549387528665	0.8292611979496834	2.342666746175649	3.0035775755254126
SERINC4	na	0.0	0.0	0.0	0.0	0.0	0.0	0.0
HYPK	na	0.0	0.0	0.0	0.0	0.0	0.0	0.0
MFAP1	na	0.0	0.0	0.0	0.0	0.0	0.0	0.0
WDR76	na	0.0	0.0	0.0	0.0	0.0	0.0	0.0
CASC4	na	0.0	0.0	0.0	0.0	0.0	0.0	0.0
CTDSPL2	na	0.0	0.0	0.0	0.0	0.0	0.0	0.0
EIF3J-DT	na	0.0	0.0	0.0	0.0	0.0	0.0	0.0
EIF3J	na	0.03888938336969834	0.07914058644177267	0.04311136045042812	0.038920836049917557	0.04710222357363497	0.06121593799319091	0.08044415810190238
SPG11	na	0.0	0.0	0.0	0.0	0.0	0.0	0.0
PATL2	na	0.0	0.0	0.0	0.0	0.0	0.0	0.0
B2M	na	0.6220068714331822	2.5279449590901746	1.4224453076229019e-21	0.5295130965925107	0.626634195370541	2.386655707558006	1.5901544926040785
TRIM69	na	0.0	0.0	0.0	0.0	0.0	0.0	0.0
SORD	na	0.042989730440665265	0.08113873303487311	0.06821210581062936	0.05849595863036171	0.0598468202586118	0.08457089274929304	0.12060435751157056
SHF	na	0.0	0.0	0.0	0.0	0.0	0.0	0.0
GATM	na	0.06293472319131169	0.044869951241085775	0.05986362493651042	0.05090762569048414	0.04733139900418008	0.04075232292999694	0.07783012019187652
SPATA5L1	na	0.0	0.0	0.0	0.0	0.0	0.0	0.0
C15orf48	na	0.09781919576675138	0.18765425838165278	0.07986074078363337	0.05867613051461416	0.07963483170976209	0.13687666589861558	0.179783990622638
AC025580.1	na	0.0	0.0	0.0	0.0	0.0	0.0	0.0
AC025580.2	na	0.0	0.0	0.0	0.0	0.0	0.0	0.0
SLC30A4	na	0.0	0.0	0.0	0.0	0.0	0.0	0.0
BLOC1S6	na	0.0	0.0	0.0	0.0	0.0	0.0	0.0
SQOR	na	0.05332091795318626	0.08353272178522476	0.04528390209612246	0.036139312745130846	0.04844686764862997	0.08180773171912108	0.09253144185504829
SEMA6D	na	0.0	0.0	0.0	0.0	0.0	0.0	0.0
MYEF2	na	0.0	0.0	0.0	0.0	0.0	0.0	0.0
DUT	na	0.03726052119277997	0.09949514161129025	0.039639110714354275	0.04815584360809887	0.05268328092470985	0.08109548591227331	0.09811869364491517
FBN1	na	0.06317166636051205	0.10388037094888641	0.03542923632558929	0.045026698293856984	0.05631244170592756	0.09954487860378973	0.09456479174635787
CEP152	na	0.0	0.0	0.0	0.0	0.0	0.0	0.0
SHC4	na	0.0	0.0	0.0	0.0	0.0	0.0	0.0
EID1	na	0.05705677402724569	0.11109474027732541	0.06088002836086395	0.043325550987451444	0.0581482878240729	0.09229295815487708	0.10884783923300773
SECISBP2L	na	0.0	0.0	0.0	0.0	0.0	0.0	0.0
COPS2	na	0.0	0.0	0.0	0.0	0.0	0.0	0.0
GALK2	na	0.0	0.0	0.0	0.0	0.0	0.0	0.0
FAM227B	na	0.0	0.0	0.0	0.0	0.0	0.0	0.0
FGF7	na	0.0	0.0	0.0	0.0	0.0	0.0	0.0
DTWD1	na	0.0	0.0	0.0	0.0	0.0	0.0	0.0
ATP8B4	na	0.0	0.0	0.0	0.0	0.0	0.0	0.0
SLC27A2	na	0.0	0.0	0.0	0.0	0.0	0.0	0.0
GABPB1	na	0.0	0.0	0.0	0.0	0.0	0.0	0.0
GABPB1-AS1	na	0.0	0.0	0.0	0.0	0.0	0.0	0.0
USP8	na	0.0	0.0	0.0	0.0	0.0	0.0	0.0
TRPM7	na	0.0	0.0	0.0	0.0	0.0	0.0	0.0
SPPL2A	na	0.0	0.0	0.0	0.0	0.0	0.0	0.0
AP4E1	na	0.0	0.0	0.0	0.0	0.0	0.0	0.0
TNFAIP8L3	na	0.0	0.0	0.0	0.0	0.0	0.0	0.0
GLDN	na	0.0	0.0	0.0	0.0	0.0	0.0	0.0
DMXL2	na	0.0	0.0	0.0	0.0	0.0	0.0	0.0
LYSMD2	na	0.0	0.0	0.0	0.0	0.0	0.0	0.0
TMOD2	na	0.0	0.0	0.0	0.0	0.0	0.0	0.0
TMOD3	na	0.0	0.0	0.0	0.0	0.0	0.0	0.0
LEO1	na	0.0	0.0	0.0	0.0	0.0	0.0	0.0
MAPK6	na	0.0	0.0	0.0	0.0	0.0	0.0	0.0
GNB5	na	0.0	0.0	0.0	0.0	0.0	0.0	0.0
MYO5C	na	0.0	0.0	0.0	0.0	0.0	0.0	0.0
MYO5A	na	0.0	0.0	0.0	0.0	0.0	0.0	0.0
ARPP19	na	0.059023302302558506	0.07781772848424241	0.04862970894674941	0.05368881315858548	0.051926490562952385	0.08613832396054519	0.10062290233162986
FAM214A	na	0.0	0.0	0.0	0.0	0.0	0.0	0.0
RSL24D1	na	0.0	0.0	0.0	0.0	0.0	0.0	0.0
RAB27A	na	0.0	0.0	0.0	0.0	0.0	0.0	0.0
PIGBOS1	na	0.0	0.0	0.0	0.0	0.0	0.0	0.0
PIGB	na	0.0	0.0	0.0	0.0	0.0	0.0	0.0
CCPG1	na	0.0	0.0	0.0	0.0	0.0	0.0	0.0
C15orf65	na	0.0	0.0	0.0	0.0	0.0	0.0	0.0
DNAAF4	na	0.0	0.0	0.0	0.0	0.0	0.0	0.0
PRTG	na	0.0	0.0	0.0	0.0	0.0	0.0	0.0
NEDD4	na	0.0	0.0	0.0	0.0	0.0	0.0	0.0
RFX7	na	0.0	0.0	0.0	0.0	0.0	0.0	0.0
TEX9	na	0.0	0.0	0.0	0.0	0.0	0.0	0.0
MNS1	na	0.0	0.0	0.0	0.0	0.0	0.0	0.0
ZNF280D	na	0.0	0.0	0.0	0.0	0.0	0.0	0.0
TCF12	na	0.0	0.0	0.0	0.0	0.0	0.0	0.0
LINC00926	na	0.0	0.0	0.0	0.0	0.0	0.0	0.0
CGNL1	na	0.0	0.0	0.0	0.0	0.0	0.0	0.0
POLR2M	na	0.0	0.0	0.0	0.0	0.0	0.0	0.0
AQP9	na	0.0	0.0	0.0	0.0	0.0	0.0	0.0
ADAM10	na	0.03713936469519347	0.06570127280950692	0.04915615862324997	0.04400446496350161	0.04592886466415904	0.054229756948655825	0.07608433352007714
MINDY2	na	0.0	0.0	0.0	0.0	0.0	0.0	0.0
RNF111	na	0.0	0.0	0.0	0.0	0.0	0.0	0.0
SLTM	na	0.0	0.0	0.0	0.0	0.0	0.0	0.0
CCNB2	na	0.0	0.0	0.0	0.0	0.0	0.0	0.0
MYO1E	na	0.0	0.0	0.0	0.0	0.0	0.0	0.0
FAM81A	na	0.0	0.0	0.0	0.0	0.0	0.0	0.0
GCNT3	na	0.0	0.0	0.0	0.0	0.0	0.0	0.0
GTF2A2	na	0.05441367559121449	0.10132966419389826	0.02958889816658733	0.0581888045939626	0.05033260114531573	0.0728128316895079	0.08819457452307848
BNIP2	na	0.0	0.0	0.0	0.0	0.0	0.0	0.0
ANXA2	na	0.06595201767014948	0.16667332460208745	0.05996590666682686	0.03963612023812196	0.07447802403541458	0.13871804701205726	0.19495762748435863
ICE2	na	0.0	0.0	0.0	0.0	0.0	0.0	0.0
RORA	na	0.0	0.0	0.0	0.0	0.0	0.0	0.0
VPS13C	na	0.0	0.0	0.0	0.0	0.0	0.0	0.0
C2CD4A	na	0.0	0.0	0.0	0.0	0.0	0.0	0.0
C2CD4B	na	0.0	0.0	0.0	0.0	0.0	0.0	0.0
TLN2	na	0.0	0.0	0.0	0.0	0.0	0.0	0.0
AC103740.2	na	0.0	0.0	0.0	0.0	0.0	0.0	0.0
TPM1	na	0.13982234175993902	0.25997080533596306	0.07312279044162803	0.048754733362502065	0.10373656856729306	0.23603083281801546	0.2504808401695256
AC079328.2	na	0.0	0.0	0.0	0.0	0.0	0.0	0.0
LACTB	na	0.0	0.0	0.0	0.0	0.0	0.0	0.0
RPS27L	na	0.06616950907886385	0.15279617513260532	0.024475298086207017	0.06102761695249275	0.06395583878997793	0.10464513513423403	0.10675502504470026
RAB8B	na	0.0	0.0	0.0	0.0	0.0	0.0	0.0
APH1B	na	0.0	0.0	0.0	0.0	0.0	0.0	0.0
CA12	na	0.04518989147967522	0.0711268038705814	0.05954513430266009	0.038170752579565335	0.04991673817516027	0.09741136426309153	0.08498509607635815
LINC02568	na	0.0	0.0	0.0	0.0	0.0	0.0	0.0
USP3	na	0.0	0.0	0.0	0.0	0.0	0.0	0.0
USP3-AS1	na	0.0	0.0	0.0	0.0	0.0	0.0	0.0
FBXL22	na	0.0	0.0	0.0	0.0	0.0	0.0	0.0
HERC1	na	0.0	0.0	0.0	0.0	0.0	0.0	0.0
DAPK2	na	0.0	0.0	0.0	0.0	0.0	0.0	0.0
FAM96A	na	0.0	0.0	0.0	0.0	0.0	0.0	0.0
SNX1	na	0.0	0.0	0.0	0.0	0.0	0.0	0.0
SNX22	na	0.0	0.0	0.0	0.0	0.0	0.0	0.0
PPIB	na	0.10418730122412004	0.20433460716168925	0.04160321827882962	0.06960631700597197	0.08056295308334246	0.20477220350737702	0.157722721895893
CSNK1G1	na	0.0	0.0	0.0	0.0	0.0	0.0	0.0
PCLAF	na	0.0	0.0	0.0	0.0	0.0	0.0	0.0
TRIP4	na	0.0	0.0	0.0	0.0	0.0	0.0	0.0
ZNF609	na	0.0	0.0	0.0	0.0	0.0	0.0	0.0
OAZ2	na	0.0	0.0	0.0	0.0	0.0	0.0	0.0
RBPMS2	na	0.0	0.0	0.0	0.0	0.0	0.0	0.0
PIF1	na	0.0	0.0	0.0	0.0	0.0	0.0	0.0
PLEKHO2	na	0.0	0.0	0.0	0.0	0.0	0.0	0.0
AC103691.1	na	0.0	0.0	0.0	0.0	0.0	0.0	0.0
SPG21	na	0.0	0.0	0.0	0.0	0.0	0.0	0.0
MTFMT	na	0.0	0.0	0.0	0.0	0.0	0.0	0.0
RASL12	na	0.0	0.0	0.0	0.0	0.0	0.0	0.0
UBAP1L	na	0.0	0.0	0.0	0.0	0.0	0.0	0.0
PDCD7	na	0.0	0.0	0.0	0.0	0.0	0.0	0.0
CLPX	na	0.0	0.0	0.0	0.0	0.0	0.0	0.0
CILP	na	0.0	0.0	0.0	0.0	0.0	0.0	0.0
PARP16	na	0.0	0.0	0.0	0.0	0.0	0.0	0.0
DPP8	na	0.0	0.0	0.0	0.0	0.0	0.0	0.0
HACD3	na	0.0	0.0	0.0	0.0	0.0	0.0	0.0
INTS14	na	0.0	0.0	0.0	0.0	0.0	0.0	0.0
SLC24A1	na	0.0	0.0	0.0	0.0	0.0	0.0	0.0
DENND4A	na	0.0	0.0	0.0	0.0	0.0	0.0	0.0
RAB11A	na	0.07868959110383765	0.1503016557330822	0.041452071446102225	0.06405365545034179	0.0673111847814737	0.14500231357175333	0.13602077236925772
DIS3L	na	0.0	0.0	0.0	0.0	0.0	0.0	0.0
TIPIN	na	0.0	0.0	0.0	0.0	0.0	0.0	0.0
MAP2K1	na	0.0	0.0	0.0	0.0	0.0	0.0	0.0
AC116913.1	na	0.0	0.0	0.0	0.0	0.0	0.0	0.0
SNAPC5	na	0.0	0.0	0.0	0.0	0.0	0.0	0.0
RPL4	na	0.4492133632257549	1.1946488929912882	0.12105766119610191	0.2547928975271964	0.34811102425742013	0.932827831809277	1.0064023210584085
ZWILCH	na	0.0	0.0	0.0	0.0	0.0	0.0	0.0
SMAD6	na	0.0	0.0	0.0	0.0	0.0	0.0	0.0
SMAD3	na	0.0	0.0	0.0	0.0	0.0	0.0	0.0
AAGAB	na	0.0	0.0	0.0	0.0	0.0	0.0	0.0
IQCH	na	0.0	0.0	0.0	0.0	0.0	0.0	0.0
IQCH-AS1	na	0.0	0.0	0.0	0.0	0.0	0.0	0.0
C15orf61	na	0.0	0.0	0.0	0.0	0.0	0.0	0.0
AC016355.1	na	0.0	0.0	0.0	0.0	0.0	0.0	0.0
MAP2K5	na	0.0	0.0	0.0	0.0	0.0	0.0	0.0
PIAS1	na	0.0	0.0	0.0	0.0	0.0	0.0	0.0
FEM1B	na	0.0	0.0	0.0	0.0	0.0	0.0	0.0
ITGA11	na	0.0	0.0	0.0	0.0	0.0	0.0	0.0
ANP32A	na	0.039836269411401504	0.054693306487566054	0.05383995932680269	0.052037701137220574	0.04880493822241759	0.07459943761814164	0.09256482098629171
EWSAT1	na	0.0	0.0	0.0	0.0	0.0	0.0	0.0
GLCE	na	0.0	0.0	0.0	0.0	0.0	0.0	0.0
PAQR5	na	0.0	0.0	0.0	0.0	0.0	0.0	0.0
KIF23	na	0.0	0.0	0.0	0.0	0.0	0.0	0.0
RPLP1	na	0.9476739855008068	3.7697931834637886	9.283754855069034e-19	0.04319147648825428	0.6383640620442649	3.354905985276214	2.016903640449658
DRAIC	na	0.0	0.0	0.0	0.0	0.0	0.0	0.0
TLE3	na	0.05078870453067919	0.07047101074086844	0.05845402122063941	0.05212066924686982	0.051035105594958885	0.04705414139746364	0.08261428573397797
UACA	na	0.0	0.0	0.0	0.0	0.0	0.0	0.0
LARP6	na	0.0	0.0	0.0	0.0	0.0	0.0	0.0
THAP10	na	0.0	0.0	0.0	0.0	0.0	0.0	0.0
THSD4	na	0.0	0.0	0.0	0.0	0.0	0.0	0.0
MYO9A	na	0.0	0.0	0.0	0.0	0.0	0.0	0.0
SENP8	na	0.0	0.0	0.0	0.0	0.0	0.0	0.0
GRAMD2A	na	0.0	0.0	0.0	0.0	0.0	0.0	0.0
PKM	na	0.1722182032644864	0.32500454536220386	0.10649261405815293	0.07717201915875946	0.13056291165088202	0.2990810845975574	0.33203040650053806
PARP6	na	0.0	0.0	0.0	0.0	0.0	0.0	0.0
HEXA	na	0.0	0.0	0.0	0.0	0.0	0.0	0.0
HEXA-AS1	na	0.0	0.0	0.0	0.0	0.0	0.0	0.0
ARIH1	na	0.0	0.0	0.0	0.0	0.0	0.0	0.0
BBS4	na	0.0	0.0	0.0	0.0	0.0	0.0	0.0
ADPGK	na	0.0	0.0	0.0	0.0	0.0	0.0	0.0
NEO1	na	0.0	0.0	0.0	0.0	0.0	0.0	0.0
NPTN	na	0.05013893958860114	0.06104145087651673	0.05229911104667799	0.04058325288051142	0.04866291105279144	0.07284326507657728	0.0794418067155195
CD276	na	0.0	0.0	0.0	0.0	0.0	0.0	0.0
LOXL1-AS1	na	0.0	0.0	0.0	0.0	0.0	0.0	0.0
LOXL1	na	0.0	0.0	0.0	0.0	0.0	0.0	0.0
STOML1	na	0.0	0.0	0.0	0.0	0.0	0.0	0.0
PML	na	0.0	0.0	0.0	0.0	0.0	0.0	0.0
ISLR	na	0.0	0.0	0.0	0.0	0.0	0.0	0.0
STRA6	na	0.0	0.0	0.0	0.0	0.0	0.0	0.0
SEMA7A	na	0.0	0.0	0.0	0.0	0.0	0.0	0.0
UBL7	na	0.0	0.0	0.0	0.0	0.0	0.0	0.0
UBL7-AS1	na	0.0	0.0	0.0	0.0	0.0	0.0	0.0
ARID3B	na	0.0	0.0	0.0	0.0	0.0	0.0	0.0
CLK3	na	0.0	0.0	0.0	0.0	0.0	0.0	0.0
EDC3	na	0.0	0.0	0.0	0.0	0.0	0.0	0.0
CSK	na	0.0	0.0	0.0	0.0	0.0	0.0	0.0
ULK3	na	0.0	0.0	0.0	0.0	0.0	0.0	0.0
SCAMP2	na	0.0	0.0	0.0	0.0	0.0	0.0	0.0
MPI	na	0.0	0.0	0.0	0.0	0.0	0.0	0.0
FAM219B	na	0.0	0.0	0.0	0.0	0.0	0.0	0.0
COX5A	na	0.09998039517138578	0.2174374971469143	0.04760846349716395	0.06583501163050016	0.08654780380897768	0.17936450548218247	0.199510086734867
RPP25	na	0.0	0.0	0.0	0.0	0.0	0.0	0.0
SCAMP5	na	0.0	0.0	0.0	0.0	0.0	0.0	0.0
PPCDC	na	0.0	0.0	0.0	0.0	0.0	0.0	0.0
C15orf39	na	0.0	0.0	0.0	0.0	0.0	0.0	0.0
COMMD4	na	0.0	0.0	0.0	0.0	0.0	0.0	0.0
NEIL1	na	0.0	0.0	0.0	0.0	0.0	0.0	0.0
MAN2C1	na	0.0	0.0	0.0	0.0	0.0	0.0	0.0
AC068338.2	na	0.0	0.0	0.0	0.0	0.0	0.0	0.0
SIN3A	na	0.0	0.0	0.0	0.0	0.0	0.0	0.0
PTPN9	na	0.0	0.0	0.0	0.0	0.0	0.0	0.0
SNUPN	na	0.0	0.0	0.0	0.0	0.0	0.0	0.0
IMP3	na	0.0	0.0	0.0	0.0	0.0	0.0	0.0
SNX33	na	0.0	0.0	0.0	0.0	0.0	0.0	0.0
CSPG4	na	0.0	0.0	0.0	0.0	0.0	0.0	0.0
UBE2Q2	na	0.0	0.0	0.0	0.0	0.0	0.0	0.0
FBXO22	na	0.0	0.0	0.0	0.0	0.0	0.0	0.0
ETFA	na	0.05893061262386125	0.11988180046270247	0.038364729550552285	0.06891322091529518	0.06067161120362424	0.10840262910882832	0.1314549455803075
SCAPER	na	0.0	0.0	0.0	0.0	0.0	0.0	0.0
RCN2	na	0.0387901394724366	0.059046515167684575	0.055817971406823985	0.0438212086467417	0.04670469701508331	0.05986001737811282	0.07681693848045933
PSTPIP1	na	0.0	0.0	0.0	0.0	0.0	0.0	0.0
TSPAN3	na	0.0	0.0	0.0	0.0	0.0	0.0	0.0
PEAK1	na	0.0	0.0	0.0	0.0	0.0	0.0	0.0
HMG20A	na	0.0	0.0	0.0	0.0	0.0	0.0	0.0
LINGO1	na	0.0	0.0	0.0	0.0	0.0	0.0	0.0
TBC1D2B	na	0.0	0.0	0.0	0.0	0.0	0.0	0.0
CIB2	na	0.0	0.0	0.0	0.0	0.0	0.0	0.0
IDH3A	na	0.0	0.0	0.0	0.0	0.0	0.0	0.0
ACSBG1	na	0.0	0.0	0.0	0.0	0.0	0.0	0.0
DNAJA4	na	0.0	0.0	0.0	0.0	0.0	0.0	0.0
WDR61	na	0.0	0.0	0.0	0.0	0.0	0.0	0.0
CRABP1	na	0.0	0.0	0.0	0.0	0.0	0.0	0.0
IREB2	na	0.0	0.0	0.0	0.0	0.0	0.0	0.0
HYKK	na	0.0	0.0	0.0	0.0	0.0	0.0	0.0
PSMA4	na	0.046795235723789574	0.10129051414533896	0.044910850128458	0.055874169794463226	0.05713453090646006	0.1022522076223718	0.12246708533908444
ADAMTS7	na	0.0	0.0	0.0	0.0	0.0	0.0	0.0
MORF4L1	na	0.0950888730307764	0.1806929619991138	0.07297360594242909	0.06811425990170565	0.08319628969587513	0.1615984203466284	0.1873884169010296
CTSH	na	0.0602377322425108	0.08954565758201191	0.06086917507484485	0.04827554550092256	0.05633061445306404	0.08743164282004438	0.10414353868023975
RASGRF1	na	0.0	0.0	0.0	0.0	0.0	0.0	0.0
TMED3	na	0.042496062918142986	0.07659829349747302	0.04103372625942162	0.05370617032688805	0.047797421856088255	0.06113315971038907	0.08504452901683716
MTHFS	na	0.0	0.0	0.0	0.0	0.0	0.0	0.0
ST20	na	0.0	0.0	0.0	0.0	0.0	0.0	0.0
ST20-AS1	na	0.0	0.0	0.0	0.0	0.0	0.0	0.0
BCL2A1	na	0.0	0.0	0.0	0.0	0.0	0.0	0.0
ZFAND6	na	0.0	0.0	0.0	0.0	0.0	0.0	0.0
FAH	na	0.0	0.0	0.0	0.0	0.0	0.0	0.0
AC016705.2	na	0.0	0.0	0.0	0.0	0.0	0.0	0.0
ARNT2	na	0.0	0.0	0.0	0.0	0.0	0.0	0.0
ABHD17C	na	0.0	0.0	0.0	0.0	0.0	0.0	0.0
CEMIP	na	0.0	0.0	0.0	0.0	0.0	0.0	0.0
MESD	na	0.0	0.0	0.0	0.0	0.0	0.0	0.0
TLNRD1	na	0.0	0.0	0.0	0.0	0.0	0.0	0.0
IL16	na	0.0	0.0	0.0	0.0	0.0	0.0	0.0
STARD5	na	0.0	0.0	0.0	0.0	0.0	0.0	0.0
MEX3B	na	0.0	0.0	0.0	0.0	0.0	0.0	0.0
EFL1	na	0.0	0.0	0.0	0.0	0.0	0.0	0.0
SAXO2	na	0.0	0.0	0.0	0.0	0.0	0.0	0.0
GOLGA6L10	na	0.0	0.0	0.0	0.0	0.0	0.0	0.0
GOLGA6L9	na	0.0	0.0	0.0	0.0	0.0	0.0	0.0
RPS17	na	0.1715196060066284	0.45641452148845757	0.05286426182198075	0.1399263740024561	0.1537779076526918	0.3740507756240171	0.3868757008031206
CPEB1	na	0.0	0.0	0.0	0.0	0.0	0.0	0.0
AP3B2	na	0.0	0.0	0.0	0.0	0.0	0.0	0.0
SNHG21	na	0.0	0.0	0.0	0.0	0.0	0.0	0.0
WHAMM	na	0.0	0.0	0.0	0.0	0.0	0.0	0.0
HOMER2	na	0.0	0.0	0.0	0.0	0.0	0.0	0.0
RAMMET	na	0.0	0.0	0.0	0.0	0.0	0.0	0.0
C15orf40	na	0.0	0.0	0.0	0.0	0.0	0.0	0.0
BTBD1	na	0.0	0.0	0.0	0.0	0.0	0.0	0.0
TM6SF1	na	0.0	0.0	0.0	0.0	0.0	0.0	0.0
HDGFL3	na	0.0	0.0	0.0	0.0	0.0	0.0	0.0
GOLGA6L4	na	0.0	0.0	0.0	0.0	0.0	0.0	0.0
ZSCAN2	na	0.0	0.0	0.0	0.0	0.0	0.0	0.0
WDR73	na	0.0	0.0	0.0	0.0	0.0	0.0	0.0
NMB	na	0.0	0.0	0.0	0.0	0.0	0.0	0.0
SEC11A	na	0.04384081292992271	0.08112759800461082	0.04523233838638005	0.05194170583379543	0.05117046575786162	0.07950895645571619	0.09014822475022334
ZNF592	na	0.0	0.0	0.0	0.0	0.0	0.0	0.0
ALPK3	na	0.0	0.0	0.0	0.0	0.0	0.0	0.0
PDE8A	na	0.0	0.0	0.0	0.0	0.0	0.0	0.0
AKAP13	na	0.0	0.0	0.0	0.0	0.0	0.0	0.0
KLHL25	na	0.0	0.0	0.0	0.0	0.0	0.0	0.0
MRPL46	na	0.0	0.0	0.0	0.0	0.0	0.0	0.0
MRPS11	na	0.0	0.0	0.0	0.0	0.0	0.0	0.0
DET1	na	0.0	0.0	0.0	0.0	0.0	0.0	0.0
AEN	na	0.0	0.0	0.0	0.0	0.0	0.0	0.0
ISG20	na	0.0	0.0	0.0	0.0	0.0	0.0	0.0
ACAN	na	0.0	0.0	0.0	0.0	0.0	0.0	0.0
HAPLN3	na	0.0	0.0	0.0	0.0	0.0	0.0	0.0
MFGE8	na	0.06289546098036551	0.07650126829032756	0.03957038441947633	0.04773311045897876	0.052575331399403354	0.1105670960117547	0.10292778146204201
ABHD2	na	0.0	0.0	0.0	0.0	0.0	0.0	0.0
FANCI	na	0.0	0.0	0.0	0.0	0.0	0.0	0.0
POLG	na	0.0	0.0	0.0	0.0	0.0	0.0	0.0
MIR9-3HG	na	0.0	0.0	0.0	0.0	0.0	0.0	0.0
TICRR	na	0.0	0.0	0.0	0.0	0.0	0.0	0.0
KIF7	na	0.0	0.0	0.0	0.0	0.0	0.0	0.0
PLIN1	na	0.0	0.0	0.0	0.0	0.0	0.0	0.0
PEX11A	na	0.0	0.0	0.0	0.0	0.0	0.0	0.0
ANPEP	na	0.0	0.0	0.0	0.0	0.0	0.0	0.0
AP3S2	na	0.0	0.0	0.0	0.0	0.0	0.0	0.0
ARPIN	na	0.0	0.0	0.0	0.0	0.0	0.0	0.0
ZNF710	na	0.0	0.0	0.0	0.0	0.0	0.0	0.0
ZNF710-AS1	na	0.0	0.0	0.0	0.0	0.0	0.0	0.0
IDH2	na	0.10398682850623596	0.16230599765348305	0.08593993387912646	0.03967809372482941	0.07558647799376403	0.1285047800614739	0.1703179686582286
SEMA4B	na	0.0	0.0	0.0	0.0	0.0	0.0	0.0
CIB1	na	0.08405255610921611	0.12104547503615234	0.038697667012366696	0.06772033005031798	0.06269096862655077	0.13434525301891317	0.1131839160318164
GDPGP1	na	0.0	0.0	0.0	0.0	0.0	0.0	0.0
NGRN	na	0.0	0.0	0.0	0.0	0.0	0.0	0.0
ZNF774	na	0.0	0.0	0.0	0.0	0.0	0.0	0.0
IQGAP1	na	0.05281067835282898	0.07869052042152844	0.04433954141059045	0.053473759915197476	0.0528007599227841	0.08497596730091408	0.09022529894778014
CRTC3	na	0.0	0.0	0.0	0.0	0.0	0.0	0.0
BLM	na	0.0	0.0	0.0	0.0	0.0	0.0	0.0
FURIN	na	0.0	0.0	0.0	0.0	0.0	0.0	0.0
FES	na	0.0	0.0	0.0	0.0	0.0	0.0	0.0
MAN2A2	na	0.0	0.0	0.0	0.0	0.0	0.0	0.0
HDDC3	na	0.0	0.0	0.0	0.0	0.0	0.0	0.0
UNC45A	na	0.0	0.0	0.0	0.0	0.0	0.0	0.0
RCCD1	na	0.0	0.0	0.0	0.0	0.0	0.0	0.0
PRC1	na	0.0	0.0	0.0	0.0	0.0	0.0	0.0
VPS33B	na	0.0	0.0	0.0	0.0	0.0	0.0	0.0
SLCO3A1	na	0.0	0.0	0.0	0.0	0.0	0.0	0.0
LINC00930	na	0.0	0.0	0.0	0.0	0.0	0.0	0.0
FAM174B	na	0.05188469040754889	0.05253998854617502	0.06179846035261959	0.04580721253023093	0.046531923466283175	0.05930327832871838	0.07047227074944543
AC013394.1	na	0.0	0.0	0.0	0.0	0.0	0.0	0.0
CHD2	na	0.0	0.0	0.0	0.0	0.0	0.0	0.0
NR2F2	na	0.05556212663429046	0.08870254031978808	0.0529972638830599	0.038521083914435206	0.04945256238383748	0.06008158898339763	0.08417394039651241
ARRDC4	na	0.0	0.0	0.0	0.0	0.0	0.0	0.0
IGF1R	na	0.0	0.0	0.0	0.0	0.0	0.0	0.0
SYNM	na	0.0	0.0	0.0	0.0	0.0	0.0	0.0
TTC23	na	0.0	0.0	0.0	0.0	0.0	0.0	0.0
LRRC28	na	0.0	0.0	0.0	0.0	0.0	0.0	0.0
MEF2A	na	0.0	0.0	0.0	0.0	0.0	0.0	0.0
LYSMD4	na	0.0	0.0	0.0	0.0	0.0	0.0	0.0
ADAMTS17	na	0.0	0.0	0.0	0.0	0.0	0.0	0.0
LINS1	na	0.0	0.0	0.0	0.0	0.0	0.0	0.0
ASB7	na	0.0	0.0	0.0	0.0	0.0	0.0	0.0
AC015712.1	na	0.0	0.0	0.0	0.0	0.0	0.0	0.0
ALDH1A3	na	0.0	0.0	0.0	0.0	0.0	0.0	0.0
LRRK1	na	0.0	0.0	0.0	0.0	0.0	0.0	0.0
CHSY1	na	0.0	0.0	0.0	0.0	0.0	0.0	0.0
SELENOS	na	0.0	0.0	0.0	0.0	0.0	0.0	0.0
SNRPA1	na	0.0	0.0	0.0	0.0	0.0	0.0	0.0
PCSK6	na	0.0	0.0	0.0	0.0	0.0	0.0	0.0
TM2D3	na	0.0	0.0	0.0	0.0	0.0	0.0	0.0
TARSL2	na	0.0	0.0	0.0	0.0	0.0	0.0	0.0
WASIR2	na	0.0	0.0	0.0	0.0	0.0	0.0	0.0
POLR3K	na	0.054822352630848586	0.06610404027973725	0.042841157381786725	0.0572280436660772	0.04665133369676625	0.07393426256247834	0.08836098411772599
SNRNP25	na	0.06351533556698835	0.11682685678789452	0.053356821512958945	0.04583427052658519	0.0592928738424567	0.08866109154374928	0.11057890657241576
RHBDF1	na	0.0	0.0	0.0	0.0	0.0	0.0	0.0
MPG	na	0.04325045030961593	0.058169848206576995	0.041668048923060065	0.048587299138171856	0.04391506400503054	0.066016736211895	0.07774732514857827
NPRL3	na	0.0	0.0	0.0	0.0	0.0	0.0	0.0
HBA2	na	0.0	0.0	0.0	0.0	0.0	0.0	0.0
HBA1	na	0.0	0.0	0.0	0.0	0.0	0.0	0.0
HBQ1	na	0.0	0.0	0.0	0.0	0.0	0.0	0.0
Z69706.1	na	0.0	0.0	0.0	0.0	0.0	0.0	0.0
LUC7L	na	0.0	0.0	0.0	0.0	0.0	0.0	0.0
FAM234A	na	0.05922783057260569	0.070370227843494	0.07113904088586741	0.06534465010929821	0.056812575031106476	0.05792190179738652	0.09198970013197758
RGS11	na	0.0	0.0	0.0	0.0	0.0	0.0	0.0
ARHGDIG	na	0.0	0.0	0.0	0.0	0.0	0.0	0.0
PDIA2	na	0.0	0.0	0.0	0.0	0.0	0.0	0.0
AXIN1	na	0.0	0.0	0.0	0.0	0.0	0.0	0.0
MRPL28	na	0.057787197213262496	0.07005119508730474	0.06821513259104543	0.03980811970721173	0.05179049459343219	0.06511746398445521	0.09382426780744575
TMEM8A	na	0.05985183373632567	0.08243168584635645	0.05889486350656526	0.04571183496160799	0.05584409103773888	0.07219884836468957	0.10964885262390534
NME4	na	0.11249360273100721	0.21505639811812194	0.08485591764870712	0.022282620320466393	0.08924867188040543	0.13589618894867495	0.23810187521435322
DECR2	na	0.0	0.0	0.0	0.0	0.0	0.0	0.0
RAB11FIP3	na	0.0	0.0	0.0	0.0	0.0	0.0	0.0
CAPN15	na	0.0	0.0	0.0	0.0	0.0	0.0	0.0
PIGQ	na	0.05654423399493795	0.051474652411067606	0.05767625684374763	0.05005856639406547	0.04740073717180075	0.06282740830365237	0.06896413891207047
NHLRC4	na	0.0	0.0	0.0	0.0	0.0	0.0	0.0
RAB40C	na	0.0	0.0	0.0	0.0	0.0	0.0	0.0
WFIKKN1	na	0.0	0.0	0.0	0.0	0.0	0.0	0.0
METTL26	na	0.07807164761382207	0.14038959980781107	0.060544431265524785	0.04736387151513396	0.07187458441699571	0.12293603742121983	0.14666021790586484
MCRIP2	na	0.06364159536975064	0.08158414327098024	0.0685995070710549	0.04312932841094296	0.055552592498117864	0.08303223471959256	0.11934347965427063
WDR90	na	0.0	0.0	0.0	0.0	0.0	0.0	0.0
RHOT2	na	0.05655559648424431	0.0626074128429207	0.05538605269663514	0.05794133995365593	0.04865490899062794	0.051265666274822756	0.08454768193978288
RHBDL1	na	0.0	0.0	0.0	0.0	0.0	0.0	0.0
STUB1	na	0.0997299924265527	0.1356688808966725	0.0941726832589333	0.03911198066045408	0.07165688317771915	0.11653520367014637	0.14108115210777128
JMJD8	na	0.05190261028171884	0.059480474598797066	0.06189139153115786	0.046495369649409764	0.04574520230284284	0.04931164520146728	0.07402207715407005
WDR24	na	0.07738136320698075	0.0852606926897829	0.07197161794089657	0.04906680929965307	0.05934590121074569	0.060187052251259344	0.11300486189446893
FBXL16	na	0.0	0.0	0.0	0.0	0.0	0.0	0.0
METRN	na	0.14179288714965285	0.14962369033500753	0.16200423741550724	0.1190806624765877	0.12245434628605063	0.16345231026167062	0.2528410197383254
FAM173A	na	0.07549139262644958	0.09924112770808445	0.06315093987548945	0.030897316275513936	0.055738880642621585	0.06496399304020804	0.11494116374407466
CCDC78	na	0.0	0.0	0.0	0.0	0.0	0.0	0.0
HAGHL	na	0.06445639648550273	0.0697539092621371	0.058336180855936975	0.05256081613659535	0.05079789195977656	0.08121813439940949	0.07351642649435332
NARFL	na	0.05315983655301873	0.07238059764061573	0.06287082627516072	0.04222597884974852	0.050371016912155696	0.07131052595927904	0.097783190846778
RPUSD1	na	0.0	0.0	0.0	0.0	0.0	0.0	0.0
CHTF18	na	0.0	0.0	0.0	0.0	0.0	0.0	0.0
GNG13	na	0.0	0.0	0.0	0.0	0.0	0.0	0.0
LMF1	na	0.0	0.0	0.0	0.0	0.0	0.0	0.0
AC009041.2	na	0.0	0.0	0.0	0.0	0.0	0.0	0.0
SOX8	na	0.0	0.0	0.0	0.0	0.0	0.0	0.0
CACNA1H	na	0.052047230776223294	0.055184493353379126	0.06682912894439036	0.05910831197472754	0.053176144234554704	0.06070809842072968	0.09632084830103732
AC120498.10	na	0.0	0.0	0.0	0.0	0.0	0.0	0.0
TPSB2	na	0.0	0.0	0.0	0.0	0.0	0.0	0.0
TPSAB1	na	0.0	0.0	0.0	0.0	0.0	0.0	0.0
UBE2I	na	0.11131296414143964	0.19894382837543037	0.06961950033913629	0.05676990047668319	0.0885134540620482	0.17341328594002128	0.19044040750367458
BAIAP3	na	0.0	0.0	0.0	0.0	0.0	0.0	0.0
TSR3	na	0.041870676014220856	0.056636612079506266	0.05913713883824968	0.0463341754693832	0.043790059722831946	0.05381968030681151	0.07544933148088878
GNPTG	na	0.04702973113049601	0.06810695346844532	0.048631183280864014	0.03868268923997901	0.045704023882250026	0.07321064650136848	0.0771873276332011
UNKL	na	0.0	0.0	0.0	0.0	0.0	0.0	0.0
C16orf91	na	0.0	0.0	0.0	0.0	0.0	0.0	0.0
CCDC154	na	0.0	0.0	0.0	0.0	0.0	0.0	0.0
CLCN7	na	0.05302404154484996	0.06981599010274886	0.06153025296155335	0.04985685962816353	0.05148192017725415	0.05542088845186208	0.08841610097039557
TELO2	na	0.0	0.0	0.0	0.0	0.0	0.0	0.0
IFT140	na	0.0	0.0	0.0	0.0	0.0	0.0	0.0
TMEM204	na	0.0	0.0	0.0	0.0	0.0	0.0	0.0
AL133297.2	na	0.0	0.0	0.0	0.0	0.0	0.0	0.0
CRAMP1	na	0.0	0.0	0.0	0.0	0.0	0.0	0.0
JPT2	na	0.07382424730161954	0.11622572591651299	0.08550848940801217	0.07089077988317061	0.0742945986033918	0.10331882156539289	0.16014611537730464
MAPK8IP3	na	0.0	0.0	0.0	0.0	0.0	0.0	0.0
AL031710.1	na	0.0	0.0	0.0	0.0	0.0	0.0	0.0
NME3	na	0.11705580442176075	0.16174521239309736	0.1191869105618152	0.07923370296888661	0.1038313865739067	0.13817001963964487	0.233406144498897
MRPS34	na	0.11697376639398308	0.15932293968155858	0.09188581549936586	0.05314505797448538	0.08232359602230256	0.11877416687847603	0.18944686619242732
EME2	na	0.0	0.0	0.0	0.0	0.0	0.0	0.0
SPSB3	na	0.05402876053275266	0.07848544923441662	0.056607813760948554	0.04819335873987132	0.050809382926053616	0.06547198884847207	0.09924430877508852
NUBP2	na	0.06738331704183045	0.10690745045403822	0.06868741842562243	0.04923471437062741	0.06472143170835563	0.10775115706877646	0.13360417613962355
HAGH	na	0.0	0.0	0.0	0.0	0.0	0.0	0.0
FAHD1	na	0.0	0.0	0.0	0.0	0.0	0.0	0.0
HS3ST6	na	0.0	0.0	0.0	0.0	0.0	0.0	0.0
MSRB1	na	0.0	0.0	0.0	0.0	0.0	0.0	0.0
NDUFB10	na	0.11016860819261651	0.21353146303944515	0.06893926273459605	0.06850839490905983	0.08840901811739525	0.17345189592769786	0.20936437906197505
RPS2	na	1.1699978679171907	2.598676601533219	0.37248423087458393	0.19700815051021578	0.7256452557363189	1.9699278420982185	2.437414549191468
SNHG9	na	0.15516719703278284	0.22823416086543905	0.11404355527773065	0.023737885454567235	0.11451008088505138	0.256922081998852	0.2826202627701919
TBL3	na	0.0	0.0	0.0	0.0	0.0	0.0	0.0
NOXO1	na	0.0	0.0	0.0	0.0	0.0	0.0	0.0
GFER	na	0.05829705304588976	0.06635660407643337	0.049739788361359574	0.04412548713719687	0.04613899169079172	0.06474363404319237	0.08912147695331249
SYNGR3	na	0.0	0.0	0.0	0.0	0.0	0.0	0.0
ZNF598	na	0.0	0.0	0.0	0.0	0.0	0.0	0.0
NPW	na	0.0	0.0	0.0	0.0	0.0	0.0	0.0
SLC9A3R2	na	0.0695657571988461	0.10360642717504594	0.051225005555684586	0.04748196426846246	0.0571736343844855	0.06720166311441833	0.11620341252754998
NTHL1	na	0.0	0.0	0.0	0.0	0.0	0.0	0.0
TSC2	na	0.042098226904111635	0.048210414836939136	0.05542120407862501	0.04670414050819177	0.04605754002385717	0.05369289128521428	0.08378713645482902
PKD1	na	0.04185338355812268	0.05008131928828977	0.05719348168218428	0.050928038737757635	0.04362163246287326	0.05356424513366218	0.07267603056704347
RAB26	na	0.0	0.0	0.0	0.0	0.0	0.0	0.0
SNHG19	na	0.1272453457857321	0.3085664904749273	0.00333735212868573	0.0975709325293575	0.09303044478957731	0.23733144031053877	0.19368219805331363
TRAF7	na	0.055410574713986145	0.08902832756418694	0.055297289459057763	0.051847773286233	0.05561077468091957	0.08319649850576263	0.1024598538931109
CASKIN1	na	0.0	0.0	0.0	0.0	0.0	0.0	0.0
MLST8	na	0.056419796982634926	0.06762753148715309	0.05442491136445853	0.06039621678066461	0.05174395730042921	0.05362457896067668	0.0828489705345612
BRICD5	na	0.0	0.0	0.0	0.0	0.0	0.0	0.0
PGP	na	0.0424016242167126	0.06424625296619994	0.0536289723600535	0.059743297428319186	0.04930551781595292	0.058612077551489096	0.08241020629447147
E4F1	na	0.0453122299466864	0.05879884070916854	0.05681866327654836	0.04731120173842132	0.04659916457214901	0.05832194502042696	0.0811990650132038
DNASE1L2	na	0.0	0.0	0.0	0.0	0.0	0.0	0.0
ECI1	na	0.08810516402258675	0.12074359870286855	0.07155756438234585	0.051407682267728294	0.07230711681702728	0.14237250145897018	0.15207193183301054
RNPS1	na	0.11682507450166346	0.20616142055167563	0.08911129330570791	0.08743608655125401	0.09922819460651623	0.1772082418546527	0.2154729138339887
AC009065.4	na	0.0	0.0	0.0	0.0	0.0	0.0	0.0
ABCA3	na	0.0	0.0	0.0	0.0	0.0	0.0	0.0
CCNF	na	0.0	0.0	0.0	0.0	0.0	0.0	0.0
TEDC2	na	0.0	0.0	0.0	0.0	0.0	0.0	0.0
TBC1D24	na	0.0	0.0	0.0	0.0	0.0	0.0	0.0
AMDHD2	na	0.0	0.0	0.0	0.0	0.0	0.0	0.0
PDPK1	na	0.05054475366209352	0.0642807447800805	0.05516925420752757	0.052103937731629975	0.048014728078406	0.06801223769752458	0.09417926641768003
AC093525.6	na	0.0	0.0	0.0	0.0	0.0	0.0	0.0
AC093525.4	na	0.0	0.0	0.0	0.0	0.0	0.0	0.0
KCTD5	na	0.0	0.0	0.0	0.0	0.0	0.0	0.0
PRSS27	na	0.0	0.0	0.0	0.0	0.0	0.0	0.0
SRRM2-AS1	na	0.0	0.0	0.0	0.0	0.0	0.0	0.0
SRRM2	na	0.10120936181576302	0.07642999866842975	0.12532045519912005	0.10234268806042807	0.0875485961454581	0.09132630812314702	0.13612227626686088
ELOB	na	0.615045613093651	1.4526117783868986	0.08704976543015296	0.16862362425004015	0.382549891834553	1.0622765844412283	1.2438223466661376
ZG16B	na	0.08679746373303511	0.10184547741137094	0.06755859126135369	0.07774859261114682	0.06870058574166556	0.09590885807252458	0.11612659271690179
PRSS22	na	0.0	0.0	0.0	0.0	0.0	0.0	0.0
FLYWCH2	na	0.04433655893146144	0.06397366071999445	0.043406233422677944	0.05235251802627713	0.05149895716756661	0.0682576219150932	0.09942885240440638
FLYWCH1	na	0.0	0.0	0.0	0.0	0.0	0.0	0.0
KREMEN2	na	0.0	0.0	0.0	0.0	0.0	0.0	0.0
PKMYT1	na	0.0	0.0	0.0	0.0	0.0	0.0	0.0
PAQR4	na	0.058057534080977614	0.09724531977673576	0.06643173746881227	0.04289056948852576	0.05920688042228975	0.09394909658995908	0.11964637130100104
AC004233.2	na	0.0	0.0	0.0	0.0	0.0	0.0	0.0
AC004233.3	na	0.0	0.0	0.0	0.0	0.0	0.0	0.0
CLDN9	na	0.0	0.0	0.0	0.0	0.0	0.0	0.0
TNFRSF12A	na	0.05724481805664649	0.13486703427544838	0.02948325295024627	0.06072163673017404	0.0627739347869706	0.13008205039668716	0.11666410266496029
HCFC1R1	na	0.05475221720861255	0.07005773248094105	0.039927380382342316	0.04785929707913106	0.04600714389394925	0.0686860322186183	0.08719158758944803
THOC6	na	0.0	0.0	0.0	0.0	0.0	0.0	0.0
BICDL2	na	0.0	0.0	0.0	0.0	0.0	0.0	0.0
MMP25	na	0.0	0.0	0.0	0.0	0.0	0.0	0.0
MMP25-AS1	na	0.0	0.0	0.0	0.0	0.0	0.0	0.0
IL32	na	0.0	0.0	0.0	0.0	0.0	0.0	0.0
ZSCAN10	na	0.0	0.0	0.0	0.0	0.0	0.0	0.0
ZNF213-AS1	na	0.0	0.0	0.0	0.0	0.0	0.0	0.0
ZNF205	na	0.0	0.0	0.0	0.0	0.0	0.0	0.0
ZNF213	na	0.0	0.0	0.0	0.0	0.0	0.0	0.0
AC108134.2	na	0.0	0.0	0.0	0.0	0.0	0.0	0.0
ZNF200	na	0.0	0.0	0.0	0.0	0.0	0.0	0.0
LINC00921	na	0.0	0.0	0.0	0.0	0.0	0.0	0.0
ZNF263	na	0.04254503000322788	0.0556690375648106	0.05770146421752334	0.052653203526157155	0.04811026421391703	0.04783234822626705	0.08049492252548003
TIGD7	na	0.0	0.0	0.0	0.0	0.0	0.0	0.0
ZNF75A	na	0.0	0.0	0.0	0.0	0.0	0.0	0.0
ZSCAN32	na	0.0	0.0	0.0	0.0	0.0	0.0	0.0
ZNF174	na	0.0	0.0	0.0	0.0	0.0	0.0	0.0
ZNF597	na	0.0	0.0	0.0	0.0	0.0	0.0	0.0
NAA60	na	0.049749975354957586	0.06228885290601727	0.057975291822382896	0.050266490303591344	0.04721700570674582	0.058894529874807824	0.0847985855459505
CLUAP1	na	0.0	0.0	0.0	0.0	0.0	0.0	0.0
SLX4	na	0.0	0.0	0.0	0.0	0.0	0.0	0.0
DNASE1	na	0.0	0.0	0.0	0.0	0.0	0.0	0.0
TRAP1	na	0.054538696738666834	0.07718431271061843	0.0633763742085191	0.05284004160222824	0.05331089759137219	0.07101347804393925	0.11297161159711891
CREBBP	na	0.04494038881050966	0.06021104307162001	0.060923686161430284	0.055942408140335693	0.04986234915216039	0.06433386637175352	0.08723392034242677
ADCY9	na	0.0	0.0	0.0	0.0	0.0	0.0	0.0
AC009171.2	na	0.0	0.0	0.0	0.0	0.0	0.0	0.0
LINC01569	na	0.0	0.0	0.0	0.0	0.0	0.0	0.0
TFAP4	na	0.0	0.0	0.0	0.0	0.0	0.0	0.0
GLIS2	na	0.0	0.0	0.0	0.0	0.0	0.0	0.0
PAM16	na	0.0	0.0	0.0	0.0	0.0	0.0	0.0
CORO7	na	0.0	0.0	0.0	0.0	0.0	0.0	0.0
VASN	na	0.0	0.0	0.0	0.0	0.0	0.0	0.0
DNAJA3	na	0.05172721515131045	0.07792099793816726	0.056959500216733364	0.042615438615917864	0.05321799248330701	0.0773009107040951	0.10656144261025961
NMRAL1	na	0.08604631356409277	0.10554244026513585	0.06290386449159133	0.07006202909411954	0.06850551240661616	0.0889759863449204	0.12645003730356924
HMOX2	na	0.0	0.0	0.0	0.0	0.0	0.0	0.0
CDIP1	na	0.0	0.0	0.0	0.0	0.0	0.0	0.0
UBALD1	na	0.0	0.0	0.0	0.0	0.0	0.0	0.0
MGRN1	na	0.0	0.0	0.0	0.0	0.0	0.0	0.0
NUDT16L1	na	0.05148787838702143	0.056169428192632605	0.053449312670322324	0.04504129391206663	0.04311029768941349	0.0629327530230939	0.07753092392150854
ANKS3	na	0.0	0.0	0.0	0.0	0.0	0.0	0.0
ZNF500	na	0.0	0.0	0.0	0.0	0.0	0.0	0.0
SMIM22	na	0.1926918673881481	0.38896006005938477	0.1160243467370014	0.04963380014220563	0.1432066564325954	0.2794966946961156	0.3884678374089116
ROGDI	na	0.0	0.0	0.0	0.0	0.0	0.0	0.0
GLYR1	na	0.0	0.0	0.0	0.0	0.0	0.0	0.0
UBN1	na	0.0	0.0	0.0	0.0	0.0	0.0	0.0
PPL	na	0.0	0.0	0.0	0.0	0.0	0.0	0.0
NAGPA	na	0.0	0.0	0.0	0.0	0.0	0.0	0.0
ALG1	na	0.0	0.0	0.0	0.0	0.0	0.0	0.0
C16orf89	na	0.0	0.0	0.0	0.0	0.0	0.0	0.0
EEF2KMT	na	0.0	0.0	0.0	0.0	0.0	0.0	0.0
RBFOX1	na	0.0	0.0	0.0	0.0	0.0	0.0	0.0
METTL22	na	0.0	0.0	0.0	0.0	0.0	0.0	0.0
ABAT	na	0.0	0.0	0.0	0.0	0.0	0.0	0.0
TMEM186	na	0.0	0.0	0.0	0.0	0.0	0.0	0.0
AC022167.2	na	0.0	0.0	0.0	0.0	0.0	0.0	0.0
CARHSP1	na	0.046427843230525866	0.058474220815622945	0.04265898856702094	0.055577508258265455	0.04440276137456062	0.058688583772968796	0.07861173801055145
USP7	na	0.0	0.0	0.0	0.0	0.0	0.0	0.0
C16orf72	na	0.04958975015633928	0.05369483344239242	0.053159016895903244	0.044345779319750527	0.0444413550984658	0.052930805600715565	0.07438523005486361
ATF7IP2	na	0.0	0.0	0.0	0.0	0.0	0.0	0.0
EMP2	na	0.04805173777455031	0.06962129243588008	0.047874690896887256	0.054776519633733	0.0507749980642446	0.07490792057226514	0.08815442284441125
TEKT5	na	0.0	0.0	0.0	0.0	0.0	0.0	0.0
NUBP1	na	0.0	0.0	0.0	0.0	0.0	0.0	0.0
CIITA	na	0.0	0.0	0.0	0.0	0.0	0.0	0.0
DEXI	na	0.0	0.0	0.0	0.0	0.0	0.0	0.0
CLEC16A	na	0.0	0.0	0.0	0.0	0.0	0.0	0.0
RMI2	na	0.0	0.0	0.0	0.0	0.0	0.0	0.0
SOCS1	na	0.0	0.0	0.0	0.0	0.0	0.0	0.0
LITAF	na	0.0	0.0	0.0	0.0	0.0	0.0	0.0
SNN	na	0.0	0.0	0.0	0.0	0.0	0.0	0.0
TXNDC11	na	0.0	0.0	0.0	0.0	0.0	0.0	0.0
ZC3H7A	na	0.0	0.0	0.0	0.0	0.0	0.0	0.0
RSL1D1	na	0.04956344152630983	0.07184161620636395	0.05902159754691471	0.04469932196322201	0.04598840243571182	0.06887584736770039	0.08654863374918563
GSPT1	na	0.05254255916612708	0.07808470680059042	0.058435448694365004	0.04301010738951074	0.04752735949989321	0.0737314845489778	0.0765063687387921
TNFRSF17	na	0.0	0.0	0.0	0.0	0.0	0.0	0.0
SNX29	na	0.0	0.0	0.0	0.0	0.0	0.0	0.0
CPPED1	na	0.0	0.0	0.0	0.0	0.0	0.0	0.0
SHISA9	na	0.0	0.0	0.0	0.0	0.0	0.0	0.0
ERCC4	na	0.0	0.0	0.0	0.0	0.0	0.0	0.0
MKL2	na	0.0	0.0	0.0	0.0	0.0	0.0	0.0
MIR193BHG	na	0.0	0.0	0.0	0.0	0.0	0.0	0.0
PARN	na	0.0	0.0	0.0	0.0	0.0	0.0	0.0
BFAR	na	0.0	0.0	0.0	0.0	0.0	0.0	0.0
PLA2G10	na	0.0	0.0	0.0	0.0	0.0	0.0	0.0
NPIPA3	na	0.0	0.0	0.0	0.0	0.0	0.0	0.0
NOMO1	na	0.0	0.0	0.0	0.0	0.0	0.0	0.0
NPIPA1	na	0.0	0.0	0.0	0.0	0.0	0.0	0.0
PDXDC1	na	0.05207117728376046	0.06698403526583653	0.052261338517684	0.05296481869204663	0.047098248955620974	0.04749667231183054	0.07335701060103954
NTAN1	na	0.0	0.0	0.0	0.0	0.0	0.0	0.0
RRN3	na	0.0	0.0	0.0	0.0	0.0	0.0	0.0
NPIPA5	na	0.0	0.0	0.0	0.0	0.0	0.0	0.0
MPV17L	na	0.0	0.0	0.0	0.0	0.0	0.0	0.0
C16orf45	na	0.0	0.0	0.0	0.0	0.0	0.0	0.0
MARF1	na	0.0	0.0	0.0	0.0	0.0	0.0	0.0
NDE1	na	0.0	0.0	0.0	0.0	0.0	0.0	0.0
AC026401.3	na	0.0	0.0	0.0	0.0	0.0	0.0	0.0
MYH11	na	0.0	0.0	0.0	0.0	0.0	0.0	0.0
AF001548.2	na	0.0	0.0	0.0	0.0	0.0	0.0	0.0
FOPNL	na	0.0	0.0	0.0	0.0	0.0	0.0	0.0
ABCC1	na	0.0	0.0	0.0	0.0	0.0	0.0	0.0
ABCC6	na	0.0	0.0	0.0	0.0	0.0	0.0	0.0
AC138969.1	na	0.0	0.0	0.0	0.0	0.0	0.0	0.0
XYLT1	na	0.0	0.0	0.0	0.0	0.0	0.0	0.0
AC126755.2	na	0.0	0.0	0.0	0.0	0.0	0.0	0.0
RPS15A	na	0.6625952043987967	2.1261837188681754	3.8689860962610546e-20	0.20569075309140397	0.42424866324574884	1.5215328004861215	1.3456887395160957
ARL6IP1	na	0.0751756411945741	0.13405491483953347	0.08183253776741148	0.09116592611569485	0.07947701727668038	0.13654413328742412	0.1337528508931383
SMG1	na	0.0	0.0	0.0	0.0	0.0	0.0	0.0
TMC7	na	0.0	0.0	0.0	0.0	0.0	0.0	0.0
COQ7	na	0.0	0.0	0.0	0.0	0.0	0.0	0.0
ITPRIPL2	na	0.0	0.0	0.0	0.0	0.0	0.0	0.0
SYT17	na	0.0	0.0	0.0	0.0	0.0	0.0	0.0
TMC5	na	0.0	0.0	0.0	0.0	0.0	0.0	0.0
GDE1	na	0.0	0.0	0.0	0.0	0.0	0.0	0.0
CCP110	na	0.0	0.0	0.0	0.0	0.0	0.0	0.0
VPS35L	na	0.0	0.0	0.0	0.0	0.0	0.0	0.0
KNOP1	na	0.0	0.0	0.0	0.0	0.0	0.0	0.0
IQCK	na	0.0	0.0	0.0	0.0	0.0	0.0	0.0
GPRC5B	na	0.0	0.0	0.0	0.0	0.0	0.0	0.0
GP2	na	0.0	0.0	0.0	0.0	0.0	0.0	0.0
UMOD	na	0.0	0.0	0.0	0.0	0.0	0.0	0.0
ACSM1	na	0.0	0.0	0.0	0.0	0.0	0.0	0.0
THUMPD1	na	0.0	0.0	0.0	0.0	0.0	0.0	0.0
ERI2	na	0.0	0.0	0.0	0.0	0.0	0.0	0.0
REXO5	na	0.0	0.0	0.0	0.0	0.0	0.0	0.0
DCUN1D3	na	0.0	0.0	0.0	0.0	0.0	0.0	0.0
LYRM1	na	0.0	0.0	0.0	0.0	0.0	0.0	0.0
TMEM159	na	0.0	0.0	0.0	0.0	0.0	0.0	0.0
CRYM	na	0.0	0.0	0.0	0.0	0.0	0.0	0.0
METTL9	na	0.0	0.0	0.0	0.0	0.0	0.0	0.0
IGSF6	na	0.0	0.0	0.0	0.0	0.0	0.0	0.0
OTOA	na	0.0	0.0	0.0	0.0	0.0	0.0	0.0
NPIPB4	na	0.0	0.0	0.0	0.0	0.0	0.0	0.0
UQCRC2	na	0.0	0.0	0.0	0.0	0.0	0.0	0.0
MOSMO	na	0.0	0.0	0.0	0.0	0.0	0.0	0.0
EEF2K	na	0.0	0.0	0.0	0.0	0.0	0.0	0.0
POLR3E	na	0.0	0.0	0.0	0.0	0.0	0.0	0.0
CDR2	na	0.0	0.0	0.0	0.0	0.0	0.0	0.0
NPIPB5	na	0.0	0.0	0.0	0.0	0.0	0.0	0.0
HS3ST2	na	0.0	0.0	0.0	0.0	0.0	0.0	0.0
USP31	na	0.0	0.0	0.0	0.0	0.0	0.0	0.0
SCNN1B	na	0.0	0.0	0.0	0.0	0.0	0.0	0.0
COG7	na	0.0	0.0	0.0	0.0	0.0	0.0	0.0
AC008915.2	na	0.0	0.0	0.0	0.0	0.0	0.0	0.0
GGA2	na	0.0	0.0	0.0	0.0	0.0	0.0	0.0
EARS2	na	0.0	0.0	0.0	0.0	0.0	0.0	0.0
UBFD1	na	0.0	0.0	0.0	0.0	0.0	0.0	0.0
NDUFAB1	na	0.09038287356149567	0.18210557980459177	0.03701068397247292	0.1104701859724663	0.08006027841814269	0.12437821925632656	0.15443449665018397
PALB2	na	0.0	0.0	0.0	0.0	0.0	0.0	0.0
DCTN5	na	0.0	0.0	0.0	0.0	0.0	0.0	0.0
PLK1	na	0.0	0.0	0.0	0.0	0.0	0.0	0.0
PRKCB	na	0.0	0.0	0.0	0.0	0.0	0.0	0.0
RBBP6	na	0.0	0.0	0.0	0.0	0.0	0.0	0.0
TNRC6A	na	0.0	0.0	0.0	0.0	0.0	0.0	0.0
ARHGAP17	na	0.0	0.0	0.0	0.0	0.0	0.0	0.0
LCMT1	na	0.0	0.0	0.0	0.0	0.0	0.0	0.0
ZKSCAN2	na	0.0	0.0	0.0	0.0	0.0	0.0	0.0
KDM8	na	0.0	0.0	0.0	0.0	0.0	0.0	0.0
NSMCE1	na	0.04867972341517114	0.06448563877870507	0.04437759491356747	0.054462354623523626	0.04340893145538952	0.05942210941679353	0.07209906781708281
IL4R	na	0.0	0.0	0.0	0.0	0.0	0.0	0.0
IL21R	na	0.0	0.0	0.0	0.0	0.0	0.0	0.0
GTF3C1	na	0.05924495840749733	0.06068208004349843	0.05048220446859057	0.06235771450397001	0.049017491742559705	0.04556571986027262	0.06848446304876912
KIAA0556	na	0.0	0.0	0.0	0.0	0.0	0.0	0.0
XPO6	na	0.0	0.0	0.0	0.0	0.0	0.0	0.0
SBK1	na	0.0	0.0	0.0	0.0	0.0	0.0	0.0
AC138894.1	na	0.0	0.0	0.0	0.0	0.0	0.0	0.0
CLN3	na	0.0	0.0	0.0	0.0	0.0	0.0	0.0
APOBR	na	0.0	0.0	0.0	0.0	0.0	0.0	0.0
IL27	na	0.0	0.0	0.0	0.0	0.0	0.0	0.0
NUPR1	na	0.16750650203553283	0.25741767497032114	0.08808021448944678	0.04724406678540854	0.10911117267996796	0.2277167635604117	0.2727357686901166
AC020765.2	na	0.0	0.0	0.0	0.0	0.0	0.0	0.0
SGF29	na	0.0	0.0	0.0	0.0	0.0	0.0	0.0
SULT1A2	na	0.0	0.0	0.0	0.0	0.0	0.0	0.0
SULT1A1	na	0.0	0.0	0.0	0.0	0.0	0.0	0.0
EIF3C	na	0.0	0.0	0.0	0.0	0.0	0.0	0.0
AC145285.6	na	0.0	0.0	0.0	0.0	0.0	0.0	0.0
ATXN2L	na	0.0	0.0	0.0	0.0	0.0	0.0	0.0
TUFM	na	0.06731449851335312	0.09102228707080871	0.06964919145459088	0.052363551846234355	0.06429418861036444	0.10368601628647672	0.12210215529929151
SH2B1	na	0.0	0.0	0.0	0.0	0.0	0.0	0.0
ATP2A1-AS1	na	0.0	0.0	0.0	0.0	0.0	0.0	0.0
RABEP2	na	0.0	0.0	0.0	0.0	0.0	0.0	0.0
NFATC2IP	na	0.0	0.0	0.0	0.0	0.0	0.0	0.0
SPNS1	na	0.0	0.0	0.0	0.0	0.0	0.0	0.0
LAT	na	0.0	0.0	0.0	0.0	0.0	0.0	0.0
NPIPB11	na	0.0	0.0	0.0	0.0	0.0	0.0	0.0
BOLA2-SMG1P6	na	0.0	0.0	0.0	0.0	0.0	0.0	0.0
SULT1A4	na	0.0	0.0	0.0	0.0	0.0	0.0	0.0
SPN	na	0.0	0.0	0.0	0.0	0.0	0.0	0.0
QPRT	na	0.0	0.0	0.0	0.0	0.0	0.0	0.0
C16orf54	na	0.0	0.0	0.0	0.0	0.0	0.0	0.0
ZG16	na	0.0	0.0	0.0	0.0	0.0	0.0	0.0
KIF22	na	0.08731381204024721	0.1420580315933923	0.07477054672373933	0.0649389729709804	0.06989059097331912	0.11161577836406604	0.1371468764608379
MAZ	na	0.0707636451846532	0.07342500522434128	0.09417414256288356	0.07386165657985867	0.07460059450709766	0.10248330889786907	0.1354661945446922
AC009133.1	na	0.0	0.0	0.0	0.0	0.0	0.0	0.0
PAGR1	na	0.0	0.0	0.0	0.0	0.0	0.0	0.0
MVP	na	0.0	0.0	0.0	0.0	0.0	0.0	0.0
CDIPT	na	0.0	0.0	0.0	0.0	0.0	0.0	0.0
SEZ6L2	na	0.0	0.0	0.0	0.0	0.0	0.0	0.0
ASPHD1	na	0.0	0.0	0.0	0.0	0.0	0.0	0.0
KCTD13	na	0.0	0.0	0.0	0.0	0.0	0.0	0.0
TMEM219	na	0.05789500521921654	0.10294826052172057	0.04176453453603664	0.06046011702309157	0.0522613978473818	0.06928267780878894	0.11136478897282356
TAOK2	na	0.0	0.0	0.0	0.0	0.0	0.0	0.0
HIRIP3	na	0.0	0.0	0.0	0.0	0.0	0.0	0.0
INO80E	na	0.0	0.0	0.0	0.0	0.0	0.0	0.0
DOC2A	na	0.0	0.0	0.0	0.0	0.0	0.0	0.0
ALDOA	na	0.0	0.0	0.0	0.0	0.0	0.0	0.0
PPP4C	na	0.11448267017251507	0.17553912551896775	0.08129735383283836	0.0721821273399578	0.09380360543863349	0.2054663343928939	0.19193063214803466
YPEL3	na	0.06168637087723126	0.07857369765250675	0.05101151934871383	0.049769048155825876	0.050585994769004904	0.08217268781608206	0.09908116871079324
AC012645.1	na	0.0	0.0	0.0	0.0	0.0	0.0	0.0
GDPD3	na	0.0	0.0	0.0	0.0	0.0	0.0	0.0
MAPK3	na	0.05277052325750079	0.058767763321630896	0.05144588670876822	0.0398556275661869	0.043275648999827776	0.05500010468150372	0.07744255771648746
CORO1A	na	0.0	0.0	0.0	0.0	0.0	0.0	0.0
BOLA2B	na	0.0	0.0	0.0	0.0	0.0	0.0	0.0
SLX1A	na	0.0	0.0	0.0	0.0	0.0	0.0	0.0
SULT1A3	na	0.0	0.0	0.0	0.0	0.0	0.0	0.0
CD2BP2	na	0.05977062281497092	0.06185592763423249	0.05245451932336634	0.04315116679377352	0.04508087042962546	0.06127378720966902	0.07893783282472659
AC106782.2	na	0.0	0.0	0.0	0.0	0.0	0.0	0.0
TBC1D10B	na	0.0	0.0	0.0	0.0	0.0	0.0	0.0
MYLPF	na	0.0	0.0	0.0	0.0	0.0	0.0	0.0
ZNF48	na	0.0	0.0	0.0	0.0	0.0	0.0	0.0
SEPT1	na	0.0	0.0	0.0	0.0	0.0	0.0	0.0
ZNF771	na	0.0	0.0	0.0	0.0	0.0	0.0	0.0
DCTPP1	na	0.05907540033094878	0.11919374355908573	0.05525370917123795	0.05087907316126231	0.05950328699505413	0.09080584313767481	0.12505768175060056
SEPHS2	na	0.06291753552772368	0.09230092748347217	0.058035515075889416	0.040601428245899955	0.05111606766057429	0.06849618760547697	0.09963940693826895
ITGAL	na	0.0	0.0	0.0	0.0	0.0	0.0	0.0
ZNF768	na	0.0	0.0	0.0	0.0	0.0	0.0	0.0
ZNF747	na	0.0	0.0	0.0	0.0	0.0	0.0	0.0
AC002310.1	na	0.0	0.0	0.0	0.0	0.0	0.0	0.0
ZNF764	na	0.0	0.0	0.0	0.0	0.0	0.0	0.0
ZNF688	na	0.0	0.0	0.0	0.0	0.0	0.0	0.0
ZNF785	na	0.0	0.0	0.0	0.0	0.0	0.0	0.0
ZNF689	na	0.0	0.0	0.0	0.0	0.0	0.0	0.0
PRR14	na	0.0	0.0	0.0	0.0	0.0	0.0	0.0
FBRS	na	0.0	0.0	0.0	0.0	0.0	0.0	0.0
AC093249.6	na	0.0	0.0	0.0	0.0	0.0	0.0	0.0
SRCAP	na	0.0	0.0	0.0	0.0	0.0	0.0	0.0
AC106886.5	na	0.0	0.0	0.0	0.0	0.0	0.0	0.0
PHKG2	na	0.0	0.0	0.0	0.0	0.0	0.0	0.0
CCDC189	na	0.0	0.0	0.0	0.0	0.0	0.0	0.0
RNF40	na	0.02899479939511416	0.05203950568700225	0.05735656469338003	0.04514882624007507	0.04427107173356094	0.05666090861368957	0.08337315469088068
ZNF629	na	0.0	0.0	0.0	0.0	0.0	0.0	0.0
BCL7C	na	0.047886899713667816	0.06982509931494404	0.04872213369571784	0.04532084098879444	0.04550290102599735	0.06010312404050294	0.07911520263871248
MIR762HG	na	0.0	0.0	0.0	0.0	0.0	0.0	0.0
FBXL19	na	0.0	0.0	0.0	0.0	0.0	0.0	0.0
ORAI3	na	0.0	0.0	0.0	0.0	0.0	0.0	0.0
SETD1A	na	0.0	0.0	0.0	0.0	0.0	0.0	0.0
HSD3B7	na	0.0	0.0	0.0	0.0	0.0	0.0	0.0
STX4	na	0.0	0.0	0.0	0.0	0.0	0.0	0.0
ZNF668	na	0.0	0.0	0.0	0.0	0.0	0.0	0.0
ZNF646	na	0.0	0.0	0.0	0.0	0.0	0.0	0.0
PRSS53	na	0.0	0.0	0.0	0.0	0.0	0.0	0.0
VKORC1	na	0.06981293691532799	0.0893275993719039	0.05451067011527894	0.0711690446532041	0.06103407121032458	0.10047918768191993	0.1073723414801897
BCKDK	na	0.0	0.0	0.0	0.0	0.0	0.0	0.0
KAT8	na	0.0	0.0	0.0	0.0	0.0	0.0	0.0
AC009088.3	na	0.0	0.0	0.0	0.0	0.0	0.0	0.0
PRSS8	na	0.11916483487887503	0.12195290715096331	0.12272995312038044	0.12960551473948587	0.10482478528619095	0.14602265939720133	0.16663602838849859
PRSS36	na	0.0	0.0	0.0	0.0	0.0	0.0	0.0
FUS	na	0.07921403314068078	0.1604345904136308	0.07783447581575546	0.07531100750729783	0.07976922456550513	0.15250624820939895	0.1581563695683049
PYCARD	na	0.07877929405831792	0.11435189064074663	0.05993622902965128	0.042856468528905046	0.06588028448529826	0.0918329397830461	0.12953754607375695
PYCARD-AS1	na	0.0	0.0	0.0	0.0	0.0	0.0	0.0
TRIM72	na	0.0	0.0	0.0	0.0	0.0	0.0	0.0
PYDC1	na	0.11620390486213127	0.18140336833027276	0.09161734064787887	0.00010312996478148672	0.08555716578980765	0.1249804903028265	0.22093967818438043
ITGAM	na	0.0	0.0	0.0	0.0	0.0	0.0	0.0
ITGAX	na	0.0	0.0	0.0	0.0	0.0	0.0	0.0
AC026471.4	na	0.0	0.0	0.0	0.0	0.0	0.0	0.0
AC026471.1	na	0.0	0.0	0.0	0.0	0.0	0.0	0.0
ARMC5	na	0.0	0.0	0.0	0.0	0.0	0.0	0.0
TGFB1I1	na	0.0	0.0	0.0	0.0	0.0	0.0	0.0
C16orf58	na	0.0	0.0	0.0	0.0	0.0	0.0	0.0
ZNF720	na	0.0	0.0	0.0	0.0	0.0	0.0	0.0
ZNF267	na	0.0	0.0	0.0	0.0	0.0	0.0	0.0
SHCBP1	na	0.0	0.0	0.0	0.0	0.0	0.0	0.0
AC092368.3	na	0.0	0.0	0.0	0.0	0.0	0.0	0.0
VPS35	na	0.057477813443808694	0.08660154347799763	0.046230072654601086	0.04396431574981268	0.05005804002624485	0.08495734771074445	0.09654754026987125
ORC6	na	0.0	0.0	0.0	0.0	0.0	0.0	0.0
C16orf87	na	0.0	0.0	0.0	0.0	0.0	0.0	0.0
GPT2	na	0.0	0.0	0.0	0.0	0.0	0.0	0.0
DNAJA2	na	0.0	0.0	0.0	0.0	0.0	0.0	0.0
NETO2	na	0.0	0.0	0.0	0.0	0.0	0.0	0.0
ITFG1	na	0.0	0.0	0.0	0.0	0.0	0.0	0.0
PHKB	na	0.0	0.0	0.0	0.0	0.0	0.0	0.0
ABCC12	na	0.0	0.0	0.0	0.0	0.0	0.0	0.0
ABCC11	na	0.0	0.0	0.0	0.0	0.0	0.0	0.0
LONP2	na	0.0	0.0	0.0	0.0	0.0	0.0	0.0
SIAH1	na	0.0	0.0	0.0	0.0	0.0	0.0	0.0
N4BP1	na	0.0	0.0	0.0	0.0	0.0	0.0	0.0
ZNF423	na	0.0	0.0	0.0	0.0	0.0	0.0	0.0
CNEP1R1	na	0.0	0.0	0.0	0.0	0.0	0.0	0.0
HEATR3	na	0.0	0.0	0.0	0.0	0.0	0.0	0.0
TENT4B	na	0.0	0.0	0.0	0.0	0.0	0.0	0.0
ADCY7	na	0.0	0.0	0.0	0.0	0.0	0.0	0.0
BRD7	na	0.0	0.0	0.0	0.0	0.0	0.0	0.0
AC007493.1	na	0.0	0.0	0.0	0.0	0.0	0.0	0.0
SNX20	na	0.0	0.0	0.0	0.0	0.0	0.0	0.0
NOD2	na	0.0	0.0	0.0	0.0	0.0	0.0	0.0
CYLD	na	0.0	0.0	0.0	0.0	0.0	0.0	0.0
HNRNPA1P48	na	0.0	0.0	0.0	0.0	0.0	0.0	0.0
TOX3	na	0.0	0.0	0.0	0.0	0.0	0.0	0.0
CHD9	na	0.0	0.0	0.0	0.0	0.0	0.0	0.0
RBL2	na	0.0	0.0	0.0	0.0	0.0	0.0	0.0
AKTIP	na	0.0	0.0	0.0	0.0	0.0	0.0	0.0
RPGRIP1L	na	0.0	0.0	0.0	0.0	0.0	0.0	0.0
FTO	na	0.0	0.0	0.0	0.0	0.0	0.0	0.0
IRX3	na	0.0	0.0	0.0	0.0	0.0	0.0	0.0
AC018553.1	na	0.0	0.0	0.0	0.0	0.0	0.0	0.0
CRNDE	na	0.04760272014286215	0.06338701812505107	0.06501868421740116	0.04468189629331414	0.05188875171909947	0.0668521675626979	0.09503974111803944
IRX5	na	0.0	0.0	0.0	0.0	0.0	0.0	0.0
MMP2	na	0.0	0.0	0.0	0.0	0.0	0.0	0.0
LPCAT2	na	0.0	0.0	0.0	0.0	0.0	0.0	0.0
CES1	na	0.0	0.0	0.0	0.0	0.0	0.0	0.0
GNAO1	na	0.0	0.0	0.0	0.0	0.0	0.0	0.0
AMFR	na	0.0	0.0	0.0	0.0	0.0	0.0	0.0
NUDT21	na	0.057671467651894015	0.06437227152333036	0.05984789366236528	0.030644657319530335	0.046634744657356	0.07602604177810005	0.08253408664944861
OGFOD1	na	0.0	0.0	0.0	0.0	0.0	0.0	0.0
BBS2	na	0.0	0.0	0.0	0.0	0.0	0.0	0.0
MT2A	na	0.42711286178202984	1.0299895708536226	0.08943900494776102	0.1422433175306156	0.2869209742876943	0.8257601784512395	0.823034860563351
MT1E	na	0.0	0.0	0.0	0.0	0.0	0.0	0.0
MT1M	na	0.0	0.0	0.0	0.0	0.0	0.0	0.0
MT1F	na	0.0	0.0	0.0	0.0	0.0	0.0	0.0
MT1G	na	0.0	0.0	0.0	0.0	0.0	0.0	0.0
MT1H	na	0.0	0.0	0.0	0.0	0.0	0.0	0.0
MT1X	na	0.0	0.0	0.0	0.0	0.0	0.0	0.0
NUP93	na	0.0	0.0	0.0	0.0	0.0	0.0	0.0
HERPUD1	na	0.07381310636365086	0.10634377808562198	0.0572266021882475	0.05005460382239611	0.05799826950960435	0.09488431422426748	0.11358378385200543
NLRC5	na	0.0	0.0	0.0	0.0	0.0	0.0	0.0
CPNE2	na	0.0	0.0	0.0	0.0	0.0	0.0	0.0
FAM192A	na	0.05804898906252759	0.07169539257197431	0.04933085283439347	0.037693992646062255	0.04579487593661253	0.055589491733259895	0.0791636916836144
RSPRY1	na	0.0	0.0	0.0	0.0	0.0	0.0	0.0
ARL2BP	na	0.0	0.0	0.0	0.0	0.0	0.0	0.0
PLLP	na	0.0	0.0	0.0	0.0	0.0	0.0	0.0
CCL22	na	0.0	0.0	0.0	0.0	0.0	0.0	0.0
CX3CL1	na	0.0	0.0	0.0	0.0	0.0	0.0	0.0
CCL17	na	0.0	0.0	0.0	0.0	0.0	0.0	0.0
CIAPIN1	na	0.0	0.0	0.0	0.0	0.0	0.0	0.0
COQ9	na	0.0	0.0	0.0	0.0	0.0	0.0	0.0
POLR2C	na	0.0	0.0	0.0	0.0	0.0	0.0	0.0
DOK4	na	0.0	0.0	0.0	0.0	0.0	0.0	0.0
CCDC102A	na	0.0	0.0	0.0	0.0	0.0	0.0	0.0
ADGRG1	na	0.0626514134102379	0.08907993467228086	0.07370063646236405	0.05432574800316196	0.058792978879442605	0.08417080810721417	0.11710642066520446
KATNB1	na	0.0	0.0	0.0	0.0	0.0	0.0	0.0
KIFC3	na	0.0	0.0	0.0	0.0	0.0	0.0	0.0
ZNF319	na	0.0	0.0	0.0	0.0	0.0	0.0	0.0
USB1	na	0.0	0.0	0.0	0.0	0.0	0.0	0.0
MMP15	na	0.05174374594929149	0.0648546703089283	0.05414397881618244	0.05122425497184373	0.047467235403105094	0.05052453301647048	0.07769662542683976
CFAP20	na	0.0	0.0	0.0	0.0	0.0	0.0	0.0
CSNK2A2	na	0.0	0.0	0.0	0.0	0.0	0.0	0.0
CCDC113	na	0.0	0.0	0.0	0.0	0.0	0.0	0.0
GINS3	na	0.0	0.0	0.0	0.0	0.0	0.0	0.0
AC009118.2	na	0.0	0.0	0.0	0.0	0.0	0.0	0.0
NDRG4	na	0.0	0.0	0.0	0.0	0.0	0.0	0.0
SETD6	na	0.0	0.0	0.0	0.0	0.0	0.0	0.0
CNOT1	na	0.06558486693883336	0.07228792267225027	0.060701822288638636	0.046167549889836165	0.05267296119815109	0.07849503706451443	0.10020045033331054
AC009118.3	na	0.0	0.0	0.0	0.0	0.0	0.0	0.0
SLC38A7	na	0.0	0.0	0.0	0.0	0.0	0.0	0.0
GOT2	na	0.04815382434154459	0.06348129290113617	0.05556340370717749	0.0453711954698852	0.048558166647519545	0.056341157441546164	0.08522480584097908
CDH11	na	0.0	0.0	0.0	0.0	0.0	0.0	0.0
CDH5	na	0.0	0.0	0.0	0.0	0.0	0.0	0.0
LINC00920	na	0.0	0.0	0.0	0.0	0.0	0.0	0.0
BEAN1	na	0.0	0.0	0.0	0.0	0.0	0.0	0.0
TK2	na	0.0	0.0	0.0	0.0	0.0	0.0	0.0
CKLF	na	0.055153793911334195	0.10098794129669188	0.04435301665104128	0.04267379259191287	0.05623443241027625	0.07604819176300166	0.09058211829651622
CMTM3	na	0.0	0.0	0.0	0.0	0.0	0.0	0.0
CMTM4	na	0.0	0.0	0.0	0.0	0.0	0.0	0.0
DYNC1LI2	na	0.05881480971494123	0.07636925128765623	0.057851743355587876	0.05291460824571003	0.056460223078444116	0.0709025261525727	0.10778719909627751
AC018557.1	na	0.0	0.0	0.0	0.0	0.0	0.0	0.0
NAE1	na	0.0	0.0	0.0	0.0	0.0	0.0	0.0
PDP2	na	0.0	0.0	0.0	0.0	0.0	0.0	0.0
FAM96B	na	0.06636150759150299	0.14980480235546834	0.05568219184763098	0.04716024590830839	0.06744150424992659	0.10686800411914307	0.1355187620597992
CES2	na	0.0	0.0	0.0	0.0	0.0	0.0	0.0
CES3	na	0.0	0.0	0.0	0.0	0.0	0.0	0.0
CES4A	na	0.0	0.0	0.0	0.0	0.0	0.0	0.0
CBFB	na	0.0	0.0	0.0	0.0	0.0	0.0	0.0
C16orf70	na	0.0	0.0	0.0	0.0	0.0	0.0	0.0
B3GNT9	na	0.0	0.0	0.0	0.0	0.0	0.0	0.0
TRADD	na	0.0	0.0	0.0	0.0	0.0	0.0	0.0
FBXL8	na	0.0	0.0	0.0	0.0	0.0	0.0	0.0
HSF4	na	0.0	0.0	0.0	0.0	0.0	0.0	0.0
NOL3	na	0.0	0.0	0.0	0.0	0.0	0.0	0.0
KIAA0895L	na	0.0	0.0	0.0	0.0	0.0	0.0	0.0
EXOC3L1	na	0.0	0.0	0.0	0.0	0.0	0.0	0.0
E2F4	na	0.0	0.0	0.0	0.0	0.0	0.0	0.0
ELMO3	na	0.0	0.0	0.0	0.0	0.0	0.0	0.0
LRRC29	na	0.0	0.0	0.0	0.0	0.0	0.0	0.0
TMEM208	na	0.0686317786637311	0.12096480211676369	0.05870840811611051	0.04770486936938373	0.060555044774798124	0.088583997522832	0.1210298062413955
FHOD1	na	0.0	0.0	0.0	0.0	0.0	0.0	0.0
SLC9A5	na	0.0	0.0	0.0	0.0	0.0	0.0	0.0
PLEKHG4	na	0.0	0.0	0.0	0.0	0.0	0.0	0.0
TPPP3	na	0.0	0.0	0.0	0.0	0.0	0.0	0.0
ZDHHC1	na	0.0	0.0	0.0	0.0	0.0	0.0	0.0
HSD11B2	na	0.0	0.0	0.0	0.0	0.0	0.0	0.0
ATP6V0D1	na	0.07917876935287571	0.09797008294799289	0.05535983319302378	0.06312513710816635	0.058863593002163116	0.09022705823732682	0.11064563340947772
AC009061.2	na	0.0	0.0	0.0	0.0	0.0	0.0	0.0
AC027682.6	na	0.0	0.0	0.0	0.0	0.0	0.0	0.0
RIPOR1	na	0.0	0.0	0.0	0.0	0.0	0.0	0.0
CTCF	na	0.0	0.0	0.0	0.0	0.0	0.0	0.0
CARMIL2	na	0.0	0.0	0.0	0.0	0.0	0.0	0.0
ACD	na	0.0	0.0	0.0	0.0	0.0	0.0	0.0
PARD6A	na	0.0	0.0	0.0	0.0	0.0	0.0	0.0
ENKD1	na	0.0	0.0	0.0	0.0	0.0	0.0	0.0
GFOD2	na	0.0	0.0	0.0	0.0	0.0	0.0	0.0
RANBP10	na	0.0	0.0	0.0	0.0	0.0	0.0	0.0
TSNAXIP1	na	0.0	0.0	0.0	0.0	0.0	0.0	0.0
CENPT	na	0.0	0.0	0.0	0.0	0.0	0.0	0.0
THAP11	na	0.0	0.0	0.0	0.0	0.0	0.0	0.0
NUTF2	na	0.06347519020560805	0.13470442153972575	0.06466589412176094	0.03172200514386407	0.06209882464854066	0.10924228350362011	0.13220816996346607
EDC4	na	0.0	0.0	0.0	0.0	0.0	0.0	0.0
AC040162.3	na	0.0	0.0	0.0	0.0	0.0	0.0	0.0
PSKH1	na	0.0	0.0	0.0	0.0	0.0	0.0	0.0
AC040162.1	na	0.0	0.0	0.0	0.0	0.0	0.0	0.0
PSMB10	na	0.0	0.0	0.0	0.0	0.0	0.0	0.0
LCAT	na	0.0	0.0	0.0	0.0	0.0	0.0	0.0
SLC12A4	na	0.0	0.0	0.0	0.0	0.0	0.0	0.0
DPEP2	na	0.0	0.0	0.0	0.0	0.0	0.0	0.0
DUS2	na	0.0	0.0	0.0	0.0	0.0	0.0	0.0
DDX28	na	0.0	0.0	0.0	0.0	0.0	0.0	0.0
NFATC3	na	0.0	0.0	0.0	0.0	0.0	0.0	0.0
AC020978.5	na	0.0	0.0	0.0	0.0	0.0	0.0	0.0
ESRP2	na	0.06559565233939793	0.09445790744659192	0.0839552144359107	0.02573987338061279	0.06015204329769936	0.08078451485298137	0.12425816347387478
PLA2G15	na	0.0	0.0	0.0	0.0	0.0	0.0	0.0
SLC7A6	na	0.0	0.0	0.0	0.0	0.0	0.0	0.0
SLC7A6OS	na	0.0	0.0	0.0	0.0	0.0	0.0	0.0
PRMT7	na	0.0	0.0	0.0	0.0	0.0	0.0	0.0
SMPD3	na	0.0	0.0	0.0	0.0	0.0	0.0	0.0
ZFP90	na	0.0	0.0	0.0	0.0	0.0	0.0	0.0
CDH3	na	0.0	0.0	0.0	0.0	0.0	0.0	0.0
AC126773.2	na	0.0	0.0	0.0	0.0	0.0	0.0	0.0
CDH1	na	0.1688253725236434	0.2040041866775444	0.20054411993332935	0.08098997936489408	0.1354134113198664	0.18344951881564045	0.2703846955692397
TANGO6	na	0.0	0.0	0.0	0.0	0.0	0.0	0.0
HAS3	na	0.0	0.0	0.0	0.0	0.0	0.0	0.0
CHTF8	na	0.041686798197613964	0.051775016771810595	0.05677136257366753	0.05097253006675387	0.04650623634861554	0.05724823363064849	0.07515048375470043
UTP4	na	0.0	0.0	0.0	0.0	0.0	0.0	0.0
SNTB2	na	0.0	0.0	0.0	0.0	0.0	0.0	0.0
VPS4A	na	0.054678825002585627	0.06929821787046075	0.05132527763035954	0.03918400014425247	0.04787568305764866	0.05168389643519261	0.08423163416242004
COG8	na	0.0	0.0	0.0	0.0	0.0	0.0	0.0
COG8	na	0.0	0.0	0.0	0.0	0.0	0.0	0.0
NIP7	na	0.0	0.0	0.0	0.0	0.0	0.0	0.0
TERF2	na	0.0	0.0	0.0	0.0	0.0	0.0	0.0
CYB5B	na	0.0	0.0	0.0	0.0	0.0	0.0	0.0
NFAT5	na	0.0	0.0	0.0	0.0	0.0	0.0	0.0
NQO1	na	0.1219491994330848	0.2325277473171875	0.08722488235617518	0.05754010209177926	0.10081801285557884	0.15772055043530472	0.2599152289909224
NOB1	na	0.0	0.0	0.0	0.0	0.0	0.0	0.0
WWP2	na	0.0	0.0	0.0	0.0	0.0	0.0	0.0
PDPR	na	0.0	0.0	0.0	0.0	0.0	0.0	0.0
EXOSC6	na	0.0459050268644521	0.06108553877584847	0.05417937313832749	0.04562438911181515	0.04618590234681545	0.0475881921245844	0.07426952359188278
AARS	na	0.06337443105748286	0.06186668169069941	0.06327269315220894	0.04687617421774248	0.050451155957819245	0.06329346228608174	0.09161443244832469
DDX19B	na	0.0	0.0	0.0	0.0	0.0	0.0	0.0
DDX19A	na	0.0	0.0	0.0	0.0	0.0	0.0	0.0
ST3GAL2	na	0.0	0.0	0.0	0.0	0.0	0.0	0.0
FUK	na	0.0	0.0	0.0	0.0	0.0	0.0	0.0
COG4	na	0.05295224370785812	0.06605227960756942	0.05253267301390287	0.04607208060545526	0.044784055317690315	0.04416118295186375	0.0787390532913077
SF3B3	na	0.06406599165669177	0.08837436645810656	0.0625065960603422	0.06864441221305383	0.06086540959137427	0.08273876759432798	0.1160909309083861
IL34	na	0.0	0.0	0.0	0.0	0.0	0.0	0.0
MTSS1L	na	0.0	0.0	0.0	0.0	0.0	0.0	0.0
VAC14	na	0.0	0.0	0.0	0.0	0.0	0.0	0.0
HYDIN	na	0.0	0.0	0.0	0.0	0.0	0.0	0.0
CMTR2	na	0.0	0.0	0.0	0.0	0.0	0.0	0.0
CALB2	na	0.0	0.0	0.0	0.0	0.0	0.0	0.0
ZNF19	na	0.0	0.0	0.0	0.0	0.0	0.0	0.0
TAT	na	0.0	0.0	0.0	0.0	0.0	0.0	0.0
TAT-AS1	na	0.0	0.0	0.0	0.0	0.0	0.0	0.0
MARVELD3	na	0.0	0.0	0.0	0.0	0.0	0.0	0.0
PHLPP2	na	0.0	0.0	0.0	0.0	0.0	0.0	0.0
AP1G1	na	0.041490661447432284	0.054423164165904786	0.05977892416187264	0.04229759683436874	0.04736365811485946	0.06411651675148665	0.08932210052588839
ATXN1L	na	0.0	0.0	0.0	0.0	0.0	0.0	0.0
IST1	na	0.06221975529078036	0.09341926579185841	0.06385575033636824	0.04797453576242393	0.052323689980612646	0.06827580330394661	0.10936169854779189
ZNF821	na	0.0	0.0	0.0	0.0	0.0	0.0	0.0
DHODH	na	0.0	0.0	0.0	0.0	0.0	0.0	0.0
TXNL4B	na	0.0	0.0	0.0	0.0	0.0	0.0	0.0
DHX38	na	0.0	0.0	0.0	0.0	0.0	0.0	0.0
AC004943.2	na	0.0	0.0	0.0	0.0	0.0	0.0	0.0
ZFHX3	na	0.0	0.0	0.0	0.0	0.0	0.0	0.0
PSMD7	na	0.06412239249004541	0.09187851322263357	0.06301994973374828	0.045093000476912226	0.05559638171670077	0.10332745882813046	0.10738468527305488
AC009053.2	na	0.0	0.0	0.0	0.0	0.0	0.0	0.0
NPIPB15	na	0.0	0.0	0.0	0.0	0.0	0.0	0.0
CLEC18B	na	0.0	0.0	0.0	0.0	0.0	0.0	0.0
GLG1	na	0.05940494748051189	0.06074712910720784	0.07287950761621441	0.048652793795454424	0.05203067950039323	0.06186208616324969	0.08038049966952127
RFWD3	na	0.0	0.0	0.0	0.0	0.0	0.0	0.0
MLKL	na	0.0	0.0	0.0	0.0	0.0	0.0	0.0
FA2H	na	0.0	0.0	0.0	0.0	0.0	0.0	0.0
WDR59	na	0.0	0.0	0.0	0.0	0.0	0.0	0.0
ZNRF1	na	0.0	0.0	0.0	0.0	0.0	0.0	0.0
AC099508.1	na	0.0	0.0	0.0	0.0	0.0	0.0	0.0
LDHD	na	0.0	0.0	0.0	0.0	0.0	0.0	0.0
ZFP1	na	0.0	0.0	0.0	0.0	0.0	0.0	0.0
BCAR1	na	0.055107812672910546	0.06030751195483011	0.052618124630211316	0.05250961854042777	0.05201007244342933	0.07954133742619945	0.0965469394787419
CFDP1	na	0.0	0.0	0.0	0.0	0.0	0.0	0.0
TMEM170A	na	0.0	0.0	0.0	0.0	0.0	0.0	0.0
TMEM231	na	0.0	0.0	0.0	0.0	0.0	0.0	0.0
GABARAPL2	na	0.07320451504853456	0.1466220942603893	0.06773125774980468	0.041734536415093344	0.06823970987443624	0.09284649065698092	0.15488155914850965
ADAT1	na	0.0	0.0	0.0	0.0	0.0	0.0	0.0
KARS	na	0.08030661925111314	0.10260154029916194	0.06972960617678611	0.044679450676992895	0.05841379848114084	0.07592967802527416	0.10201669239900639
TERF2IP	na	0.04507230988936185	0.06694490765582213	0.04998891725374028	0.04601950338445258	0.049599825199113705	0.061103519503429606	0.09355241849437874
MON1B	na	0.0	0.0	0.0	0.0	0.0	0.0	0.0
SYCE1L	na	0.0	0.0	0.0	0.0	0.0	0.0	0.0
ADAMTS18	na	0.0	0.0	0.0	0.0	0.0	0.0	0.0
NUDT7	na	0.0	0.0	0.0	0.0	0.0	0.0	0.0
CLEC3A	na	0.06489242309213827	0.09243215843602956	0.08638711590992448	0.026128442564138772	0.05654912313490522	0.05523038097583059	0.12855860340074723
WWOX	na	0.0	0.0	0.0	0.0	0.0	0.0	0.0
MAF	na	0.0	0.0	0.0	0.0	0.0	0.0	0.0
DYNLRB2	na	0.0	0.0	0.0	0.0	0.0	0.0	0.0
CDYL2	na	0.0	0.0	0.0	0.0	0.0	0.0	0.0
CMC2	na	0.0	0.0	0.0	0.0	0.0	0.0	0.0
CENPN	na	0.0	0.0	0.0	0.0	0.0	0.0	0.0
ATMIN	na	0.0	0.0	0.0	0.0	0.0	0.0	0.0
C16orf46	na	0.0	0.0	0.0	0.0	0.0	0.0	0.0
GCSH	na	0.0	0.0	0.0	0.0	0.0	0.0	0.0
GAN	na	0.0	0.0	0.0	0.0	0.0	0.0	0.0
CMIP	na	0.0	0.0	0.0	0.0	0.0	0.0	0.0
PLCG2	na	0.0	0.0	0.0	0.0	0.0	0.0	0.0
HSD17B2	na	0.0	0.0	0.0	0.0	0.0	0.0	0.0
AC092142.1	na	0.0	0.0	0.0	0.0	0.0	0.0	0.0
MPHOSPH6	na	0.06789702843221845	0.15179062298709314	0.05768538037480621	0.046032455456461945	0.06384187448258073	0.11049380726690837	0.14899859995505235
CDH13	na	0.0	0.0	0.0	0.0	0.0	0.0	0.0
AC009119.1	na	0.0	0.0	0.0	0.0	0.0	0.0	0.0
HSBP1	na	0.21963741214491347	0.568372647953267	0.08360544344593791	0.07671796998330999	0.1681948570490957	0.37653564509537435	0.4725739993895243
MLYCD	na	0.0	0.0	0.0	0.0	0.0	0.0	0.0
OSGIN1	na	0.0	0.0	0.0	0.0	0.0	0.0	0.0
MBTPS1	na	0.04900801044695233	0.07729586423134187	0.05628460597025501	0.05814600346377962	0.055805932283719765	0.05689114411191559	0.10803711155734423
AC040169.1	na	0.0	0.0	0.0	0.0	0.0	0.0	0.0
HSDL1	na	0.0	0.0	0.0	0.0	0.0	0.0	0.0
DNAAF1	na	0.0	0.0	0.0	0.0	0.0	0.0	0.0
TAF1C	na	0.0	0.0	0.0	0.0	0.0	0.0	0.0
WFDC1	na	0.0	0.0	0.0	0.0	0.0	0.0	0.0
ATP2C2	na	0.0	0.0	0.0	0.0	0.0	0.0	0.0
TLDC1	na	0.0	0.0	0.0	0.0	0.0	0.0	0.0
COTL1	na	0.0	0.0	0.0	0.0	0.0	0.0	0.0
KLHL36	na	0.0	0.0	0.0	0.0	0.0	0.0	0.0
USP10	na	0.04228955153129662	0.07446513128066308	0.04544791841695065	0.03793734631651482	0.04598001607947807	0.06863720663485569	0.09346613093868293
CRISPLD2	na	0.0	0.0	0.0	0.0	0.0	0.0	0.0
ZDHHC7	na	0.0	0.0	0.0	0.0	0.0	0.0	0.0
KIAA0513	na	0.0	0.0	0.0	0.0	0.0	0.0	0.0
GSE1	na	0.07794762926361556	0.11609408583734326	0.06822763390044215	0.08409540191315348	0.07221201372544367	0.09856601742575069	0.1344478935416812
GINS2	na	0.0	0.0	0.0	0.0	0.0	0.0	0.0
C16orf74	na	0.0	0.0	0.0	0.0	0.0	0.0	0.0
EMC8	na	0.0	0.0	0.0	0.0	0.0	0.0	0.0
COX4I1	na	0.37772892310173883	0.8282615762314816	0.12293391545329169	0.13571061676992302	0.25361686563470676	0.6199650938256598	0.7507437310384538
IRF8	na	0.0	0.0	0.0	0.0	0.0	0.0	0.0
MTHFSD	na	0.0	0.0	0.0	0.0	0.0	0.0	0.0
FOXC2	na	0.0	0.0	0.0	0.0	0.0	0.0	0.0
C16orf95	na	0.0	0.0	0.0	0.0	0.0	0.0	0.0
AC010531.6	na	0.0	0.0	0.0	0.0	0.0	0.0	0.0
FBXO31	na	0.0	0.0	0.0	0.0	0.0	0.0	0.0
MAP1LC3B	na	0.10041428222077546	0.16327945996346854	0.07001433880260446	0.05049919116303253	0.07903682092542895	0.12257490674042351	0.17640977620943968
ZCCHC14	na	0.0	0.0	0.0	0.0	0.0	0.0	0.0
KLHDC4	na	0.0	0.0	0.0	0.0	0.0	0.0	0.0
SLC7A5	na	0.0497790330961306	0.07210455252872428	0.06144174303157112	0.04682929376310424	0.050685860272786924	0.07167289777048319	0.08675891557883275
BANP	na	0.0	0.0	0.0	0.0	0.0	0.0	0.0
ZNF469	na	0.0	0.0	0.0	0.0	0.0	0.0	0.0
ZFPM1	na	0.0	0.0	0.0	0.0	0.0	0.0	0.0
ZC3H18	na	0.0	0.0	0.0	0.0	0.0	0.0	0.0
IL17C	na	0.0	0.0	0.0	0.0	0.0	0.0	0.0
CYBA	na	0.3020786011017749	0.6112257217623082	0.07365980793867043	0.0031870959868457818	0.17161938127352244	0.4189986287101327	0.517931244628125
MVD	na	0.0	0.0	0.0	0.0	0.0	0.0	0.0
SNAI3-AS1	na	0.0	0.0	0.0	0.0	0.0	0.0	0.0
RNF166	na	0.0	0.0	0.0	0.0	0.0	0.0	0.0
CTU2	na	0.0	0.0	0.0	0.0	0.0	0.0	0.0
AC138028.6	na	0.0	0.0	0.0	0.0	0.0	0.0	0.0
PIEZO1	na	0.15158116245804132	0.1703085551859355	0.1441233382293074	0.05797627619194347	0.10721534917223674	0.12811846249684336	0.2288345309290089
CDT1	na	0.0	0.0	0.0	0.0	0.0	0.0	0.0
APRT	na	0.17221957899617282	0.3751414461443718	0.07180560796549798	0.07749306013171013	0.1251488122217813	0.2440330097234979	0.32205112883690445
GALNS	na	0.0	0.0	0.0	0.0	0.0	0.0	0.0
TRAPPC2L	na	0.10225046064945617	0.15973171773379471	0.07399481377810743	0.047853776770542505	0.07425220032429158	0.1128496666357501	0.17455228742239667
PABPN1L	na	0.0	0.0	0.0	0.0	0.0	0.0	0.0
CBFA2T3	na	0.0	0.0	0.0	0.0	0.0	0.0	0.0
AC135782.1	na	0.0	0.0	0.0	0.0	0.0	0.0	0.0
ACSF3	na	0.0	0.0	0.0	0.0	0.0	0.0	0.0
AC009113.1	na	0.0	0.0	0.0	0.0	0.0	0.0	0.0
ZNF778	na	0.0	0.0	0.0	0.0	0.0	0.0	0.0
ANKRD11	na	0.04751463142451151	0.0668563622590965	0.04155737407398159	0.05065006624571545	0.04791023038690974	0.055766065869694965	0.08272474104397558
SPG7	na	0.058408111934274046	0.05278657816209001	0.05518305638779583	0.051507153819937715	0.05101658871294136	0.07197386046816334	0.09082199936581684
RPL13	na	2.7688838900950334	6.039256102548019	0.6375518328101719	0.09184126929488108	1.5030693943596338	4.053974419737579	5.495572001826186
CPNE7	na	0.0	0.0	0.0	0.0	0.0	0.0	0.0
CHMP1A	na	0.06628420435553734	0.07040508489263052	0.07100895746230723	0.05181227219237733	0.05706272526011879	0.07294559513880047	0.11191023772082426
SPATA33	na	0.0	0.0	0.0	0.0	0.0	0.0	0.0
CDK10	na	0.03414931104607115	0.05320452684688127	0.05773190216863151	0.045147655244632136	0.04445517430953223	0.0545139857747745	0.08066306627223443
SPATA2L	na	0.0	0.0	0.0	0.0	0.0	0.0	0.0
VPS9D1	na	0.0	0.0	0.0	0.0	0.0	0.0	0.0
VPS9D1-AS1	na	0.0	0.0	0.0	0.0	0.0	0.0	0.0
ZNF276	na	0.0	0.0	0.0	0.0	0.0	0.0	0.0
FANCA	na	0.0	0.0	0.0	0.0	0.0	0.0	0.0
SPIRE2	na	0.0	0.0	0.0	0.0	0.0	0.0	0.0
TCF25	na	0.07181882479289989	0.08534989538399632	0.08730191800284347	0.058506166328590126	0.06736825298397099	0.0945525840903573	0.12475092588282334
MC1R	na	0.0	0.0	0.0	0.0	0.0	0.0	0.0
TUBB3	na	0.0	0.0	0.0	0.0	0.0	0.0	0.0
DEF8	na	0.0	0.0	0.0	0.0	0.0	0.0	0.0
CENPBD1	na	0.0	0.0	0.0	0.0	0.0	0.0	0.0
DBNDD1	na	0.04487021506679553	0.06891170269555127	0.04412862369968584	0.0464729649459708	0.04620668015994121	0.05590257856473299	0.08434587177910305
GAS8	na	0.05501332161942834	0.04728148721855146	0.0684029783372059	0.05521420175926142	0.0539646987223555	0.060703254197504435	0.07871897398311718
LINC02193	na	0.0	0.0	0.0	0.0	0.0	0.0	0.0
DOC2B	na	0.0	0.0	0.0	0.0	0.0	0.0	0.0
RPH3AL	na	0.0	0.0	0.0	0.0	0.0	0.0	0.0
C17orf97	na	0.0	0.0	0.0	0.0	0.0	0.0	0.0
RFLNB	na	0.0	0.0	0.0	0.0	0.0	0.0	0.0
VPS53	na	0.0	0.0	0.0	0.0	0.0	0.0	0.0
FAM57A	na	0.0	0.0	0.0	0.0	0.0	0.0	0.0
GEMIN4	na	0.0	0.0	0.0	0.0	0.0	0.0	0.0
GLOD4	na	0.0	0.0	0.0	0.0	0.0	0.0	0.0
MRM3	na	0.0	0.0	0.0	0.0	0.0	0.0	0.0
NXN	na	0.0	0.0	0.0	0.0	0.0	0.0	0.0
TIMM22	na	0.0	0.0	0.0	0.0	0.0	0.0	0.0
ABR	na	0.0	0.0	0.0	0.0	0.0	0.0	0.0
YWHAE	na	0.08033854556314536	0.1593545471651721	0.09857139215843172	0.049259684287710125	0.08521435444275054	0.1498133073565912	0.19615514710682236
CRK	na	0.0	0.0	0.0	0.0	0.0	0.0	0.0
MYO1C	na	0.06703339002891705	0.08834910476493843	0.05391377819287578	0.0452743075780045	0.05375429772499616	0.1138262234718517	0.10199823518462517
INPP5K	na	0.0	0.0	0.0	0.0	0.0	0.0	0.0
PITPNA-AS1	na	0.0	0.0	0.0	0.0	0.0	0.0	0.0
PITPNA	na	0.0	0.0	0.0	0.0	0.0	0.0	0.0
SLC43A2	na	0.0	0.0	0.0	0.0	0.0	0.0	0.0
SCARF1	na	0.0	0.0	0.0	0.0	0.0	0.0	0.0
RILP	na	0.0	0.0	0.0	0.0	0.0	0.0	0.0
PRPF8	na	0.0689704712167139	0.10750812736482075	0.07080059220022766	0.05831040952089032	0.06301847382408436	0.08879680879806796	0.11256484945318473
AC130343.2	na	0.0	0.0	0.0	0.0	0.0	0.0	0.0
TLCD2	na	0.0	0.0	0.0	0.0	0.0	0.0	0.0
MIR22HG	na	0.0	0.0	0.0	0.0	0.0	0.0	0.0
WDR81	na	0.0	0.0	0.0	0.0	0.0	0.0	0.0
SERPINF2	na	0.0	0.0	0.0	0.0	0.0	0.0	0.0
SERPINF1	na	0.0	0.0	0.0	0.0	0.0	0.0	0.0
SMYD4	na	0.0	0.0	0.0	0.0	0.0	0.0	0.0
RPA1	na	0.0	0.0	0.0	0.0	0.0	0.0	0.0
RTN4RL1	na	0.0	0.0	0.0	0.0	0.0	0.0	0.0
HIC1	na	0.0	0.0	0.0	0.0	0.0	0.0	0.0
SMG6	na	0.0	0.0	0.0	0.0	0.0	0.0	0.0
SRR	na	0.0	0.0	0.0	0.0	0.0	0.0	0.0
TSR1	na	0.0	0.0	0.0	0.0	0.0	0.0	0.0
SGSM2	na	0.0	0.0	0.0	0.0	0.0	0.0	0.0
MNT	na	0.0	0.0	0.0	0.0	0.0	0.0	0.0
METTL16	na	0.0	0.0	0.0	0.0	0.0	0.0	0.0
PAFAH1B1	na	0.0	0.0	0.0	0.0	0.0	0.0	0.0
CLUH	na	0.0	0.0	0.0	0.0	0.0	0.0	0.0
RAP1GAP2	na	0.0	0.0	0.0	0.0	0.0	0.0	0.0
TRPV1	na	0.0	0.0	0.0	0.0	0.0	0.0	0.0
SHPK	na	0.0	0.0	0.0	0.0	0.0	0.0	0.0
CTNS	na	0.0	0.0	0.0	0.0	0.0	0.0	0.0
TAX1BP3	na	0.05527145936053913	0.09669896630202265	0.04712154527075801	0.04548771491671686	0.049843020406590305	0.08929452343576244	0.1062279578149409
EMC6	na	0.0463193951585364	0.07897053164256035	0.04301878833932358	0.05261824960707493	0.04722258847101129	0.08482181556184629	0.09451726959597702
ITGAE	na	0.0	0.0	0.0	0.0	0.0	0.0	0.0
NCBP3	na	0.0	0.0	0.0	0.0	0.0	0.0	0.0
CAMKK1	na	0.0	0.0	0.0	0.0	0.0	0.0	0.0
ATP2A3	na	0.0	0.0	0.0	0.0	0.0	0.0	0.0
ZZEF1	na	0.0	0.0	0.0	0.0	0.0	0.0	0.0
CYB5D2	na	0.0	0.0	0.0	0.0	0.0	0.0	0.0
ANKFY1	na	0.0	0.0	0.0	0.0	0.0	0.0	0.0
UBE2G1	na	0.0	0.0	0.0	0.0	0.0	0.0	0.0
SPNS3	na	0.0	0.0	0.0	0.0	0.0	0.0	0.0
SPNS2	na	0.0	0.0	0.0	0.0	0.0	0.0	0.0
MYBBP1A	na	0.0	0.0	0.0	0.0	0.0	0.0	0.0
GGT6	na	0.0	0.0	0.0	0.0	0.0	0.0	0.0
ALOX15	na	0.0	0.0	0.0	0.0	0.0	0.0	0.0
PELP1	na	0.0	0.0	0.0	0.0	0.0	0.0	0.0
AC091153.3	na	0.0	0.0	0.0	0.0	0.0	0.0	0.0
ARRB2	na	0.0	0.0	0.0	0.0	0.0	0.0	0.0
MED11	na	0.0	0.0	0.0	0.0	0.0	0.0	0.0
CXCL16	na	0.0	0.0	0.0	0.0	0.0	0.0	0.0
ZMYND15	na	0.0	0.0	0.0	0.0	0.0	0.0	0.0
VMO1	na	0.0	0.0	0.0	0.0	0.0	0.0	0.0
PSMB6	na	0.08579374678277484	0.11473400624321027	0.04424410535013201	0.052476143875448564	0.06022766334562389	0.10410249913646492	0.12506094765751175
AC233723.1	na	0.0	0.0	0.0	0.0	0.0	0.0	0.0
PLD2	na	0.0	0.0	0.0	0.0	0.0	0.0	0.0
MINK1	na	0.0	0.0	0.0	0.0	0.0	0.0	0.0
CHRNE	na	0.0	0.0	0.0	0.0	0.0	0.0	0.0
C17orf107	na	0.0	0.0	0.0	0.0	0.0	0.0	0.0
SLC25A11	na	0.03487465854115921	0.0660570491644864	0.06076882964412394	0.03783770205015307	0.04309893823179933	0.05782374689567102	0.07785672344593474
RNF167	na	0.03293671275945832	0.05868634339261371	0.05776832871373267	0.03867251494133121	0.043451602806948396	0.05522729256463159	0.08210778545949605
PFN1	na	0.39642478983040613	1.1111358073468791	0.15453793459412057	0.08078296574930953	0.30027815933632385	0.7913608236013062	0.9682427349998325
ENO3	na	0.0	0.0	0.0	0.0	0.0	0.0	0.0
SPAG7	na	0.0	0.0	0.0	0.0	0.0	0.0	0.0
CAMTA2	na	0.0	0.0	0.0	0.0	0.0	0.0	0.0
AC004771.4	na	0.0	0.0	0.0	0.0	0.0	0.0	0.0
KIF1C	na	0.0	0.0	0.0	0.0	0.0	0.0	0.0
ZFP3	na	0.0	0.0	0.0	0.0	0.0	0.0	0.0
ZNF232	na	0.0	0.0	0.0	0.0	0.0	0.0	0.0
USP6	na	0.0	0.0	0.0	0.0	0.0	0.0	0.0
ZNF594	na	0.0	0.0	0.0	0.0	0.0	0.0	0.0
AC087500.1	na	0.0	0.0	0.0	0.0	0.0	0.0	0.0
SCIMP	na	0.0	0.0	0.0	0.0	0.0	0.0	0.0
RABEP1	na	0.0	0.0	0.0	0.0	0.0	0.0	0.0
NUP88	na	0.0	0.0	0.0	0.0	0.0	0.0	0.0
RPAIN	na	0.0	0.0	0.0	0.0	0.0	0.0	0.0
AC004148.2	na	0.0	0.0	0.0	0.0	0.0	0.0	0.0
C1QBP	na	0.05570078913437902	0.09078992205055944	0.04305327187938789	0.04154228044288378	0.054332155579071846	0.08186722114290032	0.09270265805536455
DHX33	na	0.0	0.0	0.0	0.0	0.0	0.0	0.0
DERL2	na	0.0	0.0	0.0	0.0	0.0	0.0	0.0
MIS12	na	0.0	0.0	0.0	0.0	0.0	0.0	0.0
NLRP1	na	0.0	0.0	0.0	0.0	0.0	0.0	0.0
PIMREG	na	0.0	0.0	0.0	0.0	0.0	0.0	0.0
PITPNM3	na	0.0	0.0	0.0	0.0	0.0	0.0	0.0
KIAA0753	na	0.0	0.0	0.0	0.0	0.0	0.0	0.0
TXNDC17	na	0.1552641067339752	0.33504253639941345	0.03265256606959896	0.11643023398086692	0.11133533714175897	0.26321291969263355	0.24867423782097622
MED31	na	0.0	0.0	0.0	0.0	0.0	0.0	0.0
C17orf100	na	0.0	0.0	0.0	0.0	0.0	0.0	0.0
XAF1	na	0.0	0.0	0.0	0.0	0.0	0.0	0.0
ALOX12-AS1	na	0.0	0.0	0.0	0.0	0.0	0.0	0.0
RNASEK	na	0.0	0.0	0.0	0.0	0.0	0.0	0.0
C17orf49	na	0.0	0.0	0.0	0.0	0.0	0.0	0.0
MIR497HG	na	0.0	0.0	0.0	0.0	0.0	0.0	0.0
BCL6B	na	0.0	0.0	0.0	0.0	0.0	0.0	0.0
ASGR1	na	0.0	0.0	0.0	0.0	0.0	0.0	0.0
ACADVL	na	0.06887315019460745	0.10432711357873876	0.07008012661955028	0.04859158586056874	0.06251711321020101	0.10826316283051	0.12025681684287344
DVL2	na	0.0	0.0	0.0	0.0	0.0	0.0	0.0
PHF23	na	0.0	0.0	0.0	0.0	0.0	0.0	0.0
GABARAP	na	0.05694010398524358	0.06729563213645533	0.051718614406245034	0.050874516185829	0.0453906260031207	0.06964953165221624	0.07485697620491324
CTDNEP1	na	0.0452508004933586	0.06683685277142302	0.04998778021328556	0.04266364996115848	0.045912848454167536	0.05842315935263665	0.07716127431086015
ELP5	na	0.0	0.0	0.0	0.0	0.0	0.0	0.0
CLDN7	na	0.05004672120053846	0.09301372073952928	0.04056264464864378	0.055495891018830366	0.051756791419564	0.08869412542558938	0.07280613576765496
SLC2A4	na	0.0	0.0	0.0	0.0	0.0	0.0	0.0
YBX2	na	0.0	0.0	0.0	0.0	0.0	0.0	0.0
EIF5A	na	0.07946732856437448	0.16197711951110433	0.06931916563654518	0.03724866362846323	0.07816263971102179	0.1690406673492313	0.17890739715139464
GPS2	na	0.0	0.0	0.0	0.0	0.0	0.0	0.0
NEURL4	na	0.0	0.0	0.0	0.0	0.0	0.0	0.0
ACAP1	na	0.0	0.0	0.0	0.0	0.0	0.0	0.0
KCTD11	na	0.0	0.0	0.0	0.0	0.0	0.0	0.0
TNK1	na	0.0	0.0	0.0	0.0	0.0	0.0	0.0
PLSCR3	na	0.0	0.0	0.0	0.0	0.0	0.0	0.0
TMEM256	na	0.09084392497089715	0.21613478878645312	0.026619037418750834	0.07137374796780763	0.07836498950445803	0.13288049941714722	0.14692049569378915
NLGN2	na	0.0	0.0	0.0	0.0	0.0	0.0	0.0
TMEM102	na	0.0	0.0	0.0	0.0	0.0	0.0	0.0
FGF11	na	0.0	0.0	0.0	0.0	0.0	0.0	0.0
CHRNB1	na	0.0	0.0	0.0	0.0	0.0	0.0	0.0
ZBTB4	na	0.0	0.0	0.0	0.0	0.0	0.0	0.0
POLR2A	na	0.05950136613595337	0.05009766421898216	0.06625427756096725	0.0659120844747342	0.05111233494422393	0.050461756813822894	0.06766293648483948
TNFSF12	na	0.0	0.0	0.0	0.0	0.0	0.0	0.0
SENP3	na	0.0	0.0	0.0	0.0	0.0	0.0	0.0
EIF4A1	na	0.10300591101162984	0.20025970099667487	0.1107999835157208	0.06142055372579132	0.0974106669612842	0.17251467681357005	0.23539719845886334
CD68	na	0.0	0.0	0.0	0.0	0.0	0.0	0.0
AC016876.1	na	0.0	0.0	0.0	0.0	0.0	0.0	0.0
MPDU1	na	0.0	0.0	0.0	0.0	0.0	0.0	0.0
FXR2	na	0.0	0.0	0.0	0.0	0.0	0.0	0.0
SAT2	na	0.0	0.0	0.0	0.0	0.0	0.0	0.0
TP53	na	0.041972605883587616	0.06137158316986493	0.061604249803088755	0.05043594149851941	0.050234307233881906	0.06356544898954185	0.09730407052551492
WRAP53	na	0.0	0.0	0.0	0.0	0.0	0.0	0.0
EFNB3	na	0.0	0.0	0.0	0.0	0.0	0.0	0.0
DNAH2	na	0.0	0.0	0.0	0.0	0.0	0.0	0.0
KDM6B	na	0.0	0.0	0.0	0.0	0.0	0.0	0.0
TMEM88	na	0.0	0.0	0.0	0.0	0.0	0.0	0.0
NAA38	na	0.07175561365907135	0.17764680548557424	0.0370014156745673	0.058340068664755516	0.0691743286939455	0.13111129164270796	0.1344461207953989
CYB5D1	na	0.0	0.0	0.0	0.0	0.0	0.0	0.0
CHD3	na	0.0	0.0	0.0	0.0	0.0	0.0	0.0
RNF227	na	0.0	0.0	0.0	0.0	0.0	0.0	0.0
KCNAB3	na	0.0	0.0	0.0	0.0	0.0	0.0	0.0
TRAPPC1	na	0.07584935709649429	0.10088818748277059	0.04929572092837337	0.04284101986101273	0.052373159681846415	0.07237076308980094	0.08491466723506173
CNTROB	na	0.0	0.0	0.0	0.0	0.0	0.0	0.0
GUCY2D	na	0.0	0.0	0.0	0.0	0.0	0.0	0.0
PER1	na	0.0	0.0	0.0	0.0	0.0	0.0	0.0
VAMP2	na	0.0	0.0	0.0	0.0	0.0	0.0	0.0
TMEM107	na	0.0	0.0	0.0	0.0	0.0	0.0	0.0
BORCS6	na	0.0	0.0	0.0	0.0	0.0	0.0	0.0
AURKB	na	0.0	0.0	0.0	0.0	0.0	0.0	0.0
LINC00324	na	0.0	0.0	0.0	0.0	0.0	0.0	0.0
CTC1	na	0.0	0.0	0.0	0.0	0.0	0.0	0.0
PFAS	na	0.0	0.0	0.0	0.0	0.0	0.0	0.0
SLC25A35	na	0.0	0.0	0.0	0.0	0.0	0.0	0.0
RANGRF	na	0.0	0.0	0.0	0.0	0.0	0.0	0.0
ARHGEF15	na	0.0	0.0	0.0	0.0	0.0	0.0	0.0
RPL26	na	0.5411365570045678	1.7884047608913562	3.2501069295105686e-28	0.056484748870333376	0.3206124625347051	1.3762203882831294	1.0209145930260073
NDEL1	na	0.0	0.0	0.0	0.0	0.0	0.0	0.0
MYH10	na	0.0	0.0	0.0	0.0	0.0	0.0	0.0
MFSD6L	na	0.0	0.0	0.0	0.0	0.0	0.0	0.0
PIK3R6	na	0.0	0.0	0.0	0.0	0.0	0.0	0.0
PIK3R5	na	0.0	0.0	0.0	0.0	0.0	0.0	0.0
NTN1	na	0.0	0.0	0.0	0.0	0.0	0.0	0.0
STX8	na	0.0	0.0	0.0	0.0	0.0	0.0	0.0
USP43	na	0.0	0.0	0.0	0.0	0.0	0.0	0.0
GAS7	na	0.0	0.0	0.0	0.0	0.0	0.0	0.0
SCO1	na	0.0	0.0	0.0	0.0	0.0	0.0	0.0
ADPRM	na	0.0	0.0	0.0	0.0	0.0	0.0	0.0
TMEM220	na	0.0	0.0	0.0	0.0	0.0	0.0	0.0
TMEM238L	na	0.0	0.0	0.0	0.0	0.0	0.0	0.0
AC015908.2	na	0.0	0.0	0.0	0.0	0.0	0.0	0.0
SHISA6	na	0.0	0.0	0.0	0.0	0.0	0.0	0.0
AC005725.1	na	0.0	0.0	0.0	0.0	0.0	0.0	0.0
ZNF18	na	0.0	0.0	0.0	0.0	0.0	0.0	0.0
MAP2K4	na	0.0	0.0	0.0	0.0	0.0	0.0	0.0
ARHGAP44	na	0.0	0.0	0.0	0.0	0.0	0.0	0.0
ELAC2	na	0.0	0.0	0.0	0.0	0.0	0.0	0.0
HS3ST3A1	na	0.0	0.0	0.0	0.0	0.0	0.0	0.0
COX10	na	0.0	0.0	0.0	0.0	0.0	0.0	0.0
CDRT15	na	0.0	0.0	0.0	0.0	0.0	0.0	0.0
HS3ST3B1	na	0.0	0.0	0.0	0.0	0.0	0.0	0.0
PMP22	na	0.0	0.0	0.0	0.0	0.0	0.0	0.0
CDRT4	na	0.0	0.0	0.0	0.0	0.0	0.0	0.0
TRIM16	na	0.0	0.0	0.0	0.0	0.0	0.0	0.0
ZNF286A	na	0.0	0.0	0.0	0.0	0.0	0.0	0.0
AC015922.4	na	0.0	0.0	0.0	0.0	0.0	0.0	0.0
ADORA2B	na	0.0	0.0	0.0	0.0	0.0	0.0	0.0
ZSWIM7	na	0.0	0.0	0.0	0.0	0.0	0.0	0.0
TTC19	na	0.0	0.0	0.0	0.0	0.0	0.0	0.0
NCOR1	na	0.0	0.0	0.0	0.0	0.0	0.0	0.0
PIGL	na	0.0	0.0	0.0	0.0	0.0	0.0	0.0
CENPV	na	0.0	0.0	0.0	0.0	0.0	0.0	0.0
UBB	na	0.28213824093925394	0.7328350404328634	0.07573346563118723	0.10378403720710708	0.21449828269679058	0.6172366611401572	0.5838300126984567
AC093484.3	na	0.0	0.0	0.0	0.0	0.0	0.0	0.0
TRPV2	na	0.0	0.0	0.0	0.0	0.0	0.0	0.0
LRRC75A	na	0.0	0.0	0.0	0.0	0.0	0.0	0.0
ZNF624	na	0.0	0.0	0.0	0.0	0.0	0.0	0.0
AC098850.3	na	0.0	0.0	0.0	0.0	0.0	0.0	0.0
MPRIP	na	0.0	0.0	0.0	0.0	0.0	0.0	0.0
PLD6	na	0.0	0.0	0.0	0.0	0.0	0.0	0.0
FLCN	na	0.0	0.0	0.0	0.0	0.0	0.0	0.0
COPS3	na	0.0	0.0	0.0	0.0	0.0	0.0	0.0
NT5M	na	0.0	0.0	0.0	0.0	0.0	0.0	0.0
MED9	na	0.0	0.0	0.0	0.0	0.0	0.0	0.0
RASD1	na	0.0	0.0	0.0	0.0	0.0	0.0	0.0
PEMT	na	0.0	0.0	0.0	0.0	0.0	0.0	0.0
RAI1	na	0.0	0.0	0.0	0.0	0.0	0.0	0.0
SREBF1	na	0.059589317040816256	0.08949028981963153	0.058576593303552464	0.06871250401410979	0.06331783600159491	0.106706919859662	0.12022019618269843
TOM1L2	na	0.0	0.0	0.0	0.0	0.0	0.0	0.0
DRC3	na	0.0	0.0	0.0	0.0	0.0	0.0	0.0
ATPAF2	na	0.0	0.0	0.0	0.0	0.0	0.0	0.0
GID4	na	0.0	0.0	0.0	0.0	0.0	0.0	0.0
DRG2	na	0.0	0.0	0.0	0.0	0.0	0.0	0.0
ALKBH5	na	0.0	0.0	0.0	0.0	0.0	0.0	0.0
LLGL1	na	0.0	0.0	0.0	0.0	0.0	0.0	0.0
FLII	na	0.04920160539674616	0.06428529630813472	0.04320493185887443	0.04028163099963411	0.04500022384490537	0.06692988300439331	0.08451176299480415
MIEF2	na	0.0	0.0	0.0	0.0	0.0	0.0	0.0
TOP3A	na	0.0	0.0	0.0	0.0	0.0	0.0	0.0
SMCR8	na	0.0	0.0	0.0	0.0	0.0	0.0	0.0
SHMT1	na	0.0	0.0	0.0	0.0	0.0	0.0	0.0
ZNF286B	na	0.0	0.0	0.0	0.0	0.0	0.0	0.0
TRIM16L	na	0.0	0.0	0.0	0.0	0.0	0.0	0.0
TVP23B	na	0.0	0.0	0.0	0.0	0.0	0.0	0.0
PRPSAP2	na	0.0	0.0	0.0	0.0	0.0	0.0	0.0
FAM83G	na	0.0	0.0	0.0	0.0	0.0	0.0	0.0
GRAP	na	0.0	0.0	0.0	0.0	0.0	0.0	0.0
AC007952.4	na	0.0	0.0	0.0	0.0	0.0	0.0	0.0
EPN2	na	0.0	0.0	0.0	0.0	0.0	0.0	0.0
B9D1	na	0.0	0.0	0.0	0.0	0.0	0.0	0.0
MAPK7	na	0.0	0.0	0.0	0.0	0.0	0.0	0.0
MFAP4	na	0.0	0.0	0.0	0.0	0.0	0.0	0.0
SLC47A1	na	0.0	0.0	0.0	0.0	0.0	0.0	0.0
ALDH3A2	na	0.0	0.0	0.0	0.0	0.0	0.0	0.0
ULK2	na	0.0	0.0	0.0	0.0	0.0	0.0	0.0
AKAP10	na	0.0	0.0	0.0	0.0	0.0	0.0	0.0
SPECC1	na	0.0	0.0	0.0	0.0	0.0	0.0	0.0
USP22	na	0.05394406325348512	0.07163248471260933	0.05566177733324532	0.0526802954508349	0.051602966252179444	0.07160973423369416	0.08134275542270625
DHRS7B	na	0.0	0.0	0.0	0.0	0.0	0.0	0.0
TMEM11	na	0.0	0.0	0.0	0.0	0.0	0.0	0.0
NATD1	na	0.0	0.0	0.0	0.0	0.0	0.0	0.0
MAP2K3	na	0.0	0.0	0.0	0.0	0.0	0.0	0.0
KCNJ12	na	0.0	0.0	0.0	0.0	0.0	0.0	0.0
MTRNR2L1	na	0.0518387567624209	0.0846107131667678	0.041073152874317724	0.04521200607434269	0.050474560922458535	0.0987146753713057	0.09716779463689101
AC069061.2	na	0.0	0.0	0.0	0.0	0.0	0.0	0.0
AC129926.1	na	0.0	0.0	0.0	0.0	0.0	0.0	0.0
WSB1	na	0.07104803697943567	0.10211704372152393	0.08974331597115233	0.03954546827793275	0.06537206775880691	0.08519688390917127	0.13913969023852532
KSR1	na	0.0	0.0	0.0	0.0	0.0	0.0	0.0
LGALS9	na	0.05249472510470794	0.06968858815925567	0.047835066880112465	0.05766989742443384	0.051365141934721005	0.08272715728123138	0.09223870054633715
LYRM9	na	0.0	0.0	0.0	0.0	0.0	0.0	0.0
NLK	na	0.0	0.0	0.0	0.0	0.0	0.0	0.0
TMEM97	na	0.0	0.0	0.0	0.0	0.0	0.0	0.0
IFT20	na	0.05595368230483808	0.0966910575550069	0.04766438113592077	0.050767436033664966	0.05368720522658189	0.09669392800486765	0.11171652639249267
TNFAIP1	na	0.04908932975713541	0.06406913772161948	0.05091548986622294	0.04452666746240334	0.04369326953381174	0.0652173688828603	0.0861093200996455
POLDIP2	na	0.06728529986733454	0.11651652688014462	0.07008725591621702	0.06132378952827583	0.06622851124841143	0.09232808799934715	0.13905839005571513
TMEM199	na	0.05334545958752562	0.08272168386512939	0.05244752875602343	0.050531775199572804	0.05018956984844151	0.07395646924730959	0.0871934860384759
SARM1	na	0.0	0.0	0.0	0.0	0.0	0.0	0.0
SLC46A1	na	0.0	0.0	0.0	0.0	0.0	0.0	0.0
AC005726.1	na	0.0	0.0	0.0	0.0	0.0	0.0	0.0
FOXN1	na	0.0	0.0	0.0	0.0	0.0	0.0	0.0
UNC119	na	0.0	0.0	0.0	0.0	0.0	0.0	0.0
PIGS	na	0.05717650205533764	0.07247725092551575	0.05391366819403135	0.06389843456958483	0.04857811771854438	0.06538570302386039	0.07810028390728628
ALDOC	na	0.0	0.0	0.0	0.0	0.0	0.0	0.0
SPAG5	na	0.04887985844420549	0.07709504395621118	0.055541567108098655	0.050573061695478996	0.05012091347992871	0.0612313596219023	0.0788810851439941
AC005726.5	na	0.0	0.0	0.0	0.0	0.0	0.0	0.0
SGK494	na	0.0	0.0	0.0	0.0	0.0	0.0	0.0
KIAA0100	na	0.07116175498434925	0.09837637129639268	0.07600028654142667	0.0683030397640709	0.06589330277190655	0.10566929669908343	0.12195247899029217
SDF2	na	0.04022217249789194	0.10399477986172131	0.04522642540440295	0.05673254675229321	0.057379650241113786	0.09423808907781724	0.10702314459761555
SUPT6H	na	0.07461051611389366	0.08305824686815712	0.07148872932206282	0.062334526889579654	0.06080436912495881	0.09107174824295645	0.11224972995752681
RAB34	na	0.0	0.0	0.0	0.0	0.0	0.0	0.0
RPL23A	na	2.2148570970982586	7.249587468673391	5.244512787410796e-16	0.2637273541353034	1.2379551691259352	5.357378666134849	4.321318309815302
AC010761.1	na	0.0	0.0	0.0	0.0	0.0	0.0	0.0
TLCD1	na	0.0	0.0	0.0	0.0	0.0	0.0	0.0
NEK8	na	0.0	0.0	0.0	0.0	0.0	0.0	0.0
TRAF4	na	0.12033120861734468	0.1949995340348672	0.1011338016332812	0.093617256393759	0.10490484604582022	0.18478989219096964	0.21935267310020104
AC010761.5	na	0.0	0.0	0.0	0.0	0.0	0.0	0.0
FAM222B	na	0.0	0.0	0.0	0.0	0.0	0.0	0.0
ERAL1	na	0.0	0.0	0.0	0.0	0.0	0.0	0.0
FLOT2	na	0.06943796576653008	0.089290040865384	0.0704846535390757	0.07498564185576574	0.06823398276906786	0.09620955432199504	0.11538697193758377
DHRS13	na	0.0	0.0	0.0	0.0	0.0	0.0	0.0
PHF12	na	0.043632220872097914	0.04585108620788069	0.060565880281875775	0.04450479474700401	0.04599451581392604	0.06266582969533889	0.07414881611106747
MYO18A	na	0.0	0.0	0.0	0.0	0.0	0.0	0.0
NUFIP2	na	0.10769052398799508	0.16647282702878777	0.0942261743784772	0.06935815240823019	0.09060478256934038	0.18049281328291553	0.19753259174856008
TAOK1	na	0.06936049591968903	0.11671777764778583	0.0803407782187714	0.058738480566495214	0.07188584507784852	0.11455832364285232	0.13584674777177685
ABHD15	na	0.0	0.0	0.0	0.0	0.0	0.0	0.0
TP53I13	na	0.0727069649840052	0.10565320265605803	0.07141214860532187	0.04326394554933818	0.069285480977656	0.12776313441035833	0.1594896617237736
GIT1	na	0.0603194289240911	0.10395005792574367	0.07649400988018554	0.06355972322559113	0.070616028281239	0.12078623279535826	0.14563572082911408
ANKRD13B	na	0.0	0.0	0.0	0.0	0.0	0.0	0.0
SSH2	na	0.0	0.0	0.0	0.0	0.0	0.0	0.0
NSRP1	na	0.0	0.0	0.0	0.0	0.0	0.0	0.0
SLC6A4	na	0.0	0.0	0.0	0.0	0.0	0.0	0.0
BLMH	na	0.05935886198372888	0.0885245162715235	0.060350804056801086	0.05949968361496202	0.05846468667873383	0.0856091400574283	0.09598198854509823
CPD	na	0.0823124881771453	0.15082114150005863	0.08809566553521232	0.09532679052664289	0.08235979234683845	0.1225494386767518	0.14060785301790493
GOSR1	na	0.05895136905900883	0.10817537048522026	0.06590784372036185	0.047653822000999164	0.05887447892509153	0.10395323693210505	0.12345944788188344
CRLF3	na	0.0	0.0	0.0	0.0	0.0	0.0	0.0
AC127024.5	na	0.0	0.0	0.0	0.0	0.0	0.0	0.0
AC127024.6	na	0.0	0.0	0.0	0.0	0.0	0.0	0.0
ATAD5	na	0.0	0.0	0.0	0.0	0.0	0.0	0.0
TEFM	na	0.0	0.0	0.0	0.0	0.0	0.0	0.0
AC130324.3	na	0.0	0.0	0.0	0.0	0.0	0.0	0.0
ADAP2	na	0.0	0.0	0.0	0.0	0.0	0.0	0.0
RNF135	na	0.0	0.0	0.0	0.0	0.0	0.0	0.0
AC138207.2	na	0.0	0.0	0.0	0.0	0.0	0.0	0.0
NF1	na	0.04756079502457111	0.07038417276306683	0.04975113079198964	0.05250971637837524	0.04887820337813804	0.06413133450998833	0.08222237341258158
EVI2B	na	0.0	0.0	0.0	0.0	0.0	0.0	0.0
EVI2A	na	0.0	0.0	0.0	0.0	0.0	0.0	0.0
RAB11FIP4	na	0.051281970536250776	0.0652289293264852	0.05699909411626732	0.047036398352819406	0.04906253588379304	0.07454509629674966	0.08196130147776587
AC003101.2	na	0.0	0.0	0.0	0.0	0.0	0.0	0.0
COPRS	na	0.05405364878042986	0.08493635514822963	0.04843382835487271	0.0572176554581365	0.05220253952542852	0.07996954484301544	0.09103144382668567
UTP6	na	0.0	0.0	0.0	0.0	0.0	0.0	0.0
SUZ12	na	0.0	0.0	0.0	0.0	0.0	0.0	0.0
LRRC37B	na	0.0	0.0	0.0	0.0	0.0	0.0	0.0
AC116407.2	na	0.0	0.0	0.0	0.0	0.0	0.0	0.0
AC116407.1	na	0.0	0.0	0.0	0.0	0.0	0.0	0.0
RHOT1	na	0.0	0.0	0.0	0.0	0.0	0.0	0.0
RHBDL3	na	0.0	0.0	0.0	0.0	0.0	0.0	0.0
C17orf75	na	0.0	0.0	0.0	0.0	0.0	0.0	0.0
ZNF207	na	0.06304692712115577	0.09998132071836312	0.04668963842358736	0.05934750540460207	0.05545028222284679	0.08217798239071167	0.10563181764381714
PSMD11	na	0.0	0.0	0.0	0.0	0.0	0.0	0.0
CDK5R1	na	0.0	0.0	0.0	0.0	0.0	0.0	0.0
MYO1D	na	0.0	0.0	0.0	0.0	0.0	0.0	0.0
TMEM98	na	0.0	0.0	0.0	0.0	0.0	0.0	0.0
AC024610.2	na	0.0	0.0	0.0	0.0	0.0	0.0	0.0
CCL2	na	0.0	0.0	0.0	0.0	0.0	0.0	0.0
CCL7	na	0.0	0.0	0.0	0.0	0.0	0.0	0.0
CCL8	na	0.0	0.0	0.0	0.0	0.0	0.0	0.0
CCT6B	na	0.0	0.0	0.0	0.0	0.0	0.0	0.0
ZNF830	na	0.04193367392573568	0.06870955987664282	0.04443300913060922	0.0515761177175229	0.04709167505581546	0.06716935342854417	0.08562462707908929
LIG3	na	0.06335490713289547	0.0927652954502431	0.062142630945995356	0.06319957324921371	0.0643418085918541	0.09240533629833898	0.11832282897183113
RFFL	na	0.051362883788416455	0.061761258393501675	0.060201191508706134	0.046524819073848735	0.047687921103341704	0.0637926238486946	0.07877390711862087
AC004223.4	na	0.0	0.0	0.0	0.0	0.0	0.0	0.0
RAD51D	na	0.0	0.0	0.0	0.0	0.0	0.0	0.0
NLE1	na	0.0	0.0	0.0	0.0	0.0	0.0	0.0
AC022916.1	na	0.0	0.0	0.0	0.0	0.0	0.0	0.0
SLFN5	na	0.0	0.0	0.0	0.0	0.0	0.0	0.0
SLFN11	na	0.0	0.0	0.0	0.0	0.0	0.0	0.0
SLFN12	na	0.0	0.0	0.0	0.0	0.0	0.0	0.0
SLFN13	na	0.0	0.0	0.0	0.0	0.0	0.0	0.0
LINC02001	na	0.05123202078800472	0.08189536626202915	0.059587433659562525	0.04120338402406438	0.052511897679414325	0.1022170405770544	0.0992223048352652
PEX12	na	0.0	0.0	0.0	0.0	0.0	0.0	0.0
AP2B1	na	0.20214557307943873	0.3158947188082076	0.16335791717845705	0.10335268899143614	0.15593241715006684	0.3170259161746838	0.3566956951980617
TAF15	na	0.0	0.0	0.0	0.0	0.0	0.0	0.0
RASL10B	na	0.0	0.0	0.0	0.0	0.0	0.0	0.0
GAS2L2	na	0.0	0.0	0.0	0.0	0.0	0.0	0.0
MMP28	na	0.0	0.0	0.0	0.0	0.0	0.0	0.0
C17orf50	na	0.0	0.0	0.0	0.0	0.0	0.0	0.0
CCL5	na	0.0	0.0	0.0	0.0	0.0	0.0	0.0
CCL18	na	0.0	0.0	0.0	0.0	0.0	0.0	0.0
CCL3	na	0.0	0.0	0.0	0.0	0.0	0.0	0.0
CCL4	na	0.0	0.0	0.0	0.0	0.0	0.0	0.0
CCL3L1	na	0.0	0.0	0.0	0.0	0.0	0.0	0.0
CCL4L2	na	0.0	0.0	0.0	0.0	0.0	0.0	0.0
TBC1D3I	na	0.0	0.0	0.0	0.0	0.0	0.0	0.0
ZNHIT3	na	0.0	0.0	0.0	0.0	0.0	0.0	0.0
MYO19	na	0.0	0.0	0.0	0.0	0.0	0.0	0.0
PIGW	na	0.0	0.0	0.0	0.0	0.0	0.0	0.0
GGNBP2	na	0.0	0.0	0.0	0.0	0.0	0.0	0.0
DHRS11	na	0.0	0.0	0.0	0.0	0.0	0.0	0.0
MRM1	na	0.0	0.0	0.0	0.0	0.0	0.0	0.0
LHX1-DT	na	0.04766491046297773	0.09023226996761136	0.0528295745493643	0.04386693145315068	0.05086132956969762	0.0787852719926415	0.08940240746220403
LHX1	na	0.0	0.0	0.0	0.0	0.0	0.0	0.0
AATF	na	0.1271798620265042	0.21499482085209498	0.116073413162382	0.036285839479533746	0.09867733347229997	0.20490982858069734	0.22435438577860436
ACACA	na	0.09042176202845202	0.0878785089554824	0.10838631999966332	0.1250990729646366	0.09857941530405025	0.12535625140116705	0.1499874858564573
TADA2A	na	0.0	0.0	0.0	0.0	0.0	0.0	0.0
DUSP14	na	0.05782684442149956	0.08344310911246551	0.03947230491397739	0.05377675274245878	0.04927366951978404	0.08426623700956327	0.08708316963613519
SYNRG	na	0.06635237076845651	0.0858777599636023	0.06093619436188559	0.06005513135995581	0.056894298332375616	0.08907586224518237	0.1050599297534831
DDX52	na	0.08165466551827423	0.13938532916197527	0.07394804864859948	0.06252624970685097	0.07664350391818102	0.11998639926406153	0.1560850048581143
TBC1D3L	na	0.0	0.0	0.0	0.0	0.0	0.0	0.0
MRPL45	na	0.08522326622166897	0.1740092381075567	0.07516380039766796	0.059028235598179594	0.07535001257994615	0.13878109897049246	0.1696708860323277
SOCS7	na	0.05241512138582394	0.03926802778267855	0.06828752964141609	0.062320075792384584	0.05107189988047163	0.05678414700625579	0.0665140613920171
ARHGAP23	na	0.0	0.0	0.0	0.0	0.0	0.0	0.0
SRCIN1	na	0.0	0.0	0.0	0.0	0.0	0.0	0.0
EPOP	na	0.0	0.0	0.0	0.0	0.0	0.0	0.0
AC006449.6	na	0.0	0.0	0.0	0.0	0.0	0.0	0.0
AC006449.2	na	0.0	0.0	0.0	0.0	0.0	0.0	0.0
MLLT6	na	0.16505513437908276	0.2618522943872543	0.22601354798966758	0.18365253857676173	0.17559324800465118	0.2005932771578474	0.30650658936456315
AC006449.3	na	0.0	0.0	0.0	0.0	0.0	0.0	0.0
CISD3	na	0.18277120333163618	0.42274081459181456	1.3974832793616314e-14	0.1830956161379944	0.13180507148404638	0.33459243417361295	0.3123568656426664
PCGF2	na	0.12187623963058616	0.17853324194474338	0.11998901067446578	0.0878719991803417	0.1078341370890083	0.20398044434124307	0.2221484181599677
AC006449.5	na	0.0	0.0	0.0	0.0	0.0	0.0	0.0
PSMB3	na	0.8474427118223101	1.7666763477632574	0.5009923582547041	0.4233780457220702	0.6235537557698885	1.1893695709170407	1.662117373597837
PIP4K2B	na	0.07646833015634644	0.10326465334594272	0.11355986687131485	0.09527361785981495	0.08933906344634275	0.10429649676825826	0.16002154745334757
CWC25	na	0.04772163113043169	0.08480755093203407	0.0614915948558897	0.07478201281995406	0.06208335963017101	0.08457638214460515	0.11803480785226192
RPL23	na	3.3770800142565864	6.993391796957257	1.7738490558540052	0.366524931695204	2.1912987399584005	6.041047507792898	7.018821375283631
LASP1	na	0.36990956381480466	0.40303245172869384	0.3968790917378957	0.4183239315701897	0.3296876517561689	0.49811293750117375	0.532387135528358
AC006441.3	na	0.0	0.0	0.0	0.0	0.0	0.0	0.0
LINC00672	na	0.0	0.0	0.0	0.0	0.0	0.0	0.0
PLXDC1	na	0.0	0.0	0.0	0.0	0.0	0.0	0.0
CACNB1	na	0.0	0.0	0.0	0.0	0.0	0.0	0.0
RPL19	na	10.956341285744193	28.879642687014652	0.603761018435533	2.7770748181479457	6.554092011364662	21.00628446978745	22.967885401350227
STAC2	na	0.0	0.0	0.0	0.0	0.0	0.0	0.0
FBXL20	na	0.05130732812720659	0.07602762720611275	0.060274871871905875	0.0513263560838144	0.05398325038775752	0.07872288530040458	0.10368961532808574
AC005288.1	na	0.0	0.0	0.0	0.0	0.0	0.0	0.0
MED1	na	0.0783285949624794	0.07981184007484533	0.0733854633370601	0.07793170883992692	0.06151542473429765	0.08487691877493699	0.10757033106308656
CDK12	na	0.1477911552258558	0.25491715214889615	0.11953707769260861	0.03872507099474137	0.11250430475732341	0.19942353892254616	0.2903603042650749
AC009283.1	na	0.0	0.0	0.0	0.0	0.0	0.0	0.0
PPP1R1B	na	0.007743436757677594	0.5267991127894305	3.735802301387212e-23	0.16125861686434004	0.1408928343912001	0.5790188845420134	0.0762271423503211
STARD3	na	0.14484362467568762	0.16894393410501582	0.17775474078020365	0.11332884568871428	0.12375053616403858	0.15291476882114197	0.2244175476870882
TCAP	na	0.0	0.0	0.0	0.0	0.0	0.0	0.0
PNMT	na	0.0	0.0	0.0	0.0	0.0	0.0	0.0
PGAP3	na	0.05380202908743567	0.07834780751278354	0.09174642125039985	0.07271311709439364	0.06969938393544081	0.0917226871288662	0.11722821986524103
ERBB2	na	1.6256613927028403	2.119225587254619	1.5830142403471392	0.9942960123521698	1.265205034669157	1.6396493624283208	2.880613939740439
MIEN1	na	0.5351881625248969	1.0869106105110893	0.19870183371464092	0.1797628615429838	0.3272839032640706	0.7509993695089975	0.9445916947127024
GRB7	na	0.24017495323381982	0.40474984508176165	0.1853325097125391	0.19177870033336294	0.2107825479107766	0.3412782077118324	0.4573002205080181
IKZF3	na	0.0	0.0	0.0	0.0	0.0	0.0	0.0
GSDMB	na	0.06620460420078352	0.0914924100941553	0.06573586855663881	0.06876867068685591	0.05869493294637538	0.08195330199836283	0.09538961333702035
ORMDL3	na	0.46070273036940584	0.7063047003072149	0.35874860551570026	0.31495243437339826	0.37448788195761673	0.664262964957323	0.850972201747998
PSMD3	na	0.4870942545566181	0.8530296756170023	0.4071502259830211	0.25004473179114595	0.3953156223777993	0.7679940757815986	0.929976780965287
MED24	na	0.159725096330177	0.2401981500238886	0.15283887274855718	0.12888561621667485	0.14247338716336974	0.2862561766304612	0.2581467487857844
THRA	na	0.0	0.0	0.0	0.0	0.0	0.0	0.0
NR1D1	na	0.0	0.0	0.0	0.0	0.0	0.0	0.0
MSL1	na	0.05441896967235108	0.07443569245723193	0.07576004885426788	0.05818424964596517	0.05771573808675241	0.07106364804738739	0.10748058147629781
CASC3	na	0.060536998868404975	0.0501067075051267	0.06309584986250018	0.04747901848903825	0.04900726021442351	0.047252640291702064	0.07752065612097826
RAPGEFL1	na	0.0	0.0	0.0	0.0	0.0	0.0	0.0
WIPF2	na	0.0	0.0	0.0	0.0	0.0	0.0	0.0
CDC6	na	0.0	0.0	0.0	0.0	0.0	0.0	0.0
RARA	na	0.0	0.0	0.0	0.0	0.0	0.0	0.0
RARA-AS1	na	0.0	0.0	0.0	0.0	0.0	0.0	0.0
TOP2A	na	0.0	0.0	0.0	0.0	0.0	0.0	0.0
IGFBP4	na	0.06162383845551926	0.10777827313340643	0.05986282167694182	0.028828163772753726	0.056061528885135783	0.09698698539582873	0.10705117071522555
TNS4	na	0.0	0.0	0.0	0.0	0.0	0.0	0.0
SMARCE1	na	0.0	0.0	0.0	0.0	0.0	0.0	0.0
AC073508.3	na	0.0	0.0	0.0	0.0	0.0	0.0	0.0
KRT10	na	0.0	0.0	0.0	0.0	0.0	0.0	0.0
TMEM99	na	0.0	0.0	0.0	0.0	0.0	0.0	0.0
KRT20	na	0.0	0.0	0.0	0.0	0.0	0.0	0.0
KRT23	na	0.0	0.0	0.0	0.0	0.0	0.0	0.0
KRT32	na	0.0	0.0	0.0	0.0	0.0	0.0	0.0
KRT15	na	0.0	0.0	0.0	0.0	0.0	0.0	0.0
KRT19	na	0.6873510981130623	1.1125990992631718	0.4718405101916974	0.18524811033974015	0.4612661783790678	0.7945670671185447	1.349277366689395
KRT14	na	0.0	0.0	0.0	0.0	0.0	0.0	0.0
KRT16	na	0.0	0.0	0.0	0.0	0.0	0.0	0.0
KRT17	na	0.0	0.0	0.0	0.0	0.0	0.0	0.0
EIF1	na	0.3603977815042822	0.5448769999775298	0.25705575575844475	0.03780784084463876	0.21793966758333	0.42561484757549894	0.6700747643270984
JUP	na	0.1751361733020109	0.2682245509884619	0.18543391228504355	0.036163087569674464	0.1310507100750144	0.18724784089929472	0.3343891036959795
P3H4	na	0.0	0.0	0.0	0.0	0.0	0.0	0.0
FKBP10	na	0.0	0.0	0.0	0.0	0.0	0.0	0.0
NT5C3B	na	0.0	0.0	0.0	0.0	0.0	0.0	0.0
ACLY	na	0.07418454434663688	0.08957422720731553	0.09603284541462503	0.0640622790982373	0.07036645287257778	0.08534829642853053	0.12792566660583593
TTC25	na	0.0	0.0	0.0	0.0	0.0	0.0	0.0
CNP	na	0.05437161208934586	0.07899492827811941	0.07355672088354802	0.031257388542636884	0.056696228046715896	0.07643505968574354	0.11664447065158576
DNAJC7	na	0.049424974430409274	0.05509795893407324	0.052191976919848095	0.05163889640176058	0.04724054952227042	0.048763138166073465	0.0850399512040595
NKIRAS2	na	0.0	0.0	0.0	0.0	0.0	0.0	0.0
ZNF385C	na	0.0	0.0	0.0	0.0	0.0	0.0	0.0
C17orf113	na	0.0	0.0	0.0	0.0	0.0	0.0	0.0
DHX58	na	0.0	0.0	0.0	0.0	0.0	0.0	0.0
KAT2A	na	0.0	0.0	0.0	0.0	0.0	0.0	0.0
RAB5C	na	0.12490893737319118	0.15356141179901064	0.08437073061102757	0.06547170398785623	0.08264561997508994	0.12683792749223669	0.17095221756814472
GHDC	na	0.0	0.0	0.0	0.0	0.0	0.0	0.0
STAT5B	na	0.0	0.0	0.0	0.0	0.0	0.0	0.0
STAT5A	na	0.0	0.0	0.0	0.0	0.0	0.0	0.0
STAT3	na	0.0	0.0	0.0	0.0	0.0	0.0	0.0
CAVIN1	na	0.0	0.0	0.0	0.0	0.0	0.0	0.0
ATP6V0A1	na	0.0	0.0	0.0	0.0	0.0	0.0	0.0
NAGLU	na	0.0	0.0	0.0	0.0	0.0	0.0	0.0
HSD17B1	na	0.0	0.0	0.0	0.0	0.0	0.0	0.0
AC067852.2	na	0.0	0.0	0.0	0.0	0.0	0.0	0.0
COASY	na	0.0	0.0	0.0	0.0	0.0	0.0	0.0
MLX	na	0.0	0.0	0.0	0.0	0.0	0.0	0.0
PSMC3IP	na	0.0	0.0	0.0	0.0	0.0	0.0	0.0
RETREG3	na	0.0	0.0	0.0	0.0	0.0	0.0	0.0
TUBG1	na	0.0	0.0	0.0	0.0	0.0	0.0	0.0
TUBG2	na	0.0	0.0	0.0	0.0	0.0	0.0	0.0
PLEKHH3	na	0.0	0.0	0.0	0.0	0.0	0.0	0.0
CCR10	na	0.0	0.0	0.0	0.0	0.0	0.0	0.0
CNTNAP1	na	0.0	0.0	0.0	0.0	0.0	0.0	0.0
EZH1	na	0.0	0.0	0.0	0.0	0.0	0.0	0.0
RAMP2	na	0.0	0.0	0.0	0.0	0.0	0.0	0.0
VPS25	na	0.05840892695685689	0.08822672565342149	0.05538039937206162	0.046635425561528575	0.05059144343647587	0.06800314167637923	0.10038021597760052
COA3	na	0.05471998349394936	0.06019138347339033	0.0426172539965463	0.05578409711578603	0.048134700606501005	0.06090800589424597	0.08105098857957191
CNTD1	na	0.0	0.0	0.0	0.0	0.0	0.0	0.0
BECN1	na	0.0	0.0	0.0	0.0	0.0	0.0	0.0
PSME3	na	0.0	0.0	0.0	0.0	0.0	0.0	0.0
AOC3	na	0.0	0.0	0.0	0.0	0.0	0.0	0.0
AARSD1	na	0.0	0.0	0.0	0.0	0.0	0.0	0.0
PTGES3L	na	0.0	0.0	0.0	0.0	0.0	0.0	0.0
RUNDC1	na	0.0	0.0	0.0	0.0	0.0	0.0	0.0
RPL27	na	0.2861100584076053	0.7900186093030486	6.337544429477323e-24	0.09625062941356344	0.18706445199125915	0.5958362502024313	0.5486622624838249
IFI35	na	0.0	0.0	0.0	0.0	0.0	0.0	0.0
VAT1	na	0.0	0.0	0.0	0.0	0.0	0.0	0.0
BRCA1	na	0.0	0.0	0.0	0.0	0.0	0.0	0.0
AC060780.1	na	0.0	0.0	0.0	0.0	0.0	0.0	0.0
NBR1	na	0.0	0.0	0.0	0.0	0.0	0.0	0.0
TMEM106A	na	0.0	0.0	0.0	0.0	0.0	0.0	0.0
ARL4D	na	0.0	0.0	0.0	0.0	0.0	0.0	0.0
DHX8	na	0.0	0.0	0.0	0.0	0.0	0.0	0.0
ETV4	na	0.0	0.0	0.0	0.0	0.0	0.0	0.0
DUSP3	na	0.0	0.0	0.0	0.0	0.0	0.0	0.0
MPP3	na	0.0	0.0	0.0	0.0	0.0	0.0	0.0
TMEM101	na	0.0	0.0	0.0	0.0	0.0	0.0	0.0
LSM12	na	0.0	0.0	0.0	0.0	0.0	0.0	0.0
G6PC3	na	0.0	0.0	0.0	0.0	0.0	0.0	0.0
HDAC5	na	0.0	0.0	0.0	0.0	0.0	0.0	0.0
C17orf53	na	0.0	0.0	0.0	0.0	0.0	0.0	0.0
ASB16-AS1	na	0.0	0.0	0.0	0.0	0.0	0.0	0.0
TMUB2	na	0.0	0.0	0.0	0.0	0.0	0.0	0.0
ATXN7L3	na	0.0	0.0	0.0	0.0	0.0	0.0	0.0
UBTF	na	0.0	0.0	0.0	0.0	0.0	0.0	0.0
SLC25A39	na	0.0465430551790533	0.06728344228324924	0.04811242892881016	0.05056774041927949	0.04824374090638551	0.07508166143269329	0.08820977038871743
GRN	na	0.12226789185822938	0.17955510204719435	0.060463300509953674	0.035932199877702395	0.09030473014768373	0.20679904361393958	0.21440759858531203
FAM171A2	na	0.0	0.0	0.0	0.0	0.0	0.0	0.0
GPATCH8	na	0.0	0.0	0.0	0.0	0.0	0.0	0.0
FZD2	na	0.0	0.0	0.0	0.0	0.0	0.0	0.0
CCDC43	na	0.0	0.0	0.0	0.0	0.0	0.0	0.0
GJC1	na	0.0	0.0	0.0	0.0	0.0	0.0	0.0
HIGD1B	na	0.0	0.0	0.0	0.0	0.0	0.0	0.0
EFTUD2	na	0.0	0.0	0.0	0.0	0.0	0.0	0.0
KIF18B	na	0.0	0.0	0.0	0.0	0.0	0.0	0.0
DCAKD	na	0.0	0.0	0.0	0.0	0.0	0.0	0.0
NMT1	na	0.0	0.0	0.0	0.0	0.0	0.0	0.0
PLCD3	na	0.0	0.0	0.0	0.0	0.0	0.0	0.0
ACBD4	na	0.0	0.0	0.0	0.0	0.0	0.0	0.0
HEXIM1	na	0.0	0.0	0.0	0.0	0.0	0.0	0.0
HEXIM2	na	0.0	0.0	0.0	0.0	0.0	0.0	0.0
AC008105.3	na	0.0	0.0	0.0	0.0	0.0	0.0	0.0
FMNL1	na	0.0	0.0	0.0	0.0	0.0	0.0	0.0
MAP3K14	na	0.0	0.0	0.0	0.0	0.0	0.0	0.0
ARHGAP27	na	0.0	0.0	0.0	0.0	0.0	0.0	0.0
PLEKHM1	na	0.0	0.0	0.0	0.0	0.0	0.0	0.0
MAPT	na	0.0	0.0	0.0	0.0	0.0	0.0	0.0
KANSL1	na	0.0	0.0	0.0	0.0	0.0	0.0	0.0
KANSL1-AS1	na	0.0	0.0	0.0	0.0	0.0	0.0	0.0
LRRC37A2	na	0.0	0.0	0.0	0.0	0.0	0.0	0.0
ARL17A	na	0.0	0.0	0.0	0.0	0.0	0.0	0.0
NSF	na	0.0	0.0	0.0	0.0	0.0	0.0	0.0
WNT3	na	0.0	0.0	0.0	0.0	0.0	0.0	0.0
GOSR2	na	0.0	0.0	0.0	0.0	0.0	0.0	0.0
CDC27	na	0.0	0.0	0.0	0.0	0.0	0.0	0.0
NPEPPS	na	0.0	0.0	0.0	0.0	0.0	0.0	0.0
KPNB1	na	0.044589984158813524	0.06055141162041415	0.04947539690653759	0.04334312909888206	0.04500869650310929	0.06611869464456381	0.07278088692185626
TBKBP1	na	0.0	0.0	0.0	0.0	0.0	0.0	0.0
OSBPL7	na	0.0	0.0	0.0	0.0	0.0	0.0	0.0
MRPL10	na	0.0	0.0	0.0	0.0	0.0	0.0	0.0
LRRC46	na	0.0	0.0	0.0	0.0	0.0	0.0	0.0
SCRN2	na	0.0	0.0	0.0	0.0	0.0	0.0	0.0
SP6	na	0.0	0.0	0.0	0.0	0.0	0.0	0.0
SP2	na	0.0	0.0	0.0	0.0	0.0	0.0	0.0
PNPO	na	0.0	0.0	0.0	0.0	0.0	0.0	0.0
PRR15L	na	0.0	0.0	0.0	0.0	0.0	0.0	0.0
CDK5RAP3	na	0.0	0.0	0.0	0.0	0.0	0.0	0.0
COPZ2	na	0.0	0.0	0.0	0.0	0.0	0.0	0.0
NFE2L1	na	0.0	0.0	0.0	0.0	0.0	0.0	0.0
CBX1	na	0.0	0.0	0.0	0.0	0.0	0.0	0.0
SNX11	na	0.0	0.0	0.0	0.0	0.0	0.0	0.0
SKAP1	na	0.0	0.0	0.0	0.0	0.0	0.0	0.0
HOXB2	na	0.0	0.0	0.0	0.0	0.0	0.0	0.0
HOXB3	na	0.0	0.0	0.0	0.0	0.0	0.0	0.0
HOXB6	na	0.0	0.0	0.0	0.0	0.0	0.0	0.0
HOXB7	na	0.0	0.0	0.0	0.0	0.0	0.0	0.0
HOXB13	na	0.0	0.0	0.0	0.0	0.0	0.0	0.0
CALCOCO2	na	0.0	0.0	0.0	0.0	0.0	0.0	0.0
ATP5MC1	na	0.053490285298158455	0.06607903476644314	0.05169901459552254	0.038060882990298556	0.04662635746129333	0.07979780210858547	0.07811074198975193
UBE2Z	na	0.0	0.0	0.0	0.0	0.0	0.0	0.0
SNF8	na	0.0	0.0	0.0	0.0	0.0	0.0	0.0
B4GALNT2	na	0.0	0.0	0.0	0.0	0.0	0.0	0.0
GNGT2	na	0.0	0.0	0.0	0.0	0.0	0.0	0.0
ABI3	na	0.0	0.0	0.0	0.0	0.0	0.0	0.0
ZNF652	na	0.0	0.0	0.0	0.0	0.0	0.0	0.0
PHB	na	0.053765170386757474	0.09102813937277617	0.05775441287938097	0.045926383521543275	0.05628754565866331	0.08493782811413404	0.10441383091824415
NXPH3	na	0.0	0.0	0.0	0.0	0.0	0.0	0.0
SPOP	na	0.0	0.0	0.0	0.0	0.0	0.0	0.0
SLC35B1	na	0.0	0.0	0.0	0.0	0.0	0.0	0.0
FAM117A	na	0.0	0.0	0.0	0.0	0.0	0.0	0.0
KAT7	na	0.0	0.0	0.0	0.0	0.0	0.0	0.0
ITGA3	na	0.04147294290070499	0.057395816947356314	0.05590896898289289	0.05198240875755303	0.048545555268943226	0.08736582597869626	0.07580020265951866
PDK2	na	0.0	0.0	0.0	0.0	0.0	0.0	0.0
SAMD14	na	0.0	0.0	0.0	0.0	0.0	0.0	0.0
PPP1R9B	na	0.07972623952513902	0.07716224348543665	0.11226186481931721	0.10156360217120222	0.08469242162429405	0.10528822692947297	0.12320582238890711
COL1A1	na	0.3758645211155099	0.7312630654749376	0.15591038559758646	0.08447288719147643	0.2514527338527791	0.6708375866326637	0.6077859877248876
TMEM92	na	0.0	0.0	0.0	0.0	0.0	0.0	0.0
XYLT2	na	0.05683094935407956	0.06776519923686102	0.06995724814097772	0.0747964964225826	0.05998381668660073	0.07131227646751272	0.09770307552245254
MRPL27	na	0.40630403855332153	0.8214614147457946	0.19564539568875414	0.1380262340639829	0.27249883265804514	0.6249093163688996	0.7249149086043618
EME1	na	0.0	0.0	0.0	0.0	0.0	0.0	0.0
LRRC59	na	0.24959487373751865	0.47534119401775654	0.19067759718876412	0.11955302146766443	0.19343619208975582	0.41088742619664664	0.49857093833687405
ACSF2	na	0.0	0.0	0.0	0.0	0.0	0.0	0.0
RSAD1	na	0.05206434987758766	0.06636367955626538	0.05838757962358825	0.05529203925933646	0.053952680744009496	0.0722669490904112	0.09109506975900868
MYCBPAP	na	0.0	0.0	0.0	0.0	0.0	0.0	0.0
EPN3	na	0.08610408708158925	0.12951990629902999	0.13409927078781544	0.04326839968906424	0.10163696197572582	0.20354347626823263	0.2204197838602501
SPATA20	na	0.10336557716414313	0.1529286823679869	0.0862323410477666	0.09609258619999382	0.09055925062780572	0.1725522323182981	0.16589787900204278
CACNA1G	na	0.0	0.0	0.0	0.0	0.0	0.0	0.0
ABCC3	na	0.03314306796604187	0.36731987906240543	1.8109138866645874e-18	0.11068613018101299	0.09122432638547662	0.4230772878519591	0.05956672022905451
ANKRD40	na	0.11920782388867993	0.14892635030534715	0.11400959253145773	0.05008919398966834	0.09175934651856044	0.1548187385488239	0.2031428780120303
AC005921.2	na	0.0	0.0	0.0	0.0	0.0	0.0	0.0
LUC7L3	na	0.17552970130922918	0.2416771553588303	0.20245545811949625	0.10921754172479822	0.14885653556457734	0.2097637528905393	0.30164710224115904
WFIKKN2	na	0.0	0.0	0.0	0.0	0.0	0.0	0.0
TOB1	na	0.20806454626136342	0.36535984471305744	0.22668295975675143	0.038435529064744386	0.16801458758086069	0.27040806611132967	0.4467162637182442
AC005920.1	na	0.0	0.0	0.0	0.0	0.0	0.0	0.0
SPAG9	na	0.04712880387843854	0.07176027345301107	0.05785070320144701	0.04760030660658686	0.05035336127390704	0.0731718784932116	0.09429036489262396
NME1	na	0.30582465845459916	0.5819289926485987	0.18691092421395578	0.10489299204284767	0.20856453529702176	0.4296966587980588	0.5954350606232309
NME2	na	0.1341707736030596	0.15588798061454273	0.09287864518685525	0.08906134698813993	0.09053753618129837	0.08472485527601206	0.17951066010353015
MBTD1	na	0.0	0.0	0.0	0.0	0.0	0.0	0.0
UTP18	na	0.0767727584954357	0.11562320324777857	0.061943341990160154	0.06893844899680453	0.06451278803389833	0.08070405514009822	0.12724736915492812
CA10	na	0.0	0.0	0.0	0.0	0.0	0.0	0.0
TOM1L1	na	0.0	0.0	0.0	0.0	0.0	0.0	0.0
COX11	na	0.0	0.0	0.0	0.0	0.0	0.0	0.0
STXBP4	na	0.0	0.0	0.0	0.0	0.0	0.0	0.0
HLF	na	0.0	0.0	0.0	0.0	0.0	0.0	0.0
MMD	na	0.0	0.0	0.0	0.0	0.0	0.0	0.0
PCTP	na	0.0	0.0	0.0	0.0	0.0	0.0	0.0
C17orf67	na	0.0	0.0	0.0	0.0	0.0	0.0	0.0
DGKE	na	0.0	0.0	0.0	0.0	0.0	0.0	0.0
TRIM25	na	0.0	0.0	0.0	0.0	0.0	0.0	0.0
AC015912.3	na	0.0	0.0	0.0	0.0	0.0	0.0	0.0
COIL	na	0.0	0.0	0.0	0.0	0.0	0.0	0.0
SCPEP1	na	0.0	0.0	0.0	0.0	0.0	0.0	0.0
AC007114.1	na	0.0	0.0	0.0	0.0	0.0	0.0	0.0
AKAP1	na	0.0	0.0	0.0	0.0	0.0	0.0	0.0
MSI2	na	0.0	0.0	0.0	0.0	0.0	0.0	0.0
MRPS23	na	0.0	0.0	0.0	0.0	0.0	0.0	0.0
CUEDC1	na	0.0	0.0	0.0	0.0	0.0	0.0	0.0
VEZF1	na	0.0	0.0	0.0	0.0	0.0	0.0	0.0
AC015813.2	na	0.0	0.0	0.0	0.0	0.0	0.0	0.0
AC015813.1	na	0.0	0.0	0.0	0.0	0.0	0.0	0.0
SRSF1	na	0.05273760804912865	0.06287287374269049	0.06284681808225832	0.039816626027329285	0.046902663417083816	0.07621432839674375	0.09057599807085637
DYNLL2	na	0.04879786007225279	0.040344928446204166	0.06613812348192441	0.08556524558789862	0.060162518593184326	0.07460922819941516	0.09922052997599715
MKS1	na	0.0	0.0	0.0	0.0	0.0	0.0	0.0
TSPOAP1	na	0.0	0.0	0.0	0.0	0.0	0.0	0.0
TSPOAP1-AS1	na	0.0	0.0	0.0	0.0	0.0	0.0	0.0
AC004687.1	na	0.0	0.0	0.0	0.0	0.0	0.0	0.0
SUPT4H1	na	0.1740203482767998	0.3267214902101358	0.07482907375318452	0.07751118919088892	0.1148578168538041	0.2561108262236593	0.28383954649809473
RNF43	na	0.0	0.0	0.0	0.0	0.0	0.0	0.0
MTMR4	na	0.0	0.0	0.0	0.0	0.0	0.0	0.0
SEPT4	na	0.0	0.0	0.0	0.0	0.0	0.0	0.0
RAD51C	na	0.0	0.0	0.0	0.0	0.0	0.0	0.0
TRIM37	na	0.0	0.0	0.0	0.0	0.0	0.0	0.0
SKA2	na	0.0	0.0	0.0	0.0	0.0	0.0	0.0
PRR11	na	0.0	0.0	0.0	0.0	0.0	0.0	0.0
SMG8	na	0.0	0.0	0.0	0.0	0.0	0.0	0.0
GDPD1	na	0.0	0.0	0.0	0.0	0.0	0.0	0.0
YPEL2	na	0.0	0.0	0.0	0.0	0.0	0.0	0.0
DHX40	na	0.07317363287262858	0.10188909558326303	0.06136450178371736	0.05272993823968652	0.059457047693856686	0.09808120717823149	0.12723388034988242
AC091271.1	na	0.0	0.0	0.0	0.0	0.0	0.0	0.0
CLTC	na	0.31118336145264414	0.6045345767465736	0.2045748585982321	0.1748455308039864	0.24037674906184844	0.5120699170724918	0.6219446288544844
PTRH2	na	0.06713103332157233	0.1513736040578905	0.05504134704219089	0.05721833835557068	0.06318799912983436	0.10621101363108708	0.1265934683024446
VMP1	na	0.37343886027147843	0.6490696292423478	0.427867047129809	0.28909989642224865	0.3517041132758622	0.5143363754560732	0.8305939671527749
TUBD1	na	0.0	0.0	0.0	0.0	0.0	0.0	0.0
RPS6KB1	na	0.08429246624205186	0.10254370068597861	0.07230156750917952	0.05709352874667992	0.06386347953499673	0.10024505565379961	0.11982985002371815
RNFT1	na	0.05061663689305724	0.08470639471016504	0.04796511500474426	0.050488481644133304	0.04824843352526306	0.06316256393836514	0.0920832516381769
RNFT1-DT	na	0.0	0.0	0.0	0.0	0.0	0.0	0.0
HEATR6	na	0.0	0.0	0.0	0.0	0.0	0.0	0.0
AC025048.4	na	0.0	0.0	0.0	0.0	0.0	0.0	0.0
USP32	na	0.0	0.0	0.0	0.0	0.0	0.0	0.0
APPBP2	na	0.0	0.0	0.0	0.0	0.0	0.0	0.0
PPM1D	na	0.0	0.0	0.0	0.0	0.0	0.0	0.0
BCAS3	na	0.0	0.0	0.0	0.0	0.0	0.0	0.0
AC005746.2	na	0.0	0.0	0.0	0.0	0.0	0.0	0.0
TBX2	na	0.0	0.0	0.0	0.0	0.0	0.0	0.0
NACA2	na	0.0	0.0	0.0	0.0	0.0	0.0	0.0
BRIP1	na	0.0	0.0	0.0	0.0	0.0	0.0	0.0
INTS2	na	0.0	0.0	0.0	0.0	0.0	0.0	0.0
MED13	na	0.0	0.0	0.0	0.0	0.0	0.0	0.0
EFCAB3	na	0.0	0.0	0.0	0.0	0.0	0.0	0.0
METTL2A	na	0.0	0.0	0.0	0.0	0.0	0.0	0.0
TLK2	na	0.0	0.0	0.0	0.0	0.0	0.0	0.0
MRC2	na	0.0	0.0	0.0	0.0	0.0	0.0	0.0
MARCH10	na	0.0	0.0	0.0	0.0	0.0	0.0	0.0
TANC2	na	0.0	0.0	0.0	0.0	0.0	0.0	0.0
CYB561	na	0.07291603318878996	0.08761078321076016	0.05685783491669295	0.06317609981941255	0.05861575701853293	0.09473432811138105	0.10551002034707793
ACE	na	0.0	0.0	0.0	0.0	0.0	0.0	0.0
DCAF7	na	0.0	0.0	0.0	0.0	0.0	0.0	0.0
TACO1	na	0.0	0.0	0.0	0.0	0.0	0.0	0.0
MAP3K3	na	0.0	0.0	0.0	0.0	0.0	0.0	0.0
STRADA	na	0.0	0.0	0.0	0.0	0.0	0.0	0.0
LIMD2	na	0.0	0.0	0.0	0.0	0.0	0.0	0.0
CCDC47	na	0.037911584808847536	0.06581255730354456	0.054704977356078224	0.044251820403411884	0.0424557212563831	0.057426327450898276	0.07768170732843134
DDX42	na	0.0	0.0	0.0	0.0	0.0	0.0	0.0
FTSJ3	na	0.0	0.0	0.0	0.0	0.0	0.0	0.0
PSMC5	na	0.06223444498770529	0.08922890006126781	0.05753108149642879	0.05633588713147239	0.06032383523856263	0.08735724154572545	0.10863855670109966
SMARCD2	na	0.04527075415190302	0.05515415741965488	0.06967483989228938	0.05668104343994153	0.04785717818112065	0.05740130213131597	0.07684497654940367
CD79B	na	0.0	0.0	0.0	0.0	0.0	0.0	0.0
ICAM2	na	0.0	0.0	0.0	0.0	0.0	0.0	0.0
ERN1	na	0.0	0.0	0.0	0.0	0.0	0.0	0.0
SNHG25	na	1.2181544451337163	2.784358708433895	1.3257600461104138	1.647990350430458	1.4664990342455557	3.3641163577407007	2.716261781965628
TEX2	na	0.0427900087646109	0.10366701683894874	0.04560177533732683	0.05224901599906287	0.05524104300680035	0.08977250600407963	0.10879883386095565
PECAM1	na	0.15031402816572279	1.448960000546921e-20	0.40976965505192864	0.4749939228668477	0.25638934893059895	0.03246356772220005	0.170787214718119
MILR1	na	0.0	0.0	0.0	0.0	0.0	0.0	0.0
POLG2	na	0.0	0.0	0.0	0.0	0.0	0.0	0.0
DDX5	na	0.34277675671673913	0.7232423720585642	0.2611468242840553	0.12905729506890518	0.2767660807999509	0.5647583725388141	0.743749222572971
CEP95	na	0.052069756536084144	0.07380569493641195	0.05116698635232852	0.05248837264482165	0.04810067194297589	0.06915452751879829	0.09089151429678803
SMURF2	na	0.0	0.0	0.0	0.0	0.0	0.0	0.0
LRRC37A3	na	0.0	0.0	0.0	0.0	0.0	0.0	0.0
GNA13	na	0.05375544643889706	0.07954659413957497	0.05190578730780888	0.053225912411569175	0.05323172575413749	0.07290303984701164	0.096552468408684
RGS9	na	0.0	0.0	0.0	0.0	0.0	0.0	0.0
AXIN2	na	0.0	0.0	0.0	0.0	0.0	0.0	0.0
CEP112	na	0.0	0.0	0.0	0.0	0.0	0.0	0.0
PRKCA	na	0.0498049654570799	0.03457218155662809	0.067502449668888	0.06439547629155884	0.05298428776649409	0.04457012616593439	0.06965704872238068
CACNG4	na	0.06614825000115708	0.10482807915601214	0.05680473935814961	0.045407100955088896	0.05771436629364694	0.10443633159248886	0.11626000304328779
CACNG1	na	0.0	0.0	0.0	0.0	0.0	0.0	0.0
HELZ	na	0.05190170975560682	0.05424691550734888	0.05422692100617896	0.042011468400908365	0.04605032195007536	0.06900238044150227	0.07382264992015136
AC007448.3	na	0.0	0.0	0.0	0.0	0.0	0.0	0.0
PSMD12	na	0.10548739831031433	0.19555442331436723	0.08110960808808228	0.049988128536767464	0.08751653006787392	0.1872733031552677	0.18541897276863112
PITPNC1	na	0.0463973390534276	0.07363680573331034	0.053965572837119384	0.06157958115319537	0.05416805425724266	0.07785743233740539	0.10250947111617259
NOL11	na	0.059430261456376414	0.13482107698032214	0.07146816624808482	0.03851656364952954	0.06340728193055067	0.1046145077204873	0.13193181124306433
BPTF	na	0.09160730245925701	0.16291889136884696	0.07001332591834095	0.07940121119916012	0.08321518188286917	0.12116174792481856	0.16934624991860206
C17orf58	na	0.0	0.0	0.0	0.0	0.0	0.0	0.0
KPNA2	na	0.16004467889977256	0.3317699680910506	0.07411297298626493	0.14330858103652447	0.12415992757157832	0.31280037092369034	0.2650937394510679
AC005332.7	na	0.0	0.0	0.0	0.0	0.0	0.0	0.0
AC005332.4	na	0.0	0.0	0.0	0.0	0.0	0.0	0.0
AC005332.6	na	0.0	0.0	0.0	0.0	0.0	0.0	0.0
AC005332.5	na	0.0	0.0	0.0	0.0	0.0	0.0	0.0
AMZ2	na	0.056807291736095604	0.1164029537328721	0.05140205661661264	0.06638360392140245	0.06077389745590708	0.09817553756014583	0.11754817807790366
ARSG	na	0.0	0.0	0.0	0.0	0.0	0.0	0.0
SLC16A6	na	0.0	0.0	0.0	0.0	0.0	0.0	0.0
WIPI1	na	0.0708042418484861	0.10558403543725757	0.054659523717655645	0.03543120294656732	0.056986631088144286	0.08705643217779856	0.11436389617557335
PRKAR1A	na	0.1745994057090794	0.31720809999175625	0.1328822058980356	0.07515944981772404	0.13576859187021129	0.3154167489805307	0.3113910010593516
FAM20A	na	0.0	0.0	0.0	0.0	0.0	0.0	0.0
ABCA5	na	0.0	0.0	0.0	0.0	0.0	0.0	0.0
MAP2K6	na	0.0	0.0	0.0	0.0	0.0	0.0	0.0
KCNJ2	na	0.0	0.0	0.0	0.0	0.0	0.0	0.0
SOX9	na	0.03631935693211217	0.052911976899497955	0.056294225923276535	0.050585788583631316	0.048351299205616996	0.04722537385253417	0.08919328590657942
LINC00511	na	0.0	0.0	0.0	0.0	0.0	0.0	0.0
SLC39A11	na	0.0	0.0	0.0	0.0	0.0	0.0	0.0
SSTR2	na	0.0	0.0	0.0	0.0	0.0	0.0	0.0
COG1	na	0.0	0.0	0.0	0.0	0.0	0.0	0.0
FAM104A	na	0.0	0.0	0.0	0.0	0.0	0.0	0.0
C17orf80	na	0.0	0.0	0.0	0.0	0.0	0.0	0.0
CDC42EP4	na	0.0	0.0	0.0	0.0	0.0	0.0	0.0
SDK2	na	0.0	0.0	0.0	0.0	0.0	0.0	0.0
RPL38	na	0.8259960642967734	2.560697535722298	1.2393964100116651e-18	0.015319680247467406	0.47552251966410414	2.0734107158822637	1.6965259500410321
TTYH2	na	0.0	0.0	0.0	0.0	0.0	0.0	0.0
GPRC5C	na	0.0	0.0	0.0	0.0	0.0	0.0	0.0
CD300A	na	0.0	0.0	0.0	0.0	0.0	0.0	0.0
CD300C	na	0.0	0.0	0.0	0.0	0.0	0.0	0.0
CD300LF	na	0.0	0.0	0.0	0.0	0.0	0.0	0.0
SLC9A3R1	na	0.09466868335518924	0.1177876391623506	0.09789116784448018	0.10906178126594172	0.09308286962883572	0.13637644957497913	0.16745076783938398
NAT9	na	0.0	0.0	0.0	0.0	0.0	0.0	0.0
TMEM104	na	0.0	0.0	0.0	0.0	0.0	0.0	0.0
GRIN2C	na	0.0	0.0	0.0	0.0	0.0	0.0	0.0
FDXR	na	0.0	0.0	0.0	0.0	0.0	0.0	0.0
HID1	na	0.05626896615264165	0.06805316075963458	0.05583526527466616	0.06495576933046351	0.05546222368222478	0.06986112742439546	0.10536114360445137
CDR2L	na	0.0	0.0	0.0	0.0	0.0	0.0	0.0
MRPL58	na	0.0	0.0	0.0	0.0	0.0	0.0	0.0
KCTD2	na	0.0	0.0	0.0	0.0	0.0	0.0	0.0
ATP5PD	na	0.07349389976370777	0.2008735789028942	0.027087590851573907	0.07157423934133483	0.07584009398009528	0.14683521390537155	0.16119276572241092
SLC16A5	na	0.0	0.0	0.0	0.0	0.0	0.0	0.0
ARMC7	na	0.0	0.0	0.0	0.0	0.0	0.0	0.0
NT5C	na	0.0	0.0	0.0	0.0	0.0	0.0	0.0
JPT1	na	0.10108056402818559	0.26679763509526483	0.08052959055435872	0.08971579313613628	0.09872939510830984	0.2046032169140005	0.2333650807441088
SUMO2	na	0.11350976731013296	0.23486465351906846	0.05153874891885566	0.07741322820353339	0.09278447603735948	0.20175619130798497	0.20548893892303455
NUP85	na	0.0	0.0	0.0	0.0	0.0	0.0	0.0
GGA3	na	0.0	0.0	0.0	0.0	0.0	0.0	0.0
MRPS7	na	0.04498151030242586	0.08682260472047619	0.05137098756674081	0.05077280559674721	0.04766570317800432	0.05369821660194393	0.08834614492316561
MIF4GD	na	0.0	0.0	0.0	0.0	0.0	0.0	0.0
SLC25A19	na	0.0	0.0	0.0	0.0	0.0	0.0	0.0
GRB2	na	0.06042351941937543	0.07781592709615025	0.052885932345142335	0.04280302639387792	0.04857407362868759	0.07099470883075107	0.08484864764953408
TMEM94	na	0.0	0.0	0.0	0.0	0.0	0.0	0.0
CASKIN2	na	0.0	0.0	0.0	0.0	0.0	0.0	0.0
TSEN54	na	0.0	0.0	0.0	0.0	0.0	0.0	0.0
LLGL2	na	0.04952776021633291	0.0698021697547691	0.05819676309865547	0.05187378047605162	0.049631302002566734	0.07023724581008312	0.08713775004319674
MYO15B	na	0.0	0.0	0.0	0.0	0.0	0.0	0.0
RECQL5	na	0.0	0.0	0.0	0.0	0.0	0.0	0.0
SMIM5	na	0.0	0.0	0.0	0.0	0.0	0.0	0.0
SAP30BP	na	0.0	0.0	0.0	0.0	0.0	0.0	0.0
ITGB4	na	0.05370479674480349	0.06404672637487413	0.05423840015149571	0.053447298457997165	0.051494386008932226	0.06308724234402942	0.0934821888582022
GALK1	na	0.0	0.0	0.0	0.0	0.0	0.0	0.0
H3F3B	na	0.1915773292196243	0.41577486741708214	0.09062355130360561	0.12247071585837864	0.16110362619969065	0.40016448036891034	0.36227731049902995
UNK	na	0.0	0.0	0.0	0.0	0.0	0.0	0.0
UNC13D	na	0.0	0.0	0.0	0.0	0.0	0.0	0.0
WBP2	na	0.0	0.0	0.0	0.0	0.0	0.0	0.0
TRIM47	na	0.0	0.0	0.0	0.0	0.0	0.0	0.0
TRIM65	na	0.0	0.0	0.0	0.0	0.0	0.0	0.0
MRPL38	na	0.0	0.0	0.0	0.0	0.0	0.0	0.0
FBF1	na	0.0	0.0	0.0	0.0	0.0	0.0	0.0
ACOX1	na	0.0	0.0	0.0	0.0	0.0	0.0	0.0
TEN1	na	0.0	0.0	0.0	0.0	0.0	0.0	0.0
CDK3	na	0.0	0.0	0.0	0.0	0.0	0.0	0.0
EVPL	na	0.0	0.0	0.0	0.0	0.0	0.0	0.0
SRP68	na	0.0	0.0	0.0	0.0	0.0	0.0	0.0
EXOC7	na	0.0	0.0	0.0	0.0	0.0	0.0	0.0
FOXJ1	na	0.0	0.0	0.0	0.0	0.0	0.0	0.0
RNF157	na	0.0	0.0	0.0	0.0	0.0	0.0	0.0
UBALD2	na	0.04721153315811195	0.06504419854155707	0.05752045196306399	0.04388529360070721	0.04888516847555675	0.07270544236663948	0.08173176563678929
QRICH2	na	0.0	0.0	0.0	0.0	0.0	0.0	0.0
PRPSAP1	na	0.0	0.0	0.0	0.0	0.0	0.0	0.0
SPHK1	na	0.0	0.0	0.0	0.0	0.0	0.0	0.0
UBE2O	na	0.0	0.0	0.0	0.0	0.0	0.0	0.0
RHBDF2	na	0.0	0.0	0.0	0.0	0.0	0.0	0.0
CYGB	na	0.0	0.0	0.0	0.0	0.0	0.0	0.0
AC015802.6	na	0.0	0.0	0.0	0.0	0.0	0.0	0.0
ST6GALNAC1	na	0.0	0.0	0.0	0.0	0.0	0.0	0.0
MXRA7	na	0.0	0.0	0.0	0.0	0.0	0.0	0.0
JMJD6	na	0.0	0.0	0.0	0.0	0.0	0.0	0.0
METTL23	na	0.0	0.0	0.0	0.0	0.0	0.0	0.0
SRSF2	na	0.070434392509749	0.1497342360263693	0.06273950339653082	0.05932252592163154	0.06793969575449459	0.1176826057345712	0.13437651866561043
MFSD11	na	0.0	0.0	0.0	0.0	0.0	0.0	0.0
MGAT5B	na	0.0	0.0	0.0	0.0	0.0	0.0	0.0
SEC14L1	na	0.0	0.0	0.0	0.0	0.0	0.0	0.0
SEPT9	na	0.038922073939686094	0.07238620013559484	0.05802810422190979	0.059377363587219956	0.05218690540982947	0.06893123846433756	0.09018426800125277
TNRC6C	na	0.0	0.0	0.0	0.0	0.0	0.0	0.0
TMC6	na	0.0	0.0	0.0	0.0	0.0	0.0	0.0
TMC8	na	0.0	0.0	0.0	0.0	0.0	0.0	0.0
SYNGR2	na	0.11588365863207357	0.18654853934331606	0.05802593271909975	0.07458675157378149	0.08572938305675312	0.1677314073959842	0.17431930332559745
TK1	na	0.0	0.0	0.0	0.0	0.0	0.0	0.0
AFMID	na	0.0	0.0	0.0	0.0	0.0	0.0	0.0
BIRC5	na	0.0	0.0	0.0	0.0	0.0	0.0	0.0
SOCS3	na	0.0	0.0	0.0	0.0	0.0	0.0	0.0
PGS1	na	0.0	0.0	0.0	0.0	0.0	0.0	0.0
CYTH1	na	0.0	0.0	0.0	0.0	0.0	0.0	0.0
USP36	na	0.0	0.0	0.0	0.0	0.0	0.0	0.0
TIMP2	na	0.0632384025449886	0.11331431027491688	0.06527526754257691	0.04500181273188729	0.06397490229035303	0.12199558712106998	0.12862486445065802
LGALS3BP	na	0.12026583160858796	0.1743288920177087	0.07993347664445362	0.06130475003258516	0.08830145709641793	0.17775026946721503	0.18625776752738243
CANT1	na	0.06089264024714762	0.09127706916984496	0.060442931855214245	0.05830597790693876	0.05777798807444115	0.07568227186456086	0.10298966506340397
C1QTNF1	na	0.0	0.0	0.0	0.0	0.0	0.0	0.0
ENGASE	na	0.0	0.0	0.0	0.0	0.0	0.0	0.0
CBX2	na	0.0	0.0	0.0	0.0	0.0	0.0	0.0
CBX8	na	0.0	0.0	0.0	0.0	0.0	0.0	0.0
LINC01977	na	0.0	0.0	0.0	0.0	0.0	0.0	0.0
CBX4	na	0.03762405969694597	0.06143905331407885	0.05549284241938198	0.05301632618523362	0.04667448721101149	0.05465758642993238	0.07739003181179997
TBC1D16	na	0.0	0.0	0.0	0.0	0.0	0.0	0.0
CCDC40	na	0.0	0.0	0.0	0.0	0.0	0.0	0.0
GAA	na	0.0	0.0	0.0	0.0	0.0	0.0	0.0
EIF4A3	na	0.0	0.0	0.0	0.0	0.0	0.0	0.0
CARD14	na	0.0	0.0	0.0	0.0	0.0	0.0	0.0
AC087741.1	na	0.0	0.0	0.0	0.0	0.0	0.0	0.0
SGSH	na	0.0	0.0	0.0	0.0	0.0	0.0	0.0
SLC26A11	na	0.0	0.0	0.0	0.0	0.0	0.0	0.0
RNF213	na	0.04059459342874366	0.07569121931965613	0.04665597565557402	0.05424426790944482	0.048518848304376416	0.06524840477928913	0.08276809450216475
ENDOV	na	0.0	0.0	0.0	0.0	0.0	0.0	0.0
RPTOR	na	0.0	0.0	0.0	0.0	0.0	0.0	0.0
CHMP6	na	0.0	0.0	0.0	0.0	0.0	0.0	0.0
BAIAP2-DT	na	0.0	0.0	0.0	0.0	0.0	0.0	0.0
BAIAP2	na	0.0	0.0	0.0	0.0	0.0	0.0	0.0
AATK	na	0.0	0.0	0.0	0.0	0.0	0.0	0.0
CEP131	na	0.0	0.0	0.0	0.0	0.0	0.0	0.0
TEPSIN	na	0.0	0.0	0.0	0.0	0.0	0.0	0.0
NDUFAF8	na	0.0	0.0	0.0	0.0	0.0	0.0	0.0
SLC38A10	na	0.0	0.0	0.0	0.0	0.0	0.0	0.0
AC110285.6	na	0.0	0.0	0.0	0.0	0.0	0.0	0.0
AC110285.2	na	0.0	0.0	0.0	0.0	0.0	0.0	0.0
BAHCC1	na	0.0	0.0	0.0	0.0	0.0	0.0	0.0
ACTG1	na	0.7120576258557536	1.104166854355431	0.5416445569684147	0.4094612754714677	0.530899144183933	0.9922650069528851	1.2918055055986193
FAAP100	na	0.0	0.0	0.0	0.0	0.0	0.0	0.0
NPLOC4	na	0.0	0.0	0.0	0.0	0.0	0.0	0.0
OXLD1	na	0.0	0.0	0.0	0.0	0.0	0.0	0.0
CCDC137	na	0.0	0.0	0.0	0.0	0.0	0.0	0.0
ARL16	na	0.0	0.0	0.0	0.0	0.0	0.0	0.0
HGS	na	0.0	0.0	0.0	0.0	0.0	0.0	0.0
AC139530.1	na	0.0	0.0	0.0	0.0	0.0	0.0	0.0
MRPL12	na	0.05025886771418898	0.08025819807507796	0.0509022108113927	0.04401791321757593	0.050666138446310814	0.08629546698171882	0.09599892222831738
SLC25A10	na	0.0	0.0	0.0	0.0	0.0	0.0	0.0
MCRIP1	na	0.04853187592378433	0.06531147703363788	0.04105099093027379	0.06240341342837056	0.04952696219178735	0.06807997259100118	0.09272518587949383
P4HB	na	0.12323225983621096	0.20953984348398855	0.11729866534401134	0.11821641093999243	0.11735441650549921	0.2211491998268567	0.232041243810476
AC145207.3	na	0.0	0.0	0.0	0.0	0.0	0.0	0.0
ARHGDIA	na	0.07446492010959227	0.10952460914995607	0.07110931721818681	0.07023951244642065	0.07242641909886276	0.09815648539237726	0.1426406231918622
AC145207.5	na	0.0	0.0	0.0	0.0	0.0	0.0	0.0
ALYREF	na	0.0	0.0	0.0	0.0	0.0	0.0	0.0
ANAPC11	na	0.10715289779293727	0.23486903594071906	0.011752860931415766	0.09122629298182953	0.08782315896372163	0.19591987498370844	0.16523343090508513
PCYT2	na	0.0	0.0	0.0	0.0	0.0	0.0	0.0
SIRT7	na	0.0	0.0	0.0	0.0	0.0	0.0	0.0
MAFG	na	0.0	0.0	0.0	0.0	0.0	0.0	0.0
MAFG-DT	na	0.0	0.0	0.0	0.0	0.0	0.0	0.0
PYCR1	na	0.0	0.0	0.0	0.0	0.0	0.0	0.0
ASPSCR1	na	0.0	0.0	0.0	0.0	0.0	0.0	0.0
CENPX	na	0.10118015558896543	0.18276198548352324	0.04175686756164555	0.07151806173207599	0.075757959125597	0.1336669473123435	0.14756436676852847
LRRC45	na	0.0	0.0	0.0	0.0	0.0	0.0	0.0
RAC3	na	0.0	0.0	0.0	0.0	0.0	0.0	0.0
DCXR	na	0.0643338822441563	0.1027903288171901	0.04488511151496319	0.07241270541655592	0.060720947051159005	0.09346606565887423	0.11658422290149262
RFNG	na	0.0	0.0	0.0	0.0	0.0	0.0	0.0
GPS1	na	0.050803251242195806	0.06150266596247677	0.05863130316193069	0.05117338230638115	0.04881056965179973	0.07945015380322379	0.08022382015971181
DUS1L	na	0.04784700934789614	0.060721549692157345	0.052213010831804706	0.0468362982113905	0.0465187560341976	0.05767246966655978	0.0764592109500636
FASN	na	0.11186140446718497	0.18916848981302758	0.09180108075655906	0.14983577106292365	0.12156139755209286	0.22394402491805449	0.1829994488714275
CCDC57	na	0.07427857745610703	0.1274451639463825	0.039490602441895076	0.059278232273624214	0.0625607933962469	0.10016893672992928	0.11647935264006534
SLC16A3	na	0.0	0.0	0.0	0.0	0.0	0.0	0.0
CSNK1D	na	0.06549447566284876	0.06717981306240768	0.05605414849333433	0.051918072168303034	0.05073280824152426	0.07001061979114567	0.07990638960068917
AC132872.1	na	0.0	0.0	0.0	0.0	0.0	0.0	0.0
CD7	na	0.0	0.0	0.0	0.0	0.0	0.0	0.0
SECTM1	na	0.0	0.0	0.0	0.0	0.0	0.0	0.0
OGFOD3	na	0.0	0.0	0.0	0.0	0.0	0.0	0.0
HEXDC	na	0.0	0.0	0.0	0.0	0.0	0.0	0.0
CYBC1	na	0.0	0.0	0.0	0.0	0.0	0.0	0.0
NARF	na	0.048816345506846257	0.053678415825728625	0.04947725771841568	0.04831260980307345	0.0444299131171557	0.0642592379932412	0.07839261722419025
FOXK2	na	0.0	0.0	0.0	0.0	0.0	0.0	0.0
AC124283.1	na	0.0	0.0	0.0	0.0	0.0	0.0	0.0
WDR45B	na	0.04713848781195355	0.06932180076748351	0.044810745833987344	0.04653284135760877	0.04880609140610729	0.08005686982428234	0.08414077337073843
RAB40B	na	0.0	0.0	0.0	0.0	0.0	0.0	0.0
FN3KRP	na	0.0	0.0	0.0	0.0	0.0	0.0	0.0
FN3K	na	0.0	0.0	0.0	0.0	0.0	0.0	0.0
TBCD	na	0.04921194597133917	0.04679172591529836	0.05053046095438288	0.05607498302086794	0.046200190686573744	0.051910361689069956	0.07566690967602588
ZNF750	na	0.0	0.0	0.0	0.0	0.0	0.0	0.0
B3GNTL1	na	0.0	0.0	0.0	0.0	0.0	0.0	0.0
METRNL	na	0.0	0.0	0.0	0.0	0.0	0.0	0.0
USP14	na	0.049415883645663246	0.07668235431270098	0.057732914823031244	0.04368300472221535	0.052646344652910716	0.06112394062003955	0.09809183437351596
THOC1	na	0.0	0.0	0.0	0.0	0.0	0.0	0.0
COLEC12	na	0.0	0.0	0.0	0.0	0.0	0.0	0.0
TYMS	na	0.0	0.0	0.0	0.0	0.0	0.0	0.0
ENOSF1	na	0.0	0.0	0.0	0.0	0.0	0.0	0.0
YES1	na	0.0	0.0	0.0	0.0	0.0	0.0	0.0
AP000894.4	na	0.0	0.0	0.0	0.0	0.0	0.0	0.0
METTL4	na	0.0	0.0	0.0	0.0	0.0	0.0	0.0
NDC80	na	0.0	0.0	0.0	0.0	0.0	0.0	0.0
SMCHD1	na	0.0	0.0	0.0	0.0	0.0	0.0	0.0
EMILIN2	na	0.0	0.0	0.0	0.0	0.0	0.0	0.0
LPIN2	na	0.0	0.0	0.0	0.0	0.0	0.0	0.0
AP005329.3	na	0.0	0.0	0.0	0.0	0.0	0.0	0.0
MYL12A	na	0.09476312547275723	0.29029336581275145	0.021879105547170184	0.06791814995611761	0.09375412172703561	0.26491024800727975	0.18657991433650592
MYL12B	na	0.1539597848709958	0.38172378741640817	0.04291484883946074	0.07002224916190623	0.12087752311519322	0.3298314404276276	0.3066574895959637
TGIF1	na	0.0568066221730366	0.05828275551759378	0.04699455752921172	0.04590189183010992	0.04449867986555237	0.05762726775794614	0.07788383380837545
GAPLINC	na	0.0	0.0	0.0	0.0	0.0	0.0	0.0
DLGAP1	na	0.0	0.0	0.0	0.0	0.0	0.0	0.0
DLGAP1-AS1	na	0.0	0.0	0.0	0.0	0.0	0.0	0.0
LINC00526	na	0.0	0.0	0.0	0.0	0.0	0.0	0.0
LINC00667	na	0.0	0.0	0.0	0.0	0.0	0.0	0.0
ZBTB14	na	0.0	0.0	0.0	0.0	0.0	0.0	0.0
EPB41L3	na	0.0	0.0	0.0	0.0	0.0	0.0	0.0
L3MBTL4-AS1	na	0.0	0.0	0.0	0.0	0.0	0.0	0.0
PTPRM	na	0.0	0.0	0.0	0.0	0.0	0.0	0.0
RAB12	na	0.0	0.0	0.0	0.0	0.0	0.0	0.0
MTCL1	na	0.0	0.0	0.0	0.0	0.0	0.0	0.0
NDUFV2	na	0.10120218300847936	0.2577552034388538	0.045541088735698905	0.06176195837876996	0.0922668293515378	0.20506282830226488	0.23102058844742185
NDUFV2-AS1	na	0.0	0.0	0.0	0.0	0.0	0.0	0.0
ANKRD12	na	0.0	0.0	0.0	0.0	0.0	0.0	0.0
TWSG1	na	0.0	0.0	0.0	0.0	0.0	0.0	0.0
RALBP1	na	0.0	0.0	0.0	0.0	0.0	0.0	0.0
PPP4R1	na	0.0	0.0	0.0	0.0	0.0	0.0	0.0
RAB31	na	0.0	0.0	0.0	0.0	0.0	0.0	0.0
VAPA	na	0.07736275814189159	0.13366358879904577	0.06244719132575677	0.051946070526987395	0.06556372828457462	0.11453013744916679	0.1258732188257422
APCDD1	na	0.0	0.0	0.0	0.0	0.0	0.0	0.0
NAPG	na	0.0	0.0	0.0	0.0	0.0	0.0	0.0
PIEZO2	na	0.0	0.0	0.0	0.0	0.0	0.0	0.0
CHMP1B	na	0.05631194681797534	0.08095394549333133	0.056361317714837066	0.05600295159903497	0.05246744143713465	0.08245789889069338	0.09028026063455563
CHMP1B-AS1	na	0.0	0.0	0.0	0.0	0.0	0.0	0.0
MPPE1	na	0.0	0.0	0.0	0.0	0.0	0.0	0.0
IMPA2	na	0.0	0.0	0.0	0.0	0.0	0.0	0.0
TUBB6	na	0.0	0.0	0.0	0.0	0.0	0.0	0.0
AFG3L2	na	0.0	0.0	0.0	0.0	0.0	0.0	0.0
PRELID3A	na	0.0	0.0	0.0	0.0	0.0	0.0	0.0
SPIRE1	na	0.0	0.0	0.0	0.0	0.0	0.0	0.0
PSMG2	na	0.05662738562453635	0.11377332212342507	0.03173906880774282	0.0657509316425317	0.05578739386019649	0.09542613303307888	0.09956864012831394
CEP76	na	0.0	0.0	0.0	0.0	0.0	0.0	0.0
PTPN2	na	0.0	0.0	0.0	0.0	0.0	0.0	0.0
SEH1L	na	0.0	0.0	0.0	0.0	0.0	0.0	0.0
CEP192	na	0.0	0.0	0.0	0.0	0.0	0.0	0.0
LDLRAD4	na	0.10571525590321182	0.15886982658805787	0.07816716210132277	0.04575601389202189	0.0732180859461642	0.10508517601265466	0.1710076317993462
FAM210A	na	0.0	0.0	0.0	0.0	0.0	0.0	0.0
RNMT	na	0.0	0.0	0.0	0.0	0.0	0.0	0.0
ZNF519	na	0.0	0.0	0.0	0.0	0.0	0.0	0.0
ANKRD30B	na	0.0	0.0	0.0	0.0	0.0	0.0	0.0
ROCK1	na	0.0	0.0	0.0	0.0	0.0	0.0	0.0
GREB1L	na	0.0	0.0	0.0	0.0	0.0	0.0	0.0
ESCO1	na	0.0	0.0	0.0	0.0	0.0	0.0	0.0
SNRPD1	na	0.04644718776901804	0.10228683670289751	0.042763526007638886	0.06042990048079846	0.05286247134839177	0.08030376498653	0.10081429527220387
ABHD3	na	0.0	0.0	0.0	0.0	0.0	0.0	0.0
MIB1	na	0.0	0.0	0.0	0.0	0.0	0.0	0.0
GATA6	na	0.0	0.0	0.0	0.0	0.0	0.0	0.0
RBBP8	na	0.0	0.0	0.0	0.0	0.0	0.0	0.0
CABLES1	na	0.0	0.0	0.0	0.0	0.0	0.0	0.0
TMEM241	na	0.0	0.0	0.0	0.0	0.0	0.0	0.0
RIOK3	na	0.0	0.0	0.0	0.0	0.0	0.0	0.0
RMC1	na	0.0	0.0	0.0	0.0	0.0	0.0	0.0
NPC1	na	0.0	0.0	0.0	0.0	0.0	0.0	0.0
TTC39C	na	0.0	0.0	0.0	0.0	0.0	0.0	0.0
CABYR	na	0.0	0.0	0.0	0.0	0.0	0.0	0.0
OSBPL1A	na	0.0	0.0	0.0	0.0	0.0	0.0	0.0
IMPACT	na	0.0	0.0	0.0	0.0	0.0	0.0	0.0
ZNF521	na	0.0	0.0	0.0	0.0	0.0	0.0	0.0
SS18	na	0.0	0.0	0.0	0.0	0.0	0.0	0.0
KCTD1	na	0.0	0.0	0.0	0.0	0.0	0.0	0.0
CDH2	na	0.0	0.0	0.0	0.0	0.0	0.0	0.0
DSC2	na	0.0	0.0	0.0	0.0	0.0	0.0	0.0
DSG2	na	0.0	0.0	0.0	0.0	0.0	0.0	0.0
TRAPPC8	na	0.0	0.0	0.0	0.0	0.0	0.0	0.0
RNF138	na	0.0	0.0	0.0	0.0	0.0	0.0	0.0
GAREM1	na	0.0	0.0	0.0	0.0	0.0	0.0	0.0
DTNA	na	0.0	0.0	0.0	0.0	0.0	0.0	0.0
MAPRE2	na	0.0	0.0	0.0	0.0	0.0	0.0	0.0
ZNF397	na	0.0	0.0	0.0	0.0	0.0	0.0	0.0
ZSCAN30	na	0.0	0.0	0.0	0.0	0.0	0.0	0.0
ZNF24	na	0.05042268506585742	0.05916201104997659	0.059465416230791074	0.041020513596596093	0.04473660814666847	0.05195890048615973	0.08432652164152683
ZNF396	na	0.0	0.0	0.0	0.0	0.0	0.0	0.0
INO80C	na	0.0	0.0	0.0	0.0	0.0	0.0	0.0
GALNT1	na	0.04961678673586409	0.07548059961882567	0.052614159313983375	0.04432414532757858	0.04772723977412545	0.055341665415826004	0.08003990860221798
C18orf21	na	0.0	0.0	0.0	0.0	0.0	0.0	0.0
RPRD1A	na	0.0	0.0	0.0	0.0	0.0	0.0	0.0
SLC39A6	na	0.0	0.0	0.0	0.0	0.0	0.0	0.0
ELP2	na	0.0	0.0	0.0	0.0	0.0	0.0	0.0
AC023043.1	na	0.0	0.0	0.0	0.0	0.0	0.0	0.0
MOCOS	na	0.0	0.0	0.0	0.0	0.0	0.0	0.0
FHOD3	na	0.0	0.0	0.0	0.0	0.0	0.0	0.0
TPGS2	na	0.0	0.0	0.0	0.0	0.0	0.0	0.0
KIAA1328	na	0.0	0.0	0.0	0.0	0.0	0.0	0.0
PIK3C3	na	0.0	0.0	0.0	0.0	0.0	0.0	0.0
SETBP1	na	0.0	0.0	0.0	0.0	0.0	0.0	0.0
EPG5	na	0.0	0.0	0.0	0.0	0.0	0.0	0.0
PSTPIP2	na	0.0	0.0	0.0	0.0	0.0	0.0	0.0
ATP5F1A	na	0.06579275804872212	0.12528976662779143	0.04301246414575813	0.053243375732666416	0.05972648141165249	0.09717400188882472	0.12462949169445776
HAUS1	na	0.0	0.0	0.0	0.0	0.0	0.0	0.0
C18orf25	na	0.0	0.0	0.0	0.0	0.0	0.0	0.0
PIAS2	na	0.0	0.0	0.0	0.0	0.0	0.0	0.0
KATNAL2	na	0.0	0.0	0.0	0.0	0.0	0.0	0.0
HDHD2	na	0.0	0.0	0.0	0.0	0.0	0.0	0.0
IER3IP1	na	0.0	0.0	0.0	0.0	0.0	0.0	0.0
SMAD2	na	0.0	0.0	0.0	0.0	0.0	0.0	0.0
CTIF	na	0.0	0.0	0.0	0.0	0.0	0.0	0.0
SMAD7	na	0.0	0.0	0.0	0.0	0.0	0.0	0.0
DYM	na	0.0	0.0	0.0	0.0	0.0	0.0	0.0
C18orf32	na	0.0	0.0	0.0	0.0	0.0	0.0	0.0
RPL17	na	0.09468885346827713	0.14220338563553156	0.06448260118626013	0.10000436969836152	0.08407602489549429	0.16253022911688395	0.1527857764751559
ACAA2	na	0.0	0.0	0.0	0.0	0.0	0.0	0.0
MYO5B	na	0.0	0.0	0.0	0.0	0.0	0.0	0.0
CFAP53	na	0.0	0.0	0.0	0.0	0.0	0.0	0.0
MBD1	na	0.0	0.0	0.0	0.0	0.0	0.0	0.0
CXXC1	na	0.0	0.0	0.0	0.0	0.0	0.0	0.0
SKA1	na	0.0	0.0	0.0	0.0	0.0	0.0	0.0
MRO	na	0.0	0.0	0.0	0.0	0.0	0.0	0.0
ME2	na	0.0	0.0	0.0	0.0	0.0	0.0	0.0
ELAC1	na	0.0	0.0	0.0	0.0	0.0	0.0	0.0
SMAD4	na	0.0	0.0	0.0	0.0	0.0	0.0	0.0
MEX3C	na	0.0	0.0	0.0	0.0	0.0	0.0	0.0
MBD2	na	0.0	0.0	0.0	0.0	0.0	0.0	0.0
POLI	na	0.0	0.0	0.0	0.0	0.0	0.0	0.0
C18orf54	na	0.0	0.0	0.0	0.0	0.0	0.0	0.0
RAB27B	na	0.0	0.0	0.0	0.0	0.0	0.0	0.0
TCF4	na	0.0	0.0	0.0	0.0	0.0	0.0	0.0
TXNL1	na	0.0	0.0	0.0	0.0	0.0	0.0	0.0
WDR7	na	0.0	0.0	0.0	0.0	0.0	0.0	0.0
ONECUT2	na	0.0	0.0	0.0	0.0	0.0	0.0	0.0
FECH	na	0.0	0.0	0.0	0.0	0.0	0.0	0.0
NARS	na	0.0	0.0	0.0	0.0	0.0	0.0	0.0
ATP8B1	na	0.0	0.0	0.0	0.0	0.0	0.0	0.0
NEDD4L	na	0.0	0.0	0.0	0.0	0.0	0.0	0.0
MALT1	na	0.0	0.0	0.0	0.0	0.0	0.0	0.0
ZNF532	na	0.0	0.0	0.0	0.0	0.0	0.0	0.0
SEC11C	na	0.0	0.0	0.0	0.0	0.0	0.0	0.0
GRP	na	0.0	0.0	0.0	0.0	0.0	0.0	0.0
LMAN1	na	0.0	0.0	0.0	0.0	0.0	0.0	0.0
PMAIP1	na	0.0	0.0	0.0	0.0	0.0	0.0	0.0
RNF152	na	0.0	0.0	0.0	0.0	0.0	0.0	0.0
PIGN	na	0.0	0.0	0.0	0.0	0.0	0.0	0.0
KIAA1468	na	0.0	0.0	0.0	0.0	0.0	0.0	0.0
TNFRSF11A	na	0.0	0.0	0.0	0.0	0.0	0.0	0.0
ZCCHC2	na	0.0	0.0	0.0	0.0	0.0	0.0	0.0
PHLPP1	na	0.0	0.0	0.0	0.0	0.0	0.0	0.0
BCL2	na	0.0	0.0	0.0	0.0	0.0	0.0	0.0
KDSR	na	0.0	0.0	0.0	0.0	0.0	0.0	0.0
AC036176.1	na	0.0	0.0	0.0	0.0	0.0	0.0	0.0
VPS4B	na	0.055072554300100614	0.06107913029842623	0.046754831160439554	0.05117424713242937	0.045823920857690055	0.06715772687908267	0.07486599560731945
SERPINB8	na	0.0	0.0	0.0	0.0	0.0	0.0	0.0
DSEL	na	0.0	0.0	0.0	0.0	0.0	0.0	0.0
TMX3	na	0.0	0.0	0.0	0.0	0.0	0.0	0.0
CCDC102B	na	0.0	0.0	0.0	0.0	0.0	0.0	0.0
CD226	na	0.0	0.0	0.0	0.0	0.0	0.0	0.0
RTTN	na	0.0	0.0	0.0	0.0	0.0	0.0	0.0
SOCS6	na	0.0	0.0	0.0	0.0	0.0	0.0	0.0
LINC01909	na	0.0	0.0	0.0	0.0	0.0	0.0	0.0
TIMM21	na	0.0	0.0	0.0	0.0	0.0	0.0	0.0
CYB5A	na	0.07007586248969752	0.16871265202477265	0.02935230558770714	0.05811228671385988	0.06830812915085564	0.1345283256184537	0.13355556307484634
FAM69C	na	0.0	0.0	0.0	0.0	0.0	0.0	0.0
CNDP2	na	0.05864096472056782	0.07336282325833281	0.04102842577421169	0.043109007502310594	0.04753980882018518	0.07285884988434302	0.08213613640928005
LINC00909	na	0.0	0.0	0.0	0.0	0.0	0.0	0.0
ZNF407	na	0.0	0.0	0.0	0.0	0.0	0.0	0.0
ZADH2	na	0.0	0.0	0.0	0.0	0.0	0.0	0.0
TSHZ1	na	0.0	0.0	0.0	0.0	0.0	0.0	0.0
ZNF516	na	0.0	0.0	0.0	0.0	0.0	0.0	0.0
ZNF236	na	0.0	0.0	0.0	0.0	0.0	0.0	0.0
MBP	na	0.0	0.0	0.0	0.0	0.0	0.0	0.0
ATP9B	na	0.0	0.0	0.0	0.0	0.0	0.0	0.0
NFATC1	na	0.0	0.0	0.0	0.0	0.0	0.0	0.0
AC068473.5	na	0.0	0.0	0.0	0.0	0.0	0.0	0.0
CTDP1	na	0.0	0.0	0.0	0.0	0.0	0.0	0.0
PQLC1	na	0.0	0.0	0.0	0.0	0.0	0.0	0.0
HSBP1L1	na	0.0	0.0	0.0	0.0	0.0	0.0	0.0
TXNL4A	na	0.0	0.0	0.0	0.0	0.0	0.0	0.0
RBFA	na	0.0	0.0	0.0	0.0	0.0	0.0	0.0
ADNP2	na	0.0	0.0	0.0	0.0	0.0	0.0	0.0
PARD6G-AS1	na	0.0	0.0	0.0	0.0	0.0	0.0	0.0
PARD6G	na	0.0	0.0	0.0	0.0	0.0	0.0	0.0
DEFB126	na	0.0	0.0	0.0	0.0	0.0	0.0	0.0
C20orf96	na	0.0	0.0	0.0	0.0	0.0	0.0	0.0
ZCCHC3	na	0.0	0.0	0.0	0.0	0.0	0.0	0.0
SOX12	na	0.0	0.0	0.0	0.0	0.0	0.0	0.0
NRSN2	na	0.0	0.0	0.0	0.0	0.0	0.0	0.0
TRIB3	na	0.0	0.0	0.0	0.0	0.0	0.0	0.0
RBCK1	na	0.0	0.0	0.0	0.0	0.0	0.0	0.0
TBC1D20	na	0.0	0.0	0.0	0.0	0.0	0.0	0.0
CSNK2A1	na	0.0	0.0	0.0	0.0	0.0	0.0	0.0
SRXN1	na	0.0	0.0	0.0	0.0	0.0	0.0	0.0
SLC52A3	na	0.0	0.0	0.0	0.0	0.0	0.0	0.0
FAM110A	na	0.0	0.0	0.0	0.0	0.0	0.0	0.0
PSMF1	na	0.06350213139765222	0.05581955207944069	0.057546132451082505	0.03644308901264281	0.04518259701985012	0.04946357979300119	0.07843189325653954
TMEM74B	na	0.0	0.0	0.0	0.0	0.0	0.0	0.0
SNPH	na	0.05724288860728726	0.052332695533920164	0.06957366632031325	0.04281459126665298	0.04693084617514847	0.034528626269765814	0.0856727246014253
SDCBP2	na	0.0	0.0	0.0	0.0	0.0	0.0	0.0
SDCBP2-AS1	na	0.0	0.0	0.0	0.0	0.0	0.0	0.0
FKBP1A	na	0.08113752866424641	0.09252113598773533	0.09105181934456265	0.03253185515917209	0.06417667165004189	0.07437186096053726	0.13268443898745352
NSFL1C	na	0.0	0.0	0.0	0.0	0.0	0.0	0.0
SIRPA	na	0.0	0.0	0.0	0.0	0.0	0.0	0.0
STK35	na	0.0	0.0	0.0	0.0	0.0	0.0	0.0
TGM3	na	0.0	0.0	0.0	0.0	0.0	0.0	0.0
SNRPB	na	0.08884286603109609	0.161555804618409	0.09702160498328907	0.01305845732632789	0.076043684306211	0.10970312561763011	0.18745219630865115
ZNF343	na	0.0	0.0	0.0	0.0	0.0	0.0	0.0
NOP56	na	0.0	0.0	0.0	0.0	0.0	0.0	0.0
IDH3B	na	0.0	0.0	0.0	0.0	0.0	0.0	0.0
EBF4	na	0.0	0.0	0.0	0.0	0.0	0.0	0.0
CPXM1	na	0.0	0.0	0.0	0.0	0.0	0.0	0.0
PCED1A	na	0.0	0.0	0.0	0.0	0.0	0.0	0.0
VPS16	na	0.0	0.0	0.0	0.0	0.0	0.0	0.0
PTPRA	na	0.0	0.0	0.0	0.0	0.0	0.0	0.0
MRPS26	na	0.04559526661218331	0.06140482944727617	0.06038431837799623	0.038577144943032736	0.049093506866431665	0.04729618946186286	0.11155371451442195
UBOX5	na	0.0	0.0	0.0	0.0	0.0	0.0	0.0
FASTKD5	na	0.0	0.0	0.0	0.0	0.0	0.0	0.0
LZTS3	na	0.0	0.0	0.0	0.0	0.0	0.0	0.0
DDRGK1	na	0.0	0.0	0.0	0.0	0.0	0.0	0.0
ITPA	na	0.0	0.0	0.0	0.0	0.0	0.0	0.0
SLC4A11	na	0.0	0.0	0.0	0.0	0.0	0.0	0.0
C20orf194	na	0.0	0.0	0.0	0.0	0.0	0.0	0.0
ATRN	na	0.0	0.0	0.0	0.0	0.0	0.0	0.0
SIGLEC1	na	0.0	0.0	0.0	0.0	0.0	0.0	0.0
HSPA12B	na	0.0	0.0	0.0	0.0	0.0	0.0	0.0
C20orf27	na	0.0	0.0	0.0	0.0	0.0	0.0	0.0
SPEF1	na	0.0	0.0	0.0	0.0	0.0	0.0	0.0
CENPB	na	0.0	0.0	0.0	0.0	0.0	0.0	0.0
CDC25B	na	0.0	0.0	0.0	0.0	0.0	0.0	0.0
AP5S1	na	0.0	0.0	0.0	0.0	0.0	0.0	0.0
MAVS	na	0.0	0.0	0.0	0.0	0.0	0.0	0.0
PANK2	na	0.0	0.0	0.0	0.0	0.0	0.0	0.0
RNF24	na	0.0	0.0	0.0	0.0	0.0	0.0	0.0
SMOX	na	0.0	0.0	0.0	0.0	0.0	0.0	0.0
PRNP	na	0.0	0.0	0.0	0.0	0.0	0.0	0.0
RASSF2	na	0.0	0.0	0.0	0.0	0.0	0.0	0.0
SLC23A2	na	0.0	0.0	0.0	0.0	0.0	0.0	0.0
TMEM230	na	0.0	0.0	0.0	0.0	0.0	0.0	0.0
PCNA	na	0.04614764144552975	0.07230591435898436	0.05544977923020426	0.03511290829683526	0.04989976919722466	0.058547305009832185	0.10948113473419974
CDS2	na	0.0	0.0	0.0	0.0	0.0	0.0	0.0
LINC00654	na	0.0	0.0	0.0	0.0	0.0	0.0	0.0
GPCPD1	na	0.047113494600528584	0.052652324484110544	0.06251106035011135	0.0396807054561913	0.047625681355122705	0.039572440418223914	0.0800940561149773
SHLD1	na	0.0	0.0	0.0	0.0	0.0	0.0	0.0
TRMT6	na	0.0	0.0	0.0	0.0	0.0	0.0	0.0
MCM8	na	0.0	0.0	0.0	0.0	0.0	0.0	0.0
AL035461.2	na	0.0	0.0	0.0	0.0	0.0	0.0	0.0
CRLS1	na	0.0	0.0	0.0	0.0	0.0	0.0	0.0
TMX4	na	0.0	0.0	0.0	0.0	0.0	0.0	0.0
PLCB1	na	0.0	0.0	0.0	0.0	0.0	0.0	0.0
PLCB4	na	0.0	0.0	0.0	0.0	0.0	0.0	0.0
LAMP5	na	0.0	0.0	0.0	0.0	0.0	0.0	0.0
ANKEF1	na	0.0	0.0	0.0	0.0	0.0	0.0	0.0
MKKS	na	0.0	0.0	0.0	0.0	0.0	0.0	0.0
SLX4IP	na	0.0	0.0	0.0	0.0	0.0	0.0	0.0
JAG1	na	0.0	0.0	0.0	0.0	0.0	0.0	0.0
BTBD3	na	0.0	0.0	0.0	0.0	0.0	0.0	0.0
SPTLC3	na	0.0	0.0	0.0	0.0	0.0	0.0	0.0
ISM1	na	0.0	0.0	0.0	0.0	0.0	0.0	0.0
TASP1	na	0.0	0.0	0.0	0.0	0.0	0.0	0.0
ESF1	na	0.0	0.0	0.0	0.0	0.0	0.0	0.0
NDUFAF5	na	0.0	0.0	0.0	0.0	0.0	0.0	0.0
MACROD2	na	0.0	0.0	0.0	0.0	0.0	0.0	0.0
FLRT3	na	0.0	0.0	0.0	0.0	0.0	0.0	0.0
KIF16B	na	0.0	0.0	0.0	0.0	0.0	0.0	0.0
SNRPB2	na	0.0	0.0	0.0	0.0	0.0	0.0	0.0
OTOR	na	0.0	0.0	0.0	0.0	0.0	0.0	0.0
BFSP1	na	0.0	0.0	0.0	0.0	0.0	0.0	0.0
DSTN	na	0.1200699991158012	0.19235650829132897	0.09596539449923344	0.009635296882894662	0.07957298135389357	0.11247387041119543	0.226880436531109
RRBP1	na	0.04237313774922188	0.05709808886202841	0.055584007869255984	0.04138606866430008	0.04501101910422413	0.05864371912917115	0.08308546853383648
SNX5	na	0.0	0.0	0.0	0.0	0.0	0.0	0.0
OVOL2	na	0.0	0.0	0.0	0.0	0.0	0.0	0.0
MGME1	na	0.0	0.0	0.0	0.0	0.0	0.0	0.0
PET117	na	0.0	0.0	0.0	0.0	0.0	0.0	0.0
KAT14	na	0.0	0.0	0.0	0.0	0.0	0.0	0.0
ZNF133	na	0.0	0.0	0.0	0.0	0.0	0.0	0.0
DZANK1	na	0.0	0.0	0.0	0.0	0.0	0.0	0.0
POLR3F	na	0.0	0.0	0.0	0.0	0.0	0.0	0.0
RBBP9	na	0.0	0.0	0.0	0.0	0.0	0.0	0.0
SEC23B	na	0.0	0.0	0.0	0.0	0.0	0.0	0.0
SMIM26	na	0.04751472801064679	0.08173132211547417	0.05228291764576389	0.043193694704388934	0.04921373043685678	0.05504613695761451	0.10665845023027198
DTD1	na	0.0	0.0	0.0	0.0	0.0	0.0	0.0
SLC24A3	na	0.0	0.0	0.0	0.0	0.0	0.0	0.0
AL121761.1	na	0.0	0.0	0.0	0.0	0.0	0.0	0.0
RIN2	na	0.0	0.0	0.0	0.0	0.0	0.0	0.0
NAA20	na	0.0	0.0	0.0	0.0	0.0	0.0	0.0
CRNKL1	na	0.0	0.0	0.0	0.0	0.0	0.0	0.0
CFAP61	na	0.0	0.0	0.0	0.0	0.0	0.0	0.0
RALGAPA2	na	0.0	0.0	0.0	0.0	0.0	0.0	0.0
KIZ	na	0.0	0.0	0.0	0.0	0.0	0.0	0.0
XRN2	na	0.0	0.0	0.0	0.0	0.0	0.0	0.0
NKX2-2	na	0.0	0.0	0.0	0.0	0.0	0.0	0.0
THBD	na	0.0	0.0	0.0	0.0	0.0	0.0	0.0
CD93	na	0.0	0.0	0.0	0.0	0.0	0.0	0.0
NXT1	na	0.0	0.0	0.0	0.0	0.0	0.0	0.0
LINC01431	na	0.0	0.0	0.0	0.0	0.0	0.0	0.0
GZF1	na	0.0	0.0	0.0	0.0	0.0	0.0	0.0
NAPB	na	0.0	0.0	0.0	0.0	0.0	0.0	0.0
CST3	na	0.29692611465548086	0.41930052359217196	0.19196484270260145	0.04714726776044257	0.18373771684297321	0.32699064223091534	0.4848666227909394
CST2	na	0.0	0.0	0.0	0.0	0.0	0.0	0.0
CST5	na	0.0	0.0	0.0	0.0	0.0	0.0	0.0
SYNDIG1	na	0.0	0.0	0.0	0.0	0.0	0.0	0.0
AL035661.1	na	0.0	0.0	0.0	0.0	0.0	0.0	0.0
CST7	na	0.0	0.0	0.0	0.0	0.0	0.0	0.0
APMAP	na	0.07868234947821866	0.10479229388169244	0.07536987392965157	0.04097414730755139	0.06466327200455654	0.08882268935892283	0.12445606916277226
ACSS1	na	0.05819804757233384	0.04495415794322839	0.0670655772485948	0.05235146503882165	0.047435279688248524	0.0455785943895048	0.07558015651633783
ENTPD6	na	0.0	0.0	0.0	0.0	0.0	0.0	0.0
PYGB	na	0.0	0.0	0.0	0.0	0.0	0.0	0.0
ABHD12	na	0.0	0.0	0.0	0.0	0.0	0.0	0.0
GINS1	na	0.0	0.0	0.0	0.0	0.0	0.0	0.0
NINL	na	0.0	0.0	0.0	0.0	0.0	0.0	0.0
NANP	na	0.0	0.0	0.0	0.0	0.0	0.0	0.0
ZNF337	na	0.0	0.0	0.0	0.0	0.0	0.0	0.0
AL390198.1	na	0.0	0.0	0.0	0.0	0.0	0.0	0.0
HM13	na	0.07214865214118807	0.1264645047457898	0.05689502317547734	0.08837229850717605	0.0712376115352551	0.10834442551061332	0.12746277192938416
ID1	na	0.0	0.0	0.0	0.0	0.0	0.0	0.0
COX4I2	na	0.0	0.0	0.0	0.0	0.0	0.0	0.0
BCL2L1	na	0.0	0.0	0.0	0.0	0.0	0.0	0.0
TPX2	na	0.0	0.0	0.0	0.0	0.0	0.0	0.0
FOXS1	na	0.0	0.0	0.0	0.0	0.0	0.0	0.0
DUSP15	na	0.0	0.0	0.0	0.0	0.0	0.0	0.0
PDRG1	na	0.0	0.0	0.0	0.0	0.0	0.0	0.0
CCM2L	na	0.0	0.0	0.0	0.0	0.0	0.0	0.0
HCK	na	0.0	0.0	0.0	0.0	0.0	0.0	0.0
TM9SF4	na	0.0	0.0	0.0	0.0	0.0	0.0	0.0
PLAGL2	na	0.0	0.0	0.0	0.0	0.0	0.0	0.0
POFUT1	na	0.0	0.0	0.0	0.0	0.0	0.0	0.0
KIF3B	na	0.0	0.0	0.0	0.0	0.0	0.0	0.0
ASXL1	na	0.0	0.0	0.0	0.0	0.0	0.0	0.0
NOL4L	na	0.0	0.0	0.0	0.0	0.0	0.0	0.0
COMMD7	na	0.04943232635006091	0.08932820118154004	0.051867848566488114	0.04736014382571349	0.04930865438398951	0.06913542138531545	0.09697033386692991
DNMT3B	na	0.0	0.0	0.0	0.0	0.0	0.0	0.0
MAPRE1	na	0.0475464904295981	0.07671131690459954	0.041118150254117226	0.047558352817811525	0.04815917440027309	0.08826494809648851	0.0946042449761063
AL035071.1	na	0.0	0.0	0.0	0.0	0.0	0.0	0.0
BPIFB1	na	0.0	0.0	0.0	0.0	0.0	0.0	0.0
CDK5RAP1	na	0.0	0.0	0.0	0.0	0.0	0.0	0.0
SNTA1	na	0.0	0.0	0.0	0.0	0.0	0.0	0.0
CBFA2T2	na	0.0	0.0	0.0	0.0	0.0	0.0	0.0
AL121906.2	na	0.0	0.0	0.0	0.0	0.0	0.0	0.0
NECAB3	na	0.05988884799119351	0.06968845809450472	0.05105933177461421	0.04755121829047661	0.04593268030554042	0.04351796161618778	0.08181161861741999
ACTL10	na	0.0	0.0	0.0	0.0	0.0	0.0	0.0
E2F1	na	0.0	0.0	0.0	0.0	0.0	0.0	0.0
PXMP4	na	0.0	0.0	0.0	0.0	0.0	0.0	0.0
ZNF341	na	0.0	0.0	0.0	0.0	0.0	0.0	0.0
CHMP4B	na	0.04420941463053337	0.06102372970547754	0.05444654221830964	0.0406659693642965	0.045041677560993865	0.06546660325068925	0.0773551401536504
AL034549.1	na	0.0	0.0	0.0	0.0	0.0	0.0	0.0
RALY	na	0.07402440411792455	0.11355193614544755	0.06609131463860216	0.04157906693972921	0.06249487602728568	0.11221008730621823	0.11691157738889854
EIF2S2	na	0.0671463761207476	0.13772194173484414	0.03351956089268025	0.057070789059045085	0.06611788784480085	0.13378811882390843	0.1223997727792084
AHCY	na	0.04488115477497742	0.09842447588809859	0.04627314374096407	0.044516272806104436	0.05236323384661744	0.07782516898408465	0.09178449545751927
ITCH	na	0.0	0.0	0.0	0.0	0.0	0.0	0.0
DYNLRB1	na	0.13398318167041287	0.22591924113002276	0.035678228225538317	0.059370368191375145	0.08863030283938388	0.21685783068372355	0.182263984242187
MAP1LC3A	na	0.03818513724584793	0.0851909672276252	0.060284016864980375	0.04059912552581247	0.05082152693320724	0.07072119301994306	0.10169851551442796
PIGU	na	0.0	0.0	0.0	0.0	0.0	0.0	0.0
NCOA6	na	0.0	0.0	0.0	0.0	0.0	0.0	0.0
TP53INP2	na	0.0	0.0	0.0	0.0	0.0	0.0	0.0
GGT7	na	0.0	0.0	0.0	0.0	0.0	0.0	0.0
ACSS2	na	0.0	0.0	0.0	0.0	0.0	0.0	0.0
GSS	na	0.0	0.0	0.0	0.0	0.0	0.0	0.0
TRPC4AP	na	0.0	0.0	0.0	0.0	0.0	0.0	0.0
EDEM2	na	0.0	0.0	0.0	0.0	0.0	0.0	0.0
PROCR	na	0.0	0.0	0.0	0.0	0.0	0.0	0.0
MMP24OS	na	0.06027703040469087	0.08587444784761139	0.06657765546638085	0.03689252696675674	0.0528615108183039	0.09351820881811342	0.1048998292772469
EIF6	na	0.05550186919089358	0.10835421293582674	0.061275142429075724	0.04716726439724597	0.05341865560948921	0.07492118328615141	0.10311136855188482
UQCC1	na	0.0	0.0	0.0	0.0	0.0	0.0	0.0
CEP250	na	0.0	0.0	0.0	0.0	0.0	0.0	0.0
ERGIC3	na	0.07744446339984713	0.1070657566017504	0.05178045437928514	0.07175970966853053	0.061003768748404234	0.08929495173138428	0.10397437279559811
SPAG4	na	0.0	0.0	0.0	0.0	0.0	0.0	0.0
CPNE1	na	0.0	0.0	0.0	0.0	0.0	0.0	0.0
RBM12	na	0.0	0.0	0.0	0.0	0.0	0.0	0.0
NFS1	na	0.0	0.0	0.0	0.0	0.0	0.0	0.0
ROMO1	na	0.1635914165449652	0.43931082354423456	0.05119143980466041	0.0963675403851253	0.14301546843105878	0.35975704504814304	0.39040619349992545
RBM39	na	0.059894787358813976	0.11247812819038698	0.06189955711685912	0.059152319945666165	0.06521883882962512	0.1116018893776237	0.11893266652686424
PHF20	na	0.04855659193311367	0.07610642323718218	0.04115350798618888	0.050570570761514076	0.04296147014994307	0.04495123112348141	0.07981980406273542
SCAND1	na	0.06460679581905521	0.12932587200577192	0.05141856439572178	0.07029780176117831	0.0679283952432619	0.10841858270506176	0.1295629002257116
CNBD2	na	0.0	0.0	0.0	0.0	0.0	0.0	0.0
NORAD	na	0.10456216753402234	0.14677323276001028	0.1280344345951267	0.09757683362977543	0.1017395375794405	0.14715739939051747	0.20927495897177137
AL035420.3	na	0.0	0.0	0.0	0.0	0.0	0.0	0.0
EPB41L1	na	0.0	0.0	0.0	0.0	0.0	0.0	0.0
AAR2	na	0.0	0.0	0.0	0.0	0.0	0.0	0.0
DLGAP4	na	0.049545622603296494	0.06550261725808061	0.056552495852732365	0.04700232599771448	0.046169057357524704	0.050125364732769455	0.0816334153203016
MYL9	na	0.12491000274053425	0.23590495940995776	0.07972455662933567	0.025032049811247525	0.09949296055164357	0.18781444329716615	0.2666390964401149
TGIF2	na	0.0	0.0	0.0	0.0	0.0	0.0	0.0
RAB5IF	na	0.060967314571160794	0.10063883742632278	0.05017990820964658	0.0513395810995756	0.058079691488986965	0.09569659574538238	0.10419866741507047
SLA2	na	0.0	0.0	0.0	0.0	0.0	0.0	0.0
NDRG3	na	0.0	0.0	0.0	0.0	0.0	0.0	0.0
DSN1	na	0.0	0.0	0.0	0.0	0.0	0.0	0.0
SOGA1	na	0.0	0.0	0.0	0.0	0.0	0.0	0.0
SAMHD1	na	0.0	0.0	0.0	0.0	0.0	0.0	0.0
RBL1	na	0.0	0.0	0.0	0.0	0.0	0.0	0.0
RPN2	na	0.15091909432280326	0.16674809348720473	0.11937620861032856	0.14600590759272514	0.11915531682271546	0.19516654275543074	0.20177638100299025
GHRH	na	0.0	0.0	0.0	0.0	0.0	0.0	0.0
MANBAL	na	0.0	0.0	0.0	0.0	0.0	0.0	0.0
SRC	na	0.0	0.0	0.0	0.0	0.0	0.0	0.0
BLCAP	na	0.0	0.0	0.0	0.0	0.0	0.0	0.0
CTNNBL1	na	0.0	0.0	0.0	0.0	0.0	0.0	0.0
TTI1	na	0.0	0.0	0.0	0.0	0.0	0.0	0.0
RPRD1B	na	0.0	0.0	0.0	0.0	0.0	0.0	0.0
TGM2	na	0.0	0.0	0.0	0.0	0.0	0.0	0.0
KIAA1755	na	0.0	0.0	0.0	0.0	0.0	0.0	0.0
RALGAPB	na	0.0	0.0	0.0	0.0	0.0	0.0	0.0
ARHGAP40	na	0.0	0.0	0.0	0.0	0.0	0.0	0.0
ACTR5	na	0.0	0.0	0.0	0.0	0.0	0.0	0.0
PPP1R16B	na	0.0	0.0	0.0	0.0	0.0	0.0	0.0
FAM83D	na	0.0	0.0	0.0	0.0	0.0	0.0	0.0
AL023803.1	na	0.0	0.0	0.0	0.0	0.0	0.0	0.0
DHX35	na	0.0	0.0	0.0	0.0	0.0	0.0	0.0
MAFB	na	0.0	0.0	0.0	0.0	0.0	0.0	0.0
TOP1	na	0.054124125691087856	0.10945078537473713	0.0437135942628139	0.05142485026583157	0.057586884492366895	0.09591586975655823	0.10993426934740186
PLCG1	na	0.0	0.0	0.0	0.0	0.0	0.0	0.0
ZHX3	na	0.0	0.0	0.0	0.0	0.0	0.0	0.0
LPIN3	na	0.0	0.0	0.0	0.0	0.0	0.0	0.0
CHD6	na	0.0	0.0	0.0	0.0	0.0	0.0	0.0
PTPRT	na	0.0	0.0	0.0	0.0	0.0	0.0	0.0
SRSF6	na	0.051460742593577594	0.07910951223568832	0.06185107548503786	0.05465177986061768	0.05237041195788165	0.06765957968470185	0.08734731047522253
IFT52	na	0.0	0.0	0.0	0.0	0.0	0.0	0.0
MYBL2	na	0.0	0.0	0.0	0.0	0.0	0.0	0.0
JPH2	na	0.0	0.0	0.0	0.0	0.0	0.0	0.0
OSER1	na	0.0	0.0	0.0	0.0	0.0	0.0	0.0
OSER1-DT	na	0.0	0.0	0.0	0.0	0.0	0.0	0.0
FITM2	na	0.0	0.0	0.0	0.0	0.0	0.0	0.0
TTPAL	na	0.0	0.0	0.0	0.0	0.0	0.0	0.0
SERINC3	na	0.08314228093657963	0.1116847833786587	0.08734686619835791	0.06802948108381206	0.07546881476575006	0.13649217983146705	0.14517843323572951
PKIG	na	0.0	0.0	0.0	0.0	0.0	0.0	0.0
ADA	na	0.0	0.0	0.0	0.0	0.0	0.0	0.0
WISP2	na	0.0	0.0	0.0	0.0	0.0	0.0	0.0
RIMS4	na	0.0	0.0	0.0	0.0	0.0	0.0	0.0
YWHAB	na	0.09103143222337008	0.21757384872564042	0.048263039234908	0.053464014887949066	0.08979475547656575	0.218789430886374	0.20043917035880682
PABPC1L	na	0.0	0.0	0.0	0.0	0.0	0.0	0.0
TOMM34	na	0.0	0.0	0.0	0.0	0.0	0.0	0.0
STK4	na	0.0	0.0	0.0	0.0	0.0	0.0	0.0
SLPI	na	0.0	0.0	0.0	0.0	0.0	0.0	0.0
SDC4	na	0.062251795827461806	0.10349748990594267	0.08506295590985673	0.056847418369413726	0.0712925470388086	0.09506154870111001	0.13291462993843867
SYS1	na	0.0	0.0	0.0	0.0	0.0	0.0	0.0
PIGT	na	0.05711964065402277	0.0759527217540803	0.061101149062899894	0.0450389768390174	0.05121745019638177	0.07372101608813333	0.09369898906644636
WFDC2	na	0.0	0.0	0.0	0.0	0.0	0.0	0.0
WFDC3	na	0.0	0.0	0.0	0.0	0.0	0.0	0.0
DNTTIP1	na	0.0	0.0	0.0	0.0	0.0	0.0	0.0
UBE2C	na	0.055836964737194905	0.11201128218924142	0.05198643636394947	0.052447023417702784	0.05359345064549596	0.1054884749982291	0.10965518920032671
TNNC2	na	0.0	0.0	0.0	0.0	0.0	0.0	0.0
SNX21	na	0.0	0.0	0.0	0.0	0.0	0.0	0.0
ACOT8	na	0.0	0.0	0.0	0.0	0.0	0.0	0.0
ZSWIM3	na	0.0	0.0	0.0	0.0	0.0	0.0	0.0
ZSWIM1	na	0.0	0.0	0.0	0.0	0.0	0.0	0.0
NEURL2	na	0.0	0.0	0.0	0.0	0.0	0.0	0.0
CTSA	na	0.06634145112638493	0.08127314194018471	0.06036369730465887	0.044749076879531995	0.055897622608356796	0.10543022731108849	0.09873783308168325
PLTP	na	0.0	0.0	0.0	0.0	0.0	0.0	0.0
PCIF1	na	0.0	0.0	0.0	0.0	0.0	0.0	0.0
ZNF335	na	0.0	0.0	0.0	0.0	0.0	0.0	0.0
MMP9	na	0.0	0.0	0.0	0.0	0.0	0.0	0.0
SLC12A5	na	0.0	0.0	0.0	0.0	0.0	0.0	0.0
NCOA5	na	0.0	0.0	0.0	0.0	0.0	0.0	0.0
CD40	na	0.0	0.0	0.0	0.0	0.0	0.0	0.0
SLC35C2	na	0.0	0.0	0.0	0.0	0.0	0.0	0.0
ELMO2	na	0.0	0.0	0.0	0.0	0.0	0.0	0.0
SLC13A3	na	0.0	0.0	0.0	0.0	0.0	0.0	0.0
TP53RK	na	0.0	0.0	0.0	0.0	0.0	0.0	0.0
SLC2A10	na	0.05054032480999906	0.06745041965689208	0.04722343211642554	0.046663132506109574	0.04723862293371485	0.05660814942827704	0.07745051511795252
EYA2	na	0.0	0.0	0.0	0.0	0.0	0.0	0.0
ZMYND8	na	0.05507259497094743	0.11182789154658156	0.06550134528032513	0.056623986083458595	0.06185794048690978	0.11003173784783478	0.10483931159737264
NCOA3	na	0.0	0.0	0.0	0.0	0.0	0.0	0.0
SULF2	na	0.04401288341447508	0.0553912335156404	0.05823121795504489	0.04066379410694324	0.04703876804542372	0.04982219943426246	0.08335410417705724
PREX1	na	0.0	0.0	0.0	0.0	0.0	0.0	0.0
ARFGEF2	na	0.0	0.0	0.0	0.0	0.0	0.0	0.0
CSE1L	na	0.05015145238233321	0.0886098636396621	0.03905773100567122	0.05251233666754361	0.048832824797991455	0.07042556381966153	0.09104790709704572
STAU1	na	0.04701243350867183	0.07845723471078028	0.04563804160789514	0.048129537033451596	0.04911507609506111	0.07457732185294175	0.08688198052078988
DDX27	na	0.0	0.0	0.0	0.0	0.0	0.0	0.0
ZNFX1	na	0.0	0.0	0.0	0.0	0.0	0.0	0.0
ZFAS1	na	0.08191994937575188	0.2574404905236959	3.2342943704375945e-23	0.1021445655852974	0.08211209576766282	0.2295069260516835	0.16102198259625364
PTGIS	na	0.0	0.0	0.0	0.0	0.0	0.0	0.0
B4GALT5	na	0.0	0.0	0.0	0.0	0.0	0.0	0.0
SLC9A8	na	0.0	0.0	0.0	0.0	0.0	0.0	0.0
SPATA2	na	0.0	0.0	0.0	0.0	0.0	0.0	0.0
RNF114	na	0.0616588668705649	0.10413842229051146	0.04580266226022685	0.06398904005086423	0.054776551272026665	0.08001776524007573	0.09850146844552167
SNAI1	na	0.0	0.0	0.0	0.0	0.0	0.0	0.0
UBE2V1	na	0.0	0.0	0.0	0.0	0.0	0.0	0.0
TMEM189	na	0.049481881952389166	0.06314628017165647	0.05764743070145786	0.048320984691486664	0.04492506700682685	0.0673906326106055	0.08459629613541982
CEBPB	na	0.06551202695212958	0.10916902367251688	0.06332934096865776	0.04778274066716446	0.059479387204414126	0.09460704365865258	0.1164791466993088
SMIM25	na	0.0	0.0	0.0	0.0	0.0	0.0	0.0
PTPN1	na	0.0	0.0	0.0	0.0	0.0	0.0	0.0
PARD6B	na	0.0	0.0	0.0	0.0	0.0	0.0	0.0
BCAS4	na	0.0	0.0	0.0	0.0	0.0	0.0	0.0
ADNP	na	0.06296899641728229	0.09624297746681572	0.05719207263344401	0.051756474360299204	0.05402188583017812	0.07394552885733365	0.09950525653268164
DPM1	na	0.0	0.0	0.0	0.0	0.0	0.0	0.0
MOCS3	na	0.0	0.0	0.0	0.0	0.0	0.0	0.0
NFATC2	na	0.0	0.0	0.0	0.0	0.0	0.0	0.0
ATP9A	na	0.053974651450682976	0.047118770005012606	0.06930195969849236	0.06529321894894806	0.05712248750631103	0.07085503187992467	0.09009743077559135
SALL4	na	0.0	0.0	0.0	0.0	0.0	0.0	0.0
ZFP64	na	0.0	0.0	0.0	0.0	0.0	0.0	0.0
TSHZ2	na	0.0	0.0	0.0	0.0	0.0	0.0	0.0
AL354993.2	na	0.0	0.0	0.0	0.0	0.0	0.0	0.0
ZNF217	na	0.1145453439277741	0.13261742099545754	0.11692111004395453	0.06860214076375822	0.09402192190117385	0.13319741900393392	0.1736574242663373
BCAS1	na	0.0	0.0	0.0	0.0	0.0	0.0	0.0
PFDN4	na	0.04434209823289337	0.09432867881647128	0.03449766204449873	0.050682541111842304	0.05071942634675814	0.0800458018493013	0.09287402417588012
FAM210B	na	0.07723891975979957	0.12575419735828702	0.0613768417100469	0.06347803729392876	0.06828448097401697	0.10590226608256885	0.1303540853274405
AURKA	na	0.0	0.0	0.0	0.0	0.0	0.0	0.0
CSTF1	na	0.0	0.0	0.0	0.0	0.0	0.0	0.0
RTF2	na	0.05020237752087354	0.08523278239555913	0.04609505105353509	0.056015219345922386	0.0525524271310532	0.07793183800384597	0.10214489819838207
FAM209B	na	0.0	0.0	0.0	0.0	0.0	0.0	0.0
TFAP2C	na	0.050411991971388556	0.06736236193898204	0.056082822574543265	0.04774925160543917	0.047794950309560824	0.06700395589461376	0.08601286970623058
BMP7	na	0.0	0.0	0.0	0.0	0.0	0.0	0.0
RAE1	na	0.04402241001606678	0.07695469460546385	0.04318514167338494	0.057467327350263324	0.04555193128303098	0.056010429310199526	0.07815568233008742
MTRNR2L3	na	0.0	0.0	0.0	0.0	0.0	0.0	0.0
RBM38	na	0.0	0.0	0.0	0.0	0.0	0.0	0.0
PCK1	na	0.0	0.0	0.0	0.0	0.0	0.0	0.0
ZBP1	na	0.0	0.0	0.0	0.0	0.0	0.0	0.0
PMEPA1	na	0.07747737667948473	0.1255425809980284	0.04675311134420661	0.05916307673216597	0.063347837754574	0.10350466354166597	0.12215644891471227
NKILA	na	0.0	0.0	0.0	0.0	0.0	0.0	0.0
RAB22A	na	0.04322261807882348	0.07737425753258359	0.05076775369333456	0.034285385804446775	0.046218793395423285	0.06522460183607279	0.08440276777539471
VAPB	na	0.0	0.0	0.0	0.0	0.0	0.0	0.0
STX16	na	0.0	0.0	0.0	0.0	0.0	0.0	0.0
NPEPL1	na	0.0	0.0	0.0	0.0	0.0	0.0	0.0
GNAS	na	0.515629845166616	1.0805284316143748	0.3095448756557578	0.045812401549105056	0.3614102374654567	0.9675363242725429	1.1313532862585898
NELFCD	na	0.05115942320709884	0.08387490114127562	0.059809575154699486	0.04285674588491779	0.05281577552195493	0.067238017080949	0.097517630647834
CTSZ	na	0.0	0.0	0.0	0.0	0.0	0.0	0.0
ATP5F1E	na	0.9041690656897217	2.6043369661360116	1.1112725627600972e-20	0.27742879599860243	0.5510863752426296	2.0228339426952187	1.7100652988772322
PRELID3B	na	0.037165111666190874	0.08901779825445719	0.06263841741790947	0.04116328816254321	0.051783814303009455	0.0828681852983236	0.10949160476459815
SYCP2	na	0.06419246574647018	0.08557272582864658	0.07034056158129319	0.026988724209485553	0.056347680187559306	0.08131635151670759	0.1169908940716342
FAM217B	na	0.0	0.0	0.0	0.0	0.0	0.0	0.0
PPP1R3D	na	0.0	0.0	0.0	0.0	0.0	0.0	0.0
TAF4	na	0.0	0.0	0.0	0.0	0.0	0.0	0.0
AL137077.2	na	0.0	0.0	0.0	0.0	0.0	0.0	0.0
LSM14B	na	0.0	0.0	0.0	0.0	0.0	0.0	0.0
PSMA7	na	0.160218185806679	0.4968598072227928	3.032072540578604e-20	0.15888007737790177	0.13979268552979454	0.37591930995388273	0.3308732691968493
SS18L1	na	0.0	0.0	0.0	0.0	0.0	0.0	0.0
MTG2	na	0.0	0.0	0.0	0.0	0.0	0.0	0.0
HRH3	na	0.0	0.0	0.0	0.0	0.0	0.0	0.0
OSBPL2	na	0.044161187191433394	0.07527508708365659	0.05618972203935287	0.05657092487820831	0.04902694444728861	0.05618830976139765	0.09295594469192303
ADRM1	na	0.08179169219962162	0.14186366002102768	0.06600451191644298	0.056437259992937576	0.07073662978612798	0.1325830051384296	0.15955255085288725
AL354836.1	na	0.0	0.0	0.0	0.0	0.0	0.0	0.0
LAMA5	na	0.05568148061309278	0.05860984116077701	0.055742738043266446	0.06156269921137997	0.052114091612189876	0.062038685922526676	0.0797607538748947
AL121832.2	na	0.0	0.0	0.0	0.0	0.0	0.0	0.0
RPS21	na	1.925555070074396	4.831478555676548	0.20875899560479436	0.006845762870948132	1.086888007277256	3.942562999932864	4.019383611914678
CABLES2	na	0.0	0.0	0.0	0.0	0.0	0.0	0.0
RBBP8NL	na	0.0	0.0	0.0	0.0	0.0	0.0	0.0
AL121832.1	na	0.0	0.0	0.0	0.0	0.0	0.0	0.0
SLCO4A1	na	0.0	0.0	0.0	0.0	0.0	0.0	0.0
MRGBP	na	0.0	0.0	0.0	0.0	0.0	0.0	0.0
OGFR	na	0.05265780448128811	0.07959848765868663	0.05112345121829611	0.0524318786260546	0.05027944031518957	0.06317156887922404	0.08571394696909868
COL9A3	na	0.0	0.0	0.0	0.0	0.0	0.0	0.0
TCFL5	na	0.0	0.0	0.0	0.0	0.0	0.0	0.0
DIDO1	na	0.0567529362713648	0.06138811817041252	0.061597438532827585	0.035206119179773745	0.04587472935620467	0.060417428532785776	0.07589596103376033
AL117379.1	na	0.0	0.0	0.0	0.0	0.0	0.0	0.0
GID8	na	0.06394780265409537	0.08548432560429772	0.06183608112017897	0.06242640395907492	0.05730810706621268	0.07454821160516517	0.10425881605524491
SLC17A9	na	0.0	0.0	0.0	0.0	0.0	0.0	0.0
YTHDF1	na	0.045221924236306325	0.07673275656692388	0.054820811839515655	0.04640037530401743	0.046322307837502144	0.06151092095492924	0.08759354705281273
ARFGAP1	na	0.06300386744740868	0.038951159808240834	0.07315432260958214	0.061305613855227106	0.049128345754073814	0.05206591659963381	0.06851620781346611
AL121827.1	na	0.0	0.0	0.0	0.0	0.0	0.0	0.0
KCNQ2	na	0.0	0.0	0.0	0.0	0.0	0.0	0.0
EEF1A2	na	0.0709015935212838	0.07814613656470877	0.0995872838838879	0.06340485619696942	0.07194502604799076	0.08540037539412422	0.145172422981468
PPDPF	na	0.32765684982370363	0.38126927146100725	0.4547792894120788	0.2775106069878987	0.3231523531792938	0.5037671193061408	0.5984676957092269
PTK6	na	0.0	0.0	0.0	0.0	0.0	0.0	0.0
AL121829.2	na	0.0	0.0	0.0	0.0	0.0	0.0	0.0
HELZ2	na	0.0	0.0	0.0	0.0	0.0	0.0	0.0
GMEB2	na	0.0	0.0	0.0	0.0	0.0	0.0	0.0
MHENCR	na	0.0	0.0	0.0	0.0	0.0	0.0	0.0
STMN3	na	0.0	0.0	0.0	0.0	0.0	0.0	0.0
ARFRP1	na	0.054670395924488906	0.06288573456027338	0.058119614482084025	0.07328644495349337	0.05523271088594879	0.054012866799152286	0.09071618579431553
SLC2A4RG	na	0.09385425164763113	0.1329598996198616	0.10887112003363769	0.09650431086244869	0.09499037041600507	0.11949991150327745	0.1515945273429612
ZBTB46	na	0.0	0.0	0.0	0.0	0.0	0.0	0.0
AL121845.1	na	0.0	0.0	0.0	0.0	0.0	0.0	0.0
AL118506.1	na	0.0	0.0	0.0	0.0	0.0	0.0	0.0
TPD52L2	na	0.0784181005437289	0.12352395087191166	0.06821780452873367	0.05296465587640845	0.0696752852986098	0.11821692805870451	0.1455564520761233
DNAJC5	na	0.04925796016844533	0.059293741572823876	0.05744140734786058	0.06377704184931597	0.054517116115291066	0.06483035028236428	0.09336756200160519
UCKL1	na	0.05415388113686426	0.07765254240584116	0.047829489971094805	0.06124269030958892	0.05196653666465532	0.06965231745805464	0.09436109012350834
ZNF512B	na	0.0	0.0	0.0	0.0	0.0	0.0	0.0
SAMD10	na	0.0	0.0	0.0	0.0	0.0	0.0	0.0
PRPF6	na	0.08832490052265018	0.13695854040490685	0.09886682494402095	0.06466548468373569	0.08217796516803827	0.12051044716456687	0.1659157584777794
C20orf204	na	0.0	0.0	0.0	0.0	0.0	0.0	0.0
SOX18	na	0.0	0.0	0.0	0.0	0.0	0.0	0.0
TCEA2	na	0.0	0.0	0.0	0.0	0.0	0.0	0.0
RGS19	na	0.0	0.0	0.0	0.0	0.0	0.0	0.0
LKAAEAR1	na	0.0	0.0	0.0	0.0	0.0	0.0	0.0
MYT1	na	0.0	0.0	0.0	0.0	0.0	0.0	0.0
PCMTD2	na	0.05579741456409733	0.07000474207595588	0.06900850380445997	0.0587161984190649	0.05457825145229785	0.06433722919055981	0.08955140047977864
AC016588.2	na	0.0	0.0	0.0	0.0	0.0	0.0	0.0
PLPP2	na	0.09787076397478546	0.16233288351767644	0.09438341598048318	0.04835036409618718	0.08636884763912112	0.15380126908694325	0.19121490153751527
MIER2	na	0.0	0.0	0.0	0.0	0.0	0.0	0.0
C2CD4C	na	0.0	0.0	0.0	0.0	0.0	0.0	0.0
SHC2	na	0.0	0.0	0.0	0.0	0.0	0.0	0.0
TPGS1	na	0.0	0.0	0.0	0.0	0.0	0.0	0.0
CDC34	na	0.060007817413694965	0.08118056555094919	0.059267061114181424	0.04173176607119711	0.05016257654660356	0.07483587914260735	0.09322756576429077
GZMM	na	0.0	0.0	0.0	0.0	0.0	0.0	0.0
AC009005.1	na	0.0	0.0	0.0	0.0	0.0	0.0	0.0
BSG	na	0.2151504628608873	0.33197780316198416	0.2078089314383399	0.18852187293913936	0.19996143925736928	0.34568565281892305	0.4286832728782227
HCN2	na	0.0	0.0	0.0	0.0	0.0	0.0	0.0
POLRMT	na	0.0	0.0	0.0	0.0	0.0	0.0	0.0
RNF126	na	0.0	0.0	0.0	0.0	0.0	0.0	0.0
FSTL3	na	0.0	0.0	0.0	0.0	0.0	0.0	0.0
PALM	na	0.0	0.0	0.0	0.0	0.0	0.0	0.0
MISP	na	0.042981317536737125	0.059662376156579114	0.05592687460522574	0.04698718147520918	0.043929088292726536	0.08325737952190802	0.07974820117265743
PTBP1	na	0.09537368687199428	0.1317229895397304	0.08020075022978333	0.08439806823806378	0.08236737669837263	0.1213016359727549	0.1452606752550717
AZU1	na	0.0	0.0	0.0	0.0	0.0	0.0	0.0
PRTN3	na	0.0	0.0	0.0	0.0	0.0	0.0	0.0
CFD	na	0.0	0.0	0.0	0.0	0.0	0.0	0.0
MED16	na	0.039592411008370944	0.05657069333200713	0.05558632538980226	0.040784563902487275	0.04698614827293387	0.06006979657115833	0.07854715740380455
R3HDM4	na	0.049107220450354226	0.05324157007237696	0.04530985641815059	0.050996746852627665	0.04606076835412568	0.06765220219752502	0.07976738197028503
KISS1R	na	0.0	0.0	0.0	0.0	0.0	0.0	0.0
ARID3A	na	0.0	0.0	0.0	0.0	0.0	0.0	0.0
WDR18	na	0.05068692820450696	0.05682158428343462	0.044080801447595276	0.0472515001029649	0.04491229952488797	0.06437461935741054	0.07046671254407698
GRIN3B	na	0.0	0.0	0.0	0.0	0.0	0.0	0.0
TMEM259	na	0.04270002203366486	0.050934017201122256	0.06422632290498069	0.05093497216522398	0.04916258075353954	0.07271675730883499	0.07769868980740108
CNN2	na	0.0	0.0	0.0	0.0	0.0	0.0	0.0
ABCA7	na	0.0	0.0	0.0	0.0	0.0	0.0	0.0
ARHGAP45	na	0.0	0.0	0.0	0.0	0.0	0.0	0.0
POLR2E	na	0.08179462757752723	0.12998856905489736	0.05684564316665139	0.0733515879211356	0.06749430979653898	0.11023929795717036	0.12721053860657444
GPX4	na	0.42463911163883045	0.9692883081123825	0.11745263562154676	0.19386526398683307	0.29069712913533535	0.8024867813447017	0.858619704055492
SBNO2	na	0.044230684488496104	0.06367687317117468	0.060383650403863835	0.04123819517304979	0.04642938699258129	0.0626385635391793	0.07813505688770167
STK11	na	0.0	0.0	0.0	0.0	0.0	0.0	0.0
CBARP	na	0.0	0.0	0.0	0.0	0.0	0.0	0.0
ATP5F1D	na	0.07776046356396432	0.14738936072929087	0.0803650517387699	0.07937269272475063	0.08505941423842076	0.17557037052402102	0.1630850130085443
MIDN	na	0.06631805615134777	0.09588644347952267	0.06745737973533208	0.0553565283350916	0.06232156008731955	0.11604002790757117	0.12258145141293315
CIRBP	na	0.0592929272960789	0.08818847900676237	0.07826415104456051	0.07304920728033096	0.06639913597190891	0.10619170280928573	0.1116559196260573
CIRBP-AS1	na	0.0	0.0	0.0	0.0	0.0	0.0	0.0
C19orf24	na	0.05376124126743386	0.0643290542793134	0.049093176556610496	0.047050417058107176	0.046030301819174425	0.08080107511998987	0.08590684020742666
MUM1	na	0.0	0.0	0.0	0.0	0.0	0.0	0.0
AC005329.2	na	0.0	0.0	0.0	0.0	0.0	0.0	0.0
NDUFS7	na	0.07773636044752362	0.11492268567988793	0.04937320741015866	0.05210519123920229	0.06093952544766874	0.1143455649738523	0.12009324309842088
GAMT	na	0.0	0.0	0.0	0.0	0.0	0.0	0.0
DAZAP1	na	0.044711238432825116	0.05824704595875663	0.060774268922018315	0.05129279486559593	0.05167416986644759	0.06920830911432646	0.09344124234690575
RPS15	na	1.7577986247070905	5.300225348429736	1.029888335412415e-17	0.2074033159279403	0.993879210565792	3.84396357297078	3.474642760197116
AC027307.2	na	0.0	0.0	0.0	0.0	0.0	0.0	0.0
C19orf25	na	0.0	0.0	0.0	0.0	0.0	0.0	0.0
PCSK4	na	0.0	0.0	0.0	0.0	0.0	0.0	0.0
REEP6	na	0.03885010186452232	0.08059094402806563	0.03840934931603004	0.05325826335520142	0.047417884135169994	0.08745719146019738	0.08632015424485244
ADAMTSL5	na	0.0	0.0	0.0	0.0	0.0	0.0	0.0
MEX3D	na	0.043130869137080745	0.0531043881339377	0.05438237136321519	0.06030868907916777	0.0511238937412773	0.056928066167478586	0.07869412182251566
MBD3	na	0.04933511688234985	0.049710448223742966	0.05075705522130101	0.05319290820476478	0.045818920716471305	0.06804257997471504	0.06492597823993576
UQCR11	na	0.35091224081911987	1.1504458632817536	1.9196277077941544e-21	0.1552997376582007	0.2629165587773719	0.9169359101619817	0.7225651221589713
TCF3	na	0.04797747077235022	0.06779073730196761	0.05351386208376825	0.04493541414146524	0.048576456986031205	0.06907750359770234	0.09005899952541854
ATP8B3	na	0.0	0.0	0.0	0.0	0.0	0.0	0.0
REXO1	na	0.0	0.0	0.0	0.0	0.0	0.0	0.0
KLF16	na	0.0	0.0	0.0	0.0	0.0	0.0	0.0
AC012615.1	na	0.0	0.0	0.0	0.0	0.0	0.0	0.0
ABHD17A	na	0.05103137615271434	0.08830889057568672	0.059589567362928836	0.039413591172559985	0.05088675795244607	0.07629208443329828	0.09656369628749217
SCAMP4	na	0.0479662099804046	0.05652302175485616	0.05261877905109754	0.05196734376353831	0.047270942608904125	0.055613525384558375	0.0773249953759195
ADAT3	na	0.0	0.0	0.0	0.0	0.0	0.0	0.0
CSNK1G2	na	0.05505360018299458	0.05481364588136201	0.05250613340635669	0.04910068069533102	0.04706240997161555	0.06347925579567591	0.07057397091846908
BTBD2	na	0.04337645954984566	0.05283338384366527	0.05564582357758114	0.056770994025478645	0.046114287865168455	0.06889351827008895	0.07505710074344613
MKNK2	na	0.0630851581013785	0.056466343673535264	0.06317123239809784	0.05370099603906703	0.05408757279057208	0.0899166115077406	0.0903368701221097
MOB3A	na	0.0	0.0	0.0	0.0	0.0	0.0	0.0
IZUMO4	na	0.0	0.0	0.0	0.0	0.0	0.0	0.0
AP3D1	na	0.044460980152620934	0.07373057775894146	0.047697684017242524	0.06637674686032204	0.05407164331812842	0.07456597983055718	0.10217597678301796
DOT1L	na	0.0	0.0	0.0	0.0	0.0	0.0	0.0
PLEKHJ1	na	0.05713489663351666	0.07706443849896022	0.054794110040236654	0.054607494219427025	0.050017510031110435	0.07538164896786204	0.08349820705195841
SF3A2	na	0.0	0.0	0.0	0.0	0.0	0.0	0.0
AMH	na	0.0	0.0	0.0	0.0	0.0	0.0	0.0
JSRP1	na	0.0	0.0	0.0	0.0	0.0	0.0	0.0
OAZ1	na	0.2846568111333655	0.6778576275827998	0.06565728643817297	0.13310444603018642	0.19939372823404447	0.5596191471492171	0.511121296428386
LSM7	na	0.11519164861395716	0.25412308849210025	0.059638065950118994	0.08196026578462128	0.09885251711654813	0.17792915006769736	0.23108951110490175
SPPL2B	na	0.0	0.0	0.0	0.0	0.0	0.0	0.0
TIMM13	na	0.1185109538534849	0.20618631861595568	0.06380619522617227	0.09419221269170545	0.09676025476385725	0.1935923040557349	0.19301762048384544
LMNB2	na	0.0	0.0	0.0	0.0	0.0	0.0	0.0
GADD45B	na	0.0441378391068651	0.05942883665240847	0.05548539554508994	0.036578767009936404	0.04543176068114272	0.06832222647823638	0.08999815098063908
GNG7	na	0.0	0.0	0.0	0.0	0.0	0.0	0.0
DIRAS1	na	0.0	0.0	0.0	0.0	0.0	0.0	0.0
SLC39A3	na	0.0	0.0	0.0	0.0	0.0	0.0	0.0
SGTA	na	0.04691254140658554	0.055859301902865845	0.06367683710257889	0.050383763996631005	0.049276408954569445	0.0635570313820674	0.07733206366945156
THOP1	na	0.0	0.0	0.0	0.0	0.0	0.0	0.0
ZNF554	na	0.0	0.0	0.0	0.0	0.0	0.0	0.0
ZNF555	na	0.0	0.0	0.0	0.0	0.0	0.0	0.0
ZNF57	na	0.0	0.0	0.0	0.0	0.0	0.0	0.0
ZNF77	na	0.0	0.0	0.0	0.0	0.0	0.0	0.0
TLE6	na	0.0	0.0	0.0	0.0	0.0	0.0	0.0
TLE2	na	0.0	0.0	0.0	0.0	0.0	0.0	0.0
AC005944.1	na	0.0	0.0	0.0	0.0	0.0	0.0	0.0
AES	na	0.09698042209265105	0.16589628479693716	0.07360596393625866	0.06738960073067327	0.08519328004622752	0.1638805531497171	0.181048031759326
GNA11	na	0.047928036102078964	0.058494372548184015	0.0566829724221244	0.05275758157873905	0.0456352260463961	0.05343576670390048	0.06895129069039553
GNA15	na	0.0	0.0	0.0	0.0	0.0	0.0	0.0
S1PR4	na	0.0	0.0	0.0	0.0	0.0	0.0	0.0
NCLN	na	0.0	0.0	0.0	0.0	0.0	0.0	0.0
CELF5	na	0.0	0.0	0.0	0.0	0.0	0.0	0.0
NFIC	na	0.0446893531562405	0.0586696535018073	0.060269136732968215	0.047498657546088896	0.04758060898028889	0.06021378122029427	0.0779434030814443
DOHH	na	0.0	0.0	0.0	0.0	0.0	0.0	0.0
FZR1	na	0.0	0.0	0.0	0.0	0.0	0.0	0.0
MFSD12	na	0.056516434582800014	0.05458192743944802	0.05736327860996332	0.046873700424530824	0.046521594985456945	0.06778224359467461	0.08035362851576967
HMG20B	na	0.10777294747875857	0.21527850598020937	0.07893655067594851	0.12339310897707738	0.10707702527174218	0.2125872852365798	0.18550466687401762
GIPC3	na	0.0	0.0	0.0	0.0	0.0	0.0	0.0
TBXA2R	na	0.0	0.0	0.0	0.0	0.0	0.0	0.0
CACTIN	na	0.0	0.0	0.0	0.0	0.0	0.0	0.0
PIP5K1C	na	0.0	0.0	0.0	0.0	0.0	0.0	0.0
TJP3	na	0.05340091902554198	0.056986416080948316	0.04596091937957701	0.053518384389807265	0.04587597535530779	0.06667806257415863	0.06946077531345064
APBA3	na	0.0	0.0	0.0	0.0	0.0	0.0	0.0
MRPL54	na	0.08303778869291151	0.16803627636760746	0.0403364497272818	0.06208106811536447	0.07130622589539107	0.15018754506449544	0.15719167722558067
MATK	na	0.0	0.0	0.0	0.0	0.0	0.0	0.0
ZFR2	na	0.0	0.0	0.0	0.0	0.0	0.0	0.0
DAPK3	na	0.06297321968002842	0.07097344388499444	0.060208054875678325	0.04050087023698562	0.049158779191449044	0.07212749691125961	0.09078122660833852
EEF2	na	0.20531674338205508	0.38822563498601076	0.13697888455614496	0.11859346300840382	0.1651112925910056	0.37415090967749737	0.3912574251183323
PIAS4	na	0.0	0.0	0.0	0.0	0.0	0.0	0.0
ZBTB7A	na	0.0	0.0	0.0	0.0	0.0	0.0	0.0
MAP2K2	na	0.047812452391669924	0.0778167199945144	0.053965040477652694	0.05133669328005894	0.055010820243317944	0.08614820271209792	0.09516544701529389
SIRT6	na	0.0	0.0	0.0	0.0	0.0	0.0	0.0
EBI3	na	0.0	0.0	0.0	0.0	0.0	0.0	0.0
YJU2	na	0.0	0.0	0.0	0.0	0.0	0.0	0.0
STAP2	na	0.0	0.0	0.0	0.0	0.0	0.0	0.0
MPND	na	0.0	0.0	0.0	0.0	0.0	0.0	0.0
SH3GL1	na	0.04916877997200624	0.068482278165746	0.05333788719460545	0.0469767191351041	0.04724084607406817	0.06586464877734624	0.0928397650321547
AC007292.1	na	0.0	0.0	0.0	0.0	0.0	0.0	0.0
CHAF1A	na	0.0	0.0	0.0	0.0	0.0	0.0	0.0
UBXN6	na	0.059347002494502796	0.0652699852474193	0.05253571100881062	0.04210196863241933	0.04789255230085227	0.08358726868071115	0.08317358374971764
HDGFL2	na	0.0	0.0	0.0	0.0	0.0	0.0	0.0
PLIN4	na	0.0	0.0	0.0	0.0	0.0	0.0	0.0
PLIN5	na	0.0	0.0	0.0	0.0	0.0	0.0	0.0
LRG1	na	0.0	0.0	0.0	0.0	0.0	0.0	0.0
SEMA6B	na	0.0	0.0	0.0	0.0	0.0	0.0	0.0
TNFAIP8L1	na	0.0	0.0	0.0	0.0	0.0	0.0	0.0
MYDGF	na	0.0648312875498117	0.1090206702258722	0.045362589388229464	0.06335827506846405	0.057479151555235114	0.09245951723561763	0.1051723517457923
DPP9	na	0.0	0.0	0.0	0.0	0.0	0.0	0.0
AC005523.1	na	0.0	0.0	0.0	0.0	0.0	0.0	0.0
FEM1A	na	0.0	0.0	0.0	0.0	0.0	0.0	0.0
AC005523.2	na	0.0	0.0	0.0	0.0	0.0	0.0	0.0
TICAM1	na	0.0	0.0	0.0	0.0	0.0	0.0	0.0
PLIN3	na	0.0	0.0	0.0	0.0	0.0	0.0	0.0
UHRF1	na	0.0	0.0	0.0	0.0	0.0	0.0	0.0
KDM4B	na	0.0	0.0	0.0	0.0	0.0	0.0	0.0
PTPRS	na	0.0	0.0	0.0	0.0	0.0	0.0	0.0
TINCR	na	0.0	0.0	0.0	0.0	0.0	0.0	0.0
SAFB2	na	0.0	0.0	0.0	0.0	0.0	0.0	0.0
SAFB	na	0.05388360240718772	0.06426784515871616	0.0558637805148573	0.05139746285186243	0.048707185856643326	0.060336601023825015	0.08403295334221991
RPL36	na	1.8441620207672154	4.853235198266984	0.01937587631323665	0.6598064995301478	1.1520752006475383	3.6738827964802367	3.674710108845383
C19orf70	na	0.06552133069079487	0.16162527256226056	0.03804913752858543	0.06057713823835731	0.06453098422169752	0.12980925878455388	0.14078535574237197
HSD11B1L	na	0.0	0.0	0.0	0.0	0.0	0.0	0.0
LONP1	na	0.06650484239303421	0.08092404636054806	0.061805799188441916	0.05072441599042518	0.058695224818012294	0.09614052320025766	0.0978510180445563
PRR22	na	0.0	0.0	0.0	0.0	0.0	0.0	0.0
DUS3L	na	0.0	0.0	0.0	0.0	0.0	0.0	0.0
NRTN	na	0.0	0.0	0.0	0.0	0.0	0.0	0.0
NDUFA11	na	0.17694212860513306	0.3365146578619333	0.03582936111296697	0.10348815300460742	0.11708559173878975	0.28773678270725983	0.2660407914590765
VMAC	na	0.0	0.0	0.0	0.0	0.0	0.0	0.0
CAPS	na	0.22588744445786096	0.3215592812195258	0.18386599303130927	0.12176040480081952	0.16473222692712822	0.25655889437427687	0.36496396419404636
RANBP3	na	0.0	0.0	0.0	0.0	0.0	0.0	0.0
RFX2	na	0.0	0.0	0.0	0.0	0.0	0.0	0.0
MLLT1	na	0.0	0.0	0.0	0.0	0.0	0.0	0.0
CLPP	na	0.04544111911125746	0.07623800750973823	0.042653933544397456	0.05329090177059618	0.04340381275645559	0.06266215176028003	0.08249797852956388
ALKBH7	na	0.08510897187028563	0.16991990756837907	0.03657782080263874	0.07243465837661892	0.0701206840912935	0.12806032933173314	0.14933496995727183
PSPN	na	0.0	0.0	0.0	0.0	0.0	0.0	0.0
GTF2F1	na	0.0	0.0	0.0	0.0	0.0	0.0	0.0
KHSRP	na	0.04637158846732065	0.06125574148870027	0.05865058684249151	0.04353714254657095	0.04495458291837172	0.05117576847524465	0.07347610757054292
SLC25A23	na	0.0	0.0	0.0	0.0	0.0	0.0	0.0
CRB3	na	0.0	0.0	0.0	0.0	0.0	0.0	0.0
DENND1C	na	0.0	0.0	0.0	0.0	0.0	0.0	0.0
AC010503.4	na	0.0	0.0	0.0	0.0	0.0	0.0	0.0
TNFSF9	na	0.0	0.0	0.0	0.0	0.0	0.0	0.0
C3	na	0.07198209809404948	0.12837826895272822	0.04830244168044224	0.03927960101544167	0.06582470944872719	0.11792216948597549	0.12750476901518468
GPR108	na	0.0	0.0	0.0	0.0	0.0	0.0	0.0
TRIP10	na	0.0	0.0	0.0	0.0	0.0	0.0	0.0
SH2D3A	na	0.0	0.0	0.0	0.0	0.0	0.0	0.0
VAV1	na	0.0	0.0	0.0	0.0	0.0	0.0	0.0
ZNF557	na	0.0	0.0	0.0	0.0	0.0	0.0	0.0
INSR	na	0.046531802213174614	0.05973440950194846	0.05990143953683673	0.045903076293818096	0.04700584542916721	0.06977243202562457	0.091083228456025
PEX11G	na	0.0	0.0	0.0	0.0	0.0	0.0	0.0
ZNF358	na	0.0	0.0	0.0	0.0	0.0	0.0	0.0
MCOLN1	na	0.0	0.0	0.0	0.0	0.0	0.0	0.0
PNPLA6	na	0.0	0.0	0.0	0.0	0.0	0.0	0.0
CAMSAP3	na	0.0	0.0	0.0	0.0	0.0	0.0	0.0
XAB2	na	0.05901375333333422	0.10836794001388556	0.02341971284318032	0.08012980176254329	0.05892548591330991	0.14043125350766408	0.09522420624639766
PET100	na	0.13460050213320496	0.30889055593347886	0.06195822698608471	0.05483118011700432	0.11311461755251201	0.3400554509805299	0.27109795290053024
STXBP2	na	0.0	0.0	0.0	0.0	0.0	0.0	0.0
TRAPPC5	na	0.0	0.0	0.0	0.0	0.0	0.0	0.0
EVI5L	na	0.0	0.0	0.0	0.0	0.0	0.0	0.0
PRR36	na	0.0	0.0	0.0	0.0	0.0	0.0	0.0
LRRC8E	na	0.0	0.0	0.0	0.0	0.0	0.0	0.0
MAP2K7	na	0.0	0.0	0.0	0.0	0.0	0.0	0.0
TGFBR3L	na	0.0	0.0	0.0	0.0	0.0	0.0	0.0
SNAPC2	na	0.0	0.0	0.0	0.0	0.0	0.0	0.0
CTXN1	na	0.03951880571999021	0.05880948713533497	0.047300444492073594	0.047031987650552505	0.04477821217124956	0.059470847541179525	0.08313381973293936
TIMM44	na	0.0	0.0	0.0	0.0	0.0	0.0	0.0
ELAVL1	na	0.04654225747130737	0.06809299440318889	0.04719917782491868	0.043689747416193206	0.04657895416673432	0.0651834484601653	0.0773879203821663
CERS4	na	0.05971703253883172	0.05726028742405549	0.05212550663920169	0.08349144586812324	0.055831170773135014	0.06501549956764897	0.08409793328066337
CD320	na	0.0	0.0	0.0	0.0	0.0	0.0	0.0
NDUFA7	na	0.03709801585320269	0.08378427957671945	0.04356314990235755	0.04473833481117417	0.04927650913168435	0.09114012052400954	0.08157596550180847
RPS28	na	1.0376511402742667	3.2380196153371577	2.702360287119528e-21	0.5140967188126931	0.7178420739269638	2.4574565101050387	2.0864324321096976
KANK3	na	0.0	0.0	0.0	0.0	0.0	0.0	0.0
ANGPTL4	na	0.0	0.0	0.0	0.0	0.0	0.0	0.0
RAB11B-AS1	na	0.0	0.0	0.0	0.0	0.0	0.0	0.0
RAB11B	na	0.0	0.0	0.0	0.0	0.0	0.0	0.0
MARCH2	na	0.0	0.0	0.0	0.0	0.0	0.0	0.0
HNRNPM	na	0.06517009934330957	0.12737776666006942	0.07160338629276182	0.0761935426727852	0.07071184679482123	0.11956544430636237	0.14549187766678942
PRAM1	na	0.0	0.0	0.0	0.0	0.0	0.0	0.0
ZNF414	na	0.0	0.0	0.0	0.0	0.0	0.0	0.0
MYO1F	na	0.0	0.0	0.0	0.0	0.0	0.0	0.0
ADAMTS10	na	0.0	0.0	0.0	0.0	0.0	0.0	0.0
ZNF558	na	0.0	0.0	0.0	0.0	0.0	0.0	0.0
ZNF317	na	0.0	0.0	0.0	0.0	0.0	0.0	0.0
OR7D2	na	0.0	0.0	0.0	0.0	0.0	0.0	0.0
ZNF559	na	0.0	0.0	0.0	0.0	0.0	0.0	0.0
ZNF266	na	0.0	0.0	0.0	0.0	0.0	0.0	0.0
ZNF426	na	0.0	0.0	0.0	0.0	0.0	0.0	0.0
ZNF426-DT	na	0.0	0.0	0.0	0.0	0.0	0.0	0.0
ZNF121	na	0.0	0.0	0.0	0.0	0.0	0.0	0.0
ZNF561	na	0.0	0.0	0.0	0.0	0.0	0.0	0.0
ZNF562	na	0.0	0.0	0.0	0.0	0.0	0.0	0.0
ZNF846	na	0.0	0.0	0.0	0.0	0.0	0.0	0.0
FBXL12	na	0.0	0.0	0.0	0.0	0.0	0.0	0.0
UBL5	na	0.2590111486498132	0.6345797186464397	0.019651726118996217	0.05372160014956125	0.16583262283168757	0.45157076725929035	0.46614211206504885
PIN1	na	0.0	0.0	0.0	0.0	0.0	0.0	0.0
OLFM2	na	0.0	0.0	0.0	0.0	0.0	0.0	0.0
COL5A3	na	0.0	0.0	0.0	0.0	0.0	0.0	0.0
C19orf66	na	0.0	0.0	0.0	0.0	0.0	0.0	0.0
PPAN	na	0.0	0.0	0.0	0.0	0.0	0.0	0.0
P2RY11	na	0.0	0.0	0.0	0.0	0.0	0.0	0.0
EIF3G	na	0.059662450029255056	0.08512843720300418	0.04399146886720229	0.05953246543721435	0.05114052175292441	0.0662181421662925	0.09027109831077189
DNMT1	na	0.0	0.0	0.0	0.0	0.0	0.0	0.0
S1PR2	na	0.0	0.0	0.0	0.0	0.0	0.0	0.0
MRPL4	na	0.0	0.0	0.0	0.0	0.0	0.0	0.0
ICAM1	na	0.0	0.0	0.0	0.0	0.0	0.0	0.0
ICAM5	na	0.0	0.0	0.0	0.0	0.0	0.0	0.0
ZGLP1	na	0.0	0.0	0.0	0.0	0.0	0.0	0.0
FDX2	na	0.0	0.0	0.0	0.0	0.0	0.0	0.0
RAVER1	na	0.0	0.0	0.0	0.0	0.0	0.0	0.0
AC114271.1	na	0.0	0.0	0.0	0.0	0.0	0.0	0.0
ICAM3	na	0.0	0.0	0.0	0.0	0.0	0.0	0.0
TYK2	na	0.0	0.0	0.0	0.0	0.0	0.0	0.0
CDC37	na	0.044626810476401	0.08031374576569178	0.05037084934350061	0.04753296710585472	0.048078414435709094	0.06120644252398891	0.0859319184110259
PDE4A	na	0.0	0.0	0.0	0.0	0.0	0.0	0.0
KEAP1	na	0.0	0.0	0.0	0.0	0.0	0.0	0.0
ATG4D	na	0.0	0.0	0.0	0.0	0.0	0.0	0.0
KRI1	na	0.0	0.0	0.0	0.0	0.0	0.0	0.0
CDKN2D	na	0.0	0.0	0.0	0.0	0.0	0.0	0.0
AP1M2	na	0.053189020611254245	0.0723290919325022	0.04954576327570598	0.04417895431835188	0.04834053618916708	0.06829310191683831	0.08824890690847671
SLC44A2	na	0.058162678662562924	0.07256258006379421	0.056629183988341956	0.06091532096647199	0.05445956615735021	0.06717689057070382	0.09388611155729862
ILF3-DT	na	0.0	0.0	0.0	0.0	0.0	0.0	0.0
ILF3	na	0.04761956980299533	0.06177327956241159	0.06247724839569038	0.056089583086004334	0.05198695617223564	0.09045879532078963	0.08379797963973391
QTRT1	na	0.0	0.0	0.0	0.0	0.0	0.0	0.0
DNM2	na	0.0	0.0	0.0	0.0	0.0	0.0	0.0
TMED1	na	0.0	0.0	0.0	0.0	0.0	0.0	0.0
C19orf38	na	0.0	0.0	0.0	0.0	0.0	0.0	0.0
CARM1	na	0.0	0.0	0.0	0.0	0.0	0.0	0.0
YIPF2	na	0.0	0.0	0.0	0.0	0.0	0.0	0.0
TIMM29	na	0.0	0.0	0.0	0.0	0.0	0.0	0.0
SMARCA4	na	0.05509735702077082	0.05528074475432675	0.056745752240224094	0.045306760319128045	0.04625506783189694	0.06824515227609741	0.07666160129403117
LDLR	na	0.0	0.0	0.0	0.0	0.0	0.0	0.0
SPC24	na	0.0	0.0	0.0	0.0	0.0	0.0	0.0
KANK2	na	0.0	0.0	0.0	0.0	0.0	0.0	0.0
DOCK6	na	0.0	0.0	0.0	0.0	0.0	0.0	0.0
RAB3D	na	0.05041758633530394	0.057890500951844726	0.06301234869745853	0.0603707596739712	0.05095372942603162	0.04992594979408062	0.08239060090719373
TMEM205	na	0.05702461681133459	0.07757693433908544	0.05400477369821554	0.05149168480271561	0.05028540187929654	0.08378269542648371	0.08652035161675638
CCDC159	na	0.0	0.0	0.0	0.0	0.0	0.0	0.0
PLPPR2	na	0.0	0.0	0.0	0.0	0.0	0.0	0.0
SWSAP1	na	0.0	0.0	0.0	0.0	0.0	0.0	0.0
EPOR	na	0.0	0.0	0.0	0.0	0.0	0.0	0.0
RGL3	na	0.0	0.0	0.0	0.0	0.0	0.0	0.0
CCDC151	na	0.0	0.0	0.0	0.0	0.0	0.0	0.0
PRKCSH	na	0.06055678118816811	0.07497190170059022	0.06903724552050879	0.05348831851477148	0.056411012038194014	0.06858556027469828	0.0981433805854243
ZNF653	na	0.0	0.0	0.0	0.0	0.0	0.0	0.0
ECSIT	na	0.0	0.0	0.0	0.0	0.0	0.0	0.0
CNN1	na	0.0	0.0	0.0	0.0	0.0	0.0	0.0
ELOF1	na	0.0	0.0	0.0	0.0	0.0	0.0	0.0
ZNF627	na	0.0	0.0	0.0	0.0	0.0	0.0	0.0
ACP5	na	0.0	0.0	0.0	0.0	0.0	0.0	0.0
AC008543.1	na	0.0	0.0	0.0	0.0	0.0	0.0	0.0
ZNF823	na	0.0	0.0	0.0	0.0	0.0	0.0	0.0
ZNF441	na	0.0	0.0	0.0	0.0	0.0	0.0	0.0
ZNF440	na	0.0	0.0	0.0	0.0	0.0	0.0	0.0
ZNF69	na	0.0	0.0	0.0	0.0	0.0	0.0	0.0
ZNF700	na	0.0	0.0	0.0	0.0	0.0	0.0	0.0
ZNF433	na	0.0	0.0	0.0	0.0	0.0	0.0	0.0
ZNF844	na	0.0	0.0	0.0	0.0	0.0	0.0	0.0
ZNF788P	na	0.0	0.0	0.0	0.0	0.0	0.0	0.0
ZNF20	na	0.0	0.0	0.0	0.0	0.0	0.0	0.0
ZNF625	na	0.0	0.0	0.0	0.0	0.0	0.0	0.0
ZNF136	na	0.0	0.0	0.0	0.0	0.0	0.0	0.0
ZNF44	na	0.0	0.0	0.0	0.0	0.0	0.0	0.0
ZNF563	na	0.0	0.0	0.0	0.0	0.0	0.0	0.0
ZNF442	na	0.0	0.0	0.0	0.0	0.0	0.0	0.0
ZNF799	na	0.0	0.0	0.0	0.0	0.0	0.0	0.0
ZNF443	na	0.0	0.0	0.0	0.0	0.0	0.0	0.0
ZNF709	na	0.0	0.0	0.0	0.0	0.0	0.0	0.0
ZNF564	na	0.0	0.0	0.0	0.0	0.0	0.0	0.0
ZNF791	na	0.0	0.0	0.0	0.0	0.0	0.0	0.0
AC010422.3	na	0.0	0.0	0.0	0.0	0.0	0.0	0.0
MAN2B1	na	0.0	0.0	0.0	0.0	0.0	0.0	0.0
WDR83	na	0.0	0.0	0.0	0.0	0.0	0.0	0.0
WDR83OS	na	0.1301620171081669	0.24206232812324638	0.062443388014300265	0.06803045338482641	0.0860181178091558	0.1714494755403536	0.18608020597001623
DHPS	na	0.0	0.0	0.0	0.0	0.0	0.0	0.0
FBXW9	na	0.0	0.0	0.0	0.0	0.0	0.0	0.0
TNPO2	na	0.0	0.0	0.0	0.0	0.0	0.0	0.0
TRIR	na	0.12049852074102668	0.2364173880569628	0.06062317917197601	0.09029260656694064	0.09902186900151456	0.18691825918475888	0.23435565627176144
ASNA1	na	0.041169827128829065	0.0679482416776897	0.03474932839128079	0.0507506790838376	0.04692431743931552	0.07318352577130759	0.08480476345213622
HOOK2	na	0.0	0.0	0.0	0.0	0.0	0.0	0.0
JUNB	na	0.06356298070580646	0.09714544592477922	0.058173339302613425	0.0337635170435275	0.05541631377841617	0.10127812719937367	0.1084525334739537
PRDX2	na	0.15857929575673732	0.2804982793509677	0.06977962252920523	0.07665939804603554	0.10892939336947141	0.22118383471239147	0.2702079645065851
RNASEH2A	na	0.0	0.0	0.0	0.0	0.0	0.0	0.0
MAST1	na	0.0	0.0	0.0	0.0	0.0	0.0	0.0
DNASE2	na	0.036137145096779934	0.06292543222909971	0.052470729732716506	0.04589094912556817	0.04419187718552958	0.059956653770341324	0.08797250038992382
GCDH	na	0.0	0.0	0.0	0.0	0.0	0.0	0.0
FARSA	na	0.0	0.0	0.0	0.0	0.0	0.0	0.0
CALR	na	0.12487217605809128	0.17915729726273577	0.1429956262860112	0.09318047988332578	0.11291702339024078	0.20752927413974812	0.23208339169277903
AC092069.1	na	0.0	0.0	0.0	0.0	0.0	0.0	0.0
RAD23A	na	0.0462686687537241	0.07296901432933194	0.047068638258806424	0.04606384681227323	0.04951360794648032	0.07413791795829396	0.09359572509333494
GADD45GIP1	na	0.09838843466838518	0.18545005085788308	0.05265946229026596	0.055940000922227166	0.07901498951596671	0.14063008623469725	0.16900886020961517
NFIX	na	0.0	0.0	0.0	0.0	0.0	0.0	0.0
LYL1	na	0.0	0.0	0.0	0.0	0.0	0.0	0.0
TRMT1	na	0.0	0.0	0.0	0.0	0.0	0.0	0.0
NACC1	na	0.0	0.0	0.0	0.0	0.0	0.0	0.0
STX10	na	0.0	0.0	0.0	0.0	0.0	0.0	0.0
IER2	na	0.06771508159196055	0.0898130284611458	0.04899378016926479	0.044214521149039884	0.056303285102313826	0.10484582727048192	0.10514374970363313
CCDC130	na	0.0	0.0	0.0	0.0	0.0	0.0	0.0
MRI1	na	0.0	0.0	0.0	0.0	0.0	0.0	0.0
C19orf53	na	0.11124493944289937	0.2432971209952401	0.045547827722925885	0.049306330335564426	0.08598067513359202	0.1905452466694505	0.20723168976702833
ZSWIM4	na	0.0	0.0	0.0	0.0	0.0	0.0	0.0
AC020916.1	na	0.0	0.0	0.0	0.0	0.0	0.0	0.0
NANOS3	na	0.0	0.0	0.0	0.0	0.0	0.0	0.0
C19orf57	na	0.0	0.0	0.0	0.0	0.0	0.0	0.0
CC2D1A	na	0.0	0.0	0.0	0.0	0.0	0.0	0.0
PODNL1	na	0.0	0.0	0.0	0.0	0.0	0.0	0.0
DCAF15	na	0.0	0.0	0.0	0.0	0.0	0.0	0.0
RFX1	na	0.0	0.0	0.0	0.0	0.0	0.0	0.0
IL27RA	na	0.0	0.0	0.0	0.0	0.0	0.0	0.0
PALM3	na	0.0	0.0	0.0	0.0	0.0	0.0	0.0
MISP3	na	0.0	0.0	0.0	0.0	0.0	0.0	0.0
SAMD1	na	0.05550472004046938	0.060464680013328	0.05320583454237042	0.05068326751638393	0.047450907254270105	0.0679790427386247	0.08677851875329462
PRKACA	na	0.0	0.0	0.0	0.0	0.0	0.0	0.0
ASF1B	na	0.0	0.0	0.0	0.0	0.0	0.0	0.0
AC022098.1	na	0.0	0.0	0.0	0.0	0.0	0.0	0.0
ADGRL1	na	0.0	0.0	0.0	0.0	0.0	0.0	0.0
ADGRE5	na	0.0	0.0	0.0	0.0	0.0	0.0	0.0
DDX39A	na	0.0614593280686515	0.06721919671591604	0.048524049507438806	0.04396416921580116	0.045559675932246954	0.06614158955757779	0.07572263830122926
PKN1	na	0.0	0.0	0.0	0.0	0.0	0.0	0.0
GIPC1	na	0.05384137976350691	0.07577461122186345	0.03870219192917156	0.04749440002704113	0.0443103660337031	0.05218548488556756	0.07632851218838374
DNAJB1	na	0.05400629037193587	0.08733674765249026	0.051626977239530185	0.041793386577787424	0.049656899901365875	0.07607545427748312	0.09746542559210711
TECR	na	0.044848848425069414	0.08420335605706031	0.04226459436082654	0.04916256502553805	0.0473055639065447	0.06910377285609902	0.07942809795853184
NDUFB7	na	0.10654128541252925	0.23420105658339013	0.0250908232666681	0.07116508624614831	0.08787923223697872	0.15762145096270042	0.19514002287793616
ZNF333	na	0.0	0.0	0.0	0.0	0.0	0.0	0.0
ADGRE2	na	0.0	0.0	0.0	0.0	0.0	0.0	0.0
CASP14	na	0.0	0.0	0.0	0.0	0.0	0.0	0.0
SYDE1	na	0.0	0.0	0.0	0.0	0.0	0.0	0.0
ILVBL	na	0.0	0.0	0.0	0.0	0.0	0.0	0.0
NOTCH3	na	0.049451177838672256	0.06957369987987218	0.05849943229063155	0.042670291285694086	0.05180486917980592	0.07810993631679541	0.10293820181079553
BRD4	na	0.0	0.0	0.0	0.0	0.0	0.0	0.0
AKAP8	na	0.0	0.0	0.0	0.0	0.0	0.0	0.0
AKAP8L	na	0.0	0.0	0.0	0.0	0.0	0.0	0.0
WIZ	na	0.0	0.0	0.0	0.0	0.0	0.0	0.0
RASAL3	na	0.0	0.0	0.0	0.0	0.0	0.0	0.0
TPM4	na	0.07798024883497663	0.1560407556638291	0.05078698809319063	0.052219592757270776	0.0728832766821486	0.15309108040394678	0.1481736580188128
RAB8A	na	0.0	0.0	0.0	0.0	0.0	0.0	0.0
AC008894.2	na	0.0	0.0	0.0	0.0	0.0	0.0	0.0
HSH2D	na	0.0	0.0	0.0	0.0	0.0	0.0	0.0
CIB3	na	0.0	0.0	0.0	0.0	0.0	0.0	0.0
FAM32A	na	0.0	0.0	0.0	0.0	0.0	0.0	0.0
AP1M1	na	0.0	0.0	0.0	0.0	0.0	0.0	0.0
KLF2	na	0.0	0.0	0.0	0.0	0.0	0.0	0.0
EPS15L1	na	0.0	0.0	0.0	0.0	0.0	0.0	0.0
C19orf44	na	0.0	0.0	0.0	0.0	0.0	0.0	0.0
CHERP	na	0.0	0.0	0.0	0.0	0.0	0.0	0.0
SLC35E1	na	0.0	0.0	0.0	0.0	0.0	0.0	0.0
MED26	na	0.0	0.0	0.0	0.0	0.0	0.0	0.0
SMIM7	na	0.05660135717835036	0.08825420706955513	0.050076975632066936	0.04778525187174243	0.048554376645059995	0.061376074287528365	0.08259409931517514
TMEM38A	na	0.0	0.0	0.0	0.0	0.0	0.0	0.0
SIN3B	na	0.0	0.0	0.0	0.0	0.0	0.0	0.0
F2RL3	na	0.0	0.0	0.0	0.0	0.0	0.0	0.0
CPAMD8	na	0.0	0.0	0.0	0.0	0.0	0.0	0.0
HAUS8	na	0.0	0.0	0.0	0.0	0.0	0.0	0.0
MYO9B	na	0.044746741826873604	0.06330374628368064	0.058484181238538865	0.03982064132769283	0.04466933126664833	0.056865033809034175	0.07854103245180752
USE1	na	0.0	0.0	0.0	0.0	0.0	0.0	0.0
OCEL1	na	0.0	0.0	0.0	0.0	0.0	0.0	0.0
NR2F6	na	0.05547340817571098	0.10063546725158594	0.052689348357239936	0.056677700035275336	0.05692894200942253	0.08949862418804784	0.11018735250187268
USHBP1	na	0.0	0.0	0.0	0.0	0.0	0.0	0.0
BABAM1	na	0.0	0.0	0.0	0.0	0.0	0.0	0.0
ABHD8	na	0.0	0.0	0.0	0.0	0.0	0.0	0.0
MRPL34	na	0.058069974993590276	0.0746913942758101	0.0373523681045124	0.05333939699373202	0.04605534566669004	0.06720251831487468	0.08116795355556622
DDA1	na	0.05126721328246	0.07554333370712202	0.04626540010648255	0.04172845334884244	0.043236321298753745	0.06156290053790148	0.08089228819844445
ANO8	na	0.0	0.0	0.0	0.0	0.0	0.0	0.0
GTPBP3	na	0.0	0.0	0.0	0.0	0.0	0.0	0.0
PLVAP	na	0.0	0.0	0.0	0.0	0.0	0.0	0.0
BST2	na	0.19523129683562263	0.3037477399284535	0.18826711478242347	0.08424355259582907	0.15609139243791698	0.2380857778195359	0.383672233506029
BISPR	na	0.0	0.0	0.0	0.0	0.0	0.0	0.0
MVB12A	na	0.0	0.0	0.0	0.0	0.0	0.0	0.0
SLC27A1	na	0.0	0.0	0.0	0.0	0.0	0.0	0.0
PGLS	na	0.045798599603736286	0.09985041774870718	0.030787573337239547	0.06166065679957644	0.05158042908195472	0.09646067489976387	0.09532251004621067
COLGALT1	na	0.046769414176965056	0.0606491249317474	0.062371036165482834	0.03949466664583118	0.04809241945301447	0.06285405547450035	0.08120522012850227
MAP1S	na	0.0	0.0	0.0	0.0	0.0	0.0	0.0
FCHO1	na	0.0	0.0	0.0	0.0	0.0	0.0	0.0
B3GNT3	na	0.0	0.0	0.0	0.0	0.0	0.0	0.0
JAK3	na	0.0	0.0	0.0	0.0	0.0	0.0	0.0
RPL18A	na	1.5077827858438733	3.7181840794767105	1.8789507780544325e-20	0.1353541634888351	0.7990103495626305	2.6188000476678686	2.9626455532386418
SLC5A5	na	0.0	0.0	0.0	0.0	0.0	0.0	0.0
CCDC124	na	0.05220344724907587	0.06928217005497683	0.050187475892310596	0.04471703393618296	0.047984821496748875	0.07113383407403588	0.08476673221378353
ARRDC2	na	0.0	0.0	0.0	0.0	0.0	0.0	0.0
IL12RB1	na	0.0	0.0	0.0	0.0	0.0	0.0	0.0
MAST3	na	0.0	0.0	0.0	0.0	0.0	0.0	0.0
PIK3R2	na	0.04546448339821262	0.05429963546254191	0.06187116096866339	0.06150542310023837	0.05230617016352919	0.06382561025499003	0.08212770261696241
IFI30	na	0.0	0.0	0.0	0.0	0.0	0.0	0.0
MPV17L2	na	0.0	0.0	0.0	0.0	0.0	0.0	0.0
RAB3A	na	0.0	0.0	0.0	0.0	0.0	0.0	0.0
AC005759.1	na	0.0	0.0	0.0	0.0	0.0	0.0	0.0
IQCN	na	0.0	0.0	0.0	0.0	0.0	0.0	0.0
JUND	na	0.08365061755891946	0.11376089367221702	0.10540360158537877	0.07079732373511591	0.08273488482501369	0.11776529700258745	0.17452165868646644
LSM4	na	0.10894360399967536	0.17812063381080048	0.060970499933742955	0.07269243562364247	0.08450121490413413	0.17241376915530643	0.1686725198685987
PGPEP1	na	0.0	0.0	0.0	0.0	0.0	0.0	0.0
GDF15	na	0.0	0.0	0.0	0.0	0.0	0.0	0.0
LRRC25	na	0.0	0.0	0.0	0.0	0.0	0.0	0.0
SSBP4	na	0.05370138884137664	0.0677370841591917	0.05026282849877834	0.04568046788421052	0.04678834118914459	0.06435319787057231	0.08197676161830898
ISYNA1	na	0.06980910191246195	0.11492253677407846	0.049046549263818115	0.07660846819081543	0.06264361753127153	0.10144326081308978	0.11656844494914594
ELL	na	0.0	0.0	0.0	0.0	0.0	0.0	0.0
FKBP8	na	0.0525540998483845	0.07721104148294808	0.047700196129753875	0.055619784773538704	0.051494602685712286	0.08044281541438189	0.08296324009310259
KXD1	na	0.0	0.0	0.0	0.0	0.0	0.0	0.0
UBA52	na	0.6333899773925545	1.680333416669038	5.891883629278892e-14	0.2994035437244553	0.4051373863920917	1.2414197749474294	1.223860462658353
CRLF1	na	0.0	0.0	0.0	0.0	0.0	0.0	0.0
REX1BD	na	0.05024699476665639	0.08850306030851918	0.04268708784997597	0.05336729845787509	0.052665779997945514	0.080241013605928	0.10813178901525451
TMEM59L	na	0.0	0.0	0.0	0.0	0.0	0.0	0.0
KLHL26	na	0.0	0.0	0.0	0.0	0.0	0.0	0.0
CRTC1	na	0.0	0.0	0.0	0.0	0.0	0.0	0.0
COMP	na	0.08757726434479603	0.2932196811554108	0.02126385833410357	0.1115044928113538	0.10955493538706948	0.33467851178042635	0.18569824373207944
UPF1	na	0.05478673307417734	0.054836673802616406	0.05786616572998511	0.042771791695631146	0.046660973444770576	0.07365655818581063	0.07520794702559676
CERS1	na	0.0	0.0	0.0	0.0	0.0	0.0	0.0
COPE	na	0.11151796011890933	0.2142548475889734	0.061137173529015765	0.06093844966724766	0.08990710290916909	0.19459567389669782	0.20534761189639078
DDX49	na	0.0	0.0	0.0	0.0	0.0	0.0	0.0
HOMER3	na	0.0	0.0	0.0	0.0	0.0	0.0	0.0
SUGP2	na	0.04031056095546474	0.05175121195544525	0.0539612053157844	0.0564380575088803	0.04494238558837449	0.04442272149544947	0.07259535044750141
ARMC6	na	0.0	0.0	0.0	0.0	0.0	0.0	0.0
SLC25A42	na	0.0	0.0	0.0	0.0	0.0	0.0	0.0
TMEM161A	na	0.0	0.0	0.0	0.0	0.0	0.0	0.0
BORCS8	na	0.0	0.0	0.0	0.0	0.0	0.0	0.0
RFXANK	na	0.0	0.0	0.0	0.0	0.0	0.0	0.0
NR2C2AP	na	0.0	0.0	0.0	0.0	0.0	0.0	0.0
SUGP1	na	0.0	0.0	0.0	0.0	0.0	0.0	0.0
MAU2	na	0.0	0.0	0.0	0.0	0.0	0.0	0.0
GATAD2A	na	0.06154423846060746	0.0626524058187168	0.05479695977589919	0.04461324460213193	0.04212752336520166	0.05286506305925898	0.07368632828508037
NDUFA13	na	0.19623113453233987	0.38251496436012433	0.1070368181902735	0.11229482240328179	0.15669688420153702	0.32258027524840427	0.3880972945764881
YJEFN3	na	0.0	0.0	0.0	0.0	0.0	0.0	0.0
CILP2	na	0.0	0.0	0.0	0.0	0.0	0.0	0.0
LPAR2	na	0.0	0.0	0.0	0.0	0.0	0.0	0.0
GMIP	na	0.0	0.0	0.0	0.0	0.0	0.0	0.0
ATP13A1	na	0.0	0.0	0.0	0.0	0.0	0.0	0.0
ZNF101	na	0.0	0.0	0.0	0.0	0.0	0.0	0.0
ZNF14	na	0.0	0.0	0.0	0.0	0.0	0.0	0.0
ZNF506	na	0.0	0.0	0.0	0.0	0.0	0.0	0.0
ZNF253	na	0.0	0.0	0.0	0.0	0.0	0.0	0.0
ZNF93	na	0.0	0.0	0.0	0.0	0.0	0.0	0.0
ZNF682	na	0.0	0.0	0.0	0.0	0.0	0.0	0.0
ZNF90	na	0.0	0.0	0.0	0.0	0.0	0.0	0.0
ZNF737	na	0.0	0.0	0.0	0.0	0.0	0.0	0.0
ZNF626	na	0.0	0.0	0.0	0.0	0.0	0.0	0.0
AC010329.1	na	0.0	0.0	0.0	0.0	0.0	0.0	0.0
ZNF430	na	0.0	0.0	0.0	0.0	0.0	0.0	0.0
ZNF431	na	0.0	0.0	0.0	0.0	0.0	0.0	0.0
ZNF708	na	0.0	0.0	0.0	0.0	0.0	0.0	0.0
ZNF429	na	0.0	0.0	0.0	0.0	0.0	0.0	0.0
ZNF100	na	0.0	0.0	0.0	0.0	0.0	0.0	0.0
ZNF43	na	0.0	0.0	0.0	0.0	0.0	0.0	0.0
AC025811.1	na	0.0	0.0	0.0	0.0	0.0	0.0	0.0
ZNF91	na	0.0	0.0	0.0	0.0	0.0	0.0	0.0
ZNF675	na	0.0	0.0	0.0	0.0	0.0	0.0	0.0
ZNF681	na	0.0	0.0	0.0	0.0	0.0	0.0	0.0
ZNF726	na	0.0	0.0	0.0	0.0	0.0	0.0	0.0
ZNF254	na	0.0	0.0	0.0	0.0	0.0	0.0	0.0
LINC00662	na	0.0	0.0	0.0	0.0	0.0	0.0	0.0
AC006504.5	na	0.0	0.0	0.0	0.0	0.0	0.0	0.0
UQCRFS1	na	0.06670212481879564	0.11852862105688705	0.04658206791912408	0.05616827370432868	0.05518444684323835	0.08105713830069773	0.09748550018303104
POP4	na	0.0	0.0	0.0	0.0	0.0	0.0	0.0
PLEKHF1	na	0.0	0.0	0.0	0.0	0.0	0.0	0.0
C19orf12	na	0.0	0.0	0.0	0.0	0.0	0.0	0.0
CCNE1	na	0.0	0.0	0.0	0.0	0.0	0.0	0.0
URI1	na	0.0	0.0	0.0	0.0	0.0	0.0	0.0
TSHZ3	na	0.0	0.0	0.0	0.0	0.0	0.0	0.0
ZNF507	na	0.0	0.0	0.0	0.0	0.0	0.0	0.0
DPY19L3	na	0.0	0.0	0.0	0.0	0.0	0.0	0.0
PDCD5	na	0.08173461293940265	0.1556910234385854	0.03287899337117257	0.06730216501363108	0.06628189848352802	0.12436545322270957	0.12988693996525347
ANKRD27	na	0.0	0.0	0.0	0.0	0.0	0.0	0.0
AC008736.1	na	0.0	0.0	0.0	0.0	0.0	0.0	0.0
NUDT19	na	0.0	0.0	0.0	0.0	0.0	0.0	0.0
TDRD12	na	0.0	0.0	0.0	0.0	0.0	0.0	0.0
CEP89	na	0.0	0.0	0.0	0.0	0.0	0.0	0.0
FAAP24	na	0.0	0.0	0.0	0.0	0.0	0.0	0.0
RHPN2	na	0.0	0.0	0.0	0.0	0.0	0.0	0.0
GPATCH1	na	0.0	0.0	0.0	0.0	0.0	0.0	0.0
LRP3	na	0.04497737185373647	0.062269370096783294	0.06341479991579106	0.04082872702154346	0.04642459221774301	0.048486575217031834	0.07491672508905076
CEBPA	na	0.0	0.0	0.0	0.0	0.0	0.0	0.0
CEBPG	na	0.0	0.0	0.0	0.0	0.0	0.0	0.0
PEPD	na	0.0	0.0	0.0	0.0	0.0	0.0	0.0
CHST8	na	0.0	0.0	0.0	0.0	0.0	0.0	0.0
KCTD15	na	0.0	0.0	0.0	0.0	0.0	0.0	0.0
AC008556.1	na	0.0	0.0	0.0	0.0	0.0	0.0	0.0
LSM14A	na	0.0	0.0	0.0	0.0	0.0	0.0	0.0
KIAA0355	na	0.0	0.0	0.0	0.0	0.0	0.0	0.0
GPI	na	0.088744875281387	0.14232122268382755	0.07302850294178785	0.07771420972525174	0.0818161121748931	0.13540427104152877	0.16678329066744732
PDCD2L	na	0.0	0.0	0.0	0.0	0.0	0.0	0.0
UBA2	na	0.0	0.0	0.0	0.0	0.0	0.0	0.0
WTIP	na	0.0	0.0	0.0	0.0	0.0	0.0	0.0
ZNF302	na	0.0	0.0	0.0	0.0	0.0	0.0	0.0
AC020910.4	na	0.0	0.0	0.0	0.0	0.0	0.0	0.0
ZNF181	na	0.0	0.0	0.0	0.0	0.0	0.0	0.0
ZNF599	na	0.0	0.0	0.0	0.0	0.0	0.0	0.0
AC008555.1	na	0.0	0.0	0.0	0.0	0.0	0.0	0.0
AC008555.5	na	0.0	0.0	0.0	0.0	0.0	0.0	0.0
ZNF30	na	0.0	0.0	0.0	0.0	0.0	0.0	0.0
ZNF792	na	0.0	0.0	0.0	0.0	0.0	0.0	0.0
GRAMD1A	na	0.0448403274131588	0.0428485659369003	0.053242156403404774	0.04388237762480878	0.045803898064888084	0.06694691869617302	0.08200107766575329
SCN1B	na	0.0	0.0	0.0	0.0	0.0	0.0	0.0
HPN	na	0.0	0.0	0.0	0.0	0.0	0.0	0.0
FXYD3	na	0.21096335187158516	0.40130477024934663	0.14969057188671278	0.030844776354496582	0.1436113977696547	0.24201779709110743	0.4080966791936875
LGI4	na	0.0	0.0	0.0	0.0	0.0	0.0	0.0
FXYD1	na	0.0	0.0	0.0	0.0	0.0	0.0	0.0
FXYD5	na	0.0	0.0	0.0	0.0	0.0	0.0	0.0
LSR	na	0.07644228454195018	0.08523564377844184	0.0765352449399279	0.04772451408050171	0.05978325917843523	0.08818480836594988	0.11293223616645762
USF2	na	0.04504678244543676	0.05949199703521555	0.05449152635139051	0.042045299535154936	0.0435248035233002	0.059161490845103894	0.07948992066014274
HAMP	na	0.0	0.0	0.0	0.0	0.0	0.0	0.0
FFAR2	na	0.05280743971547238	0.07815574018806216	0.04401020629161609	0.05430618569698498	0.05308407404392666	0.07023035417673075	0.08940870314097854
DMKN	na	0.0	0.0	0.0	0.0	0.0	0.0	0.0
TMEM147-AS1	na	0.0	0.0	0.0	0.0	0.0	0.0	0.0
TMEM147	na	0.05489130856113177	0.07173931468476558	0.03722839277938282	0.05529345533885932	0.048787262502867274	0.07874290624444001	0.09008205541102525
HAUS5	na	0.0	0.0	0.0	0.0	0.0	0.0	0.0
RBM42	na	0.0	0.0	0.0	0.0	0.0	0.0	0.0
ETV2	na	0.0	0.0	0.0	0.0	0.0	0.0	0.0
COX6B1	na	0.20950634137812363	0.515037997452588	0.027127649526481626	0.09458742510418543	0.14954301048271926	0.383186634811441	0.4161356760116669
KMT2B	na	0.0	0.0	0.0	0.0	0.0	0.0	0.0
IGFLR1	na	0.0	0.0	0.0	0.0	0.0	0.0	0.0
U2AF1L4	na	0.0	0.0	0.0	0.0	0.0	0.0	0.0
PSENEN	na	0.05935255811512337	0.1117415796499151	0.030737166380918248	0.0536791031663904	0.05657735848890176	0.09173954414298398	0.0979848037195983
LIN37	na	0.0	0.0	0.0	0.0	0.0	0.0	0.0
HSPB6	na	0.0	0.0	0.0	0.0	0.0	0.0	0.0
PROSER3	na	0.0	0.0	0.0	0.0	0.0	0.0	0.0
ARHGAP33	na	0.0	0.0	0.0	0.0	0.0	0.0	0.0
APLP1	na	0.0	0.0	0.0	0.0	0.0	0.0	0.0
NFKBID	na	0.0	0.0	0.0	0.0	0.0	0.0	0.0
HCST	na	0.0	0.0	0.0	0.0	0.0	0.0	0.0
TYROBP	na	0.05849124760095039	0.21355796270616653	0.0217421787146423	0.05066484533200604	0.08576358103015173	0.22599363625343402	0.1718237837562908
LRFN3	na	0.0	0.0	0.0	0.0	0.0	0.0	0.0
SDHAF1	na	0.0	0.0	0.0	0.0	0.0	0.0	0.0
SYNE4	na	0.0	0.0	0.0	0.0	0.0	0.0	0.0
ALKBH6	na	0.0	0.0	0.0	0.0	0.0	0.0	0.0
CLIP3	na	0.0	0.0	0.0	0.0	0.0	0.0	0.0
THAP8	na	0.0	0.0	0.0	0.0	0.0	0.0	0.0
WDR62	na	0.0	0.0	0.0	0.0	0.0	0.0	0.0
POLR2I	na	0.0652847697508491	0.17113986922234745	0.023682018816370384	0.07123912826866079	0.06670756084874618	0.1299035946608512	0.14753094842027645
TBCB	na	0.042245830421213736	0.08635296931603269	0.049851916039387476	0.04948853907471156	0.05427087104907115	0.07311659648187936	0.10892354918269492
CAPNS1	na	0.08735409770783156	0.1520509477807397	0.08812645186362662	0.05477427285318278	0.08332908710928774	0.15718911984417733	0.18072132528716997
COX7A1	na	0.0	0.0	0.0	0.0	0.0	0.0	0.0
ZNF565	na	0.0	0.0	0.0	0.0	0.0	0.0	0.0
ZNF146	na	0.0	0.0	0.0	0.0	0.0	0.0	0.0
LINC00665	na	0.0	0.0	0.0	0.0	0.0	0.0	0.0
ZFP14	na	0.0	0.0	0.0	0.0	0.0	0.0	0.0
ZFP82	na	0.0	0.0	0.0	0.0	0.0	0.0	0.0
ZNF566	na	0.0	0.0	0.0	0.0	0.0	0.0	0.0
ZNF260	na	0.0	0.0	0.0	0.0	0.0	0.0	0.0
ZNF529	na	0.0	0.0	0.0	0.0	0.0	0.0	0.0
ZNF529-AS1	na	0.0	0.0	0.0	0.0	0.0	0.0	0.0
ZNF382	na	0.0	0.0	0.0	0.0	0.0	0.0	0.0
ZNF461	na	0.0	0.0	0.0	0.0	0.0	0.0	0.0
LINC01534	na	0.0	0.0	0.0	0.0	0.0	0.0	0.0
ZNF567	na	0.0	0.0	0.0	0.0	0.0	0.0	0.0
ZNF850	na	0.0	0.0	0.0	0.0	0.0	0.0	0.0
AC020928.2	na	0.0	0.0	0.0	0.0	0.0	0.0	0.0
AC020928.1	na	0.0	0.0	0.0	0.0	0.0	0.0	0.0
ZNF790	na	0.0	0.0	0.0	0.0	0.0	0.0	0.0
ZNF345	na	0.0	0.0	0.0	0.0	0.0	0.0	0.0
ZNF829	na	0.0	0.0	0.0	0.0	0.0	0.0	0.0
ZNF568	na	0.0	0.0	0.0	0.0	0.0	0.0	0.0
ZNF420	na	0.0	0.0	0.0	0.0	0.0	0.0	0.0
ZNF585A	na	0.0	0.0	0.0	0.0	0.0	0.0	0.0
ZNF585B	na	0.0	0.0	0.0	0.0	0.0	0.0	0.0
ZNF383	na	0.0	0.0	0.0	0.0	0.0	0.0	0.0
HKR1	na	0.0	0.0	0.0	0.0	0.0	0.0	0.0
ZNF527	na	0.0	0.0	0.0	0.0	0.0	0.0	0.0
ZNF569	na	0.0	0.0	0.0	0.0	0.0	0.0	0.0
ZNF570	na	0.0	0.0	0.0	0.0	0.0	0.0	0.0
ZNF793-AS1	na	0.0	0.0	0.0	0.0	0.0	0.0	0.0
ZNF793	na	0.0	0.0	0.0	0.0	0.0	0.0	0.0
ZNF571	na	0.0	0.0	0.0	0.0	0.0	0.0	0.0
ZFP30	na	0.0	0.0	0.0	0.0	0.0	0.0	0.0
ZNF607	na	0.0	0.0	0.0	0.0	0.0	0.0	0.0
AC093227.1	na	0.0	0.0	0.0	0.0	0.0	0.0	0.0
SIPA1L3	na	0.0	0.0	0.0	0.0	0.0	0.0	0.0
SPINT2	na	0.15151234688020748	0.27943323612308085	0.13151754155520579	0.13652222404519218	0.13487804749627402	0.2291416182305336	0.28669548523758925
PPP1R14A	na	0.0	0.0	0.0	0.0	0.0	0.0	0.0
YIF1B	na	0.0	0.0	0.0	0.0	0.0	0.0	0.0
KCNK6	na	0.0	0.0	0.0	0.0	0.0	0.0	0.0
CATSPERG	na	0.0	0.0	0.0	0.0	0.0	0.0	0.0
PSMD8	na	0.07071220592875245	0.13493196023807136	0.04214042743219924	0.06364191467904912	0.061658198490931355	0.09719809036817403	0.11694370189646354
SPRED3	na	0.0	0.0	0.0	0.0	0.0	0.0	0.0
FAM98C	na	0.0	0.0	0.0	0.0	0.0	0.0	0.0
RYR1	na	0.0	0.0	0.0	0.0	0.0	0.0	0.0
MAP4K1	na	0.0	0.0	0.0	0.0	0.0	0.0	0.0
EIF3K	na	0.0842337966709045	0.15042221090565713	0.040829779029118385	0.0831517680279502	0.07162944465022605	0.13212139456980898	0.1423035606591546
ACTN4	na	0.06519921456882569	0.12404168803226545	0.07271480182365159	0.06616679941130334	0.07041741044555994	0.10818177270200095	0.15581209746537802
CAPN12	na	0.0	0.0	0.0	0.0	0.0	0.0	0.0
ECH1	na	0.06267385819039963	0.10754604488562114	0.04996726910106691	0.07066822408164472	0.06113002485094954	0.10610606057704723	0.11734318910079626
HNRNPL	na	0.06650002414353294	0.07436231061663756	0.062432361730179124	0.06031000558958092	0.058695586192069014	0.09057353272094089	0.10649295373714214
RINL	na	0.0	0.0	0.0	0.0	0.0	0.0	0.0
SIRT2	na	0.0	0.0	0.0	0.0	0.0	0.0	0.0
NFKBIB	na	0.0	0.0	0.0	0.0	0.0	0.0	0.0
SARS2	na	0.0	0.0	0.0	0.0	0.0	0.0	0.0
MRPS12	na	0.0	0.0	0.0	0.0	0.0	0.0	0.0
FBXO17	na	0.0	0.0	0.0	0.0	0.0	0.0	0.0
FBXO27	na	0.0	0.0	0.0	0.0	0.0	0.0	0.0
PAK4	na	0.0	0.0	0.0	0.0	0.0	0.0	0.0
NCCRP1	na	0.0	0.0	0.0	0.0	0.0	0.0	0.0
LRFN1	na	0.0	0.0	0.0	0.0	0.0	0.0	0.0
GMFG	na	0.0	0.0	0.0	0.0	0.0	0.0	0.0
AC011445.2	na	0.0	0.0	0.0	0.0	0.0	0.0	0.0
SAMD4B	na	0.0	0.0	0.0	0.0	0.0	0.0	0.0
PAF1	na	0.0	0.0	0.0	0.0	0.0	0.0	0.0
MED29	na	0.0	0.0	0.0	0.0	0.0	0.0	0.0
ZFP36	na	0.0	0.0	0.0	0.0	0.0	0.0	0.0
PLEKHG2	na	0.0	0.0	0.0	0.0	0.0	0.0	0.0
RPS16	na	0.5978079721748911	1.5087940736562022	8.647187958424425e-15	0.1332537639340836	0.33266863096470206	1.068025060544901	1.125524430974456
SUPT5H	na	0.04501505982071264	0.04659872320889479	0.05755628860386851	0.04279933004937049	0.042547158952848586	0.05401379376256838	0.06949562072113723
TIMM50	na	0.0	0.0	0.0	0.0	0.0	0.0	0.0
DLL3	na	0.0	0.0	0.0	0.0	0.0	0.0	0.0
EID2B	na	0.0	0.0	0.0	0.0	0.0	0.0	0.0
EID2	na	0.0	0.0	0.0	0.0	0.0	0.0	0.0
AC005393.1	na	0.0	0.0	0.0	0.0	0.0	0.0	0.0
DYRK1B	na	0.0	0.0	0.0	0.0	0.0	0.0	0.0
FBL	na	0.05678545970457699	0.062214118992969386	0.055659651820106786	0.04539022900095846	0.04391173784093085	0.056264686503292846	0.07335143425485433
FCGBP	na	0.0	0.0	0.0	0.0	0.0	0.0	0.0
PSMC4	na	0.0	0.0	0.0	0.0	0.0	0.0	0.0
ZNF780B	na	0.0	0.0	0.0	0.0	0.0	0.0	0.0
ZNF780A	na	0.0	0.0	0.0	0.0	0.0	0.0	0.0
MAP3K10	na	0.0	0.0	0.0	0.0	0.0	0.0	0.0
CNTD2	na	0.0	0.0	0.0	0.0	0.0	0.0	0.0
AKT2	na	0.0	0.0	0.0	0.0	0.0	0.0	0.0
C19orf47	na	0.0	0.0	0.0	0.0	0.0	0.0	0.0
PLD3	na	0.05817681324442737	0.07118186849802013	0.05019616831415937	0.037963126099708554	0.04988976004746312	0.10204697546917099	0.08912508242497014
PRX	na	0.0	0.0	0.0	0.0	0.0	0.0	0.0
SERTAD1	na	0.0	0.0	0.0	0.0	0.0	0.0	0.0
SERTAD3	na	0.0	0.0	0.0	0.0	0.0	0.0	0.0
BLVRB	na	0.06640504078100057	0.09167894435788806	0.04539009391011513	0.04183027898384443	0.051974714093247575	0.09047179739628336	0.08912931470858734
SPTBN4	na	0.0	0.0	0.0	0.0	0.0	0.0	0.0
SHKBP1	na	0.0	0.0	0.0	0.0	0.0	0.0	0.0
LTBP4	na	0.0	0.0	0.0	0.0	0.0	0.0	0.0
NUMBL	na	0.0	0.0	0.0	0.0	0.0	0.0	0.0
COQ8B	na	0.0	0.0	0.0	0.0	0.0	0.0	0.0
ITPKC	na	0.0	0.0	0.0	0.0	0.0	0.0	0.0
C19orf54	na	0.0	0.0	0.0	0.0	0.0	0.0	0.0
SNRPA	na	0.0	0.0	0.0	0.0	0.0	0.0	0.0
MIA-RAB4B	na	0.0	0.0	0.0	0.0	0.0	0.0	0.0
EGLN2	na	0.0	0.0	0.0	0.0	0.0	0.0	0.0
CYP2S1	na	0.0	0.0	0.0	0.0	0.0	0.0	0.0
AXL	na	0.0	0.0	0.0	0.0	0.0	0.0	0.0
HNRNPUL1	na	0.04996772403972056	0.059332907672766014	0.06134396884073627	0.039151273439231526	0.047113085220669294	0.07722194477594183	0.08592695988101337
TGFB1	na	0.0	0.0	0.0	0.0	0.0	0.0	0.0
CCDC97	na	0.0	0.0	0.0	0.0	0.0	0.0	0.0
TMEM91	na	0.0	0.0	0.0	0.0	0.0	0.0	0.0
B9D2	na	0.0	0.0	0.0	0.0	0.0	0.0	0.0
EXOSC5	na	0.0	0.0	0.0	0.0	0.0	0.0	0.0
BCKDHA	na	0.0	0.0	0.0	0.0	0.0	0.0	0.0
B3GNT8	na	0.0	0.0	0.0	0.0	0.0	0.0	0.0
DMAC2	na	0.0	0.0	0.0	0.0	0.0	0.0	0.0
PCAT19	na	0.0	0.0	0.0	0.0	0.0	0.0	0.0
CEACAM7	na	0.0	0.0	0.0	0.0	0.0	0.0	0.0
CEACAM6	na	0.0	0.0	0.0	0.0	0.0	0.0	0.0
RPS19	na	1.0942810597733128	3.261930808982561	1.5252796563959551e-15	0.02774559761183616	0.6184531619600278	2.441085558714881	2.312130688707445
CD79A	na	0.0	0.0	0.0	0.0	0.0	0.0	0.0
ARHGEF1	na	0.0	0.0	0.0	0.0	0.0	0.0	0.0
RABAC1	na	0.06569007110732657	0.11425690590539753	0.031880910518828166	0.0690416965976879	0.057789579591647634	0.1036191209096855	0.10518484503626568
ZNF574	na	0.0	0.0	0.0	0.0	0.0	0.0	0.0
POU2F2	na	0.0	0.0	0.0	0.0	0.0	0.0	0.0
DEDD2	na	0.0	0.0	0.0	0.0	0.0	0.0	0.0
ZNF526	na	0.0	0.0	0.0	0.0	0.0	0.0	0.0
GSK3A	na	0.0	0.0	0.0	0.0	0.0	0.0	0.0
ERF	na	0.0	0.0	0.0	0.0	0.0	0.0	0.0
CIC	na	0.0	0.0	0.0	0.0	0.0	0.0	0.0
PAFAH1B3	na	0.0721478007644165	0.1256053636195114	0.043277718445543935	0.056550117127459415	0.06150301633938878	0.09933182222767989	0.12506427777189483
PRR19	na	0.0	0.0	0.0	0.0	0.0	0.0	0.0
MEGF8	na	0.0	0.0	0.0	0.0	0.0	0.0	0.0
CNFN	na	0.0	0.0	0.0	0.0	0.0	0.0	0.0
LIPE-AS1	na	0.0	0.0	0.0	0.0	0.0	0.0	0.0
LIPE	na	0.0	0.0	0.0	0.0	0.0	0.0	0.0
CXCL17	na	0.054294351736405816	0.06663488850613934	0.05247522357546853	0.052555848609939976	0.04748648737145255	0.06298438038532927	0.07820577057013149
CEACAM1	na	0.0	0.0	0.0	0.0	0.0	0.0	0.0
LYPD3	na	0.0	0.0	0.0	0.0	0.0	0.0	0.0
PHLDB3	na	0.0	0.0	0.0	0.0	0.0	0.0	0.0
ETHE1	na	0.0	0.0	0.0	0.0	0.0	0.0	0.0
ZNF575	na	0.0	0.0	0.0	0.0	0.0	0.0	0.0
XRCC1	na	0.0	0.0	0.0	0.0	0.0	0.0	0.0
PINLYP	na	0.0	0.0	0.0	0.0	0.0	0.0	0.0
IRGQ	na	0.0	0.0	0.0	0.0	0.0	0.0	0.0
ZNF576	na	0.0	0.0	0.0	0.0	0.0	0.0	0.0
ZNF428	na	0.0	0.0	0.0	0.0	0.0	0.0	0.0
CADM4	na	0.0	0.0	0.0	0.0	0.0	0.0	0.0
PLAUR	na	0.0	0.0	0.0	0.0	0.0	0.0	0.0
SMG9	na	0.0	0.0	0.0	0.0	0.0	0.0	0.0
KCNN4	na	0.0	0.0	0.0	0.0	0.0	0.0	0.0
LYPD5	na	0.0	0.0	0.0	0.0	0.0	0.0	0.0
ZNF283	na	0.0	0.0	0.0	0.0	0.0	0.0	0.0
ZNF404	na	0.0	0.0	0.0	0.0	0.0	0.0	0.0
ZNF45	na	0.0	0.0	0.0	0.0	0.0	0.0	0.0
ZNF155	na	0.0	0.0	0.0	0.0	0.0	0.0	0.0
ZNF230	na	0.0	0.0	0.0	0.0	0.0	0.0	0.0
ZNF222	na	0.0	0.0	0.0	0.0	0.0	0.0	0.0
ZNF223	na	0.0	0.0	0.0	0.0	0.0	0.0	0.0
ZNF284	na	0.0	0.0	0.0	0.0	0.0	0.0	0.0
ZNF224	na	0.0	0.0	0.0	0.0	0.0	0.0	0.0
AC021092.1	na	0.0	0.0	0.0	0.0	0.0	0.0	0.0
ZNF225	na	0.0	0.0	0.0	0.0	0.0	0.0	0.0
ZNF234	na	0.0	0.0	0.0	0.0	0.0	0.0	0.0
ZNF226	na	0.0	0.0	0.0	0.0	0.0	0.0	0.0
ZNF227	na	0.0	0.0	0.0	0.0	0.0	0.0	0.0
ZNF235	na	0.0	0.0	0.0	0.0	0.0	0.0	0.0
ZNF229	na	0.0	0.0	0.0	0.0	0.0	0.0	0.0
ZNF180	na	0.0	0.0	0.0	0.0	0.0	0.0	0.0
AC243964.2	na	0.0	0.0	0.0	0.0	0.0	0.0	0.0
PVR	na	0.0	0.0	0.0	0.0	0.0	0.0	0.0
CEACAM19	na	0.0	0.0	0.0	0.0	0.0	0.0	0.0
BCL3	na	0.0	0.0	0.0	0.0	0.0	0.0	0.0
CBLC	na	0.0	0.0	0.0	0.0	0.0	0.0	0.0
BCAM	na	0.0	0.0	0.0	0.0	0.0	0.0	0.0
NECTIN2	na	0.06728141384498806	0.0995633725144614	0.0581036550242093	0.06226877682669143	0.06276578906408838	0.10524587589890716	0.11007561792721379
TOMM40	na	0.056325490927191864	0.053482049346184536	0.0515980707243116	0.04185236905144962	0.04239669090958141	0.06840504086240558	0.07235167812742806
APOE	na	0.2557923261093813	0.36541027303015144	0.19417759092593326	0.046714025689583036	0.2001851044888485	0.4784972996289489	0.5440478222164706
APOC1	na	0.18525976981162526	0.36445025348839405	0.025510310588393013	0.12045397322793854	0.14167971045326347	0.4163829574470834	0.30773623072521644
APOC2	na	0.0	0.0	0.0	0.0	0.0	0.0	0.0
CLPTM1	na	0.051953244399499596	0.046320074486646004	0.046719721320022084	0.05024006138129798	0.046165992187096404	0.06683660689189014	0.07493449940966022
RELB	na	0.0	0.0	0.0	0.0	0.0	0.0	0.0
CLASRP	na	0.0	0.0	0.0	0.0	0.0	0.0	0.0
ZNF296	na	0.0	0.0	0.0	0.0	0.0	0.0	0.0
GEMIN7	na	0.0	0.0	0.0	0.0	0.0	0.0	0.0
MARK4	na	0.0	0.0	0.0	0.0	0.0	0.0	0.0
PPP1R37	na	0.0	0.0	0.0	0.0	0.0	0.0	0.0
TRAPPC6A	na	0.0	0.0	0.0	0.0	0.0	0.0	0.0
BLOC1S3	na	0.0	0.0	0.0	0.0	0.0	0.0	0.0
EXOC3L2	na	0.0	0.0	0.0	0.0	0.0	0.0	0.0
KLC3	na	0.0	0.0	0.0	0.0	0.0	0.0	0.0
ERCC2	na	0.0	0.0	0.0	0.0	0.0	0.0	0.0
PPP1R13L	na	0.0	0.0	0.0	0.0	0.0	0.0	0.0
CD3EAP	na	0.0	0.0	0.0	0.0	0.0	0.0	0.0
ERCC1	na	0.0	0.0	0.0	0.0	0.0	0.0	0.0
FOSB	na	0.0	0.0	0.0	0.0	0.0	0.0	0.0
RTN2	na	0.0	0.0	0.0	0.0	0.0	0.0	0.0
PPM1N	na	0.0	0.0	0.0	0.0	0.0	0.0	0.0
VASP	na	0.057643091919925005	0.08725705219503188	0.056440927938386225	0.040949930343841916	0.05184417606586004	0.07436713586284503	0.10389396937467475
OPA3	na	0.0	0.0	0.0	0.0	0.0	0.0	0.0
GPR4	na	0.0	0.0	0.0	0.0	0.0	0.0	0.0
EML2	na	0.0	0.0	0.0	0.0	0.0	0.0	0.0
GIPR	na	0.0	0.0	0.0	0.0	0.0	0.0	0.0
SNRPD2	na	0.3256405259927711	0.8098490061810055	0.025469522715133776	0.09879881503059579	0.2111819885540144	0.607063978622019	0.6622849018766117
QPCTL	na	0.0	0.0	0.0	0.0	0.0	0.0	0.0
FBXO46	na	0.0	0.0	0.0	0.0	0.0	0.0	0.0
SIX5	na	0.0	0.0	0.0	0.0	0.0	0.0	0.0
DMPK	na	0.0	0.0	0.0	0.0	0.0	0.0	0.0
DMWD	na	0.0	0.0	0.0	0.0	0.0	0.0	0.0
SYMPK	na	0.0	0.0	0.0	0.0	0.0	0.0	0.0
IRF2BP1	na	0.0	0.0	0.0	0.0	0.0	0.0	0.0
MYPOP	na	0.0	0.0	0.0	0.0	0.0	0.0	0.0
NOVA2	na	0.0	0.0	0.0	0.0	0.0	0.0	0.0
CCDC61	na	0.0	0.0	0.0	0.0	0.0	0.0	0.0
IGFL2	na	0.0	0.0	0.0	0.0	0.0	0.0	0.0
PPP5C	na	0.0	0.0	0.0	0.0	0.0	0.0	0.0
CCDC8	na	0.0	0.0	0.0	0.0	0.0	0.0	0.0
PNMA8A	na	0.0	0.0	0.0	0.0	0.0	0.0	0.0
CALM3	na	0.08751795451448555	0.12927303615923286	0.06921870947806912	0.059163817354030215	0.07211131697408962	0.12903862603166316	0.15729621562293142
AC093503.2	na	0.0	0.0	0.0	0.0	0.0	0.0	0.0
PTGIR	na	0.0	0.0	0.0	0.0	0.0	0.0	0.0
DACT3	na	0.0	0.0	0.0	0.0	0.0	0.0	0.0
PRKD2	na	0.0	0.0	0.0	0.0	0.0	0.0	0.0
STRN4	na	0.0	0.0	0.0	0.0	0.0	0.0	0.0
FKRP	na	0.0	0.0	0.0	0.0	0.0	0.0	0.0
SLC1A5	na	0.06179054840101042	0.1085600870555338	0.04655590798005214	0.05105914205720331	0.05924951335150074	0.10561337352706979	0.1095445405609673
AP2S1	na	0.09200643732842358	0.2779630461638028	0.0019140321169749852	0.11183848408747384	0.09315843432475736	0.26284130972848313	0.19027532683564186
ARHGAP35	na	0.0	0.0	0.0	0.0	0.0	0.0	0.0
NPAS1	na	0.0	0.0	0.0	0.0	0.0	0.0	0.0
TMEM160	na	0.05861847154713643	0.08317535135450112	0.06018846742407103	0.02504199343677644	0.056822242201822824	0.10738589287699127	0.10233849600489567
ZC3H4	na	0.0	0.0	0.0	0.0	0.0	0.0	0.0
SAE1	na	0.0	0.0	0.0	0.0	0.0	0.0	0.0
BBC3	na	0.0	0.0	0.0	0.0	0.0	0.0	0.0
CCDC9	na	0.0	0.0	0.0	0.0	0.0	0.0	0.0
INAFM1	na	0.0	0.0	0.0	0.0	0.0	0.0	0.0
C5AR1	na	0.0	0.0	0.0	0.0	0.0	0.0	0.0
C5AR2	na	0.0	0.0	0.0	0.0	0.0	0.0	0.0
DHX34	na	0.0	0.0	0.0	0.0	0.0	0.0	0.0
MEIS3	na	0.0	0.0	0.0	0.0	0.0	0.0	0.0
SLC8A2	na	0.0	0.0	0.0	0.0	0.0	0.0	0.0
KPTN	na	0.0	0.0	0.0	0.0	0.0	0.0	0.0
NAPA-AS1	na	0.0	0.0	0.0	0.0	0.0	0.0	0.0
NAPA	na	0.08418439609298757	0.16328502025064545	0.07762183318700647	0.059466127061649325	0.0790010291688598	0.1348743520965485	0.16949679409422103
AC010331.1	na	0.0	0.0	0.0	0.0	0.0	0.0	0.0
BICRA	na	0.0	0.0	0.0	0.0	0.0	0.0	0.0
EHD2	na	0.0	0.0	0.0	0.0	0.0	0.0	0.0
NOP53	na	0.09401638996766777	0.12114431886167146	0.08947834467159063	0.03852155411593269	0.07336309433985205	0.11346482106581376	0.1545960260394068
SELENOW	na	0.203481407154195	0.5442291112533589	0.026673283270538986	0.144504517359371	0.16467286042938686	0.3963707408128298	0.4332450664179224
PLA2G4C	na	0.0	0.0	0.0	0.0	0.0	0.0	0.0
LIG1	na	0.0	0.0	0.0	0.0	0.0	0.0	0.0
ZSWIM9	na	0.0	0.0	0.0	0.0	0.0	0.0	0.0
CARD8	na	0.0	0.0	0.0	0.0	0.0	0.0	0.0
CARD8-AS1	na	0.0	0.0	0.0	0.0	0.0	0.0	0.0
EMP3	na	0.0	0.0	0.0	0.0	0.0	0.0	0.0
TMEM143	na	0.0	0.0	0.0	0.0	0.0	0.0	0.0
KDELR1	na	0.05538868903757514	0.0739686550274869	0.05901166878981789	0.06790164830706502	0.058813948840345756	0.07965224292677639	0.10314808075957593
GRWD1	na	0.0	0.0	0.0	0.0	0.0	0.0	0.0
CYTH2	na	0.059469186015341305	0.06964642545849338	0.05827796804526873	0.042341127256811766	0.04808391792513223	0.06678994891872675	0.08637724664688393
LMTK3	na	0.0	0.0	0.0	0.0	0.0	0.0	0.0
SULT2B1	na	0.0	0.0	0.0	0.0	0.0	0.0	0.0
RPL18	na	0.9324548922905347	2.343194107845303	2.7241235889475814e-16	0.22938536876799867	0.5455012666822971	1.7391761691277734	1.8079750797522776
SPHK2	na	0.0	0.0	0.0	0.0	0.0	0.0	0.0
DBP	na	0.0	0.0	0.0	0.0	0.0	0.0	0.0
CA11	na	0.0	0.0	0.0	0.0	0.0	0.0	0.0
RASIP1	na	0.0	0.0	0.0	0.0	0.0	0.0	0.0
FUT1	na	0.0	0.0	0.0	0.0	0.0	0.0	0.0
BCAT2	na	0.04750104752121938	0.056372979316959775	0.05449600495117207	0.05888368200333881	0.04907452209362779	0.05556399639395582	0.0740429719405267
HSD17B14	na	0.0	0.0	0.0	0.0	0.0	0.0	0.0
PLEKHA4	na	0.0	0.0	0.0	0.0	0.0	0.0	0.0
PPP1R15A	na	0.0	0.0	0.0	0.0	0.0	0.0	0.0
NUCB1	na	0.0	0.0	0.0	0.0	0.0	0.0	0.0
BAX	na	0.0	0.0	0.0	0.0	0.0	0.0	0.0
FTL	na	1.083876985299424	3.468197643270246	5.613916445397319e-16	0.08382152390362821	0.7080690703524788	3.065746468500148	2.49409926957469
GYS1	na	0.0	0.0	0.0	0.0	0.0	0.0	0.0
RUVBL2	na	0.06328807895618056	0.08724751447072196	0.06050929079900652	0.056006351767652465	0.05498900686872495	0.06817604648561361	0.09938607801927093
SNRNP70	na	0.07345984355064211	0.08277405972064557	0.06573644574032109	0.05576044327113037	0.05626170745198562	0.06787633663486643	0.10831331494263176
LIN7B	na	0.0	0.0	0.0	0.0	0.0	0.0	0.0
C19orf73	na	0.0	0.0	0.0	0.0	0.0	0.0	0.0
PPFIA3	na	0.0	0.0	0.0	0.0	0.0	0.0	0.0
HRC	na	0.0	0.0	0.0	0.0	0.0	0.0	0.0
TRPM4	na	0.042717186783645375	0.07646360011357155	0.05706312742375845	0.048826301768820426	0.052190487288012025	0.08613265817202155	0.09070864995038067
SLC6A16	na	0.0	0.0	0.0	0.0	0.0	0.0	0.0
CD37	na	0.0	0.0	0.0	0.0	0.0	0.0	0.0
TEAD2	na	0.04558826779516451	0.060803745412878425	0.055246857518114624	0.04361102677619362	0.04657336032405926	0.05053265023781142	0.07989682405272576
PIH1D1	na	0.0	0.0	0.0	0.0	0.0	0.0	0.0
ALDH16A1	na	0.0	0.0	0.0	0.0	0.0	0.0	0.0
FLT3LG	na	0.0	0.0	0.0	0.0	0.0	0.0	0.0
RPL13A	na	1.0113782332920036	2.8606958656011905	7.032553858606594e-21	0.3638855147792185	0.6168639567448455	2.0915040901384225	2.0795190346784307
RPS11	na	0.9009189487921169	2.001460630948805	0.36132421062651343	0.0810454471732794	0.5757389748108818	1.4674755249075957	1.962534677431863
FCGRT	na	0.07959684082827614	0.11676972994954586	0.045917422460477884	0.04974262985477951	0.06594658578786124	0.09724144785207689	0.1468573346245743
RCN3	na	0.0	0.0	0.0	0.0	0.0	0.0	0.0
NOSIP	na	0.05276222385740114	0.0753733954602039	0.05964710601828243	0.054587716111661855	0.04710521664710024	0.05956334535256454	0.09010202945601598
PRRG2	na	0.0	0.0	0.0	0.0	0.0	0.0	0.0
PRR12	na	0.0	0.0	0.0	0.0	0.0	0.0	0.0
RRAS	na	0.0	0.0	0.0	0.0	0.0	0.0	0.0
SCAF1	na	0.0	0.0	0.0	0.0	0.0	0.0	0.0
IRF3	na	0.046700504418250514	0.0666408715522258	0.055435364581544	0.04329765866956286	0.045577687423340396	0.06552628057956823	0.08438089951491265
BCL2L12	na	0.0	0.0	0.0	0.0	0.0	0.0	0.0
PRMT1	na	0.0551595903844917	0.08766044289871677	0.04362710775966545	0.057954350355431936	0.053627727267330116	0.06641684614029522	0.09420798957211195
ADM5	na	0.0	0.0	0.0	0.0	0.0	0.0	0.0
CPT1C	na	0.0	0.0	0.0	0.0	0.0	0.0	0.0
AP2A1	na	0.0	0.0	0.0	0.0	0.0	0.0	0.0
FUZ	na	0.0	0.0	0.0	0.0	0.0	0.0	0.0
AC006942.1	na	0.0	0.0	0.0	0.0	0.0	0.0	0.0
MED25	na	0.0	0.0	0.0	0.0	0.0	0.0	0.0
PTOV1-AS1	na	0.0	0.0	0.0	0.0	0.0	0.0	0.0
PTOV1	na	0.08190248362481524	0.10764764917511108	0.07124920616616973	0.05754908392100869	0.06461423951309982	0.11314568775317486	0.12432463634003574
PNKP	na	0.0	0.0	0.0	0.0	0.0	0.0	0.0
AKT1S1	na	0.051438174266420826	0.06536966607300262	0.0542110352219053	0.04426508116234589	0.04309717717733605	0.049853524996587975	0.07657391716835026
TBC1D17	na	0.0	0.0	0.0	0.0	0.0	0.0	0.0
IL4I1	na	0.0	0.0	0.0	0.0	0.0	0.0	0.0
NUP62	na	0.0	0.0	0.0	0.0	0.0	0.0	0.0
ATF5	na	0.0	0.0	0.0	0.0	0.0	0.0	0.0
VRK3	na	0.0	0.0	0.0	0.0	0.0	0.0	0.0
ZNF473	na	0.0	0.0	0.0	0.0	0.0	0.0	0.0
MYH14	na	0.0	0.0	0.0	0.0	0.0	0.0	0.0
KCNC3	na	0.0	0.0	0.0	0.0	0.0	0.0	0.0
NR1H2	na	0.03579719305560999	0.052567755187807284	0.042702582380027776	0.048752011490217184	0.04464937947906271	0.06416696079076409	0.08968236454395995
POLD1	na	0.0	0.0	0.0	0.0	0.0	0.0	0.0
FAM71E1	na	0.0	0.0	0.0	0.0	0.0	0.0	0.0
EMC10	na	0.06149204246874406	0.08241977409909938	0.0631767510521627	0.0794282438898466	0.06549376916984492	0.12048698888426734	0.10254050665946685
JOSD2	na	0.0	0.0	0.0	0.0	0.0	0.0	0.0
CLEC11A	na	0.0	0.0	0.0	0.0	0.0	0.0	0.0
C19orf48	na	0.0443480383372487	0.058901291856780696	0.04529009244860395	0.05485435874985974	0.04702487808406417	0.059638479216592225	0.07146701471969254
KLK4	na	0.0	0.0	0.0	0.0	0.0	0.0	0.0
CTU1	na	0.0	0.0	0.0	0.0	0.0	0.0	0.0
SIGLEC9	na	0.0	0.0	0.0	0.0	0.0	0.0	0.0
SIGLEC7	na	0.0	0.0	0.0	0.0	0.0	0.0	0.0
CD33	na	0.0	0.0	0.0	0.0	0.0	0.0	0.0
VSIG10L	na	0.0	0.0	0.0	0.0	0.0	0.0	0.0
ETFB	na	0.05854826961695029	0.09930198646529682	0.0363426401135982	0.08663358395655843	0.0582517609796549	0.08742088087126484	0.09278626617663684
CLDND2	na	0.0	0.0	0.0	0.0	0.0	0.0	0.0
NKG7	na	0.0	0.0	0.0	0.0	0.0	0.0	0.0
SIGLEC10	na	0.0	0.0	0.0	0.0	0.0	0.0	0.0
SIGLEC8	na	0.0	0.0	0.0	0.0	0.0	0.0	0.0
SIGLEC12	na	0.0	0.0	0.0	0.0	0.0	0.0	0.0
ZNF175	na	0.0	0.0	0.0	0.0	0.0	0.0	0.0
SIGLEC5	na	0.0	0.0	0.0	0.0	0.0	0.0	0.0
SIGLEC14	na	0.0	0.0	0.0	0.0	0.0	0.0	0.0
SPACA6	na	0.0	0.0	0.0	0.0	0.0	0.0	0.0
FPR1	na	0.0	0.0	0.0	0.0	0.0	0.0	0.0
FPR3	na	0.0	0.0	0.0	0.0	0.0	0.0	0.0
ZNF577	na	0.0	0.0	0.0	0.0	0.0	0.0	0.0
ZNF649	na	0.0	0.0	0.0	0.0	0.0	0.0	0.0
ZNF613	na	0.0	0.0	0.0	0.0	0.0	0.0	0.0
ZNF350	na	0.0	0.0	0.0	0.0	0.0	0.0	0.0
ZNF615	na	0.0	0.0	0.0	0.0	0.0	0.0	0.0
ZNF614	na	0.0	0.0	0.0	0.0	0.0	0.0	0.0
ZNF432	na	0.0	0.0	0.0	0.0	0.0	0.0	0.0
ZNF841	na	0.0	0.0	0.0	0.0	0.0	0.0	0.0
ZNF616	na	0.0	0.0	0.0	0.0	0.0	0.0	0.0
ZNF836	na	0.0	0.0	0.0	0.0	0.0	0.0	0.0
PPP2R1A	na	0.0981380149699165	0.23502527254175068	0.10433454831473016	0.06363028547429138	0.10408216120799084	0.17726431434645684	0.23674531539104282
ZNF766	na	0.0	0.0	0.0	0.0	0.0	0.0	0.0
ZNF480	na	0.0	0.0	0.0	0.0	0.0	0.0	0.0
ZNF610	na	0.0	0.0	0.0	0.0	0.0	0.0	0.0
ZNF880	na	0.0	0.0	0.0	0.0	0.0	0.0	0.0
ZNF528	na	0.0	0.0	0.0	0.0	0.0	0.0	0.0
ZNF808	na	0.0	0.0	0.0	0.0	0.0	0.0	0.0
ZNF701	na	0.0	0.0	0.0	0.0	0.0	0.0	0.0
ZNF83	na	0.0	0.0	0.0	0.0	0.0	0.0	0.0
ZNF611	na	0.0	0.0	0.0	0.0	0.0	0.0	0.0
ZNF600	na	0.0	0.0	0.0	0.0	0.0	0.0	0.0
ZNF28	na	0.0	0.0	0.0	0.0	0.0	0.0	0.0
ZNF468	na	0.0	0.0	0.0	0.0	0.0	0.0	0.0
ZNF888	na	0.0	0.0	0.0	0.0	0.0	0.0	0.0
ZNF816-ZNF321P	na	0.0	0.0	0.0	0.0	0.0	0.0	0.0
ZNF816	na	0.0	0.0	0.0	0.0	0.0	0.0	0.0
ERVV-1	na	0.0	0.0	0.0	0.0	0.0	0.0	0.0
ZNF160	na	0.0	0.0	0.0	0.0	0.0	0.0	0.0
ZNF415	na	0.0	0.0	0.0	0.0	0.0	0.0	0.0
ZNF347	na	0.0	0.0	0.0	0.0	0.0	0.0	0.0
ZNF677	na	0.0	0.0	0.0	0.0	0.0	0.0	0.0
ZNF845	na	0.0	0.0	0.0	0.0	0.0	0.0	0.0
ZNF525	na	0.0	0.0	0.0	0.0	0.0	0.0	0.0
ZNF765	na	0.0	0.0	0.0	0.0	0.0	0.0	0.0
ZNF761	na	0.0	0.0	0.0	0.0	0.0	0.0	0.0
ZNF813	na	0.0	0.0	0.0	0.0	0.0	0.0	0.0
ZNF331	na	0.0	0.0	0.0	0.0	0.0	0.0	0.0
MYADM	na	0.034887937913720336	0.07014062220132779	0.046935234552973826	0.05305967449053611	0.04957388818803642	0.06351409085563525	0.09171510824332793
OSCAR	na	0.0	0.0	0.0	0.0	0.0	0.0	0.0
NDUFA3	na	0.18854895420551873	0.3865305476170717	0.06462250214306883	0.08115222737307357	0.13351794758804197	0.30772316800441657	0.3653195006169571
TFPT	na	0.0	0.0	0.0	0.0	0.0	0.0	0.0
PRPF31	na	0.057661578541114006	0.05496146132911807	0.05609700277990125	0.04890595315253524	0.046290625940389005	0.060695408598399725	0.07314738651905603
CNOT3	na	0.0	0.0	0.0	0.0	0.0	0.0	0.0
LENG1	na	0.0	0.0	0.0	0.0	0.0	0.0	0.0
TMC4	na	0.0	0.0	0.0	0.0	0.0	0.0	0.0
MBOAT7	na	0.05476217133305082	0.06733466271322243	0.06304469119360717	0.06426294825508483	0.05803725280920494	0.08621115623946968	0.0982304119213886
TSEN34	na	0.0546939940047157	0.07918902008404385	0.05010541650640944	0.04214532014202368	0.050893864635719585	0.08134976095430738	0.09130308588798791
RPS9	na	0.45271058912522333	1.213920122706896	0.02225113781201286	0.09013328262638899	0.2808755231150621	0.9015840426166384	0.9740531828111073
LILRB3	na	0.0	0.0	0.0	0.0	0.0	0.0	0.0
LILRA6	na	0.0	0.0	0.0	0.0	0.0	0.0	0.0
LILRB5	na	0.0	0.0	0.0	0.0	0.0	0.0	0.0
LILRB2	na	0.0	0.0	0.0	0.0	0.0	0.0	0.0
LILRA5	na	0.0	0.0	0.0	0.0	0.0	0.0	0.0
LAIR1	na	0.0	0.0	0.0	0.0	0.0	0.0	0.0
TTYH1	na	0.0	0.0	0.0	0.0	0.0	0.0	0.0
AC245884.8	na	0.0	0.0	0.0	0.0	0.0	0.0	0.0
LENG8	na	0.0	0.0	0.0	0.0	0.0	0.0	0.0
LENG9	na	0.0	0.0	0.0	0.0	0.0	0.0	0.0
CDC42EP5	na	0.0	0.0	0.0	0.0	0.0	0.0	0.0
LILRA2	na	0.0	0.0	0.0	0.0	0.0	0.0	0.0
LILRB1	na	0.0	0.0	0.0	0.0	0.0	0.0	0.0
LILRB4	na	0.0	0.0	0.0	0.0	0.0	0.0	0.0
NLRP2	na	0.0	0.0	0.0	0.0	0.0	0.0	0.0
RDH13	na	0.0	0.0	0.0	0.0	0.0	0.0	0.0
EPS8L1	na	0.0	0.0	0.0	0.0	0.0	0.0	0.0
PPP1R12C	na	0.0	0.0	0.0	0.0	0.0	0.0	0.0
TNNT1	na	0.0	0.0	0.0	0.0	0.0	0.0	0.0
TNNI3	na	0.0	0.0	0.0	0.0	0.0	0.0	0.0
DNAAF3	na	0.0	0.0	0.0	0.0	0.0	0.0	0.0
TMEM86B	na	0.0	0.0	0.0	0.0	0.0	0.0	0.0
PPP6R1	na	0.03939719189181498	0.059807132314386724	0.05273044132197635	0.04219698122954072	0.04277175421474655	0.06269130632730732	0.07581961557099456
HSPBP1	na	0.0	0.0	0.0	0.0	0.0	0.0	0.0
BRSK1	na	0.0	0.0	0.0	0.0	0.0	0.0	0.0
KMT5C	na	0.0	0.0	0.0	0.0	0.0	0.0	0.0
IL11	na	0.0	0.0	0.0	0.0	0.0	0.0	0.0
TMEM238	na	0.0	0.0	0.0	0.0	0.0	0.0	0.0
RPL28	na	1.52341430755929	4.191704971193732	8.477302346612884e-21	0.36532287231084576	0.9198887206125628	3.1817852373396387	3.1756338795374197
UBE2S	na	0.05403468986456154	0.08332875719512273	0.05263054345505304	0.046803582392897	0.05516072129436522	0.12380963182857167	0.11228918229593937
ISOC2	na	0.038396424639752735	0.07963513187231185	0.05208512369311702	0.042480064627708945	0.04844258285219593	0.061489963862311044	0.08795022503346346
ZNF628	na	0.0	0.0	0.0	0.0	0.0	0.0	0.0
NAT14	na	0.0	0.0	0.0	0.0	0.0	0.0	0.0
SSC5D	na	0.0	0.0	0.0	0.0	0.0	0.0	0.0
ZNF579	na	0.0	0.0	0.0	0.0	0.0	0.0	0.0
FIZ1	na	0.0	0.0	0.0	0.0	0.0	0.0	0.0
ZNF524	na	0.0	0.0	0.0	0.0	0.0	0.0	0.0
ZNF865	na	0.0	0.0	0.0	0.0	0.0	0.0	0.0
ZNF784	na	0.0	0.0	0.0	0.0	0.0	0.0	0.0
ZNF580	na	0.0	0.0	0.0	0.0	0.0	0.0	0.0
ZNF581	na	0.0	0.0	0.0	0.0	0.0	0.0	0.0
CCDC106	na	0.0	0.0	0.0	0.0	0.0	0.0	0.0
U2AF2	na	0.0	0.0	0.0	0.0	0.0	0.0	0.0
EPN1	na	0.062411588156166334	0.06626629686431036	0.0525249465521865	0.05156554750623362	0.047554692046404785	0.06910673080512166	0.08727993474778876
ZNF787	na	0.0	0.0	0.0	0.0	0.0	0.0	0.0
ZNF444	na	0.0	0.0	0.0	0.0	0.0	0.0	0.0
ZSCAN5A	na	0.0	0.0	0.0	0.0	0.0	0.0	0.0
ZNF582	na	0.0	0.0	0.0	0.0	0.0	0.0	0.0
ZNF583	na	0.0	0.0	0.0	0.0	0.0	0.0	0.0
ZNF667	na	0.0	0.0	0.0	0.0	0.0	0.0	0.0
ZNF667-AS1	na	0.0	0.0	0.0	0.0	0.0	0.0	0.0
ZNF471	na	0.0	0.0	0.0	0.0	0.0	0.0	0.0
AC005498.2	na	0.0	0.0	0.0	0.0	0.0	0.0	0.0
ZFP28	na	0.0	0.0	0.0	0.0	0.0	0.0	0.0
ZNF470	na	0.0	0.0	0.0	0.0	0.0	0.0	0.0
ZNF71	na	0.0	0.0	0.0	0.0	0.0	0.0	0.0
AC007228.2	na	0.0	0.0	0.0	0.0	0.0	0.0	0.0
PEG3	na	0.0	0.0	0.0	0.0	0.0	0.0	0.0
ZNF264	na	0.0	0.0	0.0	0.0	0.0	0.0	0.0
AURKC	na	0.0	0.0	0.0	0.0	0.0	0.0	0.0
AC005261.3	na	0.0	0.0	0.0	0.0	0.0	0.0	0.0
AC005261.1	na	0.0	0.0	0.0	0.0	0.0	0.0	0.0
ZNF543	na	0.0	0.0	0.0	0.0	0.0	0.0	0.0
AC005261.2	na	0.0	0.0	0.0	0.0	0.0	0.0	0.0
ZNF304	na	0.0	0.0	0.0	0.0	0.0	0.0	0.0
ZNF547	na	0.0	0.0	0.0	0.0	0.0	0.0	0.0
TRAPPC2B	na	0.0	0.0	0.0	0.0	0.0	0.0	0.0
ZNF548	na	0.0	0.0	0.0	0.0	0.0	0.0	0.0
ZNF17	na	0.0	0.0	0.0	0.0	0.0	0.0	0.0
ZNF749	na	0.0	0.0	0.0	0.0	0.0	0.0	0.0
AC004076.2	na	0.0	0.0	0.0	0.0	0.0	0.0	0.0
ZNF772	na	0.0	0.0	0.0	0.0	0.0	0.0	0.0
ZNF419	na	0.0	0.0	0.0	0.0	0.0	0.0	0.0
ZNF773	na	0.0	0.0	0.0	0.0	0.0	0.0	0.0
ZNF549	na	0.0	0.0	0.0	0.0	0.0	0.0	0.0
ZNF550	na	0.0	0.0	0.0	0.0	0.0	0.0	0.0
ZNF416	na	0.0	0.0	0.0	0.0	0.0	0.0	0.0
ZNF530	na	0.0	0.0	0.0	0.0	0.0	0.0	0.0
ZNF134	na	0.0	0.0	0.0	0.0	0.0	0.0	0.0
ZNF211	na	0.0	0.0	0.0	0.0	0.0	0.0	0.0
ZNF551	na	0.0	0.0	0.0	0.0	0.0	0.0	0.0
ZNF154	na	0.0	0.0	0.0	0.0	0.0	0.0	0.0
ZNF671	na	0.0	0.0	0.0	0.0	0.0	0.0	0.0
ZNF776	na	0.0	0.0	0.0	0.0	0.0	0.0	0.0
ZNF586	na	0.0	0.0	0.0	0.0	0.0	0.0	0.0
ZNF552	na	0.0	0.0	0.0	0.0	0.0	0.0	0.0
ZNF587B	na	0.0	0.0	0.0	0.0	0.0	0.0	0.0
ZNF814	na	0.0	0.0	0.0	0.0	0.0	0.0	0.0
ZNF587	na	0.0	0.0	0.0	0.0	0.0	0.0	0.0
ZNF417	na	0.0	0.0	0.0	0.0	0.0	0.0	0.0
ZNF418	na	0.0	0.0	0.0	0.0	0.0	0.0	0.0
ZNF256	na	0.0	0.0	0.0	0.0	0.0	0.0	0.0
C19orf18	na	0.0	0.0	0.0	0.0	0.0	0.0	0.0
ZNF606	na	0.0	0.0	0.0	0.0	0.0	0.0	0.0
ZSCAN1	na	0.0	0.0	0.0	0.0	0.0	0.0	0.0
ZSCAN18	na	0.0	0.0	0.0	0.0	0.0	0.0	0.0
ZNF329	na	0.0	0.0	0.0	0.0	0.0	0.0	0.0
ZNF274	na	0.0	0.0	0.0	0.0	0.0	0.0	0.0
ZNF544	na	0.0	0.0	0.0	0.0	0.0	0.0	0.0
AC020915.3	na	0.0	0.0	0.0	0.0	0.0	0.0	0.0
ZNF8	na	0.0	0.0	0.0	0.0	0.0	0.0	0.0
ERVK3-1	na	0.0	0.0	0.0	0.0	0.0	0.0	0.0
AC010642.2	na	0.0	0.0	0.0	0.0	0.0	0.0	0.0
ZSCAN22	na	0.0	0.0	0.0	0.0	0.0	0.0	0.0
A1BG	na	0.0	0.0	0.0	0.0	0.0	0.0	0.0
A1BG-AS1	na	0.0	0.0	0.0	0.0	0.0	0.0	0.0
ZNF497	na	0.0	0.0	0.0	0.0	0.0	0.0	0.0
ZNF837	na	0.0	0.0	0.0	0.0	0.0	0.0	0.0
RPS5	na	0.5957131910867733	1.305488396825367	2.424106099462066e-20	0.2086930612669119	0.3003532714795755	0.8665276068683692	0.9335631786312629
ZNF584	na	0.0	0.0	0.0	0.0	0.0	0.0	0.0
AC012313.1	na	0.0	0.0	0.0	0.0	0.0	0.0	0.0
ZNF324B	na	0.0	0.0	0.0	0.0	0.0	0.0	0.0
ZNF324	na	0.0	0.0	0.0	0.0	0.0	0.0	0.0
ZNF446	na	0.0	0.0	0.0	0.0	0.0	0.0	0.0
SLC27A5	na	0.0	0.0	0.0	0.0	0.0	0.0	0.0
ZBTB45	na	0.0	0.0	0.0	0.0	0.0	0.0	0.0
TRIM28	na	0.08765186497145888	0.1374495186417097	0.08760696627747015	0.07193684631481677	0.08566311999972592	0.14408856294874814	0.16247697821570953
CHMP2A	na	0.07966468412780882	0.10850336187715631	0.05738744660642157	0.047748639727879426	0.06100095504430094	0.11287487183003556	0.12431095204230709
UBE2M	na	0.04014964214506055	0.049959012386462665	0.06108920726582994	0.03850191762863817	0.04570551886392063	0.05954367716629319	0.0834887659481936
MZF1-AS1	na	0.0	0.0	0.0	0.0	0.0	0.0	0.0
MZF1	na	0.0	0.0	0.0	0.0	0.0	0.0	0.0
IL17RA	na	0.0	0.0	0.0	0.0	0.0	0.0	0.0
TMEM121B	na	0.0	0.0	0.0	0.0	0.0	0.0	0.0
HDHD5	na	0.0	0.0	0.0	0.0	0.0	0.0	0.0
HDHD5-AS1	na	0.0	0.0	0.0	0.0	0.0	0.0	0.0
ADA2	na	0.0	0.0	0.0	0.0	0.0	0.0	0.0
CECR2	na	0.0	0.0	0.0	0.0	0.0	0.0	0.0
SLC25A18	na	0.0	0.0	0.0	0.0	0.0	0.0	0.0
ATP6V1E1	na	0.06371092749879953	0.10066911711881242	0.05286483440273049	0.04287802875744982	0.05465223503551523	0.09638665342313558	0.10942978507137617
BCL2L13	na	0.0	0.0	0.0	0.0	0.0	0.0	0.0
BID	na	0.0	0.0	0.0	0.0	0.0	0.0	0.0
MICAL3	na	0.0	0.0	0.0	0.0	0.0	0.0	0.0
AC016027.1	na	0.0	0.0	0.0	0.0	0.0	0.0	0.0
PEX26	na	0.0	0.0	0.0	0.0	0.0	0.0	0.0
USP18	na	0.0	0.0	0.0	0.0	0.0	0.0	0.0
TMEM191B	na	0.0	0.0	0.0	0.0	0.0	0.0	0.0
DGCR6	na	0.0	0.0	0.0	0.0	0.0	0.0	0.0
DGCR2	na	0.0	0.0	0.0	0.0	0.0	0.0	0.0
ESS2	na	0.0	0.0	0.0	0.0	0.0	0.0	0.0
LINC01311	na	0.0	0.0	0.0	0.0	0.0	0.0	0.0
SLC25A1	na	0.055710481245901625	0.09498073648673828	0.05586472460624872	0.05155500729080991	0.05754797749333711	0.10679482516536117	0.11765620932963122
CLTCL1	na	0.0	0.0	0.0	0.0	0.0	0.0	0.0
HIRA	na	0.0	0.0	0.0	0.0	0.0	0.0	0.0
C22orf39	na	0.0	0.0	0.0	0.0	0.0	0.0	0.0
MRPL40	na	0.0	0.0	0.0	0.0	0.0	0.0	0.0
UFD1	na	0.05091333337383276	0.08136106989722001	0.04304532879783338	0.05140364609212807	0.04851938434836597	0.06595183159415562	0.08408764955226983
AC000068.3	na	0.0	0.0	0.0	0.0	0.0	0.0	0.0
CDC45	na	0.0	0.0	0.0	0.0	0.0	0.0	0.0
CLDN5	na	0.0	0.0	0.0	0.0	0.0	0.0	0.0
GNB1L	na	0.0	0.0	0.0	0.0	0.0	0.0	0.0
RTL10	na	0.0	0.0	0.0	0.0	0.0	0.0	0.0
TXNRD2	na	0.0	0.0	0.0	0.0	0.0	0.0	0.0
COMT	na	0.1422227681262437	0.28659401607045276	0.08736338485314438	0.06772353417394694	0.11049633554042664	0.20258207690643595	0.2991294449929002
ARVCF	na	0.0	0.0	0.0	0.0	0.0	0.0	0.0
TANGO2	na	0.0	0.0	0.0	0.0	0.0	0.0	0.0
DGCR8	na	0.0	0.0	0.0	0.0	0.0	0.0	0.0
TRMT2A	na	0.0	0.0	0.0	0.0	0.0	0.0	0.0
RANBP1	na	0.06948560839097555	0.12874717289187576	0.043959497178313274	0.054559023484576676	0.06635152749445265	0.12244161167065033	0.12833773350092084
ZDHHC8	na	0.0	0.0	0.0	0.0	0.0	0.0	0.0
RTN4R	na	0.0	0.0	0.0	0.0	0.0	0.0	0.0
DGCR6L	na	0.057292753857759046	0.104084608750444	0.035238124234992084	0.059414360288332364	0.054308158145291434	0.08946257322211992	0.1052996879898279
AC007731.3	na	0.0	0.0	0.0	0.0	0.0	0.0	0.0
ZNF74	na	0.0	0.0	0.0	0.0	0.0	0.0	0.0
SCARF2	na	0.0	0.0	0.0	0.0	0.0	0.0	0.0
KLHL22	na	0.0	0.0	0.0	0.0	0.0	0.0	0.0
MED15	na	0.0	0.0	0.0	0.0	0.0	0.0	0.0
PI4KA	na	0.03430002064593222	0.058680252687407286	0.05005911917578604	0.04283763563415702	0.045020847916824036	0.06400782609000658	0.08223559306373991
SNAP29	na	0.0	0.0	0.0	0.0	0.0	0.0	0.0
CRKL	na	0.0	0.0	0.0	0.0	0.0	0.0	0.0
LINC01637	na	0.0	0.0	0.0	0.0	0.0	0.0	0.0
AIFM3	na	0.0	0.0	0.0	0.0	0.0	0.0	0.0
LZTR1	na	0.0	0.0	0.0	0.0	0.0	0.0	0.0
THAP7	na	0.0	0.0	0.0	0.0	0.0	0.0	0.0
THAP7-AS1	na	0.0	0.0	0.0	0.0	0.0	0.0	0.0
HIC2	na	0.0	0.0	0.0	0.0	0.0	0.0	0.0
TMEM191C	na	0.0	0.0	0.0	0.0	0.0	0.0	0.0
UBE2L3	na	0.09092233446438006	0.21119208641589957	0.044879194905585985	0.06944920395550273	0.08225180522734533	0.17231338576282842	0.17912229339510916
YDJC	na	0.0	0.0	0.0	0.0	0.0	0.0	0.0
SDF2L1	na	0.05408186650223393	0.06509238324436552	0.04184991292904763	0.057087479441719234	0.047725966894276585	0.06126355693463604	0.06599464234083458
PPIL2	na	0.0	0.0	0.0	0.0	0.0	0.0	0.0
YPEL1	na	0.0	0.0	0.0	0.0	0.0	0.0	0.0
MAPK1	na	0.06008566107072275	0.06676149027603619	0.04892814303391773	0.04632601170565132	0.047738142544260294	0.07137121150238977	0.07458008563156367
PPM1F	na	0.0	0.0	0.0	0.0	0.0	0.0	0.0
TOP3B	na	0.0	0.0	0.0	0.0	0.0	0.0	0.0
IGLV6-57	na	0.0	0.0	0.0	0.0	0.0	0.0	0.0
AC245060.5	na	0.0	0.0	0.0	0.0	0.0	0.0	0.0
IGLV1-44	na	0.0	0.0	0.0	0.0	0.0	0.0	0.0
IGLV1-40	na	0.0	0.0	0.0	0.0	0.0	0.0	0.0
PRAME	na	0.0	0.0	0.0	0.0	0.0	0.0	0.0
IGLV3-25	na	0.0	0.0	0.0	0.0	0.0	0.0	0.0
IGLV3-21	na	0.0	0.0	0.0	0.0	0.0	0.0	0.0
IGLV3-19	na	0.0	0.0	0.0	0.0	0.0	0.0	0.0
IGLV2-14	na	0.0	0.0	0.0	0.0	0.0	0.0	0.0
IGLV2-11	na	0.0	0.0	0.0	0.0	0.0	0.0	0.0
IGLV3-1	na	0.0	0.0	0.0	0.0	0.0	0.0	0.0
IGLL5	na	0.0	0.0	0.0	0.0	0.0	0.0	0.0
IGLC2	na	0.010374655210405693	4.315086701240176	2.6410854490955368e-20	0.2263011238348629	0.4100643733992733	1.4430476378920625	0.08653356656451652
IGLC3	na	0.48410259398577177	3.2101583204997337	2.980501495695866e-22	9.914756312691591e-14	0.42617067320559865	2.672777703271793	0.13956503740735957
IGLC7	na	0.0	0.0	0.0	0.0	0.0	0.0	0.0
RSPH14	na	0.0	0.0	0.0	0.0	0.0	0.0	0.0
GNAZ	na	0.0	0.0	0.0	0.0	0.0	0.0	0.0
RAB36	na	0.0	0.0	0.0	0.0	0.0	0.0	0.0
BCR	na	0.04176049733210377	0.06501386533435011	0.0523527027167592	0.04985366323321867	0.04911166063259423	0.05152283495119785	0.07942803860711432
PCAT14	na	0.0	0.0	0.0	0.0	0.0	0.0	0.0
ZNF70	na	0.0	0.0	0.0	0.0	0.0	0.0	0.0
CHCHD10	na	0.0	0.0	0.0	0.0	0.0	0.0	0.0
MMP11	na	0.0	0.0	0.0	0.0	0.0	0.0	0.0
SMARCB1	na	0.0	0.0	0.0	0.0	0.0	0.0	0.0
DERL3	na	0.0	0.0	0.0	0.0	0.0	0.0	0.0
SLC2A11	na	0.0	0.0	0.0	0.0	0.0	0.0	0.0
MIF	na	0.9429006010290171	2.4328188970144407	4.956136650642428e-23	0.05428030670784313	0.4548866700649649	1.755428466572434	1.5829294791813135
MIF-AS1	na	0.0	0.0	0.0	0.0	0.0	0.0	0.0
GSTT2B	na	0.0	0.0	0.0	0.0	0.0	0.0	0.0
DDTL	na	0.0	0.0	0.0	0.0	0.0	0.0	0.0
DDT	na	0.14327830121667132	0.34538332133880617	0.0358622213667569	0.10750925790027223	0.10986992880476736	0.22299723116854994	0.26412805700010183
CABIN1	na	0.0	0.0	0.0	0.0	0.0	0.0	0.0
SUSD2	na	0.0	0.0	0.0	0.0	0.0	0.0	0.0
GGT5	na	0.0	0.0	0.0	0.0	0.0	0.0	0.0
SPECC1L	na	0.0	0.0	0.0	0.0	0.0	0.0	0.0
GUCD1	na	0.05189782235402711	0.06105337615341277	0.04662896011589583	0.04969489014559504	0.04549201949322697	0.06125139489105799	0.08014796608246116
SNRPD3	na	0.10355645391312207	0.17793502278560827	0.06360345702186143	0.062373007807042864	0.07900315059023313	0.1495171035881813	0.18426683028336172
GGT1	na	0.034525224636028015	0.03775102990911008	0.06123077403728213	0.06605304337488423	0.05147103740309978	0.051266968739200725	0.08711748103385568
LRRC75B	na	0.0	0.0	0.0	0.0	0.0	0.0	0.0
SGSM1	na	0.0	0.0	0.0	0.0	0.0	0.0	0.0
KIAA1671	na	0.05508229144748008	0.06670229112142638	0.055737767052978865	0.050353452593962886	0.04320499583008046	0.05101623538919025	0.07694928110878106
AL022323.1	na	0.0	0.0	0.0	0.0	0.0	0.0	0.0
CRYBB3	na	0.0	0.0	0.0	0.0	0.0	0.0	0.0
LRP5L	na	0.0	0.0	0.0	0.0	0.0	0.0	0.0
GRK3	na	0.0	0.0	0.0	0.0	0.0	0.0	0.0
ASPHD2	na	0.0	0.0	0.0	0.0	0.0	0.0	0.0
HPS4	na	0.0	0.0	0.0	0.0	0.0	0.0	0.0
SRRD	na	0.0	0.0	0.0	0.0	0.0	0.0	0.0
TFIP11	na	0.0	0.0	0.0	0.0	0.0	0.0	0.0
Z95115.1	na	0.0	0.0	0.0	0.0	0.0	0.0	0.0
TPST2	na	0.0	0.0	0.0	0.0	0.0	0.0	0.0
CRYBB1	na	0.0	0.0	0.0	0.0	0.0	0.0	0.0
MIAT	na	0.0	0.0	0.0	0.0	0.0	0.0	0.0
MIATNB	na	0.0	0.0	0.0	0.0	0.0	0.0	0.0
MN1	na	0.0	0.0	0.0	0.0	0.0	0.0	0.0
PITPNB	na	0.0	0.0	0.0	0.0	0.0	0.0	0.0
TTC28	na	0.0	0.0	0.0	0.0	0.0	0.0	0.0
CHEK2	na	0.0	0.0	0.0	0.0	0.0	0.0	0.0
HSCB	na	0.0	0.0	0.0	0.0	0.0	0.0	0.0
CCDC117	na	0.0	0.0	0.0	0.0	0.0	0.0	0.0
XBP1	na	0.15773814474197992	0.30463165357307564	0.11681880666457845	0.12831357019933826	0.1405376384367236	0.24014382070089	0.29423170565133955
Z93930.2	na	0.0	0.0	0.0	0.0	0.0	0.0	0.0
ZNRF3	na	0.0	0.0	0.0	0.0	0.0	0.0	0.0
KREMEN1	na	0.0	0.0	0.0	0.0	0.0	0.0	0.0
EMID1	na	0.0	0.0	0.0	0.0	0.0	0.0	0.0
RHBDD3	na	0.0	0.0	0.0	0.0	0.0	0.0	0.0
EWSR1	na	0.0810473041707644	0.11800893283117381	0.09408113521090482	0.08288796967541287	0.08638635157349935	0.13799891845906284	0.1557015200282023
GAS2L1	na	0.0	0.0	0.0	0.0	0.0	0.0	0.0
RASL10A	na	0.0	0.0	0.0	0.0	0.0	0.0	0.0
AP1B1	na	0.052109530630473175	0.08033526729602644	0.04712961043873385	0.04959295615908743	0.05007713703993095	0.07684580812853899	0.09904003472599139
THOC5	na	0.0	0.0	0.0	0.0	0.0	0.0	0.0
NIPSNAP1	na	0.03725438000769936	0.06486055993868245	0.04692864943370724	0.05267112805065158	0.04866874566493751	0.06933972927218907	0.08756687901987677
NF2	na	0.0	0.0	0.0	0.0	0.0	0.0	0.0
ZMAT5	na	0.0	0.0	0.0	0.0	0.0	0.0	0.0
UQCR10	na	0.3544331358830881	0.8694011573381117	0.05067728838518825	0.09981349517895813	0.22313711845395884	0.5791620724848409	0.6563647463278587
ASCC2	na	0.0	0.0	0.0	0.0	0.0	0.0	0.0
MTMR3	na	0.0	0.0	0.0	0.0	0.0	0.0	0.0
AC003681.1	na	0.0	0.0	0.0	0.0	0.0	0.0	0.0
OSM	na	0.0	0.0	0.0	0.0	0.0	0.0	0.0
CASTOR1	na	0.0	0.0	0.0	0.0	0.0	0.0	0.0
TBC1D10A	na	0.0	0.0	0.0	0.0	0.0	0.0	0.0
SF3A1	na	0.053446096420779944	0.0636879713644831	0.04835265903377632	0.045759261499785917	0.04844088881813184	0.07285148496608113	0.09144666917948709
CCDC157	na	0.0	0.0	0.0	0.0	0.0	0.0	0.0
RNF215	na	0.0	0.0	0.0	0.0	0.0	0.0	0.0
SEC14L2	na	0.0	0.0	0.0	0.0	0.0	0.0	0.0
MTFP1	na	0.0	0.0	0.0	0.0	0.0	0.0	0.0
PES1	na	0.053159736796793755	0.06571958220659653	0.05536925365216246	0.054154805518088274	0.04652307535197013	0.06489958474781721	0.08285527060105767
TCN2	na	0.0	0.0	0.0	0.0	0.0	0.0	0.0
SLC35E4	na	0.0	0.0	0.0	0.0	0.0	0.0	0.0
DUSP18	na	0.0	0.0	0.0	0.0	0.0	0.0	0.0
OSBP2	na	0.0	0.0	0.0	0.0	0.0	0.0	0.0
MORC2	na	0.0	0.0	0.0	0.0	0.0	0.0	0.0
SMTN	na	0.0	0.0	0.0	0.0	0.0	0.0	0.0
SELENOM	na	0.0	0.0	0.0	0.0	0.0	0.0	0.0
INPP5J	na	0.0	0.0	0.0	0.0	0.0	0.0	0.0
RNF185	na	0.0	0.0	0.0	0.0	0.0	0.0	0.0
LIMK2	na	0.0	0.0	0.0	0.0	0.0	0.0	0.0
PIK3IP1	na	0.0	0.0	0.0	0.0	0.0	0.0	0.0
PATZ1	na	0.049230184508533205	0.05795057913209321	0.05447903274280264	0.05062052176379133	0.04816051164017464	0.07268224484738876	0.0914188594787424
DRG1	na	0.0446256746631071	0.0720662845189721	0.04495403698942561	0.045378849213573956	0.04826943266352635	0.054988690228382424	0.08279224557794851
EIF4ENIF1	na	0.0	0.0	0.0	0.0	0.0	0.0	0.0
SFI1	na	0.0	0.0	0.0	0.0	0.0	0.0	0.0
PISD	na	0.0	0.0	0.0	0.0	0.0	0.0	0.0
PRR14L	na	0.0	0.0	0.0	0.0	0.0	0.0	0.0
DEPDC5	na	0.0	0.0	0.0	0.0	0.0	0.0	0.0
YWHAH	na	0.08856318890243099	0.11334403561462686	0.09423159100813251	0.05483997233886039	0.07391909412265277	0.10683866182314182	0.1496287424377299
RFPL3S	na	0.0	0.0	0.0	0.0	0.0	0.0	0.0
RTCB	na	0.057008815355777204	0.07393344935009986	0.04153022914168946	0.05077296352425514	0.0478641582483397	0.054974058154169156	0.07573879859868646
FBXO7	na	0.0	0.0	0.0	0.0	0.0	0.0	0.0
TIMP3	na	0.08953266710249345	0.23509915073282694	0.004347458267999639	0.09482966657755504	0.09105218687968361	0.2567389064684759	0.13710379486003424
LARGE1	na	0.0	0.0	0.0	0.0	0.0	0.0	0.0
HMGXB4	na	0.0	0.0	0.0	0.0	0.0	0.0	0.0
TOM1	na	0.0	0.0	0.0	0.0	0.0	0.0	0.0
HMOX1	na	0.0	0.0	0.0	0.0	0.0	0.0	0.0
MCM5	na	0.0	0.0	0.0	0.0	0.0	0.0	0.0
RASD2	na	0.0	0.0	0.0	0.0	0.0	0.0	0.0
MB	na	0.0	0.0	0.0	0.0	0.0	0.0	0.0
APOL6	na	0.0	0.0	0.0	0.0	0.0	0.0	0.0
RBFOX2	na	0.0	0.0	0.0	0.0	0.0	0.0	0.0
APOL3	na	0.0	0.0	0.0	0.0	0.0	0.0	0.0
APOL4	na	0.0	0.0	0.0	0.0	0.0	0.0	0.0
APOL2	na	0.0	0.0	0.0	0.0	0.0	0.0	0.0
APOL1	na	0.0	0.0	0.0	0.0	0.0	0.0	0.0
MYH9	na	0.1535186721895098	0.2642621879935902	0.10605436490614316	0.06748171364603893	0.11935625659975317	0.2787714493571851	0.3032743291445221
TXN2	na	0.0683287021846055	0.09986039613790808	0.04930734854460797	0.04724787179155664	0.05259350964736963	0.07046032079128095	0.09281131072547677
FOXRED2	na	0.0	0.0	0.0	0.0	0.0	0.0	0.0
EIF3D	na	0.08197140151995098	0.14075815650315665	0.05376281985851229	0.06182926247993046	0.06757672869070698	0.12454639175268328	0.13947513068297673
IFT27	na	0.0	0.0	0.0	0.0	0.0	0.0	0.0
PVALB	na	0.0	0.0	0.0	0.0	0.0	0.0	0.0
NCF4	na	0.0	0.0	0.0	0.0	0.0	0.0	0.0
CSF2RB	na	0.0	0.0	0.0	0.0	0.0	0.0	0.0
TST	na	0.05687036988565614	0.08352468109044676	0.03636697227142374	0.0685073055781498	0.050276954614827445	0.07959328024422042	0.06523421204202193
MPST	na	0.05144393854291603	0.07002539852584547	0.0546485005943147	0.0429533104675891	0.04946430386431215	0.0654527938549304	0.08760154304518751
KCTD17	na	0.0	0.0	0.0	0.0	0.0	0.0	0.0
TMPRSS6	na	0.0	0.0	0.0	0.0	0.0	0.0	0.0
IL2RB	na	0.0	0.0	0.0	0.0	0.0	0.0	0.0
C1QTNF6	na	0.0	0.0	0.0	0.0	0.0	0.0	0.0
RAC2	na	0.0	0.0	0.0	0.0	0.0	0.0	0.0
CYTH4	na	0.0	0.0	0.0	0.0	0.0	0.0	0.0
ELFN2	na	0.0	0.0	0.0	0.0	0.0	0.0	0.0
MFNG	na	0.0	0.0	0.0	0.0	0.0	0.0	0.0
CARD10	na	0.0	0.0	0.0	0.0	0.0	0.0	0.0
CDC42EP1	na	0.05641057327204617	0.08493291443703867	0.04699585300023954	0.04522629963982633	0.04854974974278327	0.062078566078358904	0.09573994272431878
GGA1	na	0.0	0.0	0.0	0.0	0.0	0.0	0.0
SH3BP1	na	0.0	0.0	0.0	0.0	0.0	0.0	0.0
LGALS1	na	0.30101528827554885	1.0258318327177212	2.98390992356331e-18	0.07070029078247049	0.21174524642109213	0.9551591615964433	0.5174726725113875
NOL12	na	0.0	0.0	0.0	0.0	0.0	0.0	0.0
TRIOBP	na	0.0	0.0	0.0	0.0	0.0	0.0	0.0
H1F0	na	0.0673264772505124	0.1141073574430792	0.0791554541232793	0.08495613327136785	0.08104682749146885	0.1372505090404606	0.15229633740949544
GCAT	na	0.0	0.0	0.0	0.0	0.0	0.0	0.0
ANKRD54	na	0.0	0.0	0.0	0.0	0.0	0.0	0.0
EIF3L	na	0.08552739996688129	0.15601226396312562	0.07802469254702524	0.0556300947098302	0.07698734025280356	0.1185344358656187	0.16286960271710854
MICALL1	na	0.0	0.0	0.0	0.0	0.0	0.0	0.0
POLR2F	na	0.06861760716502172	0.1358338806903336	0.0530433129191358	0.05441312002101021	0.06783252268739182	0.1334711633628813	0.12393536683051717
PICK1	na	0.0	0.0	0.0	0.0	0.0	0.0	0.0
BAIAP2L2	na	0.0	0.0	0.0	0.0	0.0	0.0	0.0
AL022322.1	na	0.0	0.0	0.0	0.0	0.0	0.0	0.0
PLA2G6	na	0.0	0.0	0.0	0.0	0.0	0.0	0.0
MAFF	na	0.0	0.0	0.0	0.0	0.0	0.0	0.0
TMEM184B	na	0.04687823680222806	0.056179037530882436	0.06403774018721747	0.04531022215096314	0.04935223835196451	0.055269167428548614	0.07490067400256692
CSNK1E	na	0.045922859147026956	0.07136470877248376	0.06928274037657488	0.05923201266108409	0.05798309112499216	0.07210357771940144	0.10310699326725146
KDELR3	na	0.0	0.0	0.0	0.0	0.0	0.0	0.0
DDX17	na	0.08890834556638362	0.12736501044079523	0.10007855551824868	0.09999351045784968	0.08482891643166704	0.11681547774549317	0.15667241302989474
DMC1	na	0.0	0.0	0.0	0.0	0.0	0.0	0.0
FAM227A	na	0.0	0.0	0.0	0.0	0.0	0.0	0.0
CBY1	na	0.0	0.0	0.0	0.0	0.0	0.0	0.0
TOMM22	na	0.054421978100622076	0.08340873827791544	0.05057085598486967	0.058323968538271896	0.053133291547208535	0.06241012339417579	0.09492888095304018
JOSD1	na	0.0	0.0	0.0	0.0	0.0	0.0	0.0
GTPBP1	na	0.0	0.0	0.0	0.0	0.0	0.0	0.0
SUN2	na	0.06044294935240467	0.05439041312226974	0.05526742541240787	0.04233654230619043	0.04558882881329776	0.05894777847781353	0.07423502329450865
AL021707.6	na	0.0	0.0	0.0	0.0	0.0	0.0	0.0
DNAL4	na	0.0	0.0	0.0	0.0	0.0	0.0	0.0
NPTXR	na	0.0	0.0	0.0	0.0	0.0	0.0	0.0
CBX6	na	0.0	0.0	0.0	0.0	0.0	0.0	0.0
APOBEC3A	na	0.0	0.0	0.0	0.0	0.0	0.0	0.0
APOBEC3B	na	0.0	0.0	0.0	0.0	0.0	0.0	0.0
APOBEC3C	na	0.0	0.0	0.0	0.0	0.0	0.0	0.0
APOBEC3F	na	0.0	0.0	0.0	0.0	0.0	0.0	0.0
APOBEC3G	na	0.0	0.0	0.0	0.0	0.0	0.0	0.0
CBX7	na	0.0	0.0	0.0	0.0	0.0	0.0	0.0
PDGFB	na	0.0	0.0	0.0	0.0	0.0	0.0	0.0
RPL3	na	0.6546525840017519	1.3997902194488665	0.22513408854458683	0.2152570821447321	0.4149337145576964	1.138601937580612	1.256242012661562
SYNGR1	na	0.0	0.0	0.0	0.0	0.0	0.0	0.0
TAB1	na	0.0	0.0	0.0	0.0	0.0	0.0	0.0
MIEF1	na	0.0	0.0	0.0	0.0	0.0	0.0	0.0
ATF4	na	0.09153033965579617	0.14625414106600595	0.05786463501763296	0.05824278503300394	0.07080320198427563	0.1200230622105397	0.15174233588646666
RPS19BP1	na	0.06637272172008514	0.1352459980976957	0.06179835521236693	0.04946036785925907	0.0630346033167951	0.10831636234344186	0.13492204347827416
CACNA1I	na	0.0	0.0	0.0	0.0	0.0	0.0	0.0
FAM83F	na	0.0	0.0	0.0	0.0	0.0	0.0	0.0
TNRC6B	na	0.0	0.0	0.0	0.0	0.0	0.0	0.0
ADSL	na	0.0	0.0	0.0	0.0	0.0	0.0	0.0
SGSM3	na	0.0	0.0	0.0	0.0	0.0	0.0	0.0
MKL1	na	0.0	0.0	0.0	0.0	0.0	0.0	0.0
SLC25A17	na	0.0	0.0	0.0	0.0	0.0	0.0	0.0
ST13	na	0.13177868783076635	0.2731404492584892	0.05516618710071362	0.08442782602225077	0.10056752148474576	0.22725997848966772	0.24866835964631037
XPNPEP3	na	0.0	0.0	0.0	0.0	0.0	0.0	0.0
RBX1	na	0.10992733708048204	0.2926339415876603	0.02456940258326375	0.0837594836473553	0.09748264969872573	0.1990939461307285	0.20413390328657785
EP300	na	0.0	0.0	0.0	0.0	0.0	0.0	0.0
L3MBTL2	na	0.0	0.0	0.0	0.0	0.0	0.0	0.0
CHADL	na	0.0	0.0	0.0	0.0	0.0	0.0	0.0
RANGAP1	na	0.0605282860400347	0.10262144890088619	0.06243376282106507	0.06209275227136748	0.06230201747956663	0.095913382619736	0.11708866004174506
ZC3H7B	na	0.0	0.0	0.0	0.0	0.0	0.0	0.0
TEF	na	0.0	0.0	0.0	0.0	0.0	0.0	0.0
TOB2	na	0.0	0.0	0.0	0.0	0.0	0.0	0.0
PHF5A	na	0.0	0.0	0.0	0.0	0.0	0.0	0.0
ACO2	na	0.04185005269939803	0.07070313811212388	0.05792867850426482	0.05272685486919497	0.051146696339845074	0.06534521235791457	0.10054993343990551
POLR3H	na	0.0	0.0	0.0	0.0	0.0	0.0	0.0
PMM1	na	0.0	0.0	0.0	0.0	0.0	0.0	0.0
DESI1	na	0.0	0.0	0.0	0.0	0.0	0.0	0.0
XRCC6	na	0.11787514420537488	0.22339256928945084	0.06587880783033476	0.05893351045767091	0.09129813151356628	0.20926796734385184	0.21953348655535482
SNU13	na	0.10242706470306545	0.251961551842178	0.06693927655132202	0.05445511649944801	0.08878193177784333	0.20660570497479128	0.21048698933665963
C22orf46	na	0.0	0.0	0.0	0.0	0.0	0.0	0.0
MEI1	na	0.0	0.0	0.0	0.0	0.0	0.0	0.0
CCDC134	na	0.0	0.0	0.0	0.0	0.0	0.0	0.0
AL021453.1	na	0.0	0.0	0.0	0.0	0.0	0.0	0.0
SREBF2	na	0.054432061442753484	0.07783821466083617	0.06116976702798766	0.05633295907567411	0.0517588211261628	0.06352416190523937	0.078917901440735
SHISA8	na	0.0	0.0	0.0	0.0	0.0	0.0	0.0
TNFRSF13C	na	0.0	0.0	0.0	0.0	0.0	0.0	0.0
CENPM	na	0.0	0.0	0.0	0.0	0.0	0.0	0.0
SEPT3	na	0.0	0.0	0.0	0.0	0.0	0.0	0.0
NAGA	na	0.0	0.0	0.0	0.0	0.0	0.0	0.0
PHETA2	na	0.0	0.0	0.0	0.0	0.0	0.0	0.0
SMDT1	na	0.08761367976603156	0.1566097421026434	0.056501574912728565	0.048600539888122136	0.0675372349346919	0.12844746546831406	0.13909820199652476
NDUFA6	na	0.13051144860467848	0.31692947957409806	0.04638460570483729	0.07191473788635631	0.1020284456077904	0.24736299517851962	0.24305731808690043
CYP2D6	na	0.0	0.0	0.0	0.0	0.0	0.0	0.0
TCF20	na	0.0	0.0	0.0	0.0	0.0	0.0	0.0
LINC01315	na	0.0	0.0	0.0	0.0	0.0	0.0	0.0
NFAM1	na	0.0	0.0	0.0	0.0	0.0	0.0	0.0
RRP7A	na	0.0	0.0	0.0	0.0	0.0	0.0	0.0
SERHL2	na	0.0	0.0	0.0	0.0	0.0	0.0	0.0
POLDIP3	na	0.0	0.0	0.0	0.0	0.0	0.0	0.0
Z93241.1	na	0.0	0.0	0.0	0.0	0.0	0.0	0.0
CYB5R3	na	0.05893699360190056	0.1056710294534945	0.04646422248119979	0.04918246073610175	0.056675135928602634	0.10252689134583533	0.11142236577674956
ATP5MGL	na	0.0	0.0	0.0	0.0	0.0	0.0	0.0
A4GALT	na	0.0	0.0	0.0	0.0	0.0	0.0	0.0
ARFGAP3	na	0.0	0.0	0.0	0.0	0.0	0.0	0.0
PACSIN2	na	0.053609842656200564	0.06311769292276564	0.05366421326772509	0.05265955911396239	0.04747453448983952	0.06630195655932915	0.08748470431229069
TTLL1	na	0.0	0.0	0.0	0.0	0.0	0.0	0.0
BIK	na	0.09834751252477437	0.11936034271310729	0.10601735569921181	0.021881582520730535	0.07409243632480185	0.08177523946627277	0.17435006126937613
MCAT	na	0.0	0.0	0.0	0.0	0.0	0.0	0.0
TSPO	na	0.15150317912229122	0.26698877433331336	0.06908299489211928	0.02770796392943238	0.10113235115393225	0.18243533709868248	0.26860014353589207
TTLL12	na	0.050013215088585375	0.05431539651073552	0.05075530744785271	0.04566235247228663	0.04381817813121423	0.05383844401794857	0.0788279007543737
EFCAB6	na	0.0	0.0	0.0	0.0	0.0	0.0	0.0
SULT4A1	na	0.0	0.0	0.0	0.0	0.0	0.0	0.0
SAMM50	na	0.0	0.0	0.0	0.0	0.0	0.0	0.0
PARVB	na	0.0	0.0	0.0	0.0	0.0	0.0	0.0
PARVG	na	0.0	0.0	0.0	0.0	0.0	0.0	0.0
RTL6	na	0.0	0.0	0.0	0.0	0.0	0.0	0.0
PRR5	na	0.0	0.0	0.0	0.0	0.0	0.0	0.0
PRR5-ARHGAP8	na	0.0	0.0	0.0	0.0	0.0	0.0	0.0
ARHGAP8	na	0.0	0.0	0.0	0.0	0.0	0.0	0.0
PHF21B	na	0.0	0.0	0.0	0.0	0.0	0.0	0.0
NUP50-DT	na	0.0	0.0	0.0	0.0	0.0	0.0	0.0
NUP50	na	0.0	0.0	0.0	0.0	0.0	0.0	0.0
KIAA0930	na	0.03018058617145294	0.06256093879360533	0.04939260806037957	0.046348935189201364	0.04194074169226468	0.053982521862827273	0.08326491856465186
FAM118A	na	0.0	0.0	0.0	0.0	0.0	0.0	0.0
RIBC2	na	0.0	0.0	0.0	0.0	0.0	0.0	0.0
FBLN1	na	0.0	0.0	0.0	0.0	0.0	0.0	0.0
ATXN10	na	0.0	0.0	0.0	0.0	0.0	0.0	0.0
WNT7B	na	0.0	0.0	0.0	0.0	0.0	0.0	0.0
BX537318.1	na	0.0	0.0	0.0	0.0	0.0	0.0	0.0
PRR34-AS1	na	0.0	0.0	0.0	0.0	0.0	0.0	0.0
MIRLET7BHG	na	0.0	0.0	0.0	0.0	0.0	0.0	0.0
PPARA	na	0.0	0.0	0.0	0.0	0.0	0.0	0.0
CDPF1	na	0.0	0.0	0.0	0.0	0.0	0.0	0.0
TTC38	na	0.0	0.0	0.0	0.0	0.0	0.0	0.0
GTSE1	na	0.0	0.0	0.0	0.0	0.0	0.0	0.0
TRMU	na	0.0	0.0	0.0	0.0	0.0	0.0	0.0
CELSR1	na	0.0	0.0	0.0	0.0	0.0	0.0	0.0
GRAMD4	na	0.0	0.0	0.0	0.0	0.0	0.0	0.0
CERK	na	0.0	0.0	0.0	0.0	0.0	0.0	0.0
AL118516.1	na	0.0	0.0	0.0	0.0	0.0	0.0	0.0
TBC1D22A	na	0.0	0.0	0.0	0.0	0.0	0.0	0.0
FAM19A5	na	0.0	0.0	0.0	0.0	0.0	0.0	0.0
BRD1	na	0.0	0.0	0.0	0.0	0.0	0.0	0.0
ZBED4	na	0.0	0.0	0.0	0.0	0.0	0.0	0.0
ALG12	na	0.0	0.0	0.0	0.0	0.0	0.0	0.0
CRELD2	na	0.0	0.0	0.0	0.0	0.0	0.0	0.0
PIM3	na	0.0	0.0	0.0	0.0	0.0	0.0	0.0
TRABD	na	0.0	0.0	0.0	0.0	0.0	0.0	0.0
AL022328.4	na	0.0	0.0	0.0	0.0	0.0	0.0	0.0
SELENOO	na	0.0	0.0	0.0	0.0	0.0	0.0	0.0
TUBGCP6	na	0.0	0.0	0.0	0.0	0.0	0.0	0.0
HDAC10	na	0.0	0.0	0.0	0.0	0.0	0.0	0.0
MAPK12	na	0.0	0.0	0.0	0.0	0.0	0.0	0.0
MAPK11	na	0.0	0.0	0.0	0.0	0.0	0.0	0.0
PLXNB2	na	0.04098230873912741	0.0874790488577618	0.045084487011954257	0.0606356852258965	0.055431483426901254	0.07055572544056342	0.0954833287616379
DENND6B	na	0.0	0.0	0.0	0.0	0.0	0.0	0.0
PPP6R2	na	0.0	0.0	0.0	0.0	0.0	0.0	0.0
SBF1	na	0.0	0.0	0.0	0.0	0.0	0.0	0.0
ADM2	na	0.0	0.0	0.0	0.0	0.0	0.0	0.0
LMF2	na	0.0	0.0	0.0	0.0	0.0	0.0	0.0
NCAPH2	na	0.0	0.0	0.0	0.0	0.0	0.0	0.0
U62317.3	na	0.0	0.0	0.0	0.0	0.0	0.0	0.0
TYMP	na	0.04404170863905958	0.06279064804993657	0.06292353643235403	0.03649279097468245	0.053204844051218794	0.13334961717961094	0.10578240073462293
ODF3B	na	0.0	0.0	0.0	0.0	0.0	0.0	0.0
U62317.2	na	0.0	0.0	0.0	0.0	0.0	0.0	0.0
U62317.5	na	0.0	0.0	0.0	0.0	0.0	0.0	0.0
KLHDC7B	na	0.0	0.0	0.0	0.0	0.0	0.0	0.0
SYCE3	na	0.0	0.0	0.0	0.0	0.0	0.0	0.0
CPT1B	na	0.0	0.0	0.0	0.0	0.0	0.0	0.0
CHKB	na	0.0	0.0	0.0	0.0	0.0	0.0	0.0
CHKB-DT	na	0.0	0.0	0.0	0.0	0.0	0.0	0.0
MAPK8IP2	na	0.0	0.0	0.0	0.0	0.0	0.0	0.0
ARSA	na	0.0	0.0	0.0	0.0	0.0	0.0	0.0
SHANK3	na	0.0	0.0	0.0	0.0	0.0	0.0	0.0
RABL2B	na	0.0	0.0	0.0	0.0	0.0	0.0	0.0
FP565260.3	na	0.0	0.0	0.0	0.0	0.0	0.0	0.0
GATD3B	na	0.0	0.0	0.0	0.0	0.0	0.0	0.0
FP565260.1	na	0.0	0.0	0.0	0.0	0.0	0.0	0.0
FP565260.6	na	0.0	0.0	0.0	0.0	0.0	0.0	0.0
U2AF1L5	na	0.0	0.0	0.0	0.0	0.0	0.0	0.0
RBM11	na	0.0	0.0	0.0	0.0	0.0	0.0	0.0
HSPA13	na	0.0	0.0	0.0	0.0	0.0	0.0	0.0
SAMSN1	na	0.0	0.0	0.0	0.0	0.0	0.0	0.0
AF127577.4	na	0.0	0.0	0.0	0.0	0.0	0.0	0.0
LINC02246	na	0.0	0.0	0.0	0.0	0.0	0.0	0.0
NRIP1	na	0.0	0.0	0.0	0.0	0.0	0.0	0.0
USP25	na	0.0	0.0	0.0	0.0	0.0	0.0	0.0
MIR99AHG	na	0.0	0.0	0.0	0.0	0.0	0.0	0.0
CXADR	na	0.0	0.0	0.0	0.0	0.0	0.0	0.0
BTG3	na	0.0	0.0	0.0	0.0	0.0	0.0	0.0
C21orf91	na	0.0	0.0	0.0	0.0	0.0	0.0	0.0
NCAM2	na	0.0	0.0	0.0	0.0	0.0	0.0	0.0
MIR155HG	na	0.0	0.0	0.0	0.0	0.0	0.0	0.0
MRPL39	na	0.0	0.0	0.0	0.0	0.0	0.0	0.0
JAM2	na	0.0	0.0	0.0	0.0	0.0	0.0	0.0
ATP5PF	na	0.09950884170006753	0.3061369104379992	9.895753922840803e-20	0.09371247053997966	0.09526771682327652	0.2575347333525965	0.18417044747091002
GABPA	na	0.0	0.0	0.0	0.0	0.0	0.0	0.0
APP	na	0.07089064502394923	0.12737477511665984	0.06875360336388583	0.04744450307489204	0.0720872323823941	0.15613631723162977	0.13131935303736123
CYYR1	na	0.0	0.0	0.0	0.0	0.0	0.0	0.0
ADAMTS1	na	0.0	0.0	0.0	0.0	0.0	0.0	0.0
ADAMTS5	na	0.0	0.0	0.0	0.0	0.0	0.0	0.0
N6AMT1	na	0.0	0.0	0.0	0.0	0.0	0.0	0.0
LTN1	na	0.0	0.0	0.0	0.0	0.0	0.0	0.0
RWDD2B	na	0.0	0.0	0.0	0.0	0.0	0.0	0.0
USP16	na	0.0	0.0	0.0	0.0	0.0	0.0	0.0
CCT8	na	0.04668189550624167	0.13257790881696735	0.02141649039960501	0.0699558645091589	0.06355354208724498	0.13270617156151884	0.10864446481903055
MAP3K7CL	na	0.0	0.0	0.0	0.0	0.0	0.0	0.0
BACH1	na	0.0	0.0	0.0	0.0	0.0	0.0	0.0
TIAM1	na	0.0	0.0	0.0	0.0	0.0	0.0	0.0
AP000251.1	na	0.0	0.0	0.0	0.0	0.0	0.0	0.0
SOD1	na	0.09358244314839947	0.281377121973541	0.0006176642118483367	0.10592994523843531	0.09572872829029253	0.28485568783986315	0.19619859386168387
AP000254.1	na	0.0	0.0	0.0	0.0	0.0	0.0	0.0
SCAF4	na	0.0	0.0	0.0	0.0	0.0	0.0	0.0
MIS18A	na	0.0	0.0	0.0	0.0	0.0	0.0	0.0
URB1	na	0.0	0.0	0.0	0.0	0.0	0.0	0.0
URB1-AS1	na	0.0	0.0	0.0	0.0	0.0	0.0	0.0
EVA1C	na	0.0	0.0	0.0	0.0	0.0	0.0	0.0
TCP10L	na	0.0	0.0	0.0	0.0	0.0	0.0	0.0
CFAP298	na	0.0	0.0	0.0	0.0	0.0	0.0	0.0
SYNJ1	na	0.0	0.0	0.0	0.0	0.0	0.0	0.0
PAXBP1	na	0.0	0.0	0.0	0.0	0.0	0.0	0.0
OLIG1	na	0.0	0.0	0.0	0.0	0.0	0.0	0.0
IFNAR2	na	0.0	0.0	0.0	0.0	0.0	0.0	0.0
IL10RB-DT	na	0.0	0.0	0.0	0.0	0.0	0.0	0.0
IL10RB	na	0.0	0.0	0.0	0.0	0.0	0.0	0.0
IFNAR1	na	0.05289529898153497	0.0626714718334147	0.05189701650864233	0.07411076241143177	0.05463798991434846	0.06849852132531534	0.08173378528352553
IFNGR2	na	0.07433971276119836	0.09119923082243268	0.07342932297390745	0.08591363381905466	0.07242629353814305	0.10551966597547079	0.11892064074060872
TMEM50B	na	0.05263838033769654	0.08867608189527845	0.06395416730319427	0.061203114477950085	0.05619782378445099	0.09574669842895686	0.10183976058797943
DNAJC28	na	0.0	0.0	0.0	0.0	0.0	0.0	0.0
GART	na	0.0	0.0	0.0	0.0	0.0	0.0	0.0
SON	na	0.1033256269148826	0.20675140525216834	0.07071057742558814	0.10683291380602525	0.09951373209740676	0.21998576055453103	0.18413483076111076
DONSON	na	0.0	0.0	0.0	0.0	0.0	0.0	0.0
CRYZL1	na	0.0	0.0	0.0	0.0	0.0	0.0	0.0
ITSN1	na	0.0	0.0	0.0	0.0	0.0	0.0	0.0
ATP5PO	na	0.18404036539123098	0.45670903056894635	0.06352797531598464	0.10192678566484344	0.14531257566321318	0.342015796810516	0.37449203507752177
LINC00649	na	0.0	0.0	0.0	0.0	0.0	0.0	0.0
MRPS6	na	0.06210742923059758	0.09471348211800813	0.03680680224238523	0.06750170189012407	0.05206926636621821	0.06400105599795039	0.08741799519485387
SLC5A3	na	0.0	0.0	0.0	0.0	0.0	0.0	0.0
RCAN1	na	0.0	0.0	0.0	0.0	0.0	0.0	0.0
CLIC6	na	0.0	0.0	0.0	0.0	0.0	0.0	0.0
RUNX1	na	0.0	0.0	0.0	0.0	0.0	0.0	0.0
SETD4	na	0.0	0.0	0.0	0.0	0.0	0.0	0.0
CBR1	na	0.0	0.0	0.0	0.0	0.0	0.0	0.0
CBR3	na	0.0	0.0	0.0	0.0	0.0	0.0	0.0
DOPEY2	na	0.0	0.0	0.0	0.0	0.0	0.0	0.0
MORC3	na	0.0	0.0	0.0	0.0	0.0	0.0	0.0
CHAF1B	na	0.0	0.0	0.0	0.0	0.0	0.0	0.0
HLCS	na	0.0	0.0	0.0	0.0	0.0	0.0	0.0
AP000704.1	na	0.0	0.0	0.0	0.0	0.0	0.0	0.0
PIGP	na	0.0	0.0	0.0	0.0	0.0	0.0	0.0
TTC3	na	0.05559782571575714	0.0933105137164945	0.03649081586074825	0.05817302137652443	0.05205133452068133	0.08908678725911708	0.08720613958082701
VPS26C	na	0.0	0.0	0.0	0.0	0.0	0.0	0.0
DYRK1A	na	0.0	0.0	0.0	0.0	0.0	0.0	0.0
DSCR8	na	0.0	0.0	0.0	0.0	0.0	0.0	0.0
KCNJ15	na	0.0	0.0	0.0	0.0	0.0	0.0	0.0
ERG	na	0.0	0.0	0.0	0.0	0.0	0.0	0.0
ETS2	na	0.0	0.0	0.0	0.0	0.0	0.0	0.0
PSMG1	na	0.0	0.0	0.0	0.0	0.0	0.0	0.0
BRWD1	na	0.0	0.0	0.0	0.0	0.0	0.0	0.0
HMGN1	na	0.09901439422018182	0.3349604589764599	6.30921449922493e-14	0.12883621839524775	0.10801722909228996	0.3542262780753302	0.22867219395953786
WRB	na	0.0	0.0	0.0	0.0	0.0	0.0	0.0
LCA5L	na	0.0	0.0	0.0	0.0	0.0	0.0	0.0
SH3BGR	na	0.0	0.0	0.0	0.0	0.0	0.0	0.0
B3GALT5	na	0.0	0.0	0.0	0.0	0.0	0.0	0.0
BACE2	na	0.0	0.0	0.0	0.0	0.0	0.0	0.0
FAM3B	na	0.0	0.0	0.0	0.0	0.0	0.0	0.0
MX2	na	0.0	0.0	0.0	0.0	0.0	0.0	0.0
MX1	na	0.04190069048079456	0.08671140250570283	0.04232392542104974	0.047153492148005204	0.05022581613080737	0.10872203395494331	0.08684935169512258
TMPRSS2	na	0.0	0.0	0.0	0.0	0.0	0.0	0.0
RIPK4	na	0.0	0.0	0.0	0.0	0.0	0.0	0.0
PRDM15	na	0.0	0.0	0.0	0.0	0.0	0.0	0.0
C2CD2	na	0.0	0.0	0.0	0.0	0.0	0.0	0.0
ZBTB21	na	0.0	0.0	0.0	0.0	0.0	0.0	0.0
UMODL1	na	0.0	0.0	0.0	0.0	0.0	0.0	0.0
ABCG1	na	0.0	0.0	0.0	0.0	0.0	0.0	0.0
TFF3	na	0.4971658556206495	1.026453084315008	0.19914363822347542	0.4332610913657078	0.37692501211680635	0.8882514242303533	0.7941971533484584
TFF1	na	0.0697080652150893	0.19667660671298545	0.0035145301156220515	0.11325761319919923	0.07370006139339244	0.2000051111687661	0.10857750052272595
TMPRSS3	na	0.0	0.0	0.0	0.0	0.0	0.0	0.0
RSPH1	na	0.0	0.0	0.0	0.0	0.0	0.0	0.0
SLC37A1	na	0.0	0.0	0.0	0.0	0.0	0.0	0.0
PDE9A	na	0.0	0.0	0.0	0.0	0.0	0.0	0.0
WDR4	na	0.0	0.0	0.0	0.0	0.0	0.0	0.0
NDUFV3	na	0.04793216390916225	0.07457193675375355	0.0392666300419036	0.052504439439835245	0.045085649297866674	0.07512829649482926	0.07649233844195044
PKNOX1	na	0.0	0.0	0.0	0.0	0.0	0.0	0.0
U2AF1	na	0.0	0.0	0.0	0.0	0.0	0.0	0.0
SIK1	na	0.0	0.0	0.0	0.0	0.0	0.0	0.0
RRP1B	na	0.0	0.0	0.0	0.0	0.0	0.0	0.0
PDXK	na	0.05620465419137863	0.08631154741695554	0.04553998503671317	0.06679014936795327	0.05368502270265333	0.06838824697145937	0.0846088199411587
CSTB	na	0.11189461870213022	0.31697424625351983	0.011949731190950753	0.10356899610831712	0.10433430615138437	0.31839107134918143	0.23519731997639584
RRP1	na	0.0	0.0	0.0	0.0	0.0	0.0	0.0
AGPAT3	na	0.0	0.0	0.0	0.0	0.0	0.0	0.0
TRAPPC10	na	0.0	0.0	0.0	0.0	0.0	0.0	0.0
PWP2	na	0.0	0.0	0.0	0.0	0.0	0.0	0.0
GATD3A	na	0.0	0.0	0.0	0.0	0.0	0.0	0.0
ICOSLG	na	0.0	0.0	0.0	0.0	0.0	0.0	0.0
PFKL	na	0.06799820627497893	0.10111698192555138	0.07894715982260651	0.09149022103736126	0.07324983194328806	0.09976229115445781	0.12232703077522787
C21orf2	na	0.0	0.0	0.0	0.0	0.0	0.0	0.0
AP001062.1	na	0.0	0.0	0.0	0.0	0.0	0.0	0.0
TRPM2	na	0.0	0.0	0.0	0.0	0.0	0.0	0.0
TRPM2-AS	na	0.0	0.0	0.0	0.0	0.0	0.0	0.0
LRRC3	na	0.0	0.0	0.0	0.0	0.0	0.0	0.0
UBE2G2	na	0.0	0.0	0.0	0.0	0.0	0.0	0.0
SUMO3	na	0.06666235334538477	0.12170337669103594	0.04319608698819973	0.07562091402483032	0.06450146550335535	0.1375148311777227	0.10335816073932433
PTTG1IP	na	0.057919471115437535	0.11880902192620171	0.050284627584049196	0.051343881015035925	0.060089068390034826	0.13910810322654046	0.09860445077436848
ITGB2	na	0.0	0.0	0.0	0.0	0.0	0.0	0.0
ITGB2-AS1	na	0.0	0.0	0.0	0.0	0.0	0.0	0.0
LINC01547	na	0.0	0.0	0.0	0.0	0.0	0.0	0.0
FAM207A	na	0.0	0.0	0.0	0.0	0.0	0.0	0.0
AP001505.1	na	0.0	0.0	0.0	0.0	0.0	0.0	0.0
ADARB1	na	0.0	0.0	0.0	0.0	0.0	0.0	0.0
POFUT2	na	0.0	0.0	0.0	0.0	0.0	0.0	0.0
COL18A1	na	0.04776080564195468	0.08505926192516569	0.06933465605004577	0.027898254536504227	0.05979942284208428	0.09434034456056382	0.11712150741205236
SLC19A1	na	0.0	0.0	0.0	0.0	0.0	0.0	0.0
COL6A1	na	0.0539721591790231	0.08887341294312717	0.053194440209999375	0.03944403926880254	0.053036112435633144	0.08767184049638535	0.08679621986874744
COL6A2	na	0.08322507422181599	0.13971231344077015	0.06992713914349531	0.02690236030951405	0.06839302246226621	0.17159549449639144	0.13915011941523814
SPATC1L	na	0.0	0.0	0.0	0.0	0.0	0.0	0.0
LSS	na	0.0	0.0	0.0	0.0	0.0	0.0	0.0
MCM3AP	na	0.0	0.0	0.0	0.0	0.0	0.0	0.0
YBEY	na	0.0	0.0	0.0	0.0	0.0	0.0	0.0
C21orf58	na	0.0	0.0	0.0	0.0	0.0	0.0	0.0
PCNT	na	0.0	0.0	0.0	0.0	0.0	0.0	0.0
DIP2A	na	0.0	0.0	0.0	0.0	0.0	0.0	0.0
S100B	na	0.0	0.0	0.0	0.0	0.0	0.0	0.0
PRMT2	na	0.0	0.0	0.0	0.0	0.0	0.0	0.0
MT-ND1	na	4.0801323107216545	11.382009573032102	4.655075198736288e-17	9.656599528762957e-18	2.2101543977661082	9.220572679128058	10.453629809664454
MT-ND2	na	1.5864501598050165	4.980935869156824	6.471183777709004e-26	1.8134965577944796e-25	0.9820517126662406	4.5806363606390885	4.204073000067055
MT-CO1	na	8.743217850133007	29.157167606078293	1.8932661725304283e-29	2.3665827156630354e-30	4.9121004694814525	27.858236177869685	20.474438921212336
MT-CO2	na	6.826306804494883	22.251165749627894	6.565770507505379e-20	6.962667372497023e-15	4.294680142687092	19.951151771733286	15.273638551155376
MT-ATP8	na	0.05235635725845268	0.0892534485759124	0.03184347123861684	0.05388942696761058	0.061000915690159384	0.10853034604196189	0.0936817606951789
MT-ATP6	na	3.539446544637047	9.782115857330878	2.0329907427930155e-18	9.358131963069476e-23	2.075687284713526	8.00300125505082	9.02192944644417
MT-CO3	na	8.407042297516156	27.718397355892993	5.452194380380689e-16	2.0866897530604064e-16	4.771224622515247	24.644220155524327	20.067585146212217
MT-ND3	na	3.163948630265764	10.605266338919554	2.2379999633579337e-16	2.3086812728424465e-16	1.813042539068491	8.869765977148555	8.111255725707556
MT-ND4L	na	0.17398349527871254	0.5184167997068118	5.340878629159371e-24	0.08514384954076791	0.1608923887377688	0.5684364999748855	0.3342693317547302
MT-ND4	na	5.215585593072661	15.969980484782113	2.3146668179293292e-16	3.1026980639686307e-16	3.054501690289112	14.466275059527257	12.622896636643137
MT-ND5	na	0.31310841317666843	1.0613254291346828	4.255471110411005e-17	0.045377141976605216	0.2613206495957713	1.0849516216100226	0.7282707075318027
MT-ND6	na	0.0	0.0	0.0	0.0	0.0	0.0	0.0
MT-CYB	na	2.7462613486599965	8.688418465612514	4.28824788078142e-27	2.6051342534018694e-26	1.6663666918435038	7.709907440431505	7.232542209173616
AC145212.1	na	0.0	0.0	0.0	0.0	0.0	0.0	0.0
MAFIP	na	0.0	0.0	0.0	0.0	0.0	0.0	0.0
AC011043.1	na	0.0	0.0	0.0	0.0	0.0	0.0	0.0
AC007325.4	na	0.0	0.0	0.0	0.0	0.0	0.0	0.0
