NAME	DESCRIPTION	1	2	3	4	5	6	7
AL627309.1	na	0.0	0.0	0.0	0.0	0.0	0.0	0.0
AL669831.5	na	0.0	0.0	0.0	0.0	0.0	0.0	0.0
LINC00115	na	0.0	0.0	0.0	0.0	0.0	0.0	0.0
FAM41C	na	0.0	0.0	0.0	0.0	0.0	0.0	0.0
AL645608.1	na	0.0	0.0	0.0	0.0	0.0	0.0	0.0
SAMD11	na	0.0	0.0	0.0	0.0	0.0	0.0	0.0
NOC2L	na	0.0	0.0	0.0	0.0	0.0	0.0	0.0
KLHL17	na	0.0	0.0	0.0	0.0	0.0	0.0	0.0
PLEKHN1	na	0.0	0.0	0.0	0.0	0.0	0.0	0.0
PERM1	na	0.0	0.0	0.0	0.0	0.0	0.0	0.0
AL645608.8	na	0.0	0.0	0.0	0.0	0.0	0.0	0.0
HES4	na	0.0	0.0	0.0	0.0	0.0	0.0	0.0
ISG15	na	0.23087626607046888	0.3228846695946159	0.3092970853375844	0.19573693896722888	0.2329708468402311	0.3494423113527829	0.49273868806103666
AGRN	na	0.05239662458846859	1.335320631485711e-25	0.14321662524834944	0.15952926300592435	0.09729013377504038	1.6929788063158827e-23	0.038557594930470965
RNF223	na	0.0	0.0	0.0	0.0	0.0	0.0	0.0
C1orf159	na	0.0	0.0	0.0	0.0	0.0	0.0	0.0
AL390719.2	na	0.0	0.0	0.0	0.0	0.0	0.0	0.0
TNFRSF18	na	0.0	0.0	0.0	0.0	0.0	0.0	0.0
TNFRSF4	na	0.0	0.0	0.0	0.0	0.0	0.0	0.0
SDF4	na	0.0	0.0	0.0	0.0	0.0	0.0	0.0
B3GALT6	na	0.0	0.0	0.0	0.0	0.0	0.0	0.0
C1QTNF12	na	0.0	0.0	0.0	0.0	0.0	0.0	0.0
UBE2J2	na	0.0	0.0	0.0	0.0	0.0	0.0	0.0
SCNN1D	na	0.0	0.0	0.0	0.0	0.0	0.0	0.0
ACAP3	na	0.0	0.0	0.0	0.0	0.0	0.0	0.0
PUSL1	na	0.0	0.0	0.0	0.0	0.0	0.0	0.0
INTS11	na	0.0	0.0	0.0	0.0	0.0	0.0	0.0
CPTP	na	0.0	0.0	0.0	0.0	0.0	0.0	0.0
TAS1R3	na	0.0	0.0	0.0	0.0	0.0	0.0	0.0
DVL1	na	0.0	0.0	0.0	0.0	0.0	0.0	0.0
MXRA8	na	0.0	0.0	0.0	0.0	0.0	0.0	0.0
AURKAIP1	na	0.12079753155097536	0.04552124999217754	0.16395577415051313	0.22465086920844893	0.12193127440912876	0.051779379548331055	0.1250697666007652
CCNL2	na	0.0	0.0	0.0	0.0	0.0	0.0	0.0
MRPL20	na	0.08727278690967132	0.007026002597362057	0.14083949175281094	0.17563281188753885	0.09304182599428434	0.039925690482557126	0.0678850652244075
AL391244.3	na	0.0	0.0	0.0	0.0	0.0	0.0	0.0
ANKRD65	na	0.0	0.0	0.0	0.0	0.0	0.0	0.0
VWA1	na	0.0	0.0	0.0	0.0	0.0	0.0	0.0
ATAD3C	na	0.0	0.0	0.0	0.0	0.0	0.0	0.0
ATAD3B	na	0.0	0.0	0.0	0.0	0.0	0.0	0.0
ATAD3A	na	0.0	0.0	0.0	0.0	0.0	0.0	0.0
SSU72	na	0.059333377886319885	9.55371186966767e-14	0.13210785376968454	0.1488775058513957	0.08221927471647578	0.030019200697811162	0.0580540922535227
FNDC10	na	0.0	0.0	0.0	0.0	0.0	0.0	0.0
AL691432.2	na	0.0	0.0	0.0	0.0	0.0	0.0	0.0
MIB2	na	0.0	0.0	0.0	0.0	0.0	0.0	0.0
MMP23B	na	0.0	0.0	0.0	0.0	0.0	0.0	0.0
CDK11B	na	0.0	0.0	0.0	0.0	0.0	0.0	0.0
SLC35E2B	na	0.0	0.0	0.0	0.0	0.0	0.0	0.0
CDK11A	na	0.0	0.0	0.0	0.0	0.0	0.0	0.0
SLC35E2A	na	0.0	0.0	0.0	0.0	0.0	0.0	0.0
NADK	na	0.0	0.0	0.0	0.0	0.0	0.0	0.0
GNB1	na	0.08425614974645525	0.019087061475255098	0.1395392058643022	0.15976176041179901	0.09289211155882932	0.051463309398358234	0.0956758163206791
TMEM52	na	0.0	0.0	0.0	0.0	0.0	0.0	0.0
GABRD	na	0.0	0.0	0.0	0.0	0.0	0.0	0.0
PRKCZ	na	0.0	0.0	0.0	0.0	0.0	0.0	0.0
FAAP20	na	0.0	0.0	0.0	0.0	0.0	0.0	0.0
SKI	na	0.0	0.0	0.0	0.0	0.0	0.0	0.0
MORN1	na	0.0	0.0	0.0	0.0	0.0	0.0	0.0
RER1	na	0.059203063400432444	0.008363746999447209	0.12225840240072314	0.14261652937795571	0.08217871573503861	0.03284823801954016	0.05886090366772542
PEX10	na	0.0	0.0	0.0	0.0	0.0	0.0	0.0
PLCH2	na	0.0	0.0	0.0	0.0	0.0	0.0	0.0
PANK4	na	0.0	0.0	0.0	0.0	0.0	0.0	0.0
AL139246.5	na	0.0	0.0	0.0	0.0	0.0	0.0	0.0
TNFRSF14	na	0.0	0.0	0.0	0.0	0.0	0.0	0.0
FAM213B	na	0.0	0.0	0.0	0.0	0.0	0.0	0.0
MMEL1	na	0.0	0.0	0.0	0.0	0.0	0.0	0.0
LINC00982	na	0.0	0.0	0.0	0.0	0.0	0.0	0.0
PRDM16	na	0.0	0.0	0.0	0.0	0.0	0.0	0.0
ARHGEF16	na	0.0	0.0	0.0	0.0	0.0	0.0	0.0
MEGF6	na	0.0	0.0	0.0	0.0	0.0	0.0	0.0
TPRG1L	na	0.0	0.0	0.0	0.0	0.0	0.0	0.0
WRAP73	na	0.0	0.0	0.0	0.0	0.0	0.0	0.0
TP73	na	0.0	0.0	0.0	0.0	0.0	0.0	0.0
SMIM1	na	0.0	0.0	0.0	0.0	0.0	0.0	0.0
LRRC47	na	0.0	0.0	0.0	0.0	0.0	0.0	0.0
CEP104	na	0.0	0.0	0.0	0.0	0.0	0.0	0.0
DFFB	na	0.0	0.0	0.0	0.0	0.0	0.0	0.0
C1orf174	na	0.0	0.0	0.0	0.0	0.0	0.0	0.0
NPHP4	na	0.0	0.0	0.0	0.0	0.0	0.0	0.0
KCNAB2	na	0.0	0.0	0.0	0.0	0.0	0.0	0.0
RPL22	na	0.41738759860719826	0.45801337410823084	0.43627990525527643	0.5286567849023768	0.3706794453841086	0.4143726327729978	0.6539772672974433
RNF207	na	0.0	0.0	0.0	0.0	0.0	0.0	0.0
ICMT	na	0.0	0.0	0.0	0.0	0.0	0.0	0.0
GPR153	na	0.0	0.0	0.0	0.0	0.0	0.0	0.0
ACOT7	na	0.0	0.0	0.0	0.0	0.0	0.0	0.0
HES2	na	0.0	0.0	0.0	0.0	0.0	0.0	0.0
ESPN	na	0.0	0.0	0.0	0.0	0.0	0.0	0.0
TNFRSF25	na	0.0	0.0	0.0	0.0	0.0	0.0	0.0
PLEKHG5	na	0.0	0.0	0.0	0.0	0.0	0.0	0.0
NOL9	na	0.0	0.0	0.0	0.0	0.0	0.0	0.0
ZBTB48	na	0.0	0.0	0.0	0.0	0.0	0.0	0.0
KLHL21	na	0.0	0.0	0.0	0.0	0.0	0.0	0.0
PHF13	na	0.0	0.0	0.0	0.0	0.0	0.0	0.0
THAP3	na	0.0	0.0	0.0	0.0	0.0	0.0	0.0
DNAJC11	na	0.0	0.0	0.0	0.0	0.0	0.0	0.0
CAMTA1	na	0.0	0.0	0.0	0.0	0.0	0.0	0.0
VAMP3	na	0.0	0.0	0.0	0.0	0.0	0.0	0.0
PER3	na	0.0	0.0	0.0	0.0	0.0	0.0	0.0
PARK7	na	0.13362320796313393	0.11541140930811307	0.17184308445805768	0.1684882951942929	0.12466047665761786	0.1209984021136716	0.20048433598403403
ERRFI1	na	0.0	0.0	0.0	0.0	0.0	0.0	0.0
RERE	na	0.0	0.0	0.0	0.0	0.0	0.0	0.0
ENO1	na	0.1476468147709976	0.0834614183548243	0.15966815476757934	0.2558480504768063	0.15008433577545016	0.1383361349405031	0.18207209419369239
SLC2A5	na	0.0	0.0	0.0	0.0	0.0	0.0	0.0
GPR157	na	0.0	0.0	0.0	0.0	0.0	0.0	0.0
MIR34AHG	na	0.0	0.0	0.0	0.0	0.0	0.0	0.0
H6PD	na	0.0	0.0	0.0	0.0	0.0	0.0	0.0
SPSB1	na	0.0	0.0	0.0	0.0	0.0	0.0	0.0
SLC25A33	na	0.0	0.0	0.0	0.0	0.0	0.0	0.0
TMEM201	na	0.0	0.0	0.0	0.0	0.0	0.0	0.0
PIK3CD	na	0.0	0.0	0.0	0.0	0.0	0.0	0.0
PIK3CD-AS2	na	0.0	0.0	0.0	0.0	0.0	0.0	0.0
CLSTN1	na	0.06233705865203155	1.316552906661685e-12	0.12607025506950756	0.13891819371540645	0.08779753135280852	0.01891084530343372	0.05148845739107824
CTNNBIP1	na	0.0	0.0	0.0	0.0	0.0	0.0	0.0
LZIC	na	0.0	0.0	0.0	0.0	0.0	0.0	0.0
NMNAT1	na	0.0	0.0	0.0	0.0	0.0	0.0	0.0
RBP7	na	0.0	0.0	0.0	0.0	0.0	0.0	0.0
UBE4B	na	0.0	0.0	0.0	0.0	0.0	0.0	0.0
KIF1B	na	0.0	0.0	0.0	0.0	0.0	0.0	0.0
PGD	na	0.0	0.0	0.0	0.0	0.0	0.0	0.0
CENPS	na	0.0	0.0	0.0	0.0	0.0	0.0	0.0
DFFA	na	0.0	0.0	0.0	0.0	0.0	0.0	0.0
PEX14	na	0.0	0.0	0.0	0.0	0.0	0.0	0.0
CASZ1	na	0.0	0.0	0.0	0.0	0.0	0.0	0.0
C1orf127	na	0.0	0.0	0.0	0.0	0.0	0.0	0.0
TARDBP	na	0.06836978725674672	4.575789878127821e-14	0.12143301763022084	0.14210923229723682	0.0871133497844607	0.00982571361648935	0.03022591598683967
SRM	na	0.0	0.0	0.0	0.0	0.0	0.0	0.0
EXOSC10	na	0.0	0.0	0.0	0.0	0.0	0.0	0.0
AL109811.2	na	0.0	0.0	0.0	0.0	0.0	0.0	0.0
MTOR	na	0.0	0.0	0.0	0.0	0.0	0.0	0.0
UBIAD1	na	0.0	0.0	0.0	0.0	0.0	0.0	0.0
DISP3	na	0.0	0.0	0.0	0.0	0.0	0.0	0.0
FBXO2	na	0.0	0.0	0.0	0.0	0.0	0.0	0.0
FBXO44	na	0.0	0.0	0.0	0.0	0.0	0.0	0.0
FBXO6	na	0.0	0.0	0.0	0.0	0.0	0.0	0.0
MAD2L2	na	0.0	0.0	0.0	0.0	0.0	0.0	0.0
AGTRAP	na	0.0	0.0	0.0	0.0	0.0	0.0	0.0
C1orf167	na	0.0	0.0	0.0	0.0	0.0	0.0	0.0
MTHFR	na	0.0	0.0	0.0	0.0	0.0	0.0	0.0
CLCN6	na	0.0	0.0	0.0	0.0	0.0	0.0	0.0
KIAA2013	na	0.0	0.0	0.0	0.0	0.0	0.0	0.0
PLOD1	na	0.0	0.0	0.0	0.0	0.0	0.0	0.0
MFN2	na	0.0	0.0	0.0	0.0	0.0	0.0	0.0
MIIP	na	0.0	0.0	0.0	0.0	0.0	0.0	0.0
TNFRSF1B	na	0.0	0.0	0.0	0.0	0.0	0.0	0.0
VPS13D	na	0.0	0.0	0.0	0.0	0.0	0.0	0.0
DHRS3	na	0.0	0.0	0.0	0.0	0.0	0.0	0.0
PDPN	na	0.0	0.0	0.0	0.0	0.0	0.0	0.0
PRDM2	na	0.0	0.0	0.0	0.0	0.0	0.0	0.0
KAZN	na	0.0	0.0	0.0	0.0	0.0	0.0	0.0
KAZN-AS1	na	0.0	0.0	0.0	0.0	0.0	0.0	0.0
TMEM51-AS1	na	0.0	0.0	0.0	0.0	0.0	0.0	0.0
TMEM51	na	0.0	0.0	0.0	0.0	0.0	0.0	0.0
FHAD1	na	0.0	0.0	0.0	0.0	0.0	0.0	0.0
EFHD2	na	0.0	0.0	0.0	0.0	0.0	0.0	0.0
CASP9	na	0.0	0.0	0.0	0.0	0.0	0.0	0.0
DNAJC16	na	0.0	0.0	0.0	0.0	0.0	0.0	0.0
DDI2	na	0.0	0.0	0.0	0.0	0.0	0.0	0.0
PLEKHM2	na	0.0	0.0	0.0	0.0	0.0	0.0	0.0
FBLIM1	na	0.0	0.0	0.0	0.0	0.0	0.0	0.0
UQCRHL	na	0.0	0.0	0.0	0.0	0.0	0.0	0.0
AL450998.2	na	0.0	0.0	0.0	0.0	0.0	0.0	0.0
SPEN	na	0.0	0.0	0.0	0.0	0.0	0.0	0.0
ZBTB17	na	0.0	0.0	0.0	0.0	0.0	0.0	0.0
SRARP	na	0.0	0.0	0.0	0.0	0.0	0.0	0.0
HSPB7	na	0.0	0.0	0.0	0.0	0.0	0.0	0.0
EPHA2	na	0.0	0.0	0.0	0.0	0.0	0.0	0.0
ARHGEF19	na	0.0	0.0	0.0	0.0	0.0	0.0	0.0
CPLANE2	na	0.0	0.0	0.0	0.0	0.0	0.0	0.0
FBXO42	na	0.0	0.0	0.0	0.0	0.0	0.0	0.0
SZRD1	na	0.0	0.0	0.0	0.0	0.0	0.0	0.0
NECAP2	na	0.0	0.0	0.0	0.0	0.0	0.0	0.0
AL137802.2	na	0.0	0.0	0.0	0.0	0.0	0.0	0.0
NBPF1	na	0.0	0.0	0.0	0.0	0.0	0.0	0.0
CROCC	na	0.0	0.0	0.0	0.0	0.0	0.0	0.0
BX284668.5	na	0.0	0.0	0.0	0.0	0.0	0.0	0.0
MFAP2	na	0.0	0.0	0.0	0.0	0.0	0.0	0.0
ATP13A2	na	0.0	0.0	0.0	0.0	0.0	0.0	0.0
SDHB	na	0.0	0.0	0.0	0.0	0.0	0.0	0.0
PADI2	na	0.0	0.0	0.0	0.0	0.0	0.0	0.0
PADI3	na	0.0	0.0	0.0	0.0	0.0	0.0	0.0
RCC2	na	0.0795065953652396	1.3841636770512655e-13	0.12629757782536732	0.15436125658717675	0.0889288527411937	0.023377540169815227	0.049438747569816595
ARHGEF10L	na	0.0	0.0	0.0	0.0	0.0	0.0	0.0
ACTL8	na	0.0	0.0	0.0	0.0	0.0	0.0	0.0
IGSF21	na	0.0	0.0	0.0	0.0	0.0	0.0	0.0
KLHDC7A	na	0.0	0.0	0.0	0.0	0.0	0.0	0.0
ALDH4A1	na	0.0	0.0	0.0	0.0	0.0	0.0	0.0
IFFO2	na	0.0	0.0	0.0	0.0	0.0	0.0	0.0
UBR4	na	0.0	0.0	0.0	0.0	0.0	0.0	0.0
EMC1	na	0.0	0.0	0.0	0.0	0.0	0.0	0.0
MRTO4	na	0.0	0.0	0.0	0.0	0.0	0.0	0.0
AKR7A3	na	0.0	0.0	0.0	0.0	0.0	0.0	0.0
AKR7A2	na	0.0	0.0	0.0	0.0	0.0	0.0	0.0
PQLC2	na	0.0	0.0	0.0	0.0	0.0	0.0	0.0
CAPZB	na	0.08532117269315112	0.010122483242680535	0.15089638108447193	0.16258191490222237	0.09933524814601205	0.042929224071822945	0.09206966073807563
MINOS1	na	0.10548115966353575	0.06403948788581339	0.14835999600348315	0.19768520753575208	0.11847640565316643	0.11496171616434693	0.13820323224559108
NBL1	na	0.07753919799201124	0.006753284617432131	0.11192863077106449	0.12343881249116608	0.07896009037890546	0.04440623831799466	0.0530223509731755
TMCO4	na	0.0	0.0	0.0	0.0	0.0	0.0	0.0
OTUD3	na	0.0	0.0	0.0	0.0	0.0	0.0	0.0
PLA2G2A	na	0.0	0.0	0.0	0.0	0.0	0.0	0.0
PLA2G5	na	0.0	0.0	0.0	0.0	0.0	0.0	0.0
UBXN10-AS1	na	0.0	0.0	0.0	0.0	0.0	0.0	0.0
UBXN10	na	0.0	0.0	0.0	0.0	0.0	0.0	0.0
CAMK2N1	na	0.0801692988852912	0.019465808152249197	0.14044956112408266	0.15905752060819492	0.09747608463387611	0.03344578467508072	0.08889411254550937
MUL1	na	0.0	0.0	0.0	0.0	0.0	0.0	0.0
CDA	na	0.0	0.0	0.0	0.0	0.0	0.0	0.0
PINK1	na	0.0	0.0	0.0	0.0	0.0	0.0	0.0
DDOST	na	0.0	0.0	0.0	0.0	0.0	0.0	0.0
HP1BP3	na	0.0	0.0	0.0	0.0	0.0	0.0	0.0
EIF4G3	na	0.0	0.0	0.0	0.0	0.0	0.0	0.0
ECE1	na	0.0	0.0	0.0	0.0	0.0	0.0	0.0
NBPF3	na	0.0	0.0	0.0	0.0	0.0	0.0	0.0
ALPL	na	0.0	0.0	0.0	0.0	0.0	0.0	0.0
RAP1GAP	na	0.0	0.0	0.0	0.0	0.0	0.0	0.0
USP48	na	0.0	0.0	0.0	0.0	0.0	0.0	0.0
HSPG2	na	0.0	0.0	0.0	0.0	0.0	0.0	0.0
CDC42	na	0.08117560780316162	0.018965847946466857	0.15709209840388827	0.1785228998029612	0.10497572549711624	0.06342704363318269	0.10360191276593664
WNT4	na	0.0	0.0	0.0	0.0	0.0	0.0	0.0
ZBTB40	na	0.0	0.0	0.0	0.0	0.0	0.0	0.0
C1QA	na	0.07545924853298672	0.07900491558852851	0.12718437888577097	0.1464915706948535	0.10510853308151569	0.12540351158217247	0.13189066317541498
C1QC	na	0.08336159549609445	0.052872636436006655	0.12875548896034744	0.11835098777180696	0.08877146569814653	0.11680134137743255	0.1421532927055101
C1QB	na	0.08125287165277459	0.12345841300008385	0.11939679755449585	0.14806098044777116	0.10665671131112506	0.1643087916755365	0.19771436051236402
EPHB2	na	0.0	0.0	0.0	0.0	0.0	0.0	0.0
KDM1A	na	0.0	0.0	0.0	0.0	0.0	0.0	0.0
LUZP1	na	0.0	0.0	0.0	0.0	0.0	0.0	0.0
HTR1D	na	0.0	0.0	0.0	0.0	0.0	0.0	0.0
LINC01355	na	0.0	0.0	0.0	0.0	0.0	0.0	0.0
HNRNPR	na	0.058352640954043834	1.2166932452276336e-11	0.12667591657359312	0.14003503570839151	0.08403785018614376	0.02940049018725571	0.06384925501885334
ZNF436	na	0.0	0.0	0.0	0.0	0.0	0.0	0.0
ZNF436-AS1	na	0.0	0.0	0.0	0.0	0.0	0.0	0.0
TCEA3	na	0.0	0.0	0.0	0.0	0.0	0.0	0.0
ASAP3	na	0.0	0.0	0.0	0.0	0.0	0.0	0.0
E2F2	na	0.0	0.0	0.0	0.0	0.0	0.0	0.0
ID3	na	0.0	0.0	0.0	0.0	0.0	0.0	0.0
RPL11	na	0.384253518547647	0.32088357332565975	0.48068674758139046	0.3080737420436294	0.31123612460814476	0.28181333399859915	0.5577047728716463
ELOA	na	0.0	0.0	0.0	0.0	0.0	0.0	0.0
ELOA-AS1	na	0.0	0.0	0.0	0.0	0.0	0.0	0.0
PITHD1	na	0.0	0.0	0.0	0.0	0.0	0.0	0.0
LYPLA2	na	0.0	0.0	0.0	0.0	0.0	0.0	0.0
GALE	na	0.0	0.0	0.0	0.0	0.0	0.0	0.0
HMGCL	na	0.0	0.0	0.0	0.0	0.0	0.0	0.0
FUCA1	na	0.0	0.0	0.0	0.0	0.0	0.0	0.0
PNRC2	na	0.0	0.0	0.0	0.0	0.0	0.0	0.0
SRSF10	na	0.0	0.0	0.0	0.0	0.0	0.0	0.0
IFNLR1	na	0.0	0.0	0.0	0.0	0.0	0.0	0.0
GRHL3	na	0.0	0.0	0.0	0.0	0.0	0.0	0.0
STPG1	na	0.0	0.0	0.0	0.0	0.0	0.0	0.0
NIPAL3	na	0.0	0.0	0.0	0.0	0.0	0.0	0.0
RCAN3	na	0.0	0.0	0.0	0.0	0.0	0.0	0.0
SRRM1	na	0.0	0.0	0.0	0.0	0.0	0.0	0.0
CLIC4	na	0.062068823840457504	0.0007933677810592849	0.10637811207267986	0.11385677185693285	0.06934309108920356	0.03715731432380086	0.05897661595291736
RUNX3	na	0.0	0.0	0.0	0.0	0.0	0.0	0.0
SYF2	na	0.0	0.0	0.0	0.0	0.0	0.0	0.0
RSRP1	na	0.0	0.0	0.0	0.0	0.0	0.0	0.0
TMEM50A	na	0.056515008945499205	0.013576981048823482	0.1202125589755406	0.10772814854251007	0.0702695647053406	0.041006144490254935	0.06100776228064166
MACO1	na	0.0	0.0	0.0	0.0	0.0	0.0	0.0
LDLRAP1	na	0.0	0.0	0.0	0.0	0.0	0.0	0.0
MAN1C1	na	0.0	0.0	0.0	0.0	0.0	0.0	0.0
SELENON	na	0.0	0.0	0.0	0.0	0.0	0.0	0.0
MTFR1L	na	0.0	0.0	0.0	0.0	0.0	0.0	0.0
AUNIP	na	0.0	0.0	0.0	0.0	0.0	0.0	0.0
PAQR7	na	0.0	0.0	0.0	0.0	0.0	0.0	0.0
STMN1	na	0.07451396078062811	0.0588336777372727	0.1304080415093032	0.16392221067599586	0.10057131990688047	0.07510331823147429	0.11851976353456842
PAFAH2	na	0.0	0.0	0.0	0.0	0.0	0.0	0.0
EXTL1	na	0.0	0.0	0.0	0.0	0.0	0.0	0.0
SLC30A2	na	0.0	0.0	0.0	0.0	0.0	0.0	0.0
PDIK1L	na	0.0	0.0	0.0	0.0	0.0	0.0	0.0
ZNF593	na	0.0	0.0	0.0	0.0	0.0	0.0	0.0
CNKSR1	na	0.0	0.0	0.0	0.0	0.0	0.0	0.0
CEP85	na	0.0	0.0	0.0	0.0	0.0	0.0	0.0
SH3BGRL3	na	0.09234197189087011	0.09168998136320165	0.12578536695957543	0.14938739984100016	0.10026859399391272	0.13015935992203512	0.13512955463390283
UBXN11	na	0.0	0.0	0.0	0.0	0.0	0.0	0.0
CD52	na	0.0	0.0	0.0	0.0	0.0	0.0	0.0
ZNF683	na	0.0	0.0	0.0	0.0	0.0	0.0	0.0
DHDDS	na	0.0	0.0	0.0	0.0	0.0	0.0	0.0
HMGN2	na	0.15589910444214428	0.09014442601756784	0.21408983100967716	0.2583966959964038	0.15402092115256447	0.10341426605409254	0.1846348422587402
RPS6KA1	na	0.0	0.0	0.0	0.0	0.0	0.0	0.0
ARID1A	na	0.0	0.0	0.0	0.0	0.0	0.0	0.0
PIGV	na	0.0	0.0	0.0	0.0	0.0	0.0	0.0
ZDHHC18	na	0.0	0.0	0.0	0.0	0.0	0.0	0.0
SFN	na	0.0	0.0	0.0	0.0	0.0	0.0	0.0
GPN2	na	0.0	0.0	0.0	0.0	0.0	0.0	0.0
GPATCH3	na	0.0	0.0	0.0	0.0	0.0	0.0	0.0
NUDC	na	0.0608692428892033	1.4744676822008954e-14	0.11931218066310445	0.14684304843660645	0.08595313602306785	0.028754385167092916	0.05834260884951161
KDF1	na	0.0	0.0	0.0	0.0	0.0	0.0	0.0
TRNP1	na	0.0	0.0	0.0	0.0	0.0	0.0	0.0
TENT5B	na	0.0	0.0	0.0	0.0	0.0	0.0	0.0
SLC9A1	na	0.0	0.0	0.0	0.0	0.0	0.0	0.0
WDTC1	na	0.0	0.0	0.0	0.0	0.0	0.0	0.0
TMEM222	na	0.0	0.0	0.0	0.0	0.0	0.0	0.0
SYTL1	na	0.0	0.0	0.0	0.0	0.0	0.0	0.0
MAP3K6	na	0.0	0.0	0.0	0.0	0.0	0.0	0.0
FCN3	na	0.0	0.0	0.0	0.0	0.0	0.0	0.0
WASF2	na	0.0	0.0	0.0	0.0	0.0	0.0	0.0
AHDC1	na	0.0	0.0	0.0	0.0	0.0	0.0	0.0
FGR	na	0.0	0.0	0.0	0.0	0.0	0.0	0.0
IFI6	na	0.21761791721105816	5.0739099128144495e-17	0.5783621173879013	0.66474943469321	0.3504007714291679	0.0651211029429977	0.259173438887066
FAM76A	na	0.0	0.0	0.0	0.0	0.0	0.0	0.0
STX12	na	0.0	0.0	0.0	0.0	0.0	0.0	0.0
PPP1R8	na	0.0	0.0	0.0	0.0	0.0	0.0	0.0
THEMIS2	na	0.0	0.0	0.0	0.0	0.0	0.0	0.0
RPA2	na	0.0	0.0	0.0	0.0	0.0	0.0	0.0
SMPDL3B	na	0.0	0.0	0.0	0.0	0.0	0.0	0.0
XKR8	na	0.0	0.0	0.0	0.0	0.0	0.0	0.0
EYA3	na	0.0	0.0	0.0	0.0	0.0	0.0	0.0
PTAFR	na	0.0	0.0	0.0	0.0	0.0	0.0	0.0
DNAJC8	na	0.0	0.0	0.0	0.0	0.0	0.0	0.0
ATP5IF1	na	0.1591043102882511	0.15370732190286496	0.1816227264457613	0.1624937140757837	0.13814725546736917	0.13888233803851005	0.2369562095682328
AL353622.1	na	0.0	0.0	0.0	0.0	0.0	0.0	0.0
SESN2	na	0.0	0.0	0.0	0.0	0.0	0.0	0.0
MED18	na	0.0	0.0	0.0	0.0	0.0	0.0	0.0
PHACTR4	na	0.0	0.0	0.0	0.0	0.0	0.0	0.0
RCC1	na	0.0	0.0	0.0	0.0	0.0	0.0	0.0
TRNAU1AP	na	0.0	0.0	0.0	0.0	0.0	0.0	0.0
SNHG12	na	0.0	0.0	0.0	0.0	0.0	0.0	0.0
TAF12	na	0.0	0.0	0.0	0.0	0.0	0.0	0.0
RAB42	na	0.0	0.0	0.0	0.0	0.0	0.0	0.0
AL360012.1	na	0.0	0.0	0.0	0.0	0.0	0.0	0.0
GMEB1	na	0.0	0.0	0.0	0.0	0.0	0.0	0.0
YTHDF2	na	0.0	0.0	0.0	0.0	0.0	0.0	0.0
OPRD1	na	0.0	0.0	0.0	0.0	0.0	0.0	0.0
EPB41	na	0.0	0.0	0.0	0.0	0.0	0.0	0.0
TMEM200B	na	0.0	0.0	0.0	0.0	0.0	0.0	0.0
SRSF4	na	0.0	0.0	0.0	0.0	0.0	0.0	0.0
MECR	na	0.0	0.0	0.0	0.0	0.0	0.0	0.0
PTPRU	na	0.0	0.0	0.0	0.0	0.0	0.0	0.0
LAPTM5	na	0.08078933807206903	0.03784307318267724	0.12692598309059888	0.14942528803145627	0.10446969480567579	0.10925736275492692	0.15788252836809064
LINC01778	na	0.0	0.0	0.0	0.0	0.0	0.0	0.0
SDC3	na	0.0	0.0	0.0	0.0	0.0	0.0	0.0
PUM1	na	0.0	0.0	0.0	0.0	0.0	0.0	0.0
NKAIN1	na	0.0	0.0	0.0	0.0	0.0	0.0	0.0
SNRNP40	na	0.0	0.0	0.0	0.0	0.0	0.0	0.0
ZCCHC17	na	0.0	0.0	0.0	0.0	0.0	0.0	0.0
FABP3	na	0.0	0.0	0.0	0.0	0.0	0.0	0.0
SERINC2	na	0.08549957893856616	0.015531382370195275	0.13007584677279055	0.1582239476832198	0.08589656565882643	0.05931838862252288	0.08831435557768358
TINAGL1	na	0.0	0.0	0.0	0.0	0.0	0.0	0.0
PEF1	na	0.0	0.0	0.0	0.0	0.0	0.0	0.0
COL16A1	na	0.0	0.0	0.0	0.0	0.0	0.0	0.0
ADGRB2	na	0.0	0.0	0.0	0.0	0.0	0.0	0.0
SPOCD1	na	0.0	0.0	0.0	0.0	0.0	0.0	0.0
PTP4A2	na	0.04656467408736678	1.2088104317813646e-15	0.13642915823753696	0.14806292851545577	0.08939577465185852	0.016963242638385365	0.05176061060122201
KHDRBS1	na	0.0696938728837413	0.0034707412252509536	0.12815580840632868	0.16773393283260996	0.0925141470148733	0.02266199714576271	0.06916857978034678
TMEM39B	na	0.0	0.0	0.0	0.0	0.0	0.0	0.0
KPNA6	na	0.0	0.0	0.0	0.0	0.0	0.0	0.0
TXLNA	na	0.0	0.0	0.0	0.0	0.0	0.0	0.0
CCDC28B	na	0.0	0.0	0.0	0.0	0.0	0.0	0.0
IQCC	na	0.0	0.0	0.0	0.0	0.0	0.0	0.0
TMEM234	na	0.0	0.0	0.0	0.0	0.0	0.0	0.0
EIF3I	na	0.06717744780073118	0.006431946351919373	0.12386571870298413	0.13743340536622214	0.08257376994099803	0.03127196230980305	0.0661838213259379
FAM167B	na	0.0	0.0	0.0	0.0	0.0	0.0	0.0
LCK	na	0.0	0.0	0.0	0.0	0.0	0.0	0.0
HDAC1	na	0.0	0.0	0.0	0.0	0.0	0.0	0.0
MARCKSL1	na	0.15953028426458873	0.0373072309718054	0.2757374810727831	0.30241119369560493	0.17644614835788017	0.10082193223727594	0.1973529294871354
FAM229A	na	0.0	0.0	0.0	0.0	0.0	0.0	0.0
BSDC1	na	0.0	0.0	0.0	0.0	0.0	0.0	0.0
ZBTB8A	na	0.0	0.0	0.0	0.0	0.0	0.0	0.0
ZBTB8OS	na	0.0	0.0	0.0	0.0	0.0	0.0	0.0
RBBP4	na	0.0597239252616853	0.009864891171380329	0.1282617825850244	0.14627947929743484	0.08384225967424047	1.5722314046579732e-15	0.0914009565073139
SYNC	na	0.0	0.0	0.0	0.0	0.0	0.0	0.0
KIAA1522	na	0.08453858925065204	2.406947435308783e-15	0.14275614715735582	0.1624714658339802	0.09930923621196655	0.01911732844884856	0.0685564028953328
YARS	na	0.0	0.0	0.0	0.0	0.0	0.0	0.0
S100PBP	na	0.0	0.0	0.0	0.0	0.0	0.0	0.0
TMEM54	na	0.044959405579476766	3.592664632958628e-15	0.10769834664666275	0.1325184481006219	0.07409147512367523	0.031896527271418854	0.06074259222657185
RNF19B	na	0.0	0.0	0.0	0.0	0.0	0.0	0.0
AK2	na	0.0	0.0	0.0	0.0	0.0	0.0	0.0
AZIN2	na	0.0	0.0	0.0	0.0	0.0	0.0	0.0
TRIM62	na	0.0	0.0	0.0	0.0	0.0	0.0	0.0
ZNF362	na	0.0	0.0	0.0	0.0	0.0	0.0	0.0
PHC2	na	0.0	0.0	0.0	0.0	0.0	0.0	0.0
SMIM12	na	0.0	0.0	0.0	0.0	0.0	0.0	0.0
GJA4	na	0.0	0.0	0.0	0.0	0.0	0.0	0.0
DLGAP3	na	0.0	0.0	0.0	0.0	0.0	0.0	0.0
AC114490.2	na	0.0	0.0	0.0	0.0	0.0	0.0	0.0
ZMYM6	na	0.0	0.0	0.0	0.0	0.0	0.0	0.0
ZMYM1	na	0.0	0.0	0.0	0.0	0.0	0.0	0.0
SFPQ	na	0.0693084564644729	9.203981546152225e-14	0.15769784228051953	0.1805332712785729	0.10279657990483233	0.03585236387745146	0.07589792683743249
ZMYM4	na	0.0	0.0	0.0	0.0	0.0	0.0	0.0
KIAA0319L	na	0.0	0.0	0.0	0.0	0.0	0.0	0.0
NCDN	na	0.0	0.0	0.0	0.0	0.0	0.0	0.0
TFAP2E	na	0.0	0.0	0.0	0.0	0.0	0.0	0.0
PSMB2	na	0.04322280866634001	1.907740863897826e-18	0.10701166232810046	0.13992159862585654	0.07898430377274573	0.02118382833091404	0.05178993993195823
C1orf216	na	0.0	0.0	0.0	0.0	0.0	0.0	0.0
CLSPN	na	0.0	0.0	0.0	0.0	0.0	0.0	0.0
AGO4	na	0.0	0.0	0.0	0.0	0.0	0.0	0.0
AGO1	na	0.0	0.0	0.0	0.0	0.0	0.0	0.0
AGO3	na	0.0	0.0	0.0	0.0	0.0	0.0	0.0
TEKT2	na	0.0	0.0	0.0	0.0	0.0	0.0	0.0
ADPRHL2	na	0.0	0.0	0.0	0.0	0.0	0.0	0.0
COL8A2	na	0.0	0.0	0.0	0.0	0.0	0.0	0.0
TRAPPC3	na	0.0	0.0	0.0	0.0	0.0	0.0	0.0
MAP7D1	na	0.0	0.0	0.0	0.0	0.0	0.0	0.0
THRAP3	na	0.0	0.0	0.0	0.0	0.0	0.0	0.0
SH3D21	na	0.0	0.0	0.0	0.0	0.0	0.0	0.0
EVA1B	na	0.0	0.0	0.0	0.0	0.0	0.0	0.0
AL591845.1	na	0.0	0.0	0.0	0.0	0.0	0.0	0.0
STK40	na	0.0	0.0	0.0	0.0	0.0	0.0	0.0
LSM10	na	0.0	0.0	0.0	0.0	0.0	0.0	0.0
OSCP1	na	0.0	0.0	0.0	0.0	0.0	0.0	0.0
MRPS15	na	0.0	0.0	0.0	0.0	0.0	0.0	0.0
CSF3R	na	0.0	0.0	0.0	0.0	0.0	0.0	0.0
LINC01137	na	0.0	0.0	0.0	0.0	0.0	0.0	0.0
ZC3H12A	na	0.0	0.0	0.0	0.0	0.0	0.0	0.0
MEAF6	na	0.06556970320415763	0.007754303551813104	0.11658840885796316	0.141343513315978	0.07939550202580223	0.040732510039248895	0.06820376059866386
SNIP1	na	0.0	0.0	0.0	0.0	0.0	0.0	0.0
DNALI1	na	0.0	0.0	0.0	0.0	0.0	0.0	0.0
GNL2	na	0.0	0.0	0.0	0.0	0.0	0.0	0.0
C1orf109	na	0.0	0.0	0.0	0.0	0.0	0.0	0.0
CDCA8	na	0.0	0.0	0.0	0.0	0.0	0.0	0.0
EPHA10	na	0.0	0.0	0.0	0.0	0.0	0.0	0.0
MANEAL	na	0.0	0.0	0.0	0.0	0.0	0.0	0.0
YRDC	na	0.0	0.0	0.0	0.0	0.0	0.0	0.0
C1orf122	na	0.055439700587109154	0.00608045949701492	0.10801868279301143	0.14139708874507703	0.08416333215107617	0.033294490473724736	0.0527038419258272
MTF1	na	0.0	0.0	0.0	0.0	0.0	0.0	0.0
INPP5B	na	0.0	0.0	0.0	0.0	0.0	0.0	0.0
SF3A3	na	0.0	0.0	0.0	0.0	0.0	0.0	0.0
FHL3	na	0.0	0.0	0.0	0.0	0.0	0.0	0.0
UTP11	na	0.0	0.0	0.0	0.0	0.0	0.0	0.0
RRAGC	na	0.0	0.0	0.0	0.0	0.0	0.0	0.0
MYCBP	na	0.0	0.0	0.0	0.0	0.0	0.0	0.0
RHBDL2	na	0.0	0.0	0.0	0.0	0.0	0.0	0.0
AKIRIN1	na	0.0	0.0	0.0	0.0	0.0	0.0	0.0
NDUFS5	na	0.6366943544656553	0.8215443934240034	0.7485775462510896	0.3633246345092718	0.5163331839539611	0.5792795935582346	1.1991872067497125
MACF1	na	0.043629539372675386	2.8278081235701912e-15	0.12335561363425979	0.1410889105214533	0.08029694226773093	0.004104233812951772	0.03979501500054734
PABPC4	na	0.11280182632019517	0.012822637791369412	0.15405266070266455	0.19194283488340644	0.11083822330662127	0.06827129088894232	0.09339954805878818
HEYL	na	0.0	0.0	0.0	0.0	0.0	0.0	0.0
PPIE	na	0.0	0.0	0.0	0.0	0.0	0.0	0.0
BMP8B	na	0.0	0.0	0.0	0.0	0.0	0.0	0.0
OXCT2	na	0.0	0.0	0.0	0.0	0.0	0.0	0.0
AL033527.5	na	0.0	0.0	0.0	0.0	0.0	0.0	0.0
TRIT1	na	0.0	0.0	0.0	0.0	0.0	0.0	0.0
MYCL	na	0.0	0.0	0.0	0.0	0.0	0.0	0.0
MFSD2A	na	0.0	0.0	0.0	0.0	0.0	0.0	0.0
CAP1	na	0.11610498201783478	0.10461462430100138	0.1800904364792503	0.15864362583825883	0.12105016781266602	0.10808591539028288	0.18818251217461973
PPT1	na	0.08123505111538341	0.030370206555019034	0.14752252444204858	0.17596017543839762	0.0983647302639225	0.04980987752414975	0.12313377021006362
RLF	na	0.0	0.0	0.0	0.0	0.0	0.0	0.0
AL050341.2	na	0.0	0.0	0.0	0.0	0.0	0.0	0.0
ZMPSTE24	na	0.0	0.0	0.0	0.0	0.0	0.0	0.0
COL9A2	na	0.0	0.0	0.0	0.0	0.0	0.0	0.0
SMAP2	na	0.0	0.0	0.0	0.0	0.0	0.0	0.0
ZFP69B	na	0.0	0.0	0.0	0.0	0.0	0.0	0.0
ZFP69	na	0.0	0.0	0.0	0.0	0.0	0.0	0.0
EXO5	na	0.0	0.0	0.0	0.0	0.0	0.0	0.0
ZNF684	na	0.0	0.0	0.0	0.0	0.0	0.0	0.0
RIMS3	na	0.0	0.0	0.0	0.0	0.0	0.0	0.0
NFYC	na	0.0	0.0	0.0	0.0	0.0	0.0	0.0
CITED4	na	0.06197089580150806	6.221543722300183e-19	0.1554742345962061	0.1721977737076213	0.10195299906313937	2.0024510277824046e-17	0.03226707141547947
CTPS1	na	0.0	0.0	0.0	0.0	0.0	0.0	0.0
SCMH1	na	0.0	0.0	0.0	0.0	0.0	0.0	0.0
FOXO6	na	0.0	0.0	0.0	0.0	0.0	0.0	0.0
EDN2	na	0.0	0.0	0.0	0.0	0.0	0.0	0.0
HIVEP3	na	0.0	0.0	0.0	0.0	0.0	0.0	0.0
FOXJ3	na	0.0	0.0	0.0	0.0	0.0	0.0	0.0
RIMKLA	na	0.0	0.0	0.0	0.0	0.0	0.0	0.0
ZMYND12	na	0.0	0.0	0.0	0.0	0.0	0.0	0.0
PPCS	na	0.05376453543096858	2.961387981556414e-14	0.12238325744840284	0.14110705808802518	0.08345039377384879	0.014009221278755406	0.0371459365468696
CCDC30	na	0.0	0.0	0.0	0.0	0.0	0.0	0.0
PPIH	na	0.0	0.0	0.0	0.0	0.0	0.0	0.0
YBX1	na	0.08955198148120327	0.09151463023415296	0.11092888276819461	0.15086001578391528	0.09465855708897014	0.10978312293419433	0.1308008059867349
P3H1	na	0.0	0.0	0.0	0.0	0.0	0.0	0.0
C1orf50	na	0.0	0.0	0.0	0.0	0.0	0.0	0.0
SVBP	na	0.0	0.0	0.0	0.0	0.0	0.0	0.0
ERMAP	na	0.0	0.0	0.0	0.0	0.0	0.0	0.0
ZNF691	na	0.0	0.0	0.0	0.0	0.0	0.0	0.0
SLC2A1	na	0.0	0.0	0.0	0.0	0.0	0.0	0.0
SLC2A1-AS1	na	0.0	0.0	0.0	0.0	0.0	0.0	0.0
EBNA1BP2	na	0.0	0.0	0.0	0.0	0.0	0.0	0.0
CFAP57	na	0.0	0.0	0.0	0.0	0.0	0.0	0.0
TMEM125	na	0.0	0.0	0.0	0.0	0.0	0.0	0.0
C1orf210	na	0.0	0.0	0.0	0.0	0.0	0.0	0.0
TIE1	na	0.0	0.0	0.0	0.0	0.0	0.0	0.0
AL139289.2	na	0.0	0.0	0.0	0.0	0.0	0.0	0.0
CDC20	na	0.0	0.0	0.0	0.0	0.0	0.0	0.0
ELOVL1	na	0.0602014690786255	0.006050325789403551	0.1168725905707542	0.12607527993777892	0.0736934772574045	0.031946607611942034	0.059837783986729086
MED8	na	0.0	0.0	0.0	0.0	0.0	0.0	0.0
SZT2	na	0.0	0.0	0.0	0.0	0.0	0.0	0.0
HYI	na	0.0	0.0	0.0	0.0	0.0	0.0	0.0
PTPRF	na	0.17600894896083655	4.052121945175734e-21	0.5285581032800385	0.48213263449471344	0.2762395966677453	7.734959445634826e-21	0.035285886120850145
KDM4A	na	0.0	0.0	0.0	0.0	0.0	0.0	0.0
ST3GAL3	na	0.0	0.0	0.0	0.0	0.0	0.0	0.0
IPO13	na	0.0	0.0	0.0	0.0	0.0	0.0	0.0
DPH2	na	0.0	0.0	0.0	0.0	0.0	0.0	0.0
ATP6V0B	na	0.22898636118669974	0.04956471628886979	0.3495512309797052	0.5279619574002046	0.25745478608599315	0.1435677735244041	0.19486931531139162
B4GALT2	na	0.0	0.0	0.0	0.0	0.0	0.0	0.0
CCDC24	na	0.0	0.0	0.0	0.0	0.0	0.0	0.0
SLC6A9	na	0.0	0.0	0.0	0.0	0.0	0.0	0.0
AL139220.2	na	0.0	0.0	0.0	0.0	0.0	0.0	0.0
DMAP1	na	0.0	0.0	0.0	0.0	0.0	0.0	0.0
ERI3	na	0.0	0.0	0.0	0.0	0.0	0.0	0.0
RNF220	na	0.0	0.0	0.0	0.0	0.0	0.0	0.0
TMEM53	na	0.0	0.0	0.0	0.0	0.0	0.0	0.0
KIF2C	na	0.0	0.0	0.0	0.0	0.0	0.0	0.0
RPS8	na	1.260826596504462	2.22240310180359	0.9556465283986294	0.9229239219778924	1.003614444741275	1.7044496875110207	2.3875097049353347
PLK3	na	0.0	0.0	0.0	0.0	0.0	0.0	0.0
TCTEX1D4	na	0.0	0.0	0.0	0.0	0.0	0.0	0.0
BTBD19	na	0.0	0.0	0.0	0.0	0.0	0.0	0.0
PTCH2	na	0.0	0.0	0.0	0.0	0.0	0.0	0.0
EIF2B3	na	0.0	0.0	0.0	0.0	0.0	0.0	0.0
HECTD3	na	0.0	0.0	0.0	0.0	0.0	0.0	0.0
UROD	na	0.0	0.0	0.0	0.0	0.0	0.0	0.0
ZSWIM5	na	0.0	0.0	0.0	0.0	0.0	0.0	0.0
MUTYH	na	0.0	0.0	0.0	0.0	0.0	0.0	0.0
TOE1	na	0.0	0.0	0.0	0.0	0.0	0.0	0.0
TESK2	na	0.0	0.0	0.0	0.0	0.0	0.0	0.0
MMACHC	na	0.0	0.0	0.0	0.0	0.0	0.0	0.0
PRDX1	na	0.2550832348324951	0.13110352487861165	0.4493628548900054	0.45714660787655226	0.29678713747137214	0.15256142958757474	0.35250711182240013
AKR1A1	na	0.08727829861891612	0.012713389171916858	0.1386463836605663	0.17035360132453742	0.0980357413521674	0.05622568415247629	0.10018059799934999
NASP	na	0.06331915597939686	1.3532901848841466e-16	0.16142745444953216	0.18310567808076708	0.10037789188589093	6.981849009636175e-14	0.029330151672500877
CCDC17	na	0.0	0.0	0.0	0.0	0.0	0.0	0.0
GPBP1L1	na	0.0	0.0	0.0	0.0	0.0	0.0	0.0
TMEM69	na	0.0	0.0	0.0	0.0	0.0	0.0	0.0
IPP	na	0.0	0.0	0.0	0.0	0.0	0.0	0.0
MAST2	na	0.0	0.0	0.0	0.0	0.0	0.0	0.0
PIK3R3	na	0.05976978260435528	1.3373003113750656e-20	0.12409173583018994	0.16919453315517377	0.09388153282588006	0.013774816462219041	0.03938711748308961
AL358075.2	na	0.0	0.0	0.0	0.0	0.0	0.0	0.0
TSPAN1	na	0.08824009136678522	8.949375291549177e-22	0.17034150455796382	0.2560114872402907	0.133741656958787	0.08235400957616183	0.06490938214680148
POMGNT1	na	0.0	0.0	0.0	0.0	0.0	0.0	0.0
RAD54L	na	0.0	0.0	0.0	0.0	0.0	0.0	0.0
LRRC41	na	0.051894443756207616	5.550121970338908e-19	0.10977741307896544	0.15208186595820675	0.08020028703284376	0.0024948634792059787	0.06455609207858135
UQCRH	na	0.25507276629373493	0.4404729361837649	0.2238665802998409	0.22762448601825944	0.2307856022432462	0.33878075811630526	0.48761720763440825
NSUN4	na	0.0	0.0	0.0	0.0	0.0	0.0	0.0
FAAH	na	0.0	0.0	0.0	0.0	0.0	0.0	0.0
MKNK1	na	0.0	0.0	0.0	0.0	0.0	0.0	0.0
MOB3C	na	0.0	0.0	0.0	0.0	0.0	0.0	0.0
ATPAF1	na	0.0	0.0	0.0	0.0	0.0	0.0	0.0
EFCAB14	na	0.0	0.0	0.0	0.0	0.0	0.0	0.0
CYP4B1	na	0.0	0.0	0.0	0.0	0.0	0.0	0.0
CYP4X1	na	0.0	0.0	0.0	0.0	0.0	0.0	0.0
CYP4Z1	na	0.0	0.0	0.0	0.0	0.0	0.0	0.0
LINC00853	na	0.0	0.0	0.0	0.0	0.0	0.0	0.0
PDZK1IP1	na	0.0671912194001201	0.054252927374154145	0.11412363317538858	0.12711204532126846	0.07576181778638372	0.045159681379686206	0.07398810113208591
STIL	na	0.0	0.0	0.0	0.0	0.0	0.0	0.0
CMPK1	na	0.06833005209226616	0.004286087162198696	0.12021543914880593	0.1613984964861726	0.09437657532437842	0.023349438240073978	0.0681247235198964
FOXD2-AS1	na	0.0	0.0	0.0	0.0	0.0	0.0	0.0
FOXD2	na	0.0	0.0	0.0	0.0	0.0	0.0	0.0
SPATA6	na	0.0	0.0	0.0	0.0	0.0	0.0	0.0
BEND5	na	0.0	0.0	0.0	0.0	0.0	0.0	0.0
FAF1	na	0.0	0.0	0.0	0.0	0.0	0.0	0.0
CDKN2C	na	0.0	0.0	0.0	0.0	0.0	0.0	0.0
RNF11	na	0.05273035253905358	9.626960213084e-15	0.11865259071715481	0.15270506406233833	0.07789234353600222	0.008981471328263387	0.05285638165606664
TTC39A	na	0.0	0.0	0.0	0.0	0.0	0.0	0.0
EPS15	na	0.0	0.0	0.0	0.0	0.0	0.0	0.0
OSBPL9	na	0.0	0.0	0.0	0.0	0.0	0.0	0.0
NRDC	na	0.0	0.0	0.0	0.0	0.0	0.0	0.0
RAB3B	na	0.0	0.0	0.0	0.0	0.0	0.0	0.0
TXNDC12	na	0.0	0.0	0.0	0.0	0.0	0.0	0.0
KTI12	na	0.0	0.0	0.0	0.0	0.0	0.0	0.0
BTF3L4	na	0.0	0.0	0.0	0.0	0.0	0.0	0.0
ZFYVE9	na	0.0	0.0	0.0	0.0	0.0	0.0	0.0
CC2D1B	na	0.0	0.0	0.0	0.0	0.0	0.0	0.0
ORC1	na	0.0	0.0	0.0	0.0	0.0	0.0	0.0
PRPF38A	na	0.0	0.0	0.0	0.0	0.0	0.0	0.0
TUT4	na	0.0	0.0	0.0	0.0	0.0	0.0	0.0
GPX7	na	0.0	0.0	0.0	0.0	0.0	0.0	0.0
SHISAL2A	na	0.0	0.0	0.0	0.0	0.0	0.0	0.0
COA7	na	0.0	0.0	0.0	0.0	0.0	0.0	0.0
ZYG11B	na	0.0	0.0	0.0	0.0	0.0	0.0	0.0
ZYG11A	na	0.0	0.0	0.0	0.0	0.0	0.0	0.0
ECHDC2	na	0.0	0.0	0.0	0.0	0.0	0.0	0.0
SCP2	na	0.06659236039419253	0.01926204895312914	0.11297069455329378	0.1267449494174059	0.07587277864193719	0.025647301021850713	0.05561428571281463
PODN	na	0.0	0.0	0.0	0.0	0.0	0.0	0.0
CPT2	na	0.0	0.0	0.0	0.0	0.0	0.0	0.0
C1orf123	na	0.0	0.0	0.0	0.0	0.0	0.0	0.0
MAGOH	na	0.0	0.0	0.0	0.0	0.0	0.0	0.0
LRP8	na	0.0	0.0	0.0	0.0	0.0	0.0	0.0
NDC1	na	0.0	0.0	0.0	0.0	0.0	0.0	0.0
YIPF1	na	0.0	0.0	0.0	0.0	0.0	0.0	0.0
HSPB11	na	0.0	0.0	0.0	0.0	0.0	0.0	0.0
LRRC42	na	0.0	0.0	0.0	0.0	0.0	0.0	0.0
LDLRAD1	na	0.0	0.0	0.0	0.0	0.0	0.0	0.0
TMEM59	na	0.11780650219759814	0.032340620172543154	0.17509618760826207	0.17738076613188383	0.11545180352219665	0.06810294014073447	0.15015012718868528
TCEANC2	na	0.0	0.0	0.0	0.0	0.0	0.0	0.0
CYB5RL	na	0.0	0.0	0.0	0.0	0.0	0.0	0.0
MRPL37	na	0.0	0.0	0.0	0.0	0.0	0.0	0.0
SSBP3	na	0.0	0.0	0.0	0.0	0.0	0.0	0.0
ACOT11	na	0.0	0.0	0.0	0.0	0.0	0.0	0.0
TTC4	na	0.0	0.0	0.0	0.0	0.0	0.0	0.0
PARS2	na	0.0	0.0	0.0	0.0	0.0	0.0	0.0
DHCR24	na	0.07963285469624626	6.085585538011097e-22	0.1792746605580108	0.223595224167833	0.11650506628081776	0.012422682593145135	0.022137813526264438
TMEM61	na	0.0	0.0	0.0	0.0	0.0	0.0	0.0
USP24	na	0.0	0.0	0.0	0.0	0.0	0.0	0.0
PLPP3	na	0.0	0.0	0.0	0.0	0.0	0.0	0.0
PRKAA2	na	0.0	0.0	0.0	0.0	0.0	0.0	0.0
FYB2	na	0.0	0.0	0.0	0.0	0.0	0.0	0.0
OMA1	na	0.0	0.0	0.0	0.0	0.0	0.0	0.0
TACSTD2	na	0.0	0.0	0.0	0.0	0.0	0.0	0.0
MYSM1	na	0.0	0.0	0.0	0.0	0.0	0.0	0.0
JUN	na	0.08141362358411174	5.28099187118457e-16	0.13901933279324122	0.14353986588539533	0.09767662536677363	0.0446445348464954	0.08233150323234456
FGGY	na	0.0	0.0	0.0	0.0	0.0	0.0	0.0
HOOK1	na	0.0	0.0	0.0	0.0	0.0	0.0	0.0
LINC01748	na	0.0	0.0	0.0	0.0	0.0	0.0	0.0
NFIA	na	0.0	0.0	0.0	0.0	0.0	0.0	0.0
TM2D1	na	0.0	0.0	0.0	0.0	0.0	0.0	0.0
AC099791.2	na	0.0	0.0	0.0	0.0	0.0	0.0	0.0
PATJ	na	0.0	0.0	0.0	0.0	0.0	0.0	0.0
USP1	na	0.0	0.0	0.0	0.0	0.0	0.0	0.0
DOCK7	na	0.0	0.0	0.0	0.0	0.0	0.0	0.0
ATG4C	na	0.0	0.0	0.0	0.0	0.0	0.0	0.0
FOXD3-AS1	na	0.0	0.0	0.0	0.0	0.0	0.0	0.0
ALG6	na	0.0	0.0	0.0	0.0	0.0	0.0	0.0
ITGB3BP	na	0.0	0.0	0.0	0.0	0.0	0.0	0.0
EFCAB7	na	0.0	0.0	0.0	0.0	0.0	0.0	0.0
PGM1	na	0.0	0.0	0.0	0.0	0.0	0.0	0.0
ROR1	na	0.0	0.0	0.0	0.0	0.0	0.0	0.0
CACHD1	na	0.0	0.0	0.0	0.0	0.0	0.0	0.0
RAVER2	na	0.0	0.0	0.0	0.0	0.0	0.0	0.0
JAK1	na	0.0	0.0	0.0	0.0	0.0	0.0	0.0
AK4	na	0.0	0.0	0.0	0.0	0.0	0.0	0.0
LEPROT	na	0.0	0.0	0.0	0.0	0.0	0.0	0.0
LEPR	na	0.0	0.0	0.0	0.0	0.0	0.0	0.0
PDE4B	na	0.0	0.0	0.0	0.0	0.0	0.0	0.0
SGIP1	na	0.0	0.0	0.0	0.0	0.0	0.0	0.0
WDR78	na	0.0	0.0	0.0	0.0	0.0	0.0	0.0
MIER1	na	0.0	0.0	0.0	0.0	0.0	0.0	0.0
SLC35D1	na	0.0	0.0	0.0	0.0	0.0	0.0	0.0
SERBP1	na	0.09054017622557999	0.025686337655880916	0.17301321902064465	0.19059801967676251	0.11685973281989741	0.05633227452171339	0.1048776254549615
GADD45A	na	0.0	0.0	0.0	0.0	0.0	0.0	0.0
GNG12	na	0.0	0.0	0.0	0.0	0.0	0.0	0.0
WLS	na	0.0	0.0	0.0	0.0	0.0	0.0	0.0
DEPDC1	na	0.0	0.0	0.0	0.0	0.0	0.0	0.0
LRRC40	na	0.0	0.0	0.0	0.0	0.0	0.0	0.0
SRSF11	na	0.05624111750865761	2.745585335354947e-27	0.14043301739758066	0.16267644044110166	0.0895583063057209	3.5780262749828025e-05	0.03743042707604844
ANKRD13C	na	0.0	0.0	0.0	0.0	0.0	0.0	0.0
HHLA3	na	0.0	0.0	0.0	0.0	0.0	0.0	0.0
CTH	na	0.0	0.0	0.0	0.0	0.0	0.0	0.0
ZRANB2	na	0.0	0.0	0.0	0.0	0.0	0.0	0.0
NEGR1	na	0.0	0.0	0.0	0.0	0.0	0.0	0.0
FPGT	na	0.0	0.0	0.0	0.0	0.0	0.0	0.0
CRYZ	na	0.0	0.0	0.0	0.0	0.0	0.0	0.0
TYW3	na	0.0	0.0	0.0	0.0	0.0	0.0	0.0
SLC44A5	na	0.0	0.0	0.0	0.0	0.0	0.0	0.0
ACADM	na	0.0	0.0	0.0	0.0	0.0	0.0	0.0
RABGGTB	na	0.0	0.0	0.0	0.0	0.0	0.0	0.0
ST6GALNAC5	na	0.0	0.0	0.0	0.0	0.0	0.0	0.0
PIGK	na	0.0	0.0	0.0	0.0	0.0	0.0	0.0
AC118549.1	na	0.0	0.0	0.0	0.0	0.0	0.0	0.0
USP33	na	0.0	0.0	0.0	0.0	0.0	0.0	0.0
MIGA1	na	0.0	0.0	0.0	0.0	0.0	0.0	0.0
NEXN	na	0.0	0.0	0.0	0.0	0.0	0.0	0.0
FUBP1	na	0.0	0.0	0.0	0.0	0.0	0.0	0.0
DNAJB4	na	0.0	0.0	0.0	0.0	0.0	0.0	0.0
AC103591.3	na	0.0	0.0	0.0	0.0	0.0	0.0	0.0
IFI44L	na	0.0	0.0	0.0	0.0	0.0	0.0	0.0
IFI44	na	0.0	0.0	0.0	0.0	0.0	0.0	0.0
ADGRL4	na	0.0	0.0	0.0	0.0	0.0	0.0	0.0
LINC01781	na	0.0	0.0	0.0	0.0	0.0	0.0	0.0
ADGRL2	na	0.0	0.0	0.0	0.0	0.0	0.0	0.0
TTLL7	na	0.0	0.0	0.0	0.0	0.0	0.0	0.0
AL359504.2	na	0.0	0.0	0.0	0.0	0.0	0.0	0.0
PRKACB	na	0.0	0.0	0.0	0.0	0.0	0.0	0.0
SAMD13	na	0.0	0.0	0.0	0.0	0.0	0.0	0.0
RPF1	na	0.0	0.0	0.0	0.0	0.0	0.0	0.0
GNG5	na	0.12820186898242597	0.15792416474991244	0.13847497908711032	0.17100095195379425	0.1258434380569638	0.15732927539358957	0.21587749818233126
SPATA1	na	0.0	0.0	0.0	0.0	0.0	0.0	0.0
CTBS	na	0.0	0.0	0.0	0.0	0.0	0.0	0.0
SSX2IP	na	0.0	0.0	0.0	0.0	0.0	0.0	0.0
LPAR3	na	0.0	0.0	0.0	0.0	0.0	0.0	0.0
MCOLN2	na	0.0	0.0	0.0	0.0	0.0	0.0	0.0
SYDE2	na	0.0	0.0	0.0	0.0	0.0	0.0	0.0
C1orf52	na	0.0	0.0	0.0	0.0	0.0	0.0	0.0
BCL10	na	0.0	0.0	0.0	0.0	0.0	0.0	0.0
DDAH1	na	0.0	0.0	0.0	0.0	0.0	0.0	0.0
CYR61	na	0.0	0.0	0.0	0.0	0.0	0.0	0.0
ZNHIT6	na	0.0	0.0	0.0	0.0	0.0	0.0	0.0
COL24A1	na	0.0	0.0	0.0	0.0	0.0	0.0	0.0
AL136382.1	na	0.0	0.0	0.0	0.0	0.0	0.0	0.0
ODF2L	na	0.0	0.0	0.0	0.0	0.0	0.0	0.0
CLCA2	na	0.0	0.0	0.0	0.0	0.0	0.0	0.0
SH3GLB1	na	0.0	0.0	0.0	0.0	0.0	0.0	0.0
SELENOF	na	0.069472168096117	0.024912817372597748	0.11910528168925222	0.15997266918704195	0.08348508222346698	0.037793097481525276	0.08719524039319611
HS2ST1	na	0.0	0.0	0.0	0.0	0.0	0.0	0.0
LMO4	na	0.0	0.0	0.0	0.0	0.0	0.0	0.0
PKN2	na	0.0	0.0	0.0	0.0	0.0	0.0	0.0
GTF2B	na	0.0	0.0	0.0	0.0	0.0	0.0	0.0
KYAT3	na	0.0	0.0	0.0	0.0	0.0	0.0	0.0
RBMXL1	na	0.0	0.0	0.0	0.0	0.0	0.0	0.0
GBP3	na	0.0	0.0	0.0	0.0	0.0	0.0	0.0
GBP1	na	0.0	0.0	0.0	0.0	0.0	0.0	0.0
GBP2	na	0.0	0.0	0.0	0.0	0.0	0.0	0.0
GBP4	na	0.0	0.0	0.0	0.0	0.0	0.0	0.0
GBP5	na	0.0	0.0	0.0	0.0	0.0	0.0	0.0
LRRC8B	na	0.0	0.0	0.0	0.0	0.0	0.0	0.0
LRRC8C	na	0.0	0.0	0.0	0.0	0.0	0.0	0.0
LRRC8D	na	0.0	0.0	0.0	0.0	0.0	0.0	0.0
ZNF326	na	0.0	0.0	0.0	0.0	0.0	0.0	0.0
ZNF644	na	0.0	0.0	0.0	0.0	0.0	0.0	0.0
CDC7	na	0.0	0.0	0.0	0.0	0.0	0.0	0.0
TGFBR3	na	0.0	0.0	0.0	0.0	0.0	0.0	0.0
BTBD8	na	0.0	0.0	0.0	0.0	0.0	0.0	0.0
GLMN	na	0.0	0.0	0.0	0.0	0.0	0.0	0.0
RPAP2	na	0.0	0.0	0.0	0.0	0.0	0.0	0.0
EVI5	na	0.0	0.0	0.0	0.0	0.0	0.0	0.0
RPL5	na	0.3273513878612839	0.390855242330269	0.35401619928917133	0.4638580389859554	0.3197318013388837	0.3814688371333964	0.5131705428081998
FAM69A	na	0.0	0.0	0.0	0.0	0.0	0.0	0.0
MTF2	na	0.0	0.0	0.0	0.0	0.0	0.0	0.0
TMED5	na	0.0	0.0	0.0	0.0	0.0	0.0	0.0
CCDC18	na	0.0	0.0	0.0	0.0	0.0	0.0	0.0
DR1	na	0.0	0.0	0.0	0.0	0.0	0.0	0.0
FNBP1L	na	0.0	0.0	0.0	0.0	0.0	0.0	0.0
BCAR3	na	0.0	0.0	0.0	0.0	0.0	0.0	0.0
DNTTIP2	na	0.0	0.0	0.0	0.0	0.0	0.0	0.0
GCLM	na	0.0	0.0	0.0	0.0	0.0	0.0	0.0
ABCA4	na	0.0	0.0	0.0	0.0	0.0	0.0	0.0
ARHGAP29	na	0.0	0.0	0.0	0.0	0.0	0.0	0.0
AC097059.1	na	0.0	0.0	0.0	0.0	0.0	0.0	0.0
ABCD3	na	0.0	0.0	0.0	0.0	0.0	0.0	0.0
F3	na	0.0	0.0	0.0	0.0	0.0	0.0	0.0
SLC44A3	na	0.0	0.0	0.0	0.0	0.0	0.0	0.0
CNN3	na	0.10729983928128428	4.7686578611737746e-24	0.19723964233254826	0.2662611022055653	0.1319446787296684	0.025580617472566857	0.06706559092050549
AC105942.1	na	0.0	0.0	0.0	0.0	0.0	0.0	0.0
ALG14	na	0.0	0.0	0.0	0.0	0.0	0.0	0.0
TMEM56	na	0.0	0.0	0.0	0.0	0.0	0.0	0.0
RWDD3	na	0.0	0.0	0.0	0.0	0.0	0.0	0.0
AC092802.2	na	0.0	0.0	0.0	0.0	0.0	0.0	0.0
PTBP2	na	0.0	0.0	0.0	0.0	0.0	0.0	0.0
DPYD	na	0.0	0.0	0.0	0.0	0.0	0.0	0.0
SNX7	na	0.0	0.0	0.0	0.0	0.0	0.0	0.0
PALMD	na	0.0	0.0	0.0	0.0	0.0	0.0	0.0
AGL	na	0.0	0.0	0.0	0.0	0.0	0.0	0.0
SLC35A3	na	0.0	0.0	0.0	0.0	0.0	0.0	0.0
MFSD14A	na	0.0	0.0	0.0	0.0	0.0	0.0	0.0
SASS6	na	0.0	0.0	0.0	0.0	0.0	0.0	0.0
TRMT13	na	0.0	0.0	0.0	0.0	0.0	0.0	0.0
DBT	na	0.0	0.0	0.0	0.0	0.0	0.0	0.0
RTCA-AS1	na	0.0	0.0	0.0	0.0	0.0	0.0	0.0
RTCA	na	0.0	0.0	0.0	0.0	0.0	0.0	0.0
CDC14A	na	0.0	0.0	0.0	0.0	0.0	0.0	0.0
VCAM1	na	0.0	0.0	0.0	0.0	0.0	0.0	0.0
EXTL2	na	0.0	0.0	0.0	0.0	0.0	0.0	0.0
AC104506.1	na	0.0	0.0	0.0	0.0	0.0	0.0	0.0
SLC30A7	na	0.0	0.0	0.0	0.0	0.0	0.0	0.0
DPH5	na	0.0	0.0	0.0	0.0	0.0	0.0	0.0
AC093157.1	na	0.0	0.0	0.0	0.0	0.0	0.0	0.0
S1PR1	na	0.0	0.0	0.0	0.0	0.0	0.0	0.0
COL11A1	na	0.0	0.0	0.0	0.0	0.0	0.0	0.0
RNPC3	na	0.0	0.0	0.0	0.0	0.0	0.0	0.0
AMY2B	na	0.0	0.0	0.0	0.0	0.0	0.0	0.0
PRMT6	na	0.0	0.0	0.0	0.0	0.0	0.0	0.0
NTNG1	na	0.0	0.0	0.0	0.0	0.0	0.0	0.0
VAV3	na	0.0	0.0	0.0	0.0	0.0	0.0	0.0
SLC25A24	na	0.0	0.0	0.0	0.0	0.0	0.0	0.0
AL359258.2	na	0.0	0.0	0.0	0.0	0.0	0.0	0.0
FAM102B	na	0.0	0.0	0.0	0.0	0.0	0.0	0.0
HENMT1	na	0.0	0.0	0.0	0.0	0.0	0.0	0.0
PRPF38B	na	0.0	0.0	0.0	0.0	0.0	0.0	0.0
STXBP3	na	0.0	0.0	0.0	0.0	0.0	0.0	0.0
GPSM2	na	0.0	0.0	0.0	0.0	0.0	0.0	0.0
CLCC1	na	0.0	0.0	0.0	0.0	0.0	0.0	0.0
WDR47	na	0.0	0.0	0.0	0.0	0.0	0.0	0.0
TAF13	na	0.0	0.0	0.0	0.0	0.0	0.0	0.0
TMEM167B	na	0.0	0.0	0.0	0.0	0.0	0.0	0.0
AL356488.2	na	0.0	0.0	0.0	0.0	0.0	0.0	0.0
KIAA1324	na	0.0782886467499158	1.4693462060165885e-23	0.20472524383353424	0.2130030822486398	0.1194375788143264	1.149667960349336e-22	0.04001095776237735
SARS	na	0.0	0.0	0.0	0.0	0.0	0.0	0.0
CELSR2	na	0.0	0.0	0.0	0.0	0.0	0.0	0.0
PSRC1	na	0.0	0.0	0.0	0.0	0.0	0.0	0.0
SORT1	na	0.0	0.0	0.0	0.0	0.0	0.0	0.0
PSMA5	na	0.05784616665730465	0.027826474693853177	0.1035117544545256	0.11978041075863102	0.07283987794565171	0.056046970515079404	0.060286640565232114
ATXN7L2	na	0.0	0.0	0.0	0.0	0.0	0.0	0.0
CYB561D1	na	0.0	0.0	0.0	0.0	0.0	0.0	0.0
AMIGO1	na	0.0	0.0	0.0	0.0	0.0	0.0	0.0
GNAI3	na	0.0	0.0	0.0	0.0	0.0	0.0	0.0
AMPD2	na	0.0	0.0	0.0	0.0	0.0	0.0	0.0
GSTM4	na	0.0	0.0	0.0	0.0	0.0	0.0	0.0
GSTM3	na	0.15179215439633867	0.09760866987833063	0.2053657814950559	0.2422483795958871	0.14903110939319741	0.07771957955444392	0.21402052977507097
CSF1	na	0.0	0.0	0.0	0.0	0.0	0.0	0.0
AHCYL1	na	0.0	0.0	0.0	0.0	0.0	0.0	0.0
STRIP1	na	0.0	0.0	0.0	0.0	0.0	0.0	0.0
AL160006.1	na	0.0	0.0	0.0	0.0	0.0	0.0	0.0
KCNC4	na	0.0	0.0	0.0	0.0	0.0	0.0	0.0
RBM15	na	0.0	0.0	0.0	0.0	0.0	0.0	0.0
SLC16A4	na	0.0	0.0	0.0	0.0	0.0	0.0	0.0
AL355488.1	na	0.0	0.0	0.0	0.0	0.0	0.0	0.0
LAMTOR5	na	0.09474212035472858	0.03616757324404495	0.12262316973140325	0.17368450517655165	0.10240741842516825	0.07269251763110156	0.10530895245203922
AL365361.1	na	0.0	0.0	0.0	0.0	0.0	0.0	0.0
CD53	na	0.0	0.0	0.0	0.0	0.0	0.0	0.0
LRIF1	na	0.0	0.0	0.0	0.0	0.0	0.0	0.0
DRAM2	na	0.0	0.0	0.0	0.0	0.0	0.0	0.0
CEPT1	na	0.0	0.0	0.0	0.0	0.0	0.0	0.0
AL355816.2	na	0.0	0.0	0.0	0.0	0.0	0.0	0.0
DENND2D	na	0.0	0.0	0.0	0.0	0.0	0.0	0.0
CHI3L2	na	0.0	0.0	0.0	0.0	0.0	0.0	0.0
PIFO	na	0.0	0.0	0.0	0.0	0.0	0.0	0.0
OVGP1	na	0.0	0.0	0.0	0.0	0.0	0.0	0.0
WDR77	na	0.0	0.0	0.0	0.0	0.0	0.0	0.0
ATP5PB	na	0.0672741417681817	0.06101231882713642	0.12407042465568482	0.1431499311745923	0.09070037416345804	0.06865664359624676	0.10486483962022966
C1orf162	na	0.0	0.0	0.0	0.0	0.0	0.0	0.0
TMIGD3	na	0.0	0.0	0.0	0.0	0.0	0.0	0.0
ADORA3	na	0.0	0.0	0.0	0.0	0.0	0.0	0.0
RAP1A	na	0.0	0.0	0.0	0.0	0.0	0.0	0.0
DDX20	na	0.0	0.0	0.0	0.0	0.0	0.0	0.0
KCND3	na	0.0	0.0	0.0	0.0	0.0	0.0	0.0
CTTNBP2NL	na	0.0	0.0	0.0	0.0	0.0	0.0	0.0
ST7L	na	0.0	0.0	0.0	0.0	0.0	0.0	0.0
CAPZA1	na	0.060865956858166	8.361163327640854e-14	0.11901863531745986	0.14446336250925101	0.08122304863330569	0.020459080108357848	0.06047853878497011
MOV10	na	0.05415720232507391	2.2786725612561852e-21	0.12087396605408976	0.1462022582822664	0.08619179405543938	0.005952279130277655	0.04765554486826764
RHOC	na	0.14805764571749172	0.0741770684972744	0.18331409446884198	0.2824480000925717	0.16027123031067997	0.10095838699508777	0.15275968395423456
PPM1J	na	0.0	0.0	0.0	0.0	0.0	0.0	0.0
SLC16A1	na	0.0	0.0	0.0	0.0	0.0	0.0	0.0
LRIG2	na	0.0	0.0	0.0	0.0	0.0	0.0	0.0
MAGI3	na	0.0	0.0	0.0	0.0	0.0	0.0	0.0
PHTF1	na	0.0	0.0	0.0	0.0	0.0	0.0	0.0
RSBN1	na	0.0	0.0	0.0	0.0	0.0	0.0	0.0
PTPN22	na	0.0	0.0	0.0	0.0	0.0	0.0	0.0
AP4B1	na	0.0	0.0	0.0	0.0	0.0	0.0	0.0
DCLRE1B	na	0.0	0.0	0.0	0.0	0.0	0.0	0.0
HIPK1	na	0.0	0.0	0.0	0.0	0.0	0.0	0.0
OLFML3	na	0.0	0.0	0.0	0.0	0.0	0.0	0.0
TRIM33	na	0.0	0.0	0.0	0.0	0.0	0.0	0.0
BCAS2	na	0.0	0.0	0.0	0.0	0.0	0.0	0.0
NRAS	na	0.0	0.0	0.0	0.0	0.0	0.0	0.0
CSDE1	na	0.10971754100929328	1.615139099268661e-19	0.17605557662400664	0.22675886635001355	0.12282249228909484	0.030829597802247886	0.09048302475807701
SIKE1	na	0.0	0.0	0.0	0.0	0.0	0.0	0.0
TSPAN2	na	0.0	0.0	0.0	0.0	0.0	0.0	0.0
NGF	na	0.0	0.0	0.0	0.0	0.0	0.0	0.0
VANGL1	na	0.0	0.0	0.0	0.0	0.0	0.0	0.0
SLC22A15	na	0.0	0.0	0.0	0.0	0.0	0.0	0.0
ATP1A1	na	0.09286612232715824	4.6340087709834105e-24	0.19380319930721857	0.2342821822020459	0.13003579897912115	0.024568490927990013	0.07422082347432683
LINC01762	na	0.0	0.0	0.0	0.0	0.0	0.0	0.0
CD58	na	0.0	0.0	0.0	0.0	0.0	0.0	0.0
IGSF3	na	0.0	0.0	0.0	0.0	0.0	0.0	0.0
CD2	na	0.0	0.0	0.0	0.0	0.0	0.0	0.0
PTGFRN	na	0.0	0.0	0.0	0.0	0.0	0.0	0.0
TTF2	na	0.0	0.0	0.0	0.0	0.0	0.0	0.0
TRIM45	na	0.0	0.0	0.0	0.0	0.0	0.0	0.0
VTCN1	na	0.0	0.0	0.0	0.0	0.0	0.0	0.0
MAN1A2	na	0.0	0.0	0.0	0.0	0.0	0.0	0.0
TENT5C	na	0.0	0.0	0.0	0.0	0.0	0.0	0.0
GDAP2	na	0.0	0.0	0.0	0.0	0.0	0.0	0.0
WDR3	na	0.0	0.0	0.0	0.0	0.0	0.0	0.0
SPAG17	na	0.0	0.0	0.0	0.0	0.0	0.0	0.0
TBX15	na	0.0	0.0	0.0	0.0	0.0	0.0	0.0
WARS2	na	0.0	0.0	0.0	0.0	0.0	0.0	0.0
AL359915.2	na	0.0	0.0	0.0	0.0	0.0	0.0	0.0
ZNF697	na	0.0	0.0	0.0	0.0	0.0	0.0	0.0
PHGDH	na	0.0	0.0	0.0	0.0	0.0	0.0	0.0
NOTCH2	na	0.0	0.0	0.0	0.0	0.0	0.0	0.0
SEC22B	na	0.0	0.0	0.0	0.0	0.0	0.0	0.0
NBPF26	na	0.0	0.0	0.0	0.0	0.0	0.0	0.0
LINC00623	na	0.0	0.0	0.0	0.0	0.0	0.0	0.0
FCGR1B	na	0.0	0.0	0.0	0.0	0.0	0.0	0.0
SRGAP2C	na	0.0	0.0	0.0	0.0	0.0	0.0	0.0
AC239800.2	na	0.0	0.0	0.0	0.0	0.0	0.0	0.0
AC239800.3	na	0.0	0.0	0.0	0.0	0.0	0.0	0.0
FAM72C	na	0.0	0.0	0.0	0.0	0.0	0.0	0.0
AC245595.1	na	0.0	0.0	0.0	0.0	0.0	0.0	0.0
AC246785.3	na	0.0	0.0	0.0	0.0	0.0	0.0	0.0
NBPF15	na	0.0	0.0	0.0	0.0	0.0	0.0	0.0
SRGAP2B	na	0.0	0.0	0.0	0.0	0.0	0.0	0.0
FAM72D	na	0.0	0.0	0.0	0.0	0.0	0.0	0.0
AC245014.3	na	0.0	0.0	0.0	0.0	0.0	0.0	0.0
AC245014.1	na	0.0	0.0	0.0	0.0	0.0	0.0	0.0
NBPF20	na	0.0	0.0	0.0	0.0	0.0	0.0	0.0
GPR89A	na	0.0	0.0	0.0	0.0	0.0	0.0	0.0
RNF115	na	0.0	0.0	0.0	0.0	0.0	0.0	0.0
POLR3C	na	0.0	0.0	0.0	0.0	0.0	0.0	0.0
NUDT17	na	0.0	0.0	0.0	0.0	0.0	0.0	0.0
PIAS3	na	0.0	0.0	0.0	0.0	0.0	0.0	0.0
ANKRD35	na	0.0	0.0	0.0	0.0	0.0	0.0	0.0
PEX11B	na	0.0	0.0	0.0	0.0	0.0	0.0	0.0
RBM8A	na	0.14380582838897263	0.04723264648959581	0.19579381260163609	0.24892333328893984	0.14064303235025674	0.08458801700298216	0.13891891027499714
LIX1L-AS1	na	0.0	0.0	0.0	0.0	0.0	0.0	0.0
LIX1L	na	0.0	0.0	0.0	0.0	0.0	0.0	0.0
POLR3GL	na	0.0	0.0	0.0	0.0	0.0	0.0	0.0
TXNIP	na	0.11298392213701446	2.8634020126259456e-21	0.22225723504856987	0.28033401513062045	0.14084397113702637	0.02868329099364264	0.0867349305962793
NBPF10	na	0.0	0.0	0.0	0.0	0.0	0.0	0.0
NOTCH2NL	na	0.0	0.0	0.0	0.0	0.0	0.0	0.0
NBPF12	na	0.0	0.0	0.0	0.0	0.0	0.0	0.0
PRKAB2	na	0.0	0.0	0.0	0.0	0.0	0.0	0.0
AC242426.2	na	0.0	0.0	0.0	0.0	0.0	0.0	0.0
FMO5	na	0.0	0.0	0.0	0.0	0.0	0.0	0.0
CHD1L	na	0.0	0.0	0.0	0.0	0.0	0.0	0.0
BCL9	na	0.0	0.0	0.0	0.0	0.0	0.0	0.0
ACP6	na	0.0	0.0	0.0	0.0	0.0	0.0	0.0
GJA5	na	0.0	0.0	0.0	0.0	0.0	0.0	0.0
GPR89B	na	0.0	0.0	0.0	0.0	0.0	0.0	0.0
AC239803.3	na	0.0	0.0	0.0	0.0	0.0	0.0	0.0
NBPF11	na	0.0	0.0	0.0	0.0	0.0	0.0	0.0
NBPF14	na	0.0	0.0	0.0	0.0	0.0	0.0	0.0
PDE4DIP	na	0.0	0.0	0.0	0.0	0.0	0.0	0.0
NBPF9	na	0.0	0.0	0.0	0.0	0.0	0.0	0.0
AC245297.3	na	0.0	0.0	0.0	0.0	0.0	0.0	0.0
AC245297.2	na	0.0	0.0	0.0	0.0	0.0	0.0	0.0
NBPF19	na	0.0	0.0	0.0	0.0	0.0	0.0	0.0
FCGR1A	na	0.0	0.0	0.0	0.0	0.0	0.0	0.0
HIST2H2BF	na	0.0	0.0	0.0	0.0	0.0	0.0	0.0
HIST2H4A	na	0.0	0.0	0.0	0.0	0.0	0.0	0.0
AC239868.3	na	0.0	0.0	0.0	0.0	0.0	0.0	0.0
HIST2H2AA4	na	0.0	0.0	0.0	0.0	0.0	0.0	0.0
AC239868.2	na	0.0	0.0	0.0	0.0	0.0	0.0	0.0
HIST2H2BE	na	0.06565726763118016	0.0010102269900344948	0.11680678359078635	0.12408975487044148	0.0717236311749059	0.053959420809038344	0.06403878008881139
HIST2H2AC	na	0.0	0.0	0.0	0.0	0.0	0.0	0.0
BOLA1	na	0.0	0.0	0.0	0.0	0.0	0.0	0.0
SF3B4	na	0.0	0.0	0.0	0.0	0.0	0.0	0.0
MTMR11	na	0.0	0.0	0.0	0.0	0.0	0.0	0.0
OTUD7B	na	0.0	0.0	0.0	0.0	0.0	0.0	0.0
VPS45	na	0.0	0.0	0.0	0.0	0.0	0.0	0.0
PLEKHO1	na	0.0579729313328839	0.005580245781611572	0.10651501111586605	0.13617206930092468	0.07681185257329716	0.01685945567730551	0.06137096028208449
ANP32E	na	0.0	0.0	0.0	0.0	0.0	0.0	0.0
APH1A	na	0.0834560859117122	9.493571745836974e-19	0.13551512783955216	0.1796571594331256	0.09931680465764245	1.2404933695419376e-15	0.03833544718265658
C1orf54	na	0.0	0.0	0.0	0.0	0.0	0.0	0.0
CIART	na	0.0	0.0	0.0	0.0	0.0	0.0	0.0
MRPS21	na	0.10885062992779179	0.09818532526573577	0.13051564000716456	0.13284720667952224	0.09880730144309022	0.09330256801871353	0.16763897505552178
PRPF3	na	0.058178527139477514	7.25282566038256e-15	0.11796810016080206	0.13359207400282014	0.08086067363710107	0.009087310832259244	0.0424622625044929
RPRD2	na	0.0	0.0	0.0	0.0	0.0	0.0	0.0
TARS2	na	0.0	0.0	0.0	0.0	0.0	0.0	0.0
ECM1	na	0.0	0.0	0.0	0.0	0.0	0.0	0.0
ADAMTSL4	na	0.0	0.0	0.0	0.0	0.0	0.0	0.0
MCL1	na	0.07305399817416751	0.03351764076535877	0.16424116691263985	0.16590612480325295	0.10235484546061088	0.049381924729434666	0.11952974843239424
ENSA	na	0.09206165997301316	0.009331150588947311	0.15657131882582564	0.14803268661479638	0.10033963046916167	0.028626683523548618	0.10500025487515127
GOLPH3L	na	0.0	0.0	0.0	0.0	0.0	0.0	0.0
CTSS	na	0.0	0.0	0.0	0.0	0.0	0.0	0.0
CTSK	na	0.0	0.0	0.0	0.0	0.0	0.0	0.0
ARNT	na	0.0	0.0	0.0	0.0	0.0	0.0	0.0
SETDB1	na	0.0	0.0	0.0	0.0	0.0	0.0	0.0
CERS2	na	0.08885936891771382	0.048631630846473185	0.13734543792202658	0.15576120661682585	0.09906652003874651	0.04758787304921737	0.1463802301097701
AL590133.2	na	0.0	0.0	0.0	0.0	0.0	0.0	0.0
ANXA9	na	0.0	0.0	0.0	0.0	0.0	0.0	0.0
MINDY1	na	0.0	0.0	0.0	0.0	0.0	0.0	0.0
PRUNE1	na	0.0	0.0	0.0	0.0	0.0	0.0	0.0
BNIPL	na	0.0	0.0	0.0	0.0	0.0	0.0	0.0
C1orf56	na	0.0	0.0	0.0	0.0	0.0	0.0	0.0
CDC42SE1	na	0.08563973262303745	3.99499866545952e-15	0.11740547539809672	0.1164551452147721	0.0753198296896513	0.027943852939295178	0.05504233262812585
MLLT11	na	0.0	0.0	0.0	0.0	0.0	0.0	0.0
GABPB2	na	0.0	0.0	0.0	0.0	0.0	0.0	0.0
SEMA6C	na	0.0	0.0	0.0	0.0	0.0	0.0	0.0
TNFAIP8L2	na	0.0	0.0	0.0	0.0	0.0	0.0	0.0
SCNM1	na	0.0	0.0	0.0	0.0	0.0	0.0	0.0
LYSMD1	na	0.0	0.0	0.0	0.0	0.0	0.0	0.0
VPS72	na	0.0	0.0	0.0	0.0	0.0	0.0	0.0
PIP5K1A	na	0.0	0.0	0.0	0.0	0.0	0.0	0.0
PSMD4	na	0.043327249027166385	0.0009638366265917655	0.11551934056309934	0.14471133065461458	0.08130488469509872	0.01542923018295402	0.07721976976250419
AL391069.2	na	0.0	0.0	0.0	0.0	0.0	0.0	0.0
ZNF687	na	0.0	0.0	0.0	0.0	0.0	0.0	0.0
PI4KB	na	0.0	0.0	0.0	0.0	0.0	0.0	0.0
RFX5	na	0.0	0.0	0.0	0.0	0.0	0.0	0.0
AL391069.3	na	0.0	0.0	0.0	0.0	0.0	0.0	0.0
SELENBP1	na	0.09616013381873462	3.937993638863291e-26	0.15313176544340695	0.22046746076752996	0.11711515296373842	0.0072607931314763174	0.08137789412739117
PSMB4	na	0.11602028241431424	0.04253257693513925	0.17471064523883048	0.17507337061165026	0.1183818545427353	0.06107118428678598	0.14513889925741258
POGZ	na	0.0	0.0	0.0	0.0	0.0	0.0	0.0
CGN	na	0.0	0.0	0.0	0.0	0.0	0.0	0.0
TUFT1	na	0.0	0.0	0.0	0.0	0.0	0.0	0.0
SNX27	na	0.0	0.0	0.0	0.0	0.0	0.0	0.0
RIIAD1	na	0.0	0.0	0.0	0.0	0.0	0.0	0.0
MRPL9	na	0.0	0.0	0.0	0.0	0.0	0.0	0.0
OAZ3	na	0.0	0.0	0.0	0.0	0.0	0.0	0.0
TDRKH	na	0.0	0.0	0.0	0.0	0.0	0.0	0.0
TDRKH-AS1	na	0.0	0.0	0.0	0.0	0.0	0.0	0.0
RORC	na	0.0	0.0	0.0	0.0	0.0	0.0	0.0
C2CD4D	na	0.0	0.0	0.0	0.0	0.0	0.0	0.0
THEM4	na	0.0	0.0	0.0	0.0	0.0	0.0	0.0
S100A10	na	0.049348414068067226	0.06674059634026346	0.06738390367071352	0.14931698564860668	0.07695370223271868	0.11943004811904678	0.0988121456812547
S100A11	na	0.6485792341272819	1.19115969726275	0.5752974762071247	0.3001947148224838	0.5355412310247712	0.9147000577278195	1.3898585017906897
PGLYRP4	na	0.0	0.0	0.0	0.0	0.0	0.0	0.0
S100A9	na	2.6811537617706875	4.704242515667761	1.2538365993755396	6.241018785093949e-19	1.4604197950414242	2.3150373325124916	5.523215646764063
S100A12	na	0.0	0.0	0.0	0.0	0.0	0.0	0.0
S100A8	na	1.3967327832959802	2.344356135846939	1.3254941690478466	6.912660801358298e-18	0.9346034073683173	1.009208867410929	3.025848347630199
S100A7A	na	0.0	0.0	0.0	0.0	0.0	0.0	0.0
S100A7	na	5.648641320745388	8.312810103516696	2.7402614742510294	4.7959728429393857e-17	2.8258290753754505	2.3400090063679606	12.624036241282639
S100A6	na	0.3793768719136431	0.5226238483175476	0.4578328985378898	0.5063793800976747	0.38275328447569285	0.4668507006909546	0.7200024817908887
S100A4	na	0.06587459982913066	0.0865698853157874	0.08220538653227004	0.13988344211581297	0.08982182304458554	0.10641679229442803	0.10531458143643264
S100A2	na	0.0	0.0	0.0	0.0	0.0	0.0	0.0
S100A16	na	0.15587461238211647	0.12601856639351564	0.19766584344955293	0.16710320446670224	0.1360437468214902	0.11264128895010705	0.22393393294168246
S100A14	na	0.11941677698289391	0.03718697163067593	0.17773423468130775	0.2644528307045874	0.1453920457404843	0.06589875788339077	0.16019142209290646
S100A13	na	0.16000481946415046	0.15035190506281404	0.13026591219749442	0.18032068969358084	0.12734380492753591	0.1602475354015744	0.19267074004263576
S100A1	na	0.0	0.0	0.0	0.0	0.0	0.0	0.0
CHTOP	na	0.05580832464425083	2.198370388416388e-20	0.1141071938261783	0.14898225533036194	0.0822920705609825	0.002679165255742764	0.05174296181154
SNAPIN	na	0.0	0.0	0.0	0.0	0.0	0.0	0.0
ILF2	na	0.1071606950100433	0.03516863453186524	0.1352209496355734	0.15238878898297645	0.09660796260499505	0.04497546153784967	0.10627358467836837
NPR1	na	0.0	0.0	0.0	0.0	0.0	0.0	0.0
INTS3	na	0.0	0.0	0.0	0.0	0.0	0.0	0.0
SLC27A3	na	0.0	0.0	0.0	0.0	0.0	0.0	0.0
GATAD2B	na	0.0	0.0	0.0	0.0	0.0	0.0	0.0
DENND4B	na	0.0	0.0	0.0	0.0	0.0	0.0	0.0
CRTC2	na	0.0	0.0	0.0	0.0	0.0	0.0	0.0
SLC39A1	na	0.0	0.0	0.0	0.0	0.0	0.0	0.0
CREB3L4	na	0.07710104836030039	3.951643110015508e-14	0.12502674795876034	0.15951490003220067	0.08668814349524709	0.013482213581431491	0.05201850615078189
JTB	na	0.10030003511522184	0.05127528222190001	0.14103333955175484	0.15182871110750992	0.09690050294941262	0.051499350581213556	0.11472996606901888
AL358472.2	na	0.0	0.0	0.0	0.0	0.0	0.0	0.0
RAB13	na	0.0	0.0	0.0	0.0	0.0	0.0	0.0
RPS27	na	1.6345789267597628	3.188191296950436	0.3473087077535337	0.2483792988214449	0.8535375664137457	2.2622533864920507	2.9072378716217826
TPM3	na	0.10322374176300265	0.07922000212968763	0.1605510620293253	0.17862485886622367	0.1258637018741112	0.12741814679101843	0.17878514580450125
C1orf43	na	0.1254104093695798	0.07341458527061505	0.17498023340783775	0.184697695168955	0.11281919658291123	0.0601345370938706	0.1543782150451458
UBAP2L	na	0.0550652065477164	7.400620958417849e-23	0.12121453374739714	0.14291444748693122	0.0823020056113974	0.023466364324517177	0.07104276715008333
HAX1	na	0.0	0.0	0.0	0.0	0.0	0.0	0.0
ATP8B2	na	0.0	0.0	0.0	0.0	0.0	0.0	0.0
IL6R	na	0.0	0.0	0.0	0.0	0.0	0.0	0.0
SHE	na	0.0	0.0	0.0	0.0	0.0	0.0	0.0
UBE2Q1	na	0.0	0.0	0.0	0.0	0.0	0.0	0.0
ADAR	na	0.10329503730178043	1.2635156895829407e-16	0.1881482210904466	0.21067914634658358	0.12006363439689391	0.03516079603683736	0.08042892313594342
KCNN3	na	0.0	0.0	0.0	0.0	0.0	0.0	0.0
PMVK	na	0.06599520445723255	3.3874700962259472e-18	0.14608469248531944	0.1682540416759793	0.09855135080970064	0.012460915045667074	0.06700836678093124
PBXIP1	na	0.0	0.0	0.0	0.0	0.0	0.0	0.0
PYGO2	na	0.0	0.0	0.0	0.0	0.0	0.0	0.0
AL451085.2	na	0.0	0.0	0.0	0.0	0.0	0.0	0.0
SHC1	na	0.057944335984684514	6.615746791932623e-13	0.1153008870839868	0.11888695047388355	0.07049981220497985	0.027284535362612508	0.04498092832586657
CKS1B	na	0.0803814653915311	0.0290172084904451	0.11505178241392947	0.13817113967495245	0.08007893074573214	0.04508802096450752	0.06426031689414986
FLAD1	na	0.0652447256985122	1.125644526050234e-16	0.13066604732159423	0.15135437324100376	0.0885920028991054	0.026792308122823395	0.06527457504471659
ZBTB7B	na	0.04871693245323955	1.0770162064327906e-14	0.11768030758286405	0.14738497702294018	0.07971761470450951	0.0034332637884289955	0.05311016254526162
DCST2	na	0.0	0.0	0.0	0.0	0.0	0.0	0.0
DCST1-AS1	na	0.0	0.0	0.0	0.0	0.0	0.0	0.0
ADAM15	na	0.06098567719519808	2.687492998486046e-19	0.12889587270987218	0.1719512937416709	0.09665567961120215	0.0020864801532773413	0.061300477767902484
EFNA4	na	0.0	0.0	0.0	0.0	0.0	0.0	0.0
EFNA3	na	0.0	0.0	0.0	0.0	0.0	0.0	0.0
EFNA1	na	0.11574685390563558	5.644756509688348e-16	0.18719926892260058	0.23185081294102783	0.12854962444834966	0.012871479286394365	0.11627052933123143
SLC50A1	na	0.0	0.0	0.0	0.0	0.0	0.0	0.0
DPM3	na	0.12947990764147105	0.09294487765782133	0.18053419606338542	0.20686260724583594	0.13346506382503365	0.09921298356326669	0.17804886373736353
KRTCAP2	na	0.08563289336393219	0.056899762840183055	0.14440457105327778	0.14988107044070476	0.09757692874079524	0.076964378110229	0.11500118597332801
TRIM46	na	0.0	0.0	0.0	0.0	0.0	0.0	0.0
MUC1	na	0.052253793204863466	1.3364611665824796e-23	0.1621453468307608	0.17598598675021587	0.11643051356430192	7.639611418364347e-24	2.3807783919012355e-18
AC234582.1	na	0.0	0.0	0.0	0.0	0.0	0.0	0.0
THBS3	na	0.0	0.0	0.0	0.0	0.0	0.0	0.0
MTX1	na	0.0	0.0	0.0	0.0	0.0	0.0	0.0
GBA	na	0.0	0.0	0.0	0.0	0.0	0.0	0.0
FAM189B	na	0.0	0.0	0.0	0.0	0.0	0.0	0.0
SCAMP3	na	0.0629698829073078	1.481435782187531e-17	0.13959105241210873	0.15389086412469652	0.08910903330479042	3.829666077010285e-15	0.04237213000074048
CLK2	na	0.0	0.0	0.0	0.0	0.0	0.0	0.0
HCN3	na	0.0	0.0	0.0	0.0	0.0	0.0	0.0
FDPS	na	0.07149363190209125	3.98645160059222e-14	0.1403475239080358	0.15865373256885298	0.09023514741536191	0.04967556480491307	0.0806636238560318
RUSC1-AS1	na	0.0	0.0	0.0	0.0	0.0	0.0	0.0
RUSC1	na	0.03810851663810817	6.485229288354283e-23	0.11063612445793591	0.14263627898925416	0.07930597186366103	0.006969940612620003	0.06453465473331324
ASH1L	na	0.0	0.0	0.0	0.0	0.0	0.0	0.0
ASH1L-AS1	na	0.0	0.0	0.0	0.0	0.0	0.0	0.0
MSTO1	na	0.0	0.0	0.0	0.0	0.0	0.0	0.0
YY1AP1	na	0.0	0.0	0.0	0.0	0.0	0.0	0.0
DAP3	na	0.049388397370154255	0.009978154451379314	0.1075990818116025	0.11980398970537842	0.07536823866163744	0.02817123248900455	0.059836335519173535
GON4L	na	0.0	0.0	0.0	0.0	0.0	0.0	0.0
SYT11	na	0.0	0.0	0.0	0.0	0.0	0.0	0.0
RIT1	na	0.0	0.0	0.0	0.0	0.0	0.0	0.0
KHDC4	na	0.0	0.0	0.0	0.0	0.0	0.0	0.0
ARHGEF2	na	0.0	0.0	0.0	0.0	0.0	0.0	0.0
SSR2	na	0.08674510340288752	0.002279917973136475	0.13826866262133441	0.16031898515875834	0.09304550274311446	0.015307834786241052	0.0750981061698485
UBQLN4	na	0.0	0.0	0.0	0.0	0.0	0.0	0.0
LAMTOR2	na	0.0623385897021407	1.359449907583157e-18	0.11491359317700467	0.12116691816149024	0.07885093595513637	0.02893919134370204	0.05307665880704193
RAB25	na	0.0	0.0	0.0	0.0	0.0	0.0	0.0
MEX3A	na	0.0	0.0	0.0	0.0	0.0	0.0	0.0
LMNA	na	0.0894536542585442	0.010915416805842333	0.1644866548774494	0.16603587778969905	0.1088332311761936	0.02479059389205784	0.0959076601458474
SEMA4A	na	0.0	0.0	0.0	0.0	0.0	0.0	0.0
SLC25A44	na	0.0	0.0	0.0	0.0	0.0	0.0	0.0
PMF1	na	0.0	0.0	0.0	0.0	0.0	0.0	0.0
PAQR6	na	0.0	0.0	0.0	0.0	0.0	0.0	0.0
SMG5	na	0.0	0.0	0.0	0.0	0.0	0.0	0.0
TMEM79	na	0.0	0.0	0.0	0.0	0.0	0.0	0.0
GLMP	na	0.0	0.0	0.0	0.0	0.0	0.0	0.0
CCT3	na	0.10153991800205543	0.020616378856187074	0.16192285751538169	0.17688311365866285	0.1064276894322241	0.04274738282567904	0.11002548600206216
TSACC	na	0.0	0.0	0.0	0.0	0.0	0.0	0.0
RHBG	na	0.0	0.0	0.0	0.0	0.0	0.0	0.0
AL139412.1	na	0.0	0.0	0.0	0.0	0.0	0.0	0.0
MEF2D	na	0.0	0.0	0.0	0.0	0.0	0.0	0.0
IQGAP3	na	0.0	0.0	0.0	0.0	0.0	0.0	0.0
NAXE	na	0.0	0.0	0.0	0.0	0.0	0.0	0.0
GPATCH4	na	0.0	0.0	0.0	0.0	0.0	0.0	0.0
NES	na	0.0	0.0	0.0	0.0	0.0	0.0	0.0
CRABP2	na	0.14576697653712845	0.13539606152835826	0.16502412213105605	0.1119451054697374	0.11818833965860684	0.14315663520865335	0.2353625698208723
ISG20L2	na	0.0	0.0	0.0	0.0	0.0	0.0	0.0
RRNAD1	na	0.0	0.0	0.0	0.0	0.0	0.0	0.0
MRPL24	na	0.0	0.0	0.0	0.0	0.0	0.0	0.0
HDGF	na	0.06160847960163258	3.432379489440253e-22	0.17113204549849312	0.18690991613084293	0.10567792141086244	6.626742281262347e-20	0.053290936225307284
PRCC	na	0.0	0.0	0.0	0.0	0.0	0.0	0.0
SH2D2A	na	0.0	0.0	0.0	0.0	0.0	0.0	0.0
PEAR1	na	0.0	0.0	0.0	0.0	0.0	0.0	0.0
ARHGEF11	na	0.0	0.0	0.0	0.0	0.0	0.0	0.0
ETV3	na	0.0	0.0	0.0	0.0	0.0	0.0	0.0
FCRL5	na	0.0	0.0	0.0	0.0	0.0	0.0	0.0
KIRREL1	na	0.0	0.0	0.0	0.0	0.0	0.0	0.0
CD1D	na	0.0	0.0	0.0	0.0	0.0	0.0	0.0
CD1A	na	0.0	0.0	0.0	0.0	0.0	0.0	0.0
MNDA	na	0.0	0.0	0.0	0.0	0.0	0.0	0.0
IFI16	na	0.0	0.0	0.0	0.0	0.0	0.0	0.0
AIM2	na	0.0	0.0	0.0	0.0	0.0	0.0	0.0
FCER1A	na	0.0	0.0	0.0	0.0	0.0	0.0	0.0
DUSP23	na	0.0	0.0	0.0	0.0	0.0	0.0	0.0
SLAMF8	na	0.0	0.0	0.0	0.0	0.0	0.0	0.0
AL590560.2	na	0.0	0.0	0.0	0.0	0.0	0.0	0.0
CFAP45	na	0.0	0.0	0.0	0.0	0.0	0.0	0.0
TAGLN2	na	0.21631949599776817	0.11246527275255178	0.3011333550800703	0.3276888897332027	0.2100465073417223	0.1292916088240981	0.24307085937068618
IGSF9	na	0.0	0.0	0.0	0.0	0.0	0.0	0.0
SLAMF9	na	0.0	0.0	0.0	0.0	0.0	0.0	0.0
PIGM	na	0.0	0.0	0.0	0.0	0.0	0.0	0.0
IGSF8	na	0.05374932302297717	4.50583667255917e-25	0.12393594108964075	0.15253485649753726	0.08659337876676065	7.115048774966964e-18	0.04375747076628085
ATP1A4	na	0.0	0.0	0.0	0.0	0.0	0.0	0.0
PEA15	na	0.08124100105436172	0.009989306697902387	0.10720959892241597	0.11973123719194334	0.07855764328366992	0.04305156757011351	0.060214529282000544
DCAF8	na	0.0	0.0	0.0	0.0	0.0	0.0	0.0
PEX19	na	0.0	0.0	0.0	0.0	0.0	0.0	0.0
COPA	na	0.06810363397593044	0.007534429661191205	0.12163729384684972	0.12863736667716152	0.07699761707753511	0.029477169195944872	0.06603873267299382
NCSTN	na	0.0	0.0	0.0	0.0	0.0	0.0	0.0
VANGL2	na	0.0	0.0	0.0	0.0	0.0	0.0	0.0
SLAMF6	na	0.0	0.0	0.0	0.0	0.0	0.0	0.0
CD84	na	0.0	0.0	0.0	0.0	0.0	0.0	0.0
CD48	na	0.0	0.0	0.0	0.0	0.0	0.0	0.0
SLAMF7	na	0.0	0.0	0.0	0.0	0.0	0.0	0.0
F11R	na	0.07045889343777914	6.183426415724302e-19	0.15391643265822721	0.17280566518364204	0.10501882689246421	4.35446412806212e-16	0.039783321442469766
TSTD1	na	0.13170767603018715	0.09564870641524857	0.1720203851642317	0.22753585870651294	0.14549005543102245	0.1178911146832893	0.19442994205224862
USF1	na	0.0	0.0	0.0	0.0	0.0	0.0	0.0
ARHGAP30	na	0.0	0.0	0.0	0.0	0.0	0.0	0.0
NECTIN4	na	0.0	0.0	0.0	0.0	0.0	0.0	0.0
KLHDC9	na	0.0	0.0	0.0	0.0	0.0	0.0	0.0
PFDN2	na	0.06550443101033426	0.026382643961797528	0.12935433414396494	0.14345487954758512	0.0902003145362509	0.03399118066655507	0.09015255260959018
NIT1	na	0.0	0.0	0.0	0.0	0.0	0.0	0.0
DEDD	na	0.0	0.0	0.0	0.0	0.0	0.0	0.0
UFC1	na	0.08192072245442927	0.0023887687364721466	0.12187160770275816	0.1509911950085756	0.0880347677375161	0.03094993088793347	0.07564889786369146
AL590714.1	na	0.0	0.0	0.0	0.0	0.0	0.0	0.0
USP21	na	0.0	0.0	0.0	0.0	0.0	0.0	0.0
PPOX	na	0.0	0.0	0.0	0.0	0.0	0.0	0.0
B4GALT3	na	0.0	0.0	0.0	0.0	0.0	0.0	0.0
ADAMTS4	na	0.0	0.0	0.0	0.0	0.0	0.0	0.0
NDUFS2	na	0.0963448832238089	0.007541117645290544	0.15742321198579357	0.1654182970799203	0.09867951493002594	0.026985509498665104	0.08706159169532146
FCER1G	na	0.0	0.0	0.0	0.0	0.0	0.0	0.0
TOMM40L	na	0.0	0.0	0.0	0.0	0.0	0.0	0.0
PCP4L1	na	0.0	0.0	0.0	0.0	0.0	0.0	0.0
SDHC	na	0.06799990864532345	0.03979079723264067	0.13766109105004123	0.12863025653219917	0.082574017140461	0.03858035856977749	0.08993291022036258
CFAP126	na	0.0	0.0	0.0	0.0	0.0	0.0	0.0
FCGR2A	na	0.0	0.0	0.0	0.0	0.0	0.0	0.0
HSPA6	na	0.0	0.0	0.0	0.0	0.0	0.0	0.0
FCGR3A	na	0.061677083086538714	0.03063499828165993	0.12529816823714243	0.10148353957771455	0.07404209089207607	0.07127745111530788	0.10020692113136516
FCGR2B	na	0.0	0.0	0.0	0.0	0.0	0.0	0.0
FCRLB	na	0.0	0.0	0.0	0.0	0.0	0.0	0.0
DUSP12	na	0.0	0.0	0.0	0.0	0.0	0.0	0.0
ATF6	na	0.0	0.0	0.0	0.0	0.0	0.0	0.0
OLFML2B	na	0.0	0.0	0.0	0.0	0.0	0.0	0.0
C1orf226	na	0.0	0.0	0.0	0.0	0.0	0.0	0.0
UHMK1	na	0.0	0.0	0.0	0.0	0.0	0.0	0.0
UAP1	na	0.0	0.0	0.0	0.0	0.0	0.0	0.0
DDR2	na	0.0	0.0	0.0	0.0	0.0	0.0	0.0
HSD17B7	na	0.0	0.0	0.0	0.0	0.0	0.0	0.0
RGS4	na	0.0	0.0	0.0	0.0	0.0	0.0	0.0
RGS5	na	0.0	0.0	0.0	0.0	0.0	0.0	0.0
NUF2	na	0.0	0.0	0.0	0.0	0.0	0.0	0.0
PBX1	na	0.0680751462807049	5.378988222431137e-15	0.12220999228866329	0.15639734406502073	0.09096747111441499	5.227203922647968e-13	0.037888956731755435
MGST3	na	0.05649584843280811	0.009699066434760744	0.128545745763788	0.1429296724842282	0.08532429097782895	0.029324842836111642	0.07516123168095201
ALDH9A1	na	0.0	0.0	0.0	0.0	0.0	0.0	0.0
TMCO1	na	0.07875126632810356	2.3782976126207037e-19	0.139095715863498	0.1510794498395878	0.08741501545309668	0.012248007203365873	0.0648640616971546
UCK2	na	0.0	0.0	0.0	0.0	0.0	0.0	0.0
POGK	na	0.0	0.0	0.0	0.0	0.0	0.0	0.0
TADA1	na	0.0	0.0	0.0	0.0	0.0	0.0	0.0
POU2F1	na	0.0	0.0	0.0	0.0	0.0	0.0	0.0
CD247	na	0.0	0.0	0.0	0.0	0.0	0.0	0.0
CREG1	na	0.0	0.0	0.0	0.0	0.0	0.0	0.0
RCSD1	na	0.0	0.0	0.0	0.0	0.0	0.0	0.0
MPZL1	na	0.0	0.0	0.0	0.0	0.0	0.0	0.0
MPC2	na	0.0	0.0	0.0	0.0	0.0	0.0	0.0
DCAF6	na	0.0	0.0	0.0	0.0	0.0	0.0	0.0
GPR161	na	0.0	0.0	0.0	0.0	0.0	0.0	0.0
TIPRL	na	0.0	0.0	0.0	0.0	0.0	0.0	0.0
SFT2D2	na	0.0	0.0	0.0	0.0	0.0	0.0	0.0
TBX19	na	0.0	0.0	0.0	0.0	0.0	0.0	0.0
DPT	na	0.0	0.0	0.0	0.0	0.0	0.0	0.0
ATP1B1	na	0.05806191745646822	5.449263991731095e-18	0.14386376471125184	0.16631953534161917	0.09878260764505996	9.647738153791733e-16	0.034017079186652865
NME7	na	0.0	0.0	0.0	0.0	0.0	0.0	0.0
BLZF1	na	0.0	0.0	0.0	0.0	0.0	0.0	0.0
SLC19A2	na	0.0	0.0	0.0	0.0	0.0	0.0	0.0
F5	na	0.0	0.0	0.0	0.0	0.0	0.0	0.0
C1orf112	na	0.0	0.0	0.0	0.0	0.0	0.0	0.0
SELL	na	0.0	0.0	0.0	0.0	0.0	0.0	0.0
METTL18	na	0.0	0.0	0.0	0.0	0.0	0.0	0.0
SCYL3	na	0.0	0.0	0.0	0.0	0.0	0.0	0.0
KIFAP3	na	0.0	0.0	0.0	0.0	0.0	0.0	0.0
GORAB	na	0.0	0.0	0.0	0.0	0.0	0.0	0.0
PRRX1	na	0.0	0.0	0.0	0.0	0.0	0.0	0.0
AL021026.1	na	0.0	0.0	0.0	0.0	0.0	0.0	0.0
FMO4	na	0.0	0.0	0.0	0.0	0.0	0.0	0.0
PRRC2C	na	0.05198176923641294	1.0747224758704936e-18	0.11345092740981069	0.1406356493381111	0.07984646346436439	0.008201917921659797	0.05016603778717794
VAMP4	na	0.0	0.0	0.0	0.0	0.0	0.0	0.0
METTL13	na	0.0	0.0	0.0	0.0	0.0	0.0	0.0
DNM3	na	0.0	0.0	0.0	0.0	0.0	0.0	0.0
DNM3OS	na	0.0	0.0	0.0	0.0	0.0	0.0	0.0
PIGC	na	0.0	0.0	0.0	0.0	0.0	0.0	0.0
SUCO	na	0.0	0.0	0.0	0.0	0.0	0.0	0.0
TNFSF4	na	0.0	0.0	0.0	0.0	0.0	0.0	0.0
PRDX6	na	0.11095667293429284	0.03527499771911097	0.20368555449840742	0.2223809866443747	0.13022792598164057	0.03942472701186553	0.11909106780143093
KLHL20	na	0.0	0.0	0.0	0.0	0.0	0.0	0.0
CENPL	na	0.0	0.0	0.0	0.0	0.0	0.0	0.0
DARS2	na	0.0	0.0	0.0	0.0	0.0	0.0	0.0
GAS5-AS1	na	0.0	0.0	0.0	0.0	0.0	0.0	0.0
ZBTB37	na	0.0	0.0	0.0	0.0	0.0	0.0	0.0
RC3H1	na	0.0	0.0	0.0	0.0	0.0	0.0	0.0
RABGAP1L	na	0.0	0.0	0.0	0.0	0.0	0.0	0.0
CACYBP	na	0.06194889700216071	0.02716266568408878	0.11511480282833601	0.11545129936951011	0.07664294683867273	0.036239602809355925	0.07658119046043452
MRPS14	na	0.0	0.0	0.0	0.0	0.0	0.0	0.0
KIAA0040	na	0.0	0.0	0.0	0.0	0.0	0.0	0.0
COP1	na	0.0	0.0	0.0	0.0	0.0	0.0	0.0
SEC16B	na	0.0	0.0	0.0	0.0	0.0	0.0	0.0
RASAL2	na	0.0	0.0	0.0	0.0	0.0	0.0	0.0
RALGPS2	na	0.0	0.0	0.0	0.0	0.0	0.0	0.0
FAM20B	na	0.0	0.0	0.0	0.0	0.0	0.0	0.0
TOR3A	na	0.0	0.0	0.0	0.0	0.0	0.0	0.0
ABL2	na	0.0	0.0	0.0	0.0	0.0	0.0	0.0
SOAT1	na	0.0	0.0	0.0	0.0	0.0	0.0	0.0
TDRD5	na	0.0	0.0	0.0	0.0	0.0	0.0	0.0
TOR1AIP2	na	0.0	0.0	0.0	0.0	0.0	0.0	0.0
TOR1AIP1	na	0.0	0.0	0.0	0.0	0.0	0.0	0.0
CEP350	na	0.0	0.0	0.0	0.0	0.0	0.0	0.0
QSOX1	na	0.05381586327642061	7.923989287893299e-20	0.17768755175270187	0.16370941345791432	0.11107248351331428	1.4475108970670905e-18	0.00263455362848282
ACBD6	na	0.0	0.0	0.0	0.0	0.0	0.0	0.0
XPR1	na	0.0	0.0	0.0	0.0	0.0	0.0	0.0
KIAA1614	na	0.0	0.0	0.0	0.0	0.0	0.0	0.0
KIAA1614-AS1	na	0.0	0.0	0.0	0.0	0.0	0.0	0.0
STX6	na	0.0	0.0	0.0	0.0	0.0	0.0	0.0
MR1	na	0.0	0.0	0.0	0.0	0.0	0.0	0.0
IER5	na	0.0	0.0	0.0	0.0	0.0	0.0	0.0
ZNF648	na	0.0	0.0	0.0	0.0	0.0	0.0	0.0
GLUL	na	0.1496338977748199	0.008666028926165113	0.2319995321388002	0.24296253283767136	0.1442659182599667	0.07747124563528279	0.18045443717752085
RNASEL	na	0.0	0.0	0.0	0.0	0.0	0.0	0.0
RGS16	na	0.0	0.0	0.0	0.0	0.0	0.0	0.0
NPL	na	0.0	0.0	0.0	0.0	0.0	0.0	0.0
DHX9	na	0.06410814746640443	1.6685985867234842e-23	0.12734113600192695	0.1433852061771871	0.0841031580751632	0.012016752002200586	0.04333827102278791
LAMC1	na	0.0	0.0	0.0	0.0	0.0	0.0	0.0
LAMC2	na	0.0	0.0	0.0	0.0	0.0	0.0	0.0
SMG7	na	0.0	0.0	0.0	0.0	0.0	0.0	0.0
NCF2	na	0.0	0.0	0.0	0.0	0.0	0.0	0.0
ARPC5	na	0.07936417955637916	0.007717038451193252	0.12906882353200166	0.13989263489580084	0.08512509356502207	0.041856634976441855	0.06787947160967513
RGL1	na	0.0	0.0	0.0	0.0	0.0	0.0	0.0
TSEN15	na	0.0	0.0	0.0	0.0	0.0	0.0	0.0
C1orf21	na	0.0	0.0	0.0	0.0	0.0	0.0	0.0
EDEM3	na	0.0	0.0	0.0	0.0	0.0	0.0	0.0
FAM129A	na	0.0	0.0	0.0	0.0	0.0	0.0	0.0
RNF2	na	0.0	0.0	0.0	0.0	0.0	0.0	0.0
TRMT1L	na	0.0	0.0	0.0	0.0	0.0	0.0	0.0
SWT1	na	0.0	0.0	0.0	0.0	0.0	0.0	0.0
IVNS1ABP	na	0.0	0.0	0.0	0.0	0.0	0.0	0.0
HMCN1	na	0.0	0.0	0.0	0.0	0.0	0.0	0.0
TPR	na	0.0	0.0	0.0	0.0	0.0	0.0	0.0
ODR4	na	0.0	0.0	0.0	0.0	0.0	0.0	0.0
PLA2G4A	na	0.0	0.0	0.0	0.0	0.0	0.0	0.0
RGS1	na	0.0	0.0	0.0	0.0	0.0	0.0	0.0
AL136454.1	na	0.0	0.0	0.0	0.0	0.0	0.0	0.0
RGS2	na	0.0	0.0	0.0	0.0	0.0	0.0	0.0
UCHL5	na	0.0	0.0	0.0	0.0	0.0	0.0	0.0
TROVE2	na	0.0	0.0	0.0	0.0	0.0	0.0	0.0
GLRX2	na	0.0	0.0	0.0	0.0	0.0	0.0	0.0
CDC73	na	0.0	0.0	0.0	0.0	0.0	0.0	0.0
CFH	na	0.0	0.0	0.0	0.0	0.0	0.0	0.0
ASPM	na	0.0	0.0	0.0	0.0	0.0	0.0	0.0
ZBTB41	na	0.0	0.0	0.0	0.0	0.0	0.0	0.0
DENND1B	na	0.0	0.0	0.0	0.0	0.0	0.0	0.0
C1orf53	na	0.0	0.0	0.0	0.0	0.0	0.0	0.0
NEK7	na	0.0	0.0	0.0	0.0	0.0	0.0	0.0
PTPRC	na	0.0	0.0	0.0	0.0	0.0	0.0	0.0
ZNF281	na	0.0	0.0	0.0	0.0	0.0	0.0	0.0
KIF14	na	0.0	0.0	0.0	0.0	0.0	0.0	0.0
DDX59	na	0.0	0.0	0.0	0.0	0.0	0.0	0.0
CAMSAP2	na	0.0	0.0	0.0	0.0	0.0	0.0	0.0
INAVA	na	0.0	0.0	0.0	0.0	0.0	0.0	0.0
KIF21B	na	0.0	0.0	0.0	0.0	0.0	0.0	0.0
TMEM9	na	0.07636956241995399	0.003077294356980079	0.1535187789117474	0.17824187229715083	0.09990047161778068	0.03686634078054257	0.07740691314910454
PKP1	na	0.0	0.0	0.0	0.0	0.0	0.0	0.0
TNNT2	na	0.0	0.0	0.0	0.0	0.0	0.0	0.0
LAD1	na	0.05955798498102126	6.195539046049641e-14	0.12095032833388453	0.1532693102287772	0.08304595341617507	0.010996594658032106	0.058941000552863214
PHLDA3	na	0.0	0.0	0.0	0.0	0.0	0.0	0.0
CSRP1	na	0.08460509647408555	2.99284701554588e-18	0.12660619960362024	0.15696062440622421	0.08646397564366803	0.02279848810489421	0.07779458877343795
AC096677.1	na	0.0	0.0	0.0	0.0	0.0	0.0	0.0
NAV1	na	0.0	0.0	0.0	0.0	0.0	0.0	0.0
IPO9	na	0.0	0.0	0.0	0.0	0.0	0.0	0.0
SHISA4	na	0.0	0.0	0.0	0.0	0.0	0.0	0.0
LMOD1	na	0.0	0.0	0.0	0.0	0.0	0.0	0.0
TIMM17A	na	0.07585822822579079	3.6690912773303665e-22	0.11805419239830192	0.15445258494050507	0.08402119624611054	0.009418100946069041	0.043267737585268626
RNPEP	na	0.0	0.0	0.0	0.0	0.0	0.0	0.0
ELF3-AS1	na	0.0	0.0	0.0	0.0	0.0	0.0	0.0
ELF3	na	0.07891542120386746	1.097659623070215e-21	0.1623417682889534	0.20627875272358898	0.10699897889278315	0.00023740027808931305	0.05770616094918917
ARL8A	na	0.0	0.0	0.0	0.0	0.0	0.0	0.0
PTPN7	na	0.0	0.0	0.0	0.0	0.0	0.0	0.0
UBE2T	na	0.0	0.0	0.0	0.0	0.0	0.0	0.0
PPP1R12B	na	0.0	0.0	0.0	0.0	0.0	0.0	0.0
KDM5B	na	0.0	0.0	0.0	0.0	0.0	0.0	0.0
PCAT6	na	0.0	0.0	0.0	0.0	0.0	0.0	0.0
RABIF	na	0.0	0.0	0.0	0.0	0.0	0.0	0.0
KLHL12	na	0.0	0.0	0.0	0.0	0.0	0.0	0.0
ADIPOR1	na	0.08587327606261758	1.9224611769321466e-15	0.1318137179134247	0.1743837966394896	0.09055525097670387	0.009634388400777906	0.06348281357909416
CYB5R1	na	0.0	0.0	0.0	0.0	0.0	0.0	0.0
TMEM183A	na	0.0	0.0	0.0	0.0	0.0	0.0	0.0
PPFIA4	na	0.0	0.0	0.0	0.0	0.0	0.0	0.0
ADORA1	na	0.0	0.0	0.0	0.0	0.0	0.0	0.0
CHI3L1	na	0.0	0.0	0.0	0.0	0.0	0.0	0.0
LINC01136	na	0.0	0.0	0.0	0.0	0.0	0.0	0.0
BTG2	na	0.0	0.0	0.0	0.0	0.0	0.0	0.0
FMOD	na	0.0	0.0	0.0	0.0	0.0	0.0	0.0
PRELP	na	0.0	0.0	0.0	0.0	0.0	0.0	0.0
ATP2B4	na	0.0	0.0	0.0	0.0	0.0	0.0	0.0
SNRPE	na	0.14187424638207294	0.12557853842093106	0.20710662784646544	0.2519108501421198	0.1666789884084809	0.1167700340464278	0.21244605216666507
SOX13	na	0.0	0.0	0.0	0.0	0.0	0.0	0.0
ETNK2	na	0.0	0.0	0.0	0.0	0.0	0.0	0.0
GOLT1A	na	0.0	0.0	0.0	0.0	0.0	0.0	0.0
PLEKHA6	na	0.0	0.0	0.0	0.0	0.0	0.0	0.0
PPP1R15B	na	0.0	0.0	0.0	0.0	0.0	0.0	0.0
PIK3C2B	na	0.0	0.0	0.0	0.0	0.0	0.0	0.0
MDM4	na	0.0	0.0	0.0	0.0	0.0	0.0	0.0
LRRN2	na	0.0	0.0	0.0	0.0	0.0	0.0	0.0
NFASC	na	0.0	0.0	0.0	0.0	0.0	0.0	0.0
TMEM81	na	0.0	0.0	0.0	0.0	0.0	0.0	0.0
RBBP5	na	0.0	0.0	0.0	0.0	0.0	0.0	0.0
DSTYK	na	0.0	0.0	0.0	0.0	0.0	0.0	0.0
NUAK2	na	0.0	0.0	0.0	0.0	0.0	0.0	0.0
CDK18	na	0.0	0.0	0.0	0.0	0.0	0.0	0.0
ELK4	na	0.0	0.0	0.0	0.0	0.0	0.0	0.0
SLC45A3	na	0.0	0.0	0.0	0.0	0.0	0.0	0.0
NUCKS1	na	0.08198563139689385	0.011474634299246243	0.1536190928126499	0.17916190535092932	0.10411573598174902	0.052652025184948964	0.09413046583745616
RAB29	na	0.0	0.0	0.0	0.0	0.0	0.0	0.0
SLC41A1	na	0.0	0.0	0.0	0.0	0.0	0.0	0.0
RAB7B	na	0.0	0.0	0.0	0.0	0.0	0.0	0.0
SRGAP2	na	0.0	0.0	0.0	0.0	0.0	0.0	0.0
IKBKE	na	0.0	0.0	0.0	0.0	0.0	0.0	0.0
RASSF5	na	0.0	0.0	0.0	0.0	0.0	0.0	0.0
EIF2D	na	0.0	0.0	0.0	0.0	0.0	0.0	0.0
MAPKAPK2	na	0.06407181635747405	4.334844908376694e-26	0.12551145979907713	0.1381949656546541	0.08690029023755254	1.6212231096092166e-21	0.018005392616923493
IL10	na	0.0	0.0	0.0	0.0	0.0	0.0	0.0
FCMR	na	0.0	0.0	0.0	0.0	0.0	0.0	0.0
PIGR	na	0.0	0.0	0.0	0.0	0.0	0.0	0.0
PFKFB2	na	0.0	0.0	0.0	0.0	0.0	0.0	0.0
CD55	na	0.0	0.0	0.0	0.0	0.0	0.0	0.0
CD46	na	0.08227656937039618	2.099956648547106e-18	0.15614673474718163	0.1953745885313534	0.10745100201903628	0.013129837022626331	0.07028032406889449
MIR29B2CHG	na	0.0	0.0	0.0	0.0	0.0	0.0	0.0
CD34	na	0.0	0.0	0.0	0.0	0.0	0.0	0.0
PLXNA2	na	0.0	0.0	0.0	0.0	0.0	0.0	0.0
CAMK1G	na	0.0	0.0	0.0	0.0	0.0	0.0	0.0
LAMB3	na	0.0	0.0	0.0	0.0	0.0	0.0	0.0
G0S2	na	0.0	0.0	0.0	0.0	0.0	0.0	0.0
TRAF3IP3	na	0.0	0.0	0.0	0.0	0.0	0.0	0.0
C1orf74	na	0.0	0.0	0.0	0.0	0.0	0.0	0.0
IRF6	na	0.0	0.0	0.0	0.0	0.0	0.0	0.0
UTP25	na	0.0	0.0	0.0	0.0	0.0	0.0	0.0
SERTAD4-AS1	na	0.0	0.0	0.0	0.0	0.0	0.0	0.0
SERTAD4	na	0.0	0.0	0.0	0.0	0.0	0.0	0.0
HHAT	na	0.0	0.0	0.0	0.0	0.0	0.0	0.0
RCOR3	na	0.0	0.0	0.0	0.0	0.0	0.0	0.0
TRAF5	na	0.0	0.0	0.0	0.0	0.0	0.0	0.0
LINC00467	na	0.0	0.0	0.0	0.0	0.0	0.0	0.0
SLC30A1	na	0.0	0.0	0.0	0.0	0.0	0.0	0.0
NEK2	na	0.0	0.0	0.0	0.0	0.0	0.0	0.0
AC096637.2	na	0.0	0.0	0.0	0.0	0.0	0.0	0.0
LPGAT1	na	0.05653392818617818	1.261558594212313e-16	0.1296639073631267	0.1462999920681611	0.08806674908112479	3.965213660113635e-14	0.032863518008923606
INTS7	na	0.0	0.0	0.0	0.0	0.0	0.0	0.0
DTL	na	0.0	0.0	0.0	0.0	0.0	0.0	0.0
PPP2R5A	na	0.0	0.0	0.0	0.0	0.0	0.0	0.0
TMEM206	na	0.0	0.0	0.0	0.0	0.0	0.0	0.0
NENF	na	0.0	0.0	0.0	0.0	0.0	0.0	0.0
AC092803.2	na	0.0	0.0	0.0	0.0	0.0	0.0	0.0
ATF3	na	0.0	0.0	0.0	0.0	0.0	0.0	0.0
BATF3	na	0.0	0.0	0.0	0.0	0.0	0.0	0.0
NSL1	na	0.0	0.0	0.0	0.0	0.0	0.0	0.0
TATDN3	na	0.0	0.0	0.0	0.0	0.0	0.0	0.0
FLVCR1	na	0.0	0.0	0.0	0.0	0.0	0.0	0.0
VASH2	na	0.0	0.0	0.0	0.0	0.0	0.0	0.0
ANGEL2	na	0.0	0.0	0.0	0.0	0.0	0.0	0.0
RPS6KC1	na	0.0	0.0	0.0	0.0	0.0	0.0	0.0
SMYD2	na	0.0	0.0	0.0	0.0	0.0	0.0	0.0
PTPN14	na	0.0	0.0	0.0	0.0	0.0	0.0	0.0
CENPF	na	0.0	0.0	0.0	0.0	0.0	0.0	0.0
KCTD3	na	0.0	0.0	0.0	0.0	0.0	0.0	0.0
ESRRG	na	0.0	0.0	0.0	0.0	0.0	0.0	0.0
GPATCH2	na	0.0	0.0	0.0	0.0	0.0	0.0	0.0
SPATA17	na	0.0	0.0	0.0	0.0	0.0	0.0	0.0
RRP15	na	0.0	0.0	0.0	0.0	0.0	0.0	0.0
TGFB2	na	0.0	0.0	0.0	0.0	0.0	0.0	0.0
LYPLAL1	na	0.0	0.0	0.0	0.0	0.0	0.0	0.0
EPRS	na	0.0	0.0	0.0	0.0	0.0	0.0	0.0
BPNT1	na	0.0	0.0	0.0	0.0	0.0	0.0	0.0
IARS2	na	0.03919625593889925	7.936685739376935e-17	0.11602708935726812	0.13430886901914987	0.08388303233289905	0.03459155382294822	0.054003766554742184
RAB3GAP2	na	0.0	0.0	0.0	0.0	0.0	0.0	0.0
MARK1	na	0.0	0.0	0.0	0.0	0.0	0.0	0.0
C1orf115	na	0.0	0.0	0.0	0.0	0.0	0.0	0.0
MARC2	na	0.0	0.0	0.0	0.0	0.0	0.0	0.0
MARC1	na	0.0	0.0	0.0	0.0	0.0	0.0	0.0
RNU6ATAC35P	na	0.0	0.0	0.0	0.0	0.0	0.0	0.0
HLX	na	0.0	0.0	0.0	0.0	0.0	0.0	0.0
DUSP10	na	0.0	0.0	0.0	0.0	0.0	0.0	0.0
LINC01705	na	0.0	0.0	0.0	0.0	0.0	0.0	0.0
HHIPL2	na	0.0	0.0	0.0	0.0	0.0	0.0	0.0
TAF1A	na	0.0	0.0	0.0	0.0	0.0	0.0	0.0
TAF1A-AS1	na	0.0	0.0	0.0	0.0	0.0	0.0	0.0
MIA3	na	0.0	0.0	0.0	0.0	0.0	0.0	0.0
AL592148.3	na	0.0	0.0	0.0	0.0	0.0	0.0	0.0
AIDA	na	0.0	0.0	0.0	0.0	0.0	0.0	0.0
BROX	na	0.0	0.0	0.0	0.0	0.0	0.0	0.0
AL392172.1	na	0.0	0.0	0.0	0.0	0.0	0.0	0.0
DISP1	na	0.0	0.0	0.0	0.0	0.0	0.0	0.0
TLR5	na	0.0	0.0	0.0	0.0	0.0	0.0	0.0
SUSD4	na	0.0	0.0	0.0	0.0	0.0	0.0	0.0
CAPN8	na	0.0	0.0	0.0	0.0	0.0	0.0	0.0
CAPN2	na	0.05869342607420333	0.031287673755989426	0.10738822934119731	0.10990719062078698	0.06791129029201957	0.060274024914737906	0.06450241673596384
TP53BP2	na	0.0	0.0	0.0	0.0	0.0	0.0	0.0
FBXO28	na	0.0	0.0	0.0	0.0	0.0	0.0	0.0
DEGS1	na	0.0	0.0	0.0	0.0	0.0	0.0	0.0
NVL	na	0.0	0.0	0.0	0.0	0.0	0.0	0.0
CNIH4	na	0.06523060517730009	0.044209298057863604	0.11192465276983207	0.13580824127672575	0.07996312602110991	0.05637039433541753	0.07218549048267095
WDR26	na	0.05495915318621869	4.1359965083249627e-19	0.11049680183966953	0.1426094310058058	0.08212888919381119	0.021854552531743517	0.037557334412943365
CNIH3	na	0.0	0.0	0.0	0.0	0.0	0.0	0.0
DNAH14	na	0.0	0.0	0.0	0.0	0.0	0.0	0.0
LBR	na	0.0	0.0	0.0	0.0	0.0	0.0	0.0
ENAH	na	0.07668322344490758	0.0028049862450578128	0.12611183762041345	0.17925148707580685	0.09230316164251587	0.04747359117748477	0.0893816785591657
SRP9	na	0.176969602609965	0.13611299321128706	0.2671153273547829	0.2970896001171652	0.19124096762194748	0.15925844680868662	0.26254233974791374
EPHX1	na	0.0	0.0	0.0	0.0	0.0	0.0	0.0
AL591895.1	na	0.0	0.0	0.0	0.0	0.0	0.0	0.0
TMEM63A	na	0.0	0.0	0.0	0.0	0.0	0.0	0.0
LEFTY1	na	0.0	0.0	0.0	0.0	0.0	0.0	0.0
PYCR2	na	0.05155714878806475	5.650513945659249e-15	0.11461538604097896	0.12341577350319076	0.07899383836497065	0.031828282912084886	0.051236440481586876
SDE2	na	0.0	0.0	0.0	0.0	0.0	0.0	0.0
H3F3A	na	0.5099577350862838	0.8955441874170711	0.513125778111792	0.444231651884326	0.4615362368513702	0.8342816518317293	0.9622436927986536
ACBD3	na	0.0	0.0	0.0	0.0	0.0	0.0	0.0
LIN9	na	0.0	0.0	0.0	0.0	0.0	0.0	0.0
PARP1	na	0.07689499373188396	1.3147335125305372e-11	0.12223426167028499	0.1443542958333021	0.08883373614784952	0.03507761678811396	0.060865508532911
STUM	na	0.0	0.0	0.0	0.0	0.0	0.0	0.0
ITPKB	na	0.0	0.0	0.0	0.0	0.0	0.0	0.0
PSEN2	na	0.0	0.0	0.0	0.0	0.0	0.0	0.0
COQ8A	na	0.0	0.0	0.0	0.0	0.0	0.0	0.0
CDC42BPA	na	0.0	0.0	0.0	0.0	0.0	0.0	0.0
LINC01641	na	0.0	0.0	0.0	0.0	0.0	0.0	0.0
ZNF678	na	0.0	0.0	0.0	0.0	0.0	0.0	0.0
SNAP47	na	0.0	0.0	0.0	0.0	0.0	0.0	0.0
JMJD4	na	0.0	0.0	0.0	0.0	0.0	0.0	0.0
WNT9A	na	0.0	0.0	0.0	0.0	0.0	0.0	0.0
WNT3A	na	0.0	0.0	0.0	0.0	0.0	0.0	0.0
ARF1	na	0.18325612891734672	0.08758668573214959	0.28442480087082217	0.2655470874390998	0.18537560043350443	0.1178877785525049	0.24647180938515803
C1orf35	na	0.0	0.0	0.0	0.0	0.0	0.0	0.0
MRPL55	na	0.06677665013940064	0.006443701841292083	0.11177223958248557	0.15582604905879546	0.08572244972421647	0.0008832861997210115	0.06678001914937585
GUK1	na	0.2647525214643475	0.24055554102529983	0.30935935118367003	0.2604609736846721	0.2348693993191795	0.211125674613691	0.4016175504571817
GJC2	na	0.0	0.0	0.0	0.0	0.0	0.0	0.0
IBA57	na	0.0	0.0	0.0	0.0	0.0	0.0	0.0
OBSCN-AS1	na	0.0	0.0	0.0	0.0	0.0	0.0	0.0
OBSCN	na	0.0	0.0	0.0	0.0	0.0	0.0	0.0
TRIM11	na	0.0	0.0	0.0	0.0	0.0	0.0	0.0
HIST3H2A	na	0.0	0.0	0.0	0.0	0.0	0.0	0.0
HIST3H2BB	na	0.0	0.0	0.0	0.0	0.0	0.0	0.0
RNF187	na	0.061882021268312576	8.421892877799195e-20	0.14857297903281058	0.1452238100318336	0.10140236241245602	3.790208413251225e-18	0.018550790145815305
RHOU	na	0.0	0.0	0.0	0.0	0.0	0.0	0.0
AL137793.1	na	0.0	0.0	0.0	0.0	0.0	0.0	0.0
RAB4A	na	0.0	0.0	0.0	0.0	0.0	0.0	0.0
CCSAP	na	0.0	0.0	0.0	0.0	0.0	0.0	0.0
ACTA1	na	0.0	0.0	0.0	0.0	0.0	0.0	0.0
NUP133	na	0.0	0.0	0.0	0.0	0.0	0.0	0.0
ABCB10	na	0.0	0.0	0.0	0.0	0.0	0.0	0.0
TAF5L	na	0.0	0.0	0.0	0.0	0.0	0.0	0.0
URB2	na	0.0	0.0	0.0	0.0	0.0	0.0	0.0
GALNT2	na	0.0	0.0	0.0	0.0	0.0	0.0	0.0
PGBD5	na	0.0	0.0	0.0	0.0	0.0	0.0	0.0
COG2	na	0.0	0.0	0.0	0.0	0.0	0.0	0.0
CAPN9	na	0.0	0.0	0.0	0.0	0.0	0.0	0.0
C1orf198	na	0.06509572020486837	2.859147464883035e-26	0.14548599089900904	0.16627970783797447	0.09118985080418558	8.092829363353734e-25	0.06235014464875018
TTC13	na	0.0	0.0	0.0	0.0	0.0	0.0	0.0
ARV1	na	0.0	0.0	0.0	0.0	0.0	0.0	0.0
FAM89A	na	0.0	0.0	0.0	0.0	0.0	0.0	0.0
C1orf131	na	0.0	0.0	0.0	0.0	0.0	0.0	0.0
GNPAT	na	0.04234838912643825	2.8446324242269686e-27	0.16296681046076106	0.15090521384340091	0.10185805639069766	2.754544508850729e-26	0.01422094875779523
EXOC8	na	0.0	0.0	0.0	0.0	0.0	0.0	0.0
SPRTN	na	0.0	0.0	0.0	0.0	0.0	0.0	0.0
EGLN1	na	0.0	0.0	0.0	0.0	0.0	0.0	0.0
AL445524.1	na	0.0	0.0	0.0	0.0	0.0	0.0	0.0
TSNAX	na	0.0	0.0	0.0	0.0	0.0	0.0	0.0
DISC1	na	0.0	0.0	0.0	0.0	0.0	0.0	0.0
SIPA1L2	na	0.0	0.0	0.0	0.0	0.0	0.0	0.0
MAP10	na	0.0	0.0	0.0	0.0	0.0	0.0	0.0
NTPCR	na	0.0	0.0	0.0	0.0	0.0	0.0	0.0
PCNX2	na	0.0	0.0	0.0	0.0	0.0	0.0	0.0
MAP3K21	na	0.0	0.0	0.0	0.0	0.0	0.0	0.0
KCNK1	na	0.0	0.0	0.0	0.0	0.0	0.0	0.0
AL355472.1	na	0.0	0.0	0.0	0.0	0.0	0.0	0.0
COA6	na	0.0	0.0	0.0	0.0	0.0	0.0	0.0
TARBP1	na	0.0	0.0	0.0	0.0	0.0	0.0	0.0
IRF2BP2	na	0.13392680699120407	0.011397334442196462	0.22949397473850536	0.2557298372570367	0.15040447237614277	0.04853215895372228	0.13764706558117173
AL160408.1	na	0.0	0.0	0.0	0.0	0.0	0.0	0.0
AL160408.4	na	0.0	0.0	0.0	0.0	0.0	0.0	0.0
LINC01132	na	0.0	0.0	0.0	0.0	0.0	0.0	0.0
AL391832.1	na	0.0	0.0	0.0	0.0	0.0	0.0	0.0
AL391832.2	na	0.0	0.0	0.0	0.0	0.0	0.0	0.0
LINC01348	na	0.0	0.0	0.0	0.0	0.0	0.0	0.0
TOMM20	na	0.09588595432099213	0.048659442393617955	0.15013096789249036	0.1712663467564852	0.10650958476013477	0.05605252694446966	0.10898860762060142
RBM34	na	0.0	0.0	0.0	0.0	0.0	0.0	0.0
ARID4B	na	0.0	0.0	0.0	0.0	0.0	0.0	0.0
GGPS1	na	0.0	0.0	0.0	0.0	0.0	0.0	0.0
TBCE	na	0.0	0.0	0.0	0.0	0.0	0.0	0.0
B3GALNT2	na	0.0	0.0	0.0	0.0	0.0	0.0	0.0
GNG4	na	0.0	0.0	0.0	0.0	0.0	0.0	0.0
LYST	na	0.0	0.0	0.0	0.0	0.0	0.0	0.0
NID1	na	0.0	0.0	0.0	0.0	0.0	0.0	0.0
GPR137B	na	0.0	0.0	0.0	0.0	0.0	0.0	0.0
ERO1B	na	0.0	0.0	0.0	0.0	0.0	0.0	0.0
EDARADD	na	0.0	0.0	0.0	0.0	0.0	0.0	0.0
LGALS8	na	0.06336939865740915	3.928092018097332e-17	0.13729506233063898	0.16321953132759198	0.09366945093720846	0.00444634998013697	0.0809828855810529
LGALS8-AS1	na	0.0	0.0	0.0	0.0	0.0	0.0	0.0
HEATR1	na	0.0	0.0	0.0	0.0	0.0	0.0	0.0
MTR	na	0.0	0.0	0.0	0.0	0.0	0.0	0.0
LINC01139	na	0.0	0.0	0.0	0.0	0.0	0.0	0.0
FH	na	0.0	0.0	0.0	0.0	0.0	0.0	0.0
KMO	na	0.0	0.0	0.0	0.0	0.0	0.0	0.0
OPN3	na	0.0	0.0	0.0	0.0	0.0	0.0	0.0
CHML	na	0.0	0.0	0.0	0.0	0.0	0.0	0.0
EXO1	na	0.0	0.0	0.0	0.0	0.0	0.0	0.0
CEP170	na	0.0	0.0	0.0	0.0	0.0	0.0	0.0
SDCCAG8	na	0.0	0.0	0.0	0.0	0.0	0.0	0.0
AKT3	na	0.0	0.0	0.0	0.0	0.0	0.0	0.0
ZBTB18	na	0.0	0.0	0.0	0.0	0.0	0.0	0.0
ADSS	na	0.07201452651325699	0.005160806243869975	0.10664930127316627	0.1279586046722693	0.07492100652630429	0.06938452583432918	0.05388269336447169
DESI2	na	0.0	0.0	0.0	0.0	0.0	0.0	0.0
COX20	na	0.07520715424727897	0.02215632101695917	0.12284090364239307	0.14668720353595202	0.08838204958833668	0.06430371743509963	0.0949714554316406
HNRNPU	na	0.10500697732207363	6.755065523874083e-18	0.2512966133197388	0.2707178543812278	0.155232077215815	0.07655619588908345	0.11519569466091116
EFCAB2	na	0.0	0.0	0.0	0.0	0.0	0.0	0.0
KIF26B	na	0.0	0.0	0.0	0.0	0.0	0.0	0.0
SMYD3	na	0.0	0.0	0.0	0.0	0.0	0.0	0.0
AC092801.1	na	0.0	0.0	0.0	0.0	0.0	0.0	0.0
TFB2M	na	0.0	0.0	0.0	0.0	0.0	0.0	0.0
CNST	na	0.0	0.0	0.0	0.0	0.0	0.0	0.0
SCCPDH	na	0.0	0.0	0.0	0.0	0.0	0.0	0.0
AHCTF1	na	0.0	0.0	0.0	0.0	0.0	0.0	0.0
ZNF695	na	0.0	0.0	0.0	0.0	0.0	0.0	0.0
ZNF670	na	0.0	0.0	0.0	0.0	0.0	0.0	0.0
ZNF669	na	0.0	0.0	0.0	0.0	0.0	0.0	0.0
ZNF124	na	0.0	0.0	0.0	0.0	0.0	0.0	0.0
AL390728.6	na	0.0	0.0	0.0	0.0	0.0	0.0	0.0
ZNF496	na	0.0	0.0	0.0	0.0	0.0	0.0	0.0
NLRP3	na	0.0	0.0	0.0	0.0	0.0	0.0	0.0
SH3BP5L	na	0.0	0.0	0.0	0.0	0.0	0.0	0.0
ZNF672	na	0.0	0.0	0.0	0.0	0.0	0.0	0.0
ZNF692	na	0.0	0.0	0.0	0.0	0.0	0.0	0.0
PGBD2	na	0.0	0.0	0.0	0.0	0.0	0.0	0.0
FAM110C	na	0.0	0.0	0.0	0.0	0.0	0.0	0.0
SH3YL1	na	0.0	0.0	0.0	0.0	0.0	0.0	0.0
ACP1	na	0.0	0.0	0.0	0.0	0.0	0.0	0.0
LINC01875	na	0.0	0.0	0.0	0.0	0.0	0.0	0.0
TMEM18	na	0.0	0.0	0.0	0.0	0.0	0.0	0.0
PXDN	na	0.0	0.0	0.0	0.0	0.0	0.0	0.0
EIPR1	na	0.0	0.0	0.0	0.0	0.0	0.0	0.0
TRAPPC12	na	0.0	0.0	0.0	0.0	0.0	0.0	0.0
ADI1	na	0.0	0.0	0.0	0.0	0.0	0.0	0.0
RNASEH1	na	0.0	0.0	0.0	0.0	0.0	0.0	0.0
RNASEH1-AS1	na	0.0	0.0	0.0	0.0	0.0	0.0	0.0
RPS7	na	0.323854636873638	0.599043482916833	0.1962224771039196	0.38299601814430867	0.277662505640272	0.5040159145415909	0.5444130299268897
SOX11	na	0.06457620088865874	2.806249689771244e-17	0.13247391361436933	0.1570687851030388	0.09755738732037453	0.012696295696796273	0.05268391667933202
CMPK2	na	0.0	0.0	0.0	0.0	0.0	0.0	0.0
RSAD2	na	0.0	0.0	0.0	0.0	0.0	0.0	0.0
RNF144A	na	0.0	0.0	0.0	0.0	0.0	0.0	0.0
LINC01871	na	0.0	0.0	0.0	0.0	0.0	0.0	0.0
LINC01814	na	0.0	0.0	0.0	0.0	0.0	0.0	0.0
ID2-AS1	na	0.0	0.0	0.0	0.0	0.0	0.0	0.0
ID2	na	0.13232280233103924	0.09420111367963314	0.16729585895307797	0.16496330885369606	0.1262020334613217	0.12732758809900552	0.18470047940185036
KIDINS220	na	0.0	0.0	0.0	0.0	0.0	0.0	0.0
MBOAT2	na	0.06347143160968267	2.5126055715877463e-19	0.12267261684206994	0.1497292017303925	0.08291306908493926	0.014651370869773231	0.055592854465521285
AC093904.4	na	0.0	0.0	0.0	0.0	0.0	0.0	0.0
ASAP2	na	0.0	0.0	0.0	0.0	0.0	0.0	0.0
ITGB1BP1	na	0.0	0.0	0.0	0.0	0.0	0.0	0.0
CPSF3	na	0.0	0.0	0.0	0.0	0.0	0.0	0.0
IAH1	na	0.0	0.0	0.0	0.0	0.0	0.0	0.0
ADAM17	na	0.0	0.0	0.0	0.0	0.0	0.0	0.0
AC073195.1	na	0.0	0.0	0.0	0.0	0.0	0.0	0.0
YWHAQ	na	0.14468651557351758	0.09871043344266701	0.23534113509403046	0.24236121590862297	0.16625983516551854	0.1394707803422052	0.19499847936823497
TAF1B	na	0.0	0.0	0.0	0.0	0.0	0.0	0.0
AC010969.2	na	0.0	0.0	0.0	0.0	0.0	0.0	0.0
GRHL1	na	0.0	0.0	0.0	0.0	0.0	0.0	0.0
AC104794.2	na	0.0	0.0	0.0	0.0	0.0	0.0	0.0
KLF11	na	0.0	0.0	0.0	0.0	0.0	0.0	0.0
CYS1	na	0.0	0.0	0.0	0.0	0.0	0.0	0.0
RRM2	na	0.0	0.0	0.0	0.0	0.0	0.0	0.0
HPCAL1	na	0.0	0.0	0.0	0.0	0.0	0.0	0.0
ODC1	na	0.0	0.0	0.0	0.0	0.0	0.0	0.0
NOL10	na	0.0	0.0	0.0	0.0	0.0	0.0	0.0
ATP6V1C2	na	0.0	0.0	0.0	0.0	0.0	0.0	0.0
PDIA6	na	0.07586213859961821	1.5436359319142806e-27	0.16171102859289574	0.19307350645959143	0.10430254959406317	5.363558968359166e-20	0.0436374273694547
PQLC3	na	0.0	0.0	0.0	0.0	0.0	0.0	0.0
ROCK2	na	0.0	0.0	0.0	0.0	0.0	0.0	0.0
E2F6	na	0.0	0.0	0.0	0.0	0.0	0.0	0.0
GREB1	na	0.0	0.0	0.0	0.0	0.0	0.0	0.0
NTSR2	na	0.0	0.0	0.0	0.0	0.0	0.0	0.0
LPIN1	na	0.0	0.0	0.0	0.0	0.0	0.0	0.0
TRIB2	na	0.0	0.0	0.0	0.0	0.0	0.0	0.0
LINC00276	na	0.0	0.0	0.0	0.0	0.0	0.0	0.0
FAM84A	na	0.0	0.0	0.0	0.0	0.0	0.0	0.0
NBAS	na	0.0	0.0	0.0	0.0	0.0	0.0	0.0
DDX1	na	0.0	0.0	0.0	0.0	0.0	0.0	0.0
MYCNOS	na	0.0	0.0	0.0	0.0	0.0	0.0	0.0
MYCN	na	0.0	0.0	0.0	0.0	0.0	0.0	0.0
FAM49A	na	0.0	0.0	0.0	0.0	0.0	0.0	0.0
SMC6	na	0.0	0.0	0.0	0.0	0.0	0.0	0.0
GEN1	na	0.0	0.0	0.0	0.0	0.0	0.0	0.0
KCNS3	na	0.0	0.0	0.0	0.0	0.0	0.0	0.0
RDH14	na	0.0	0.0	0.0	0.0	0.0	0.0	0.0
TTC32	na	0.0	0.0	0.0	0.0	0.0	0.0	0.0
WDR35	na	0.0	0.0	0.0	0.0	0.0	0.0	0.0
MATN3	na	0.0	0.0	0.0	0.0	0.0	0.0	0.0
LAPTM4A	na	0.15453252656470545	0.049101897836746615	0.3111100404392515	0.35854506035564354	0.20601184366365996	0.10817934334586773	0.2097981822968117
SDC1	na	0.1359271405510402	3.806070851961371e-24	0.25353920167187965	0.29816352610828717	0.16017022133324088	0.028759949949879245	0.08647399172802775
PUM2	na	0.052114887061888604	3.775675056683821e-18	0.12404499839662246	0.16069851484406458	0.090290970426183	0.012885590778145904	0.05587522301555432
RHOB	na	0.1358425275322622	0.004910025124690263	0.3261148424291377	0.2846431492529154	0.19045062919401898	0.03551874084994382	0.22452896335295697
HS1BP3	na	0.0	0.0	0.0	0.0	0.0	0.0	0.0
LDAH	na	0.0	0.0	0.0	0.0	0.0	0.0	0.0
ATAD2B	na	0.0	0.0	0.0	0.0	0.0	0.0	0.0
UBXN2A	na	0.0	0.0	0.0	0.0	0.0	0.0	0.0
WDCP	na	0.0	0.0	0.0	0.0	0.0	0.0	0.0
FKBP1B	na	0.0	0.0	0.0	0.0	0.0	0.0	0.0
SF3B6	na	0.16167079627836148	0.08048971768643232	0.2569664577547338	0.3130497014055672	0.18604193823229356	0.10327865014567907	0.18823185297159303
FAM228B	na	0.0	0.0	0.0	0.0	0.0	0.0	0.0
TP53I3	na	0.0	0.0	0.0	0.0	0.0	0.0	0.0
ITSN2	na	0.0	0.0	0.0	0.0	0.0	0.0	0.0
NCOA1	na	0.0	0.0	0.0	0.0	0.0	0.0	0.0
PTRHD1	na	0.0	0.0	0.0	0.0	0.0	0.0	0.0
CENPO	na	0.0	0.0	0.0	0.0	0.0	0.0	0.0
ADCY3	na	0.0	0.0	0.0	0.0	0.0	0.0	0.0
AC012073.1	na	0.0	0.0	0.0	0.0	0.0	0.0	0.0
DNAJC27	na	0.0	0.0	0.0	0.0	0.0	0.0	0.0
DNAJC27-AS1	na	0.0	0.0	0.0	0.0	0.0	0.0	0.0
EFR3B	na	0.0	0.0	0.0	0.0	0.0	0.0	0.0
POMC	na	0.0	0.0	0.0	0.0	0.0	0.0	0.0
DNMT3A	na	0.0	0.0	0.0	0.0	0.0	0.0	0.0
DTNB	na	0.0	0.0	0.0	0.0	0.0	0.0	0.0
ASXL2	na	0.0	0.0	0.0	0.0	0.0	0.0	0.0
KIF3C	na	0.0	0.0	0.0	0.0	0.0	0.0	0.0
RAB10	na	0.06055437366618283	0.000649786671905693	0.1286329572356755	0.12876068931096432	0.0764895963470428	0.03852212384594993	0.06109568001073297
GAREM2	na	0.0	0.0	0.0	0.0	0.0	0.0	0.0
HADHA	na	0.07184006470924795	0.00027436726379623927	0.1288100828132052	0.1369398157939504	0.08166886670023105	0.02087232815731737	0.06456961173145592
HADHB	na	0.06733464445643723	5.708049966684239e-20	0.10668580262806163	0.12585444613803487	0.07769924496655056	0.025199572496287195	0.05177384608840778
SELENOI	na	0.0	0.0	0.0	0.0	0.0	0.0	0.0
C2orf70	na	0.0	0.0	0.0	0.0	0.0	0.0	0.0
SLC35F6	na	0.0	0.0	0.0	0.0	0.0	0.0	0.0
CENPA	na	0.0	0.0	0.0	0.0	0.0	0.0	0.0
MAPRE3	na	0.0	0.0	0.0	0.0	0.0	0.0	0.0
TMEM214	na	0.0	0.0	0.0	0.0	0.0	0.0	0.0
AGBL5	na	0.0	0.0	0.0	0.0	0.0	0.0	0.0
OST4	na	0.22653555335571582	0.27129076280591813	0.1706734625339124	0.19576716747494466	0.17377210361202525	0.2591751354678904	0.35006923943833523
EMILIN1	na	0.0	0.0	0.0	0.0	0.0	0.0	0.0
KHK	na	0.0	0.0	0.0	0.0	0.0	0.0	0.0
CGREF1	na	0.0	0.0	0.0	0.0	0.0	0.0	0.0
PREB	na	0.0	0.0	0.0	0.0	0.0	0.0	0.0
SLC5A6	na	0.0680464000692058	7.020597311818961e-18	0.13191815373547514	0.1622533476358223	0.09688830742858699	0.004351011844845803	0.05241690176188403
ATRAID	na	0.06013512480106348	0.009868010372665284	0.09844779245484021	0.11640995990677165	0.06986162449934986	0.03392920157935259	0.05353105699004711
CAD	na	0.0	0.0	0.0	0.0	0.0	0.0	0.0
TRIM54	na	0.0	0.0	0.0	0.0	0.0	0.0	0.0
UCN	na	0.0	0.0	0.0	0.0	0.0	0.0	0.0
MPV17	na	0.0	0.0	0.0	0.0	0.0	0.0	0.0
GTF3C2	na	0.0	0.0	0.0	0.0	0.0	0.0	0.0
AC074117.1	na	0.0	0.0	0.0	0.0	0.0	0.0	0.0
EIF2B4	na	0.0	0.0	0.0	0.0	0.0	0.0	0.0
SNX17	na	0.0	0.0	0.0	0.0	0.0	0.0	0.0
ZNF513	na	0.0	0.0	0.0	0.0	0.0	0.0	0.0
PPM1G	na	0.06860292587407765	3.856037932786794e-23	0.11404846100098005	0.14719763935033525	0.09056768984350433	4.632162154889371e-21	0.03575075710698073
NRBP1	na	0.06408119923980307	5.449171684578589e-16	0.1222780649455291	0.12932779994497184	0.07725403003392763	0.018009042168306653	0.04416793077232524
KRTCAP3	na	0.0	0.0	0.0	0.0	0.0	0.0	0.0
IFT172	na	0.0	0.0	0.0	0.0	0.0	0.0	0.0
FNDC4	na	0.0	0.0	0.0	0.0	0.0	0.0	0.0
ZNF512	na	0.0	0.0	0.0	0.0	0.0	0.0	0.0
CCDC121	na	0.0	0.0	0.0	0.0	0.0	0.0	0.0
GPN1	na	0.0	0.0	0.0	0.0	0.0	0.0	0.0
SUPT7L	na	0.0	0.0	0.0	0.0	0.0	0.0	0.0
SLC4A1AP	na	0.0	0.0	0.0	0.0	0.0	0.0	0.0
MRPL33	na	0.07269114833022465	0.03226713159434795	0.11163222587639415	0.12497639321585781	0.07683606691166564	0.05527170270063367	0.06437716786416814
RBKS	na	0.0	0.0	0.0	0.0	0.0	0.0	0.0
BABAM2	na	0.0	0.0	0.0	0.0	0.0	0.0	0.0
FOSL2	na	0.0	0.0	0.0	0.0	0.0	0.0	0.0
PLB1	na	0.0	0.0	0.0	0.0	0.0	0.0	0.0
AC092164.1	na	0.0	0.0	0.0	0.0	0.0	0.0	0.0
PPP1CB	na	0.09551071705700227	2.1917984020989436e-22	0.17765729705462868	0.182935932198276	0.11130392407925958	0.03421635083680606	0.08914974289875002
TRMT61B	na	0.0	0.0	0.0	0.0	0.0	0.0	0.0
WDR43	na	0.0	0.0	0.0	0.0	0.0	0.0	0.0
CLIP4	na	0.0	0.0	0.0	0.0	0.0	0.0	0.0
YPEL5	na	0.0	0.0	0.0	0.0	0.0	0.0	0.0
LBH	na	0.0	0.0	0.0	0.0	0.0	0.0	0.0
LCLAT1	na	0.0	0.0	0.0	0.0	0.0	0.0	0.0
CAPN13	na	0.0	0.0	0.0	0.0	0.0	0.0	0.0
GALNT14	na	0.0	0.0	0.0	0.0	0.0	0.0	0.0
EHD3	na	0.0	0.0	0.0	0.0	0.0	0.0	0.0
XDH	na	0.0	0.0	0.0	0.0	0.0	0.0	0.0
SRD5A2	na	0.0	0.0	0.0	0.0	0.0	0.0	0.0
MEMO1	na	0.0	0.0	0.0	0.0	0.0	0.0	0.0
DPY30	na	0.08699100617828723	0.028592824400943493	0.11788396347171538	0.1251499636327216	0.0814998447245728	0.07798177269181775	0.07697368236479178
SPAST	na	0.0	0.0	0.0	0.0	0.0	0.0	0.0
SLC30A6	na	0.0	0.0	0.0	0.0	0.0	0.0	0.0
NLRC4	na	0.0	0.0	0.0	0.0	0.0	0.0	0.0
YIPF4	na	0.0	0.0	0.0	0.0	0.0	0.0	0.0
BIRC6	na	0.0	0.0	0.0	0.0	0.0	0.0	0.0
TTC27	na	0.0	0.0	0.0	0.0	0.0	0.0	0.0
LTBP1	na	0.0	0.0	0.0	0.0	0.0	0.0	0.0
RASGRP3	na	0.0	0.0	0.0	0.0	0.0	0.0	0.0
FAM98A	na	0.0	0.0	0.0	0.0	0.0	0.0	0.0
AC009414.2	na	0.0	0.0	0.0	0.0	0.0	0.0	0.0
CRIM1	na	0.0	0.0	0.0	0.0	0.0	0.0	0.0
FEZ2	na	0.0	0.0	0.0	0.0	0.0	0.0	0.0
VIT	na	0.0	0.0	0.0	0.0	0.0	0.0	0.0
STRN	na	0.0	0.0	0.0	0.0	0.0	0.0	0.0
HEATR5B	na	0.0	0.0	0.0	0.0	0.0	0.0	0.0
GPATCH11	na	0.0	0.0	0.0	0.0	0.0	0.0	0.0
EIF2AK2	na	0.0	0.0	0.0	0.0	0.0	0.0	0.0
CEBPZOS	na	0.0	0.0	0.0	0.0	0.0	0.0	0.0
CEBPZ	na	0.0	0.0	0.0	0.0	0.0	0.0	0.0
NDUFAF7	na	0.0	0.0	0.0	0.0	0.0	0.0	0.0
PRKD3	na	0.0	0.0	0.0	0.0	0.0	0.0	0.0
QPCT	na	0.0	0.0	0.0	0.0	0.0	0.0	0.0
CDC42EP3	na	0.0	0.0	0.0	0.0	0.0	0.0	0.0
RMDN2	na	0.0	0.0	0.0	0.0	0.0	0.0	0.0
CYP1B1	na	0.0	0.0	0.0	0.0	0.0	0.0	0.0
ATL2	na	0.0	0.0	0.0	0.0	0.0	0.0	0.0
HNRNPLL	na	0.0	0.0	0.0	0.0	0.0	0.0	0.0
GALM	na	0.0	0.0	0.0	0.0	0.0	0.0	0.0
SRSF7	na	0.08634260714354472	0.01172177135100479	0.11513139789099289	0.13662896534144572	0.07664084548092505	0.04273844566624102	0.05342819387303683
GEMIN6	na	0.0	0.0	0.0	0.0	0.0	0.0	0.0
DHX57	na	0.0	0.0	0.0	0.0	0.0	0.0	0.0
MORN2	na	0.0	0.0	0.0	0.0	0.0	0.0	0.0
SOS1	na	0.0	0.0	0.0	0.0	0.0	0.0	0.0
MAP4K3	na	0.0	0.0	0.0	0.0	0.0	0.0	0.0
AC007388.1	na	0.0	0.0	0.0	0.0	0.0	0.0	0.0
TMEM178A	na	0.0	0.0	0.0	0.0	0.0	0.0	0.0
THUMPD2	na	0.0	0.0	0.0	0.0	0.0	0.0	0.0
SLC8A1	na	0.0	0.0	0.0	0.0	0.0	0.0	0.0
PKDCC	na	0.0	0.0	0.0	0.0	0.0	0.0	0.0
EML4	na	0.0	0.0	0.0	0.0	0.0	0.0	0.0
COX7A2L	na	0.08105876175847346	2.6394846188868564e-11	0.1189784545882812	0.1332789908455132	0.07684683476506822	0.027968358601932215	0.04382668084571595
MTA3	na	0.0	0.0	0.0	0.0	0.0	0.0	0.0
HAAO	na	0.0	0.0	0.0	0.0	0.0	0.0	0.0
ZFP36L2	na	0.0	0.0	0.0	0.0	0.0	0.0	0.0
THADA	na	0.0	0.0	0.0	0.0	0.0	0.0	0.0
PLEKHH2	na	0.0	0.0	0.0	0.0	0.0	0.0	0.0
DYNC2LI1	na	0.0	0.0	0.0	0.0	0.0	0.0	0.0
LRPPRC	na	0.06002132627018442	5.528592486556006e-21	0.1306311232786538	0.16937420448486118	0.08866484811441043	0.01997950582495145	0.06060943755760473
PPM1B	na	0.0	0.0	0.0	0.0	0.0	0.0	0.0
PREPL	na	0.0	0.0	0.0	0.0	0.0	0.0	0.0
CAMKMT	na	0.0	0.0	0.0	0.0	0.0	0.0	0.0
LINC01833	na	0.0	0.0	0.0	0.0	0.0	0.0	0.0
SIX3	na	0.0	0.0	0.0	0.0	0.0	0.0	0.0
SIX2	na	0.0	0.0	0.0	0.0	0.0	0.0	0.0
AC093833.1	na	0.0	0.0	0.0	0.0	0.0	0.0	0.0
SRBD1	na	0.0	0.0	0.0	0.0	0.0	0.0	0.0
PRKCE	na	0.0	0.0	0.0	0.0	0.0	0.0	0.0
EPAS1	na	0.0	0.0	0.0	0.0	0.0	0.0	0.0
ATP6V1E2	na	0.0	0.0	0.0	0.0	0.0	0.0	0.0
RHOQ	na	0.0	0.0	0.0	0.0	0.0	0.0	0.0
PIGF	na	0.0	0.0	0.0	0.0	0.0	0.0	0.0
CRIPT	na	0.0	0.0	0.0	0.0	0.0	0.0	0.0
SOCS5	na	0.0	0.0	0.0	0.0	0.0	0.0	0.0
MCFD2	na	0.0	0.0	0.0	0.0	0.0	0.0	0.0
TTC7A	na	0.0	0.0	0.0	0.0	0.0	0.0	0.0
CALM2	na	0.25919830486661444	0.2824151842590502	0.3067279006637273	0.3696884183204919	0.24882160640421835	0.33129606504369086	0.3619421971240627
AC106869.1	na	0.0	0.0	0.0	0.0	0.0	0.0	0.0
EPCAM	na	0.1363604167485914	0.011892289390608143	0.24729660787053356	0.3124447114190195	0.1710370302672914	0.07721268073038047	0.1518436364936102
MSH2	na	0.0	0.0	0.0	0.0	0.0	0.0	0.0
KCNK12	na	0.0	0.0	0.0	0.0	0.0	0.0	0.0
MSH6	na	0.0	0.0	0.0	0.0	0.0	0.0	0.0
FBXO11	na	0.0	0.0	0.0	0.0	0.0	0.0	0.0
FOXN2	na	0.0	0.0	0.0	0.0	0.0	0.0	0.0
PPP1R21	na	0.0	0.0	0.0	0.0	0.0	0.0	0.0
STON1	na	0.0	0.0	0.0	0.0	0.0	0.0	0.0
ASB3	na	0.0	0.0	0.0	0.0	0.0	0.0	0.0
CHAC2	na	0.0	0.0	0.0	0.0	0.0	0.0	0.0
ERLEC1	na	0.0	0.0	0.0	0.0	0.0	0.0	0.0
PSME4	na	0.0	0.0	0.0	0.0	0.0	0.0	0.0
ACYP2	na	0.0	0.0	0.0	0.0	0.0	0.0	0.0
AC008280.3	na	0.0	0.0	0.0	0.0	0.0	0.0	0.0
SPTBN1	na	0.06323617178462557	3.8085460203077866e-19	0.1305264720066995	0.15148455749901527	0.08487191521228975	0.0024720473492660365	0.042227253560616636
RTN4	na	0.059400221013584935	0.0034732481644661134	0.14063877381386303	0.1891282421751018	0.10042985683236762	0.01872657141038477	0.08318371798901873
CLHC1	na	0.0	0.0	0.0	0.0	0.0	0.0	0.0
RPS27A	na	0.7072239869134008	1.346376940681887	0.5288482386760565	0.9885995479714107	0.6498280302804639	0.8904717050366514	1.253163954674297
MTIF2	na	0.0	0.0	0.0	0.0	0.0	0.0	0.0
CCDC88A	na	0.0	0.0	0.0	0.0	0.0	0.0	0.0
CFAP36	na	0.0	0.0	0.0	0.0	0.0	0.0	0.0
PPP4R3B	na	0.0	0.0	0.0	0.0	0.0	0.0	0.0
AC015982.1	na	0.0	0.0	0.0	0.0	0.0	0.0	0.0
PNPT1	na	0.0	0.0	0.0	0.0	0.0	0.0	0.0
EFEMP1	na	0.0	0.0	0.0	0.0	0.0	0.0	0.0
VRK2	na	0.0	0.0	0.0	0.0	0.0	0.0	0.0
FANCL	na	0.0	0.0	0.0	0.0	0.0	0.0	0.0
PAPOLG	na	0.0	0.0	0.0	0.0	0.0	0.0	0.0
REL	na	0.0	0.0	0.0	0.0	0.0	0.0	0.0
PUS10	na	0.0	0.0	0.0	0.0	0.0	0.0	0.0
PEX13	na	0.0	0.0	0.0	0.0	0.0	0.0	0.0
KIAA1841	na	0.0	0.0	0.0	0.0	0.0	0.0	0.0
C2orf74	na	0.0	0.0	0.0	0.0	0.0	0.0	0.0
USP34	na	0.0	0.0	0.0	0.0	0.0	0.0	0.0
AC016727.1	na	0.0	0.0	0.0	0.0	0.0	0.0	0.0
XPO1	na	0.045484093685797686	9.370739375565003e-14	0.11193573054462687	0.13806700169017205	0.07838441017694682	0.023389086417815886	0.05121047766167489
FAM161A	na	0.0	0.0	0.0	0.0	0.0	0.0	0.0
CCT4	na	0.09428979124640882	0.035018634852083584	0.15288165358326783	0.19867647468279576	0.1123898046796218	0.051038601952078724	0.09109184042268124
AC107081.2	na	0.0	0.0	0.0	0.0	0.0	0.0	0.0
COMMD1	na	0.0	0.0	0.0	0.0	0.0	0.0	0.0
B3GNT2	na	0.0	0.0	0.0	0.0	0.0	0.0	0.0
TMEM17	na	0.0	0.0	0.0	0.0	0.0	0.0	0.0
EHBP1	na	0.0	0.0	0.0	0.0	0.0	0.0	0.0
WDPCP	na	0.0	0.0	0.0	0.0	0.0	0.0	0.0
MDH1	na	0.06305315477486684	0.008340777186545375	0.11202867855836635	0.12250022773327902	0.07364918012017393	0.036494096425612216	0.049700796750862954
UGP2	na	0.0	0.0	0.0	0.0	0.0	0.0	0.0
VPS54	na	0.0	0.0	0.0	0.0	0.0	0.0	0.0
PELI1	na	0.0	0.0	0.0	0.0	0.0	0.0	0.0
LGALSL	na	0.0	0.0	0.0	0.0	0.0	0.0	0.0
AFTPH	na	0.0	0.0	0.0	0.0	0.0	0.0	0.0
SERTAD2	na	0.0	0.0	0.0	0.0	0.0	0.0	0.0
SLC1A4	na	0.0	0.0	0.0	0.0	0.0	0.0	0.0
CEP68	na	0.0	0.0	0.0	0.0	0.0	0.0	0.0
RAB1A	na	0.06822094632256419	0.003576451878577746	0.12941046800702455	0.16969797495031524	0.08758354583906978	0.03363014493324188	0.08083331270968179
ACTR2	na	0.07545440901137616	0.0012026645010410474	0.12278455376793022	0.1528411306463924	0.08980567235953398	0.04799508851029767	0.06879328217542863
SPRED2	na	0.0	0.0	0.0	0.0	0.0	0.0	0.0
MEIS1	na	0.0	0.0	0.0	0.0	0.0	0.0	0.0
ETAA1	na	0.0	0.0	0.0	0.0	0.0	0.0	0.0
C1D	na	0.0	0.0	0.0	0.0	0.0	0.0	0.0
WDR92	na	0.0	0.0	0.0	0.0	0.0	0.0	0.0
PNO1	na	0.0	0.0	0.0	0.0	0.0	0.0	0.0
PPP3R1	na	0.0	0.0	0.0	0.0	0.0	0.0	0.0
CNRIP1	na	0.0	0.0	0.0	0.0	0.0	0.0	0.0
PLEK	na	0.0	0.0	0.0	0.0	0.0	0.0	0.0
FBXO48	na	0.0	0.0	0.0	0.0	0.0	0.0	0.0
ARHGAP25	na	0.0	0.0	0.0	0.0	0.0	0.0	0.0
ANTXR1	na	0.0	0.0	0.0	0.0	0.0	0.0	0.0
GFPT1	na	0.04262576498365286	8.711134754333618e-23	0.14464121007820221	0.14899192131693414	0.1017056614253792	5.679950382781871e-21	0.02744309083422929
NFU1	na	0.0	0.0	0.0	0.0	0.0	0.0	0.0
AAK1	na	0.0	0.0	0.0	0.0	0.0	0.0	0.0
ANXA4	na	0.0	0.0	0.0	0.0	0.0	0.0	0.0
GMCL1	na	0.0	0.0	0.0	0.0	0.0	0.0	0.0
SNRNP27	na	0.0	0.0	0.0	0.0	0.0	0.0	0.0
MXD1	na	0.0	0.0	0.0	0.0	0.0	0.0	0.0
PCBP1	na	0.10798544377285464	0.03506468124227296	0.20198661656929467	0.24799390413643968	0.1421076679276902	0.07557494910380921	0.12641201858839338
C2orf42	na	0.0	0.0	0.0	0.0	0.0	0.0	0.0
TIA1	na	0.0602266840133512	6.467954524180451e-16	0.11469601955919016	0.13751570016015577	0.08373707728007335	0.003870433494740641	0.0304707020712242
PCYOX1	na	0.0	0.0	0.0	0.0	0.0	0.0	0.0
SNRPG	na	0.16698262421908902	0.23435313012171807	0.1602023688874861	0.2554731543160691	0.1690040834200011	0.20809706169607367	0.28004871819205596
FAM136A	na	0.0	0.0	0.0	0.0	0.0	0.0	0.0
TGFA	na	0.0	0.0	0.0	0.0	0.0	0.0	0.0
CD207	na	0.0	0.0	0.0	0.0	0.0	0.0	0.0
VAX2	na	0.0	0.0	0.0	0.0	0.0	0.0	0.0
ATP6V1B1	na	0.0	0.0	0.0	0.0	0.0	0.0	0.0
TEX261	na	0.0	0.0	0.0	0.0	0.0	0.0	0.0
NAGK	na	0.0	0.0	0.0	0.0	0.0	0.0	0.0
MCEE	na	0.0	0.0	0.0	0.0	0.0	0.0	0.0
MPHOSPH10	na	0.0	0.0	0.0	0.0	0.0	0.0	0.0
PAIP2B	na	0.0	0.0	0.0	0.0	0.0	0.0	0.0
ZNF638	na	0.0	0.0	0.0	0.0	0.0	0.0	0.0
DYSF	na	0.0	0.0	0.0	0.0	0.0	0.0	0.0
EXOC6B	na	0.0	0.0	0.0	0.0	0.0	0.0	0.0
SPR	na	0.0	0.0	0.0	0.0	0.0	0.0	0.0
SFXN5	na	0.0	0.0	0.0	0.0	0.0	0.0	0.0
RAB11FIP5	na	0.0	0.0	0.0	0.0	0.0	0.0	0.0
SMYD5	na	0.0	0.0	0.0	0.0	0.0	0.0	0.0
PRADC1	na	0.0	0.0	0.0	0.0	0.0	0.0	0.0
CCT7	na	0.07042135237844477	0.04359477127144338	0.1442929526862983	0.1584063436807339	0.09687570426699689	0.057146618065525234	0.10755604576132505
FBXO41	na	0.0	0.0	0.0	0.0	0.0	0.0	0.0
ALMS1	na	0.0	0.0	0.0	0.0	0.0	0.0	0.0
NAT8	na	0.0	0.0	0.0	0.0	0.0	0.0	0.0
TPRKB	na	0.0	0.0	0.0	0.0	0.0	0.0	0.0
DUSP11	na	0.0	0.0	0.0	0.0	0.0	0.0	0.0
STAMBP	na	0.0	0.0	0.0	0.0	0.0	0.0	0.0
ACTG2	na	0.0	0.0	0.0	0.0	0.0	0.0	0.0
DGUOK	na	0.0	0.0	0.0	0.0	0.0	0.0	0.0
DGUOK-AS1	na	0.0	0.0	0.0	0.0	0.0	0.0	0.0
TET3	na	0.0	0.0	0.0	0.0	0.0	0.0	0.0
AC073263.1	na	0.0	0.0	0.0	0.0	0.0	0.0	0.0
BOLA3	na	0.0	0.0	0.0	0.0	0.0	0.0	0.0
MOB1A	na	0.058124275043331244	0.0028568233708506662	0.10658358397192876	0.1256861996045597	0.0718378311591663	0.02708618375869646	0.05358212283093297
MTHFD2	na	0.05918107257154202	1.5818482875232148e-17	0.14426335179757854	0.1815744671520462	0.0921362947973097	0.009730254039841731	0.06117801368592208
SLC4A5	na	0.0	0.0	0.0	0.0	0.0	0.0	0.0
DCTN1	na	0.0	0.0	0.0	0.0	0.0	0.0	0.0
C2orf81	na	0.0	0.0	0.0	0.0	0.0	0.0	0.0
WDR54	na	0.0	0.0	0.0	0.0	0.0	0.0	0.0
RTKN	na	0.0	0.0	0.0	0.0	0.0	0.0	0.0
INO80B	na	0.0	0.0	0.0	0.0	0.0	0.0	0.0
WBP1	na	0.0	0.0	0.0	0.0	0.0	0.0	0.0
MOGS	na	0.0	0.0	0.0	0.0	0.0	0.0	0.0
MRPL53	na	0.0	0.0	0.0	0.0	0.0	0.0	0.0
CCDC142	na	0.0	0.0	0.0	0.0	0.0	0.0	0.0
TTC31	na	0.0	0.0	0.0	0.0	0.0	0.0	0.0
LBX2-AS1	na	0.0	0.0	0.0	0.0	0.0	0.0	0.0
PCGF1	na	0.0	0.0	0.0	0.0	0.0	0.0	0.0
DQX1	na	0.0	0.0	0.0	0.0	0.0	0.0	0.0
AUP1	na	0.06807485319306614	0.00031443637285337244	0.11988370175046888	0.16711234787605161	0.09512014631079614	0.01379548735272521	0.06521969121437182
HTRA2	na	0.0	0.0	0.0	0.0	0.0	0.0	0.0
LOXL3	na	0.0	0.0	0.0	0.0	0.0	0.0	0.0
DOK1	na	0.0	0.0	0.0	0.0	0.0	0.0	0.0
SEMA4F	na	0.0	0.0	0.0	0.0	0.0	0.0	0.0
AC019069.1	na	0.0	0.0	0.0	0.0	0.0	0.0	0.0
HK2	na	0.07269469224624285	4.005481560207388e-21	0.13690810206556436	0.14871432592446904	0.09482518809262472	0.019427271498661244	0.054981708419534335
POLE4	na	0.06458153197058787	0.014137261262480254	0.10726456340295282	0.12637817119506953	0.07721657456782959	0.026129532532499906	0.05504360463928429
AC007681.1	na	0.0	0.0	0.0	0.0	0.0	0.0	0.0
EVA1A	na	0.0	0.0	0.0	0.0	0.0	0.0	0.0
MRPL19	na	0.0	0.0	0.0	0.0	0.0	0.0	0.0
GCFC2	na	0.0	0.0	0.0	0.0	0.0	0.0	0.0
AC005034.3	na	0.0	0.0	0.0	0.0	0.0	0.0	0.0
SUCLG1	na	0.0	0.0	0.0	0.0	0.0	0.0	0.0
TMSB10	na	5.131832451084318	7.547624874590705	4.555300360079628	3.657431096602957	4.034537769975857	5.92873506112938	9.178728192736807
KCMF1	na	0.0	0.0	0.0	0.0	0.0	0.0	0.0
TCF7L1	na	0.0	0.0	0.0	0.0	0.0	0.0	0.0
TGOLN2	na	0.053520102557130265	1.2160827279397447e-24	0.11877890042319271	0.13857667636710155	0.08110139003486287	0.007148730000584331	0.0285817766734922
RETSAT	na	0.0	0.0	0.0	0.0	0.0	0.0	0.0
ELMOD3	na	0.0	0.0	0.0	0.0	0.0	0.0	0.0
CAPG	na	0.06588895356562101	0.018532696672793916	0.1212267239869877	0.1451540351138381	0.08538363119858935	0.0527087953524707	0.10455274789603813
MAT2A	na	0.0	0.0	0.0	0.0	0.0	0.0	0.0
GGCX	na	0.0	0.0	0.0	0.0	0.0	0.0	0.0
VAMP8	na	0.11502707807229821	0.11255383008443876	0.1510936857761968	0.1805240203679763	0.11965428191405553	0.12174510926735403	0.16308976107100542
VAMP5	na	0.0	0.0	0.0	0.0	0.0	0.0	0.0
RNF181	na	0.10743366850890297	0.03947672539950414	0.14244763680687544	0.18077252942356822	0.10736838935529722	0.07737926351361053	0.0944991310090237
TMEM150A	na	0.0	0.0	0.0	0.0	0.0	0.0	0.0
USP39	na	0.0	0.0	0.0	0.0	0.0	0.0	0.0
C2orf68	na	0.0	0.0	0.0	0.0	0.0	0.0	0.0
GNLY	na	0.0	0.0	0.0	0.0	0.0	0.0	0.0
ST3GAL5	na	0.0	0.0	0.0	0.0	0.0	0.0	0.0
POLR1A	na	0.0	0.0	0.0	0.0	0.0	0.0	0.0
PTCD3	na	0.0	0.0	0.0	0.0	0.0	0.0	0.0
IMMT	na	0.0	0.0	0.0	0.0	0.0	0.0	0.0
AC009309.1	na	0.0	0.0	0.0	0.0	0.0	0.0	0.0
MRPL35	na	0.0	0.0	0.0	0.0	0.0	0.0	0.0
REEP1	na	0.0	0.0	0.0	0.0	0.0	0.0	0.0
KDM3A	na	0.0	0.0	0.0	0.0	0.0	0.0	0.0
CHMP3	na	0.0	0.0	0.0	0.0	0.0	0.0	0.0
RNF103	na	0.0	0.0	0.0	0.0	0.0	0.0	0.0
RMND5A	na	0.0	0.0	0.0	0.0	0.0	0.0	0.0
CD8A	na	0.0	0.0	0.0	0.0	0.0	0.0	0.0
CD8B	na	0.0	0.0	0.0	0.0	0.0	0.0	0.0
PLGLB1	na	0.0	0.0	0.0	0.0	0.0	0.0	0.0
LINC01943	na	0.0	0.0	0.0	0.0	0.0	0.0	0.0
CYTOR	na	0.06125235475305678	0.02542262948203034	0.09697172282606033	0.10586099273305147	0.06341570099173169	0.05463777657779309	0.0706936965339094
KRCC1	na	0.0	0.0	0.0	0.0	0.0	0.0	0.0
THNSL2	na	0.0	0.0	0.0	0.0	0.0	0.0	0.0
EIF2AK3	na	0.0	0.0	0.0	0.0	0.0	0.0	0.0
AC062029.1	na	0.0	0.0	0.0	0.0	0.0	0.0	0.0
RPIA	na	0.0	0.0	0.0	0.0	0.0	0.0	0.0
IGKC	na	0.8808670374552288	4.414275383656821	1.674087175831492	2.659185274453038	1.7300646597457163	4.2817115271732575	3.0115660177966346
IGKV4-1	na	0.0	0.0	0.0	0.0	0.0	0.0	0.0
IGKV1-5	na	0.0	0.0	0.0	0.0	0.0	0.0	0.0
IGKV3-20	na	0.0	0.0	0.0	0.0	0.0	0.0	0.0
TEKT4	na	0.0	0.0	0.0	0.0	0.0	0.0	0.0
MRPS5	na	0.0	0.0	0.0	0.0	0.0	0.0	0.0
ZNF514	na	0.0	0.0	0.0	0.0	0.0	0.0	0.0
ZNF2	na	0.0	0.0	0.0	0.0	0.0	0.0	0.0
PROM2	na	0.0	0.0	0.0	0.0	0.0	0.0	0.0
FAHD2A	na	0.0	0.0	0.0	0.0	0.0	0.0	0.0
AC009237.14	na	0.0	0.0	0.0	0.0	0.0	0.0	0.0
AC008268.1	na	0.0	0.0	0.0	0.0	0.0	0.0	0.0
LINC00342	na	0.0	0.0	0.0	0.0	0.0	0.0	0.0
ANKRD36C	na	0.0	0.0	0.0	0.0	0.0	0.0	0.0
GPAT2	na	0.0	0.0	0.0	0.0	0.0	0.0	0.0
DUSP2	na	0.0	0.0	0.0	0.0	0.0	0.0	0.0
STARD7	na	0.0	0.0	0.0	0.0	0.0	0.0	0.0
TMEM127	na	0.0	0.0	0.0	0.0	0.0	0.0	0.0
CIAO1	na	0.0	0.0	0.0	0.0	0.0	0.0	0.0
SNRNP200	na	0.09113985642396348	0.01538647825083183	0.15806406426281278	0.20253871063093207	0.1142153711423597	0.03732191620936104	0.10182698563630306
NCAPH	na	0.0	0.0	0.0	0.0	0.0	0.0	0.0
NEURL3	na	0.0	0.0	0.0	0.0	0.0	0.0	0.0
ARID5A	na	0.0	0.0	0.0	0.0	0.0	0.0	0.0
KANSL3	na	0.0	0.0	0.0	0.0	0.0	0.0	0.0
LMAN2L	na	0.0	0.0	0.0	0.0	0.0	0.0	0.0
CNNM4	na	0.0	0.0	0.0	0.0	0.0	0.0	0.0
CNNM3	na	0.0	0.0	0.0	0.0	0.0	0.0	0.0
ANKRD23	na	0.0	0.0	0.0	0.0	0.0	0.0	0.0
ANKRD39	na	0.0	0.0	0.0	0.0	0.0	0.0	0.0
SEMA4C	na	0.06394356187363708	2.4481092814070924e-23	0.1659977278209236	0.1782001596719994	0.10926416734358721	3.881488478855396e-23	0.04918908906564165
FAM178B	na	0.0	0.0	0.0	0.0	0.0	0.0	0.0
FAHD2B	na	0.0	0.0	0.0	0.0	0.0	0.0	0.0
ANKRD36	na	0.0	0.0	0.0	0.0	0.0	0.0	0.0
AC092683.1	na	0.0	0.0	0.0	0.0	0.0	0.0	0.0
ANKRD36B	na	0.0	0.0	0.0	0.0	0.0	0.0	0.0
COX5B	na	0.2503905820127738	0.3088787292636753	0.20223676628864634	0.2597869033844915	0.19836823328904243	0.2000171838128593	0.38395469664581866
ACTR1B	na	0.0	0.0	0.0	0.0	0.0	0.0	0.0
C2orf92	na	0.0	0.0	0.0	0.0	0.0	0.0	0.0
ZAP70	na	0.0	0.0	0.0	0.0	0.0	0.0	0.0
TMEM131	na	0.0	0.0	0.0	0.0	0.0	0.0	0.0
INPP4A	na	0.0	0.0	0.0	0.0	0.0	0.0	0.0
COA5	na	0.0	0.0	0.0	0.0	0.0	0.0	0.0
UNC50	na	0.0	0.0	0.0	0.0	0.0	0.0	0.0
MGAT4A	na	0.10531394832142266	1.2550876367945174e-17	0.27311875589088974	0.23347464516445848	0.15182233649634028	2.079385400835706e-17	0.046491887270215755
AC109826.1	na	0.0	0.0	0.0	0.0	0.0	0.0	0.0
KIAA1211L	na	0.0	0.0	0.0	0.0	0.0	0.0	0.0
TSGA10	na	0.0	0.0	0.0	0.0	0.0	0.0	0.0
C2orf15	na	0.0	0.0	0.0	0.0	0.0	0.0	0.0
LIPT1	na	0.0	0.0	0.0	0.0	0.0	0.0	0.0
AC092587.1	na	0.0	0.0	0.0	0.0	0.0	0.0	0.0
MITD1	na	0.0	0.0	0.0	0.0	0.0	0.0	0.0
MRPL30	na	0.0	0.0	0.0	0.0	0.0	0.0	0.0
LYG1	na	0.0	0.0	0.0	0.0	0.0	0.0	0.0
TXNDC9	na	0.0	0.0	0.0	0.0	0.0	0.0	0.0
EIF5B	na	0.0	0.0	0.0	0.0	0.0	0.0	0.0
REV1	na	0.0	0.0	0.0	0.0	0.0	0.0	0.0
AFF3	na	0.0	0.0	0.0	0.0	0.0	0.0	0.0
LONRF2	na	0.0	0.0	0.0	0.0	0.0	0.0	0.0
CHST10	na	0.0	0.0	0.0	0.0	0.0	0.0	0.0
PDCL3	na	0.0	0.0	0.0	0.0	0.0	0.0	0.0
NPAS2	na	0.0	0.0	0.0	0.0	0.0	0.0	0.0
RPL31	na	0.6216180333044341	1.0467403710648011	0.5091914970798707	0.33284668246317983	0.48744147172817504	0.7637329936353623	1.2444549762213986
TBC1D8	na	0.0	0.0	0.0	0.0	0.0	0.0	0.0
CNOT11	na	0.0	0.0	0.0	0.0	0.0	0.0	0.0
RNF149	na	0.0	0.0	0.0	0.0	0.0	0.0	0.0
MAP4K4	na	0.0	0.0	0.0	0.0	0.0	0.0	0.0
IL1R1	na	0.0	0.0	0.0	0.0	0.0	0.0	0.0
SLC9A2	na	0.0	0.0	0.0	0.0	0.0	0.0	0.0
MFSD9	na	0.0	0.0	0.0	0.0	0.0	0.0	0.0
MRPS9	na	0.0	0.0	0.0	0.0	0.0	0.0	0.0
TGFBRAP1	na	0.0	0.0	0.0	0.0	0.0	0.0	0.0
AC012360.3	na	0.0	0.0	0.0	0.0	0.0	0.0	0.0
C2orf49	na	0.0	0.0	0.0	0.0	0.0	0.0	0.0
FHL2	na	0.0	0.0	0.0	0.0	0.0	0.0	0.0
NCK2	na	0.0	0.0	0.0	0.0	0.0	0.0	0.0
UXS1	na	0.0	0.0	0.0	0.0	0.0	0.0	0.0
ST6GAL2	na	0.0	0.0	0.0	0.0	0.0	0.0	0.0
GCC2	na	0.0	0.0	0.0	0.0	0.0	0.0	0.0
LIMS1	na	0.0	0.0	0.0	0.0	0.0	0.0	0.0
RANBP2	na	0.0	0.0	0.0	0.0	0.0	0.0	0.0
CCDC138	na	0.0	0.0	0.0	0.0	0.0	0.0	0.0
SH3RF3	na	0.0	0.0	0.0	0.0	0.0	0.0	0.0
SEPT10	na	0.0	0.0	0.0	0.0	0.0	0.0	0.0
SOWAHC	na	0.0	0.0	0.0	0.0	0.0	0.0	0.0
MALL	na	0.0	0.0	0.0	0.0	0.0	0.0	0.0
NPHP1	na	0.0	0.0	0.0	0.0	0.0	0.0	0.0
SMIM37	na	0.04527712513709024	0.01822916988352676	0.10928980048064994	0.1205184225568406	0.06972843208117176	0.048189540369054186	0.06151390564951337
LINC01106	na	0.0	0.0	0.0	0.0	0.0	0.0	0.0
BUB1	na	0.0	0.0	0.0	0.0	0.0	0.0	0.0
MIR4435-2HG	na	0.0	0.0	0.0	0.0	0.0	0.0	0.0
BCL2L11	na	0.0	0.0	0.0	0.0	0.0	0.0	0.0
ANAPC1	na	0.0	0.0	0.0	0.0	0.0	0.0	0.0
MERTK	na	0.0	0.0	0.0	0.0	0.0	0.0	0.0
TMEM87B	na	0.0	0.0	0.0	0.0	0.0	0.0	0.0
ZC3H8	na	0.0	0.0	0.0	0.0	0.0	0.0	0.0
ZC3H6	na	0.0	0.0	0.0	0.0	0.0	0.0	0.0
TTL	na	0.0	0.0	0.0	0.0	0.0	0.0	0.0
POLR1B	na	0.0	0.0	0.0	0.0	0.0	0.0	0.0
CHCHD5	na	0.0	0.0	0.0	0.0	0.0	0.0	0.0
AC079922.2	na	0.0	0.0	0.0	0.0	0.0	0.0	0.0
SLC20A1	na	0.0	0.0	0.0	0.0	0.0	0.0	0.0
CKAP2L	na	0.0	0.0	0.0	0.0	0.0	0.0	0.0
IL1B	na	0.0	0.0	0.0	0.0	0.0	0.0	0.0
IL1RN	na	0.0	0.0	0.0	0.0	0.0	0.0	0.0
PSD4	na	0.0	0.0	0.0	0.0	0.0	0.0	0.0
PAX8	na	0.0	0.0	0.0	0.0	0.0	0.0	0.0
CBWD2	na	0.0	0.0	0.0	0.0	0.0	0.0	0.0
RABL2A	na	0.0	0.0	0.0	0.0	0.0	0.0	0.0
SLC35F5	na	0.0	0.0	0.0	0.0	0.0	0.0	0.0
AC104653.1	na	0.0	0.0	0.0	0.0	0.0	0.0	0.0
ACTR3	na	0.05208331320244898	0.02267207751856961	0.10661550571787683	0.13734323611310184	0.07736029906403928	0.043986687859548144	0.08532704591314544
DDX18	na	0.0	0.0	0.0	0.0	0.0	0.0	0.0
AC009404.1	na	0.0	0.0	0.0	0.0	0.0	0.0	0.0
CCDC93	na	0.0	0.0	0.0	0.0	0.0	0.0	0.0
INSIG2	na	0.0	0.0	0.0	0.0	0.0	0.0	0.0
AC093901.1	na	0.0	0.0	0.0	0.0	0.0	0.0	0.0
EN1	na	0.0	0.0	0.0	0.0	0.0	0.0	0.0
MARCO	na	0.0	0.0	0.0	0.0	0.0	0.0	0.0
STEAP3	na	0.0	0.0	0.0	0.0	0.0	0.0	0.0
C2orf76	na	0.0	0.0	0.0	0.0	0.0	0.0	0.0
DBI	na	0.1812037216513273	0.25907866173987537	0.19940023469468757	0.2717780260911243	0.18947496620691934	0.2273338159042585	0.3036576719938818
TMEM37	na	0.0	0.0	0.0	0.0	0.0	0.0	0.0
TMEM177	na	0.0	0.0	0.0	0.0	0.0	0.0	0.0
PTPN4	na	0.0	0.0	0.0	0.0	0.0	0.0	0.0
EPB41L5	na	0.0	0.0	0.0	0.0	0.0	0.0	0.0
TMEM185B	na	0.0	0.0	0.0	0.0	0.0	0.0	0.0
RALB	na	0.0	0.0	0.0	0.0	0.0	0.0	0.0
INHBB	na	0.0	0.0	0.0	0.0	0.0	0.0	0.0
AC073257.2	na	0.0	0.0	0.0	0.0	0.0	0.0	0.0
GLI2	na	0.0	0.0	0.0	0.0	0.0	0.0	0.0
CLASP1	na	0.0	0.0	0.0	0.0	0.0	0.0	0.0
NIFK-AS1	na	0.0	0.0	0.0	0.0	0.0	0.0	0.0
NIFK	na	0.0	0.0	0.0	0.0	0.0	0.0	0.0
TSN	na	0.0	0.0	0.0	0.0	0.0	0.0	0.0
GYPC	na	0.0	0.0	0.0	0.0	0.0	0.0	0.0
BIN1	na	0.0	0.0	0.0	0.0	0.0	0.0	0.0
ERCC3	na	0.0	0.0	0.0	0.0	0.0	0.0	0.0
MAP3K2	na	0.0	0.0	0.0	0.0	0.0	0.0	0.0
IWS1	na	0.0	0.0	0.0	0.0	0.0	0.0	0.0
LIMS2	na	0.0	0.0	0.0	0.0	0.0	0.0	0.0
WDR33	na	0.0	0.0	0.0	0.0	0.0	0.0	0.0
SFT2D3	na	0.0	0.0	0.0	0.0	0.0	0.0	0.0
POLR2D	na	0.0	0.0	0.0	0.0	0.0	0.0	0.0
AMMECR1L	na	0.0	0.0	0.0	0.0	0.0	0.0	0.0
AC012306.2	na	0.0	0.0	0.0	0.0	0.0	0.0	0.0
SAP130	na	0.0	0.0	0.0	0.0	0.0	0.0	0.0
UGGT1	na	0.0	0.0	0.0	0.0	0.0	0.0	0.0
HS6ST1	na	0.0	0.0	0.0	0.0	0.0	0.0	0.0
RAB6C	na	0.0	0.0	0.0	0.0	0.0	0.0	0.0
SMPD4	na	0.0	0.0	0.0	0.0	0.0	0.0	0.0
MZT2B	na	0.15645675929079014	0.14907384735754411	0.16436318487240598	0.2405811736125454	0.16300869682894525	0.2185410142767344	0.24649067620996346
CCDC115	na	0.0	0.0	0.0	0.0	0.0	0.0	0.0
IMP4	na	0.0	0.0	0.0	0.0	0.0	0.0	0.0
PTPN18	na	0.0	0.0	0.0	0.0	0.0	0.0	0.0
ARHGEF4	na	0.0	0.0	0.0	0.0	0.0	0.0	0.0
FAM168B	na	0.0	0.0	0.0	0.0	0.0	0.0	0.0
PLEKHB2	na	0.0	0.0	0.0	0.0	0.0	0.0	0.0
MZT2A	na	0.10811905457591017	0.09996553796154709	0.1283998650766005	0.2125122251831031	0.12210129332154686	0.14468589693388623	0.1231530825726369
CCDC74A	na	0.0	0.0	0.0	0.0	0.0	0.0	0.0
C2orf27B	na	0.0	0.0	0.0	0.0	0.0	0.0	0.0
GPR39	na	0.0	0.0	0.0	0.0	0.0	0.0	0.0
NCKAP5	na	0.0	0.0	0.0	0.0	0.0	0.0	0.0
MGAT5	na	0.0	0.0	0.0	0.0	0.0	0.0	0.0
TMEM163	na	0.0	0.0	0.0	0.0	0.0	0.0	0.0
CCNT2-AS1	na	0.0	0.0	0.0	0.0	0.0	0.0	0.0
CCNT2	na	0.0	0.0	0.0	0.0	0.0	0.0	0.0
RAB3GAP1	na	0.0	0.0	0.0	0.0	0.0	0.0	0.0
ZRANB3	na	0.0	0.0	0.0	0.0	0.0	0.0	0.0
R3HDM1	na	0.0	0.0	0.0	0.0	0.0	0.0	0.0
UBXN4	na	0.0	0.0	0.0	0.0	0.0	0.0	0.0
MCM6	na	0.0	0.0	0.0	0.0	0.0	0.0	0.0
DARS	na	0.0	0.0	0.0	0.0	0.0	0.0	0.0
DARS-AS1	na	0.0	0.0	0.0	0.0	0.0	0.0	0.0
CXCR4	na	0.07118329531791996	8.746248767605087e-28	0.17147129228482072	0.18140681020565488	0.10031971969226616	3.7665899413768695e-24	0.060626949518350175
HNMT	na	0.0	0.0	0.0	0.0	0.0	0.0	0.0
SPOPL	na	0.0	0.0	0.0	0.0	0.0	0.0	0.0
KYNU	na	0.0	0.0	0.0	0.0	0.0	0.0	0.0
ARHGAP15	na	0.0	0.0	0.0	0.0	0.0	0.0	0.0
GTDC1	na	0.0	0.0	0.0	0.0	0.0	0.0	0.0
ZEB2	na	0.0	0.0	0.0	0.0	0.0	0.0	0.0
ACVR2A	na	0.0	0.0	0.0	0.0	0.0	0.0	0.0
ORC4	na	0.0	0.0	0.0	0.0	0.0	0.0	0.0
MBD5	na	0.0	0.0	0.0	0.0	0.0	0.0	0.0
EPC2	na	0.0	0.0	0.0	0.0	0.0	0.0	0.0
KIF5C	na	0.0	0.0	0.0	0.0	0.0	0.0	0.0
LYPD6B	na	0.0	0.0	0.0	0.0	0.0	0.0	0.0
LYPD6	na	0.0	0.0	0.0	0.0	0.0	0.0	0.0
MMADHC	na	0.05431095002091511	3.212047735603893e-22	0.12246949351466592	0.13665587754314806	0.08840812240795957	0.015305645079943237	0.05109136610811039
RND3	na	0.0	0.0	0.0	0.0	0.0	0.0	0.0
RBM43	na	0.0	0.0	0.0	0.0	0.0	0.0	0.0
NMI	na	0.0	0.0	0.0	0.0	0.0	0.0	0.0
TNFAIP6	na	0.0	0.0	0.0	0.0	0.0	0.0	0.0
RIF1	na	0.0	0.0	0.0	0.0	0.0	0.0	0.0
NEB	na	0.0	0.0	0.0	0.0	0.0	0.0	0.0
ARL5A	na	0.0	0.0	0.0	0.0	0.0	0.0	0.0
STAM2	na	0.0	0.0	0.0	0.0	0.0	0.0	0.0
FMNL2	na	0.0	0.0	0.0	0.0	0.0	0.0	0.0
PRPF40A	na	0.0	0.0	0.0	0.0	0.0	0.0	0.0
ARL6IP6	na	0.0	0.0	0.0	0.0	0.0	0.0	0.0
KCNJ3	na	0.0	0.0	0.0	0.0	0.0	0.0	0.0
NR4A2	na	0.0	0.0	0.0	0.0	0.0	0.0	0.0
GPD2	na	0.0	0.0	0.0	0.0	0.0	0.0	0.0
GALNT5	na	0.0	0.0	0.0	0.0	0.0	0.0	0.0
CYTIP	na	0.0	0.0	0.0	0.0	0.0	0.0	0.0
ACVR1	na	0.0	0.0	0.0	0.0	0.0	0.0	0.0
PKP4	na	0.0	0.0	0.0	0.0	0.0	0.0	0.0
PKP4-AS1	na	0.0	0.0	0.0	0.0	0.0	0.0	0.0
DAPL1	na	0.0	0.0	0.0	0.0	0.0	0.0	0.0
TANC1	na	0.0	0.0	0.0	0.0	0.0	0.0	0.0
WDSUB1	na	0.0	0.0	0.0	0.0	0.0	0.0	0.0
BAZ2B	na	0.0	0.0	0.0	0.0	0.0	0.0	0.0
AC009506.1	na	0.0	0.0	0.0	0.0	0.0	0.0	0.0
MARCH7	na	0.0	0.0	0.0	0.0	0.0	0.0	0.0
CD302	na	0.0	0.0	0.0	0.0	0.0	0.0	0.0
LY75	na	0.0	0.0	0.0	0.0	0.0	0.0	0.0
PLA2R1	na	0.0	0.0	0.0	0.0	0.0	0.0	0.0
ITGB6	na	0.12791687080673317	0.043568066850104316	0.20083247374091315	0.24068272997529308	0.14118919394392837	0.08659215033461336	0.16106246931158427
LINC02478	na	0.0	0.0	0.0	0.0	0.0	0.0	0.0
RBMS1	na	0.0	0.0	0.0	0.0	0.0	0.0	0.0
TANK	na	0.0	0.0	0.0	0.0	0.0	0.0	0.0
PSMD14	na	0.0	0.0	0.0	0.0	0.0	0.0	0.0
FAP	na	0.0	0.0	0.0	0.0	0.0	0.0	0.0
IFIH1	na	0.0	0.0	0.0	0.0	0.0	0.0	0.0
GCA	na	0.0	0.0	0.0	0.0	0.0	0.0	0.0
GRB14	na	0.0	0.0	0.0	0.0	0.0	0.0	0.0
COBLL1	na	0.0	0.0	0.0	0.0	0.0	0.0	0.0
GALNT3	na	0.0	0.0	0.0	0.0	0.0	0.0	0.0
TTC21B	na	0.0	0.0	0.0	0.0	0.0	0.0	0.0
STK39	na	0.0	0.0	0.0	0.0	0.0	0.0	0.0
CERS6	na	0.07126432410982414	4.297426221760325e-15	0.13724766927803586	0.14835935593057195	0.08525076332942484	0.003448273808477116	0.039085974351616405
NOSTRIN	na	0.0	0.0	0.0	0.0	0.0	0.0	0.0
SPC25	na	0.0	0.0	0.0	0.0	0.0	0.0	0.0
LRP2	na	0.0	0.0	0.0	0.0	0.0	0.0	0.0
BBS5	na	0.0	0.0	0.0	0.0	0.0	0.0	0.0
FASTKD1	na	0.0	0.0	0.0	0.0	0.0	0.0	0.0
PPIG	na	0.0	0.0	0.0	0.0	0.0	0.0	0.0
PHOSPHO2	na	0.0	0.0	0.0	0.0	0.0	0.0	0.0
KLHL23	na	0.0	0.0	0.0	0.0	0.0	0.0	0.0
SSB	na	0.0	0.0	0.0	0.0	0.0	0.0	0.0
METTL5	na	0.0	0.0	0.0	0.0	0.0	0.0	0.0
UBR3	na	0.0	0.0	0.0	0.0	0.0	0.0	0.0
GORASP2	na	0.0	0.0	0.0	0.0	0.0	0.0	0.0
TLK1	na	0.0	0.0	0.0	0.0	0.0	0.0	0.0
METTL8	na	0.0	0.0	0.0	0.0	0.0	0.0	0.0
DCAF17	na	0.0	0.0	0.0	0.0	0.0	0.0	0.0
CYBRD1	na	0.0	0.0	0.0	0.0	0.0	0.0	0.0
DYNC1I2	na	0.05926090892060567	0.001398714250817932	0.10057691676496944	0.12023691158542815	0.0716472171605463	0.05119386621158746	0.06751362602403665
SLC25A12	na	0.0	0.0	0.0	0.0	0.0	0.0	0.0
HAT1	na	0.0	0.0	0.0	0.0	0.0	0.0	0.0
METAP1D	na	0.0	0.0	0.0	0.0	0.0	0.0	0.0
DLX1	na	0.0	0.0	0.0	0.0	0.0	0.0	0.0
ITGA6	na	0.0	0.0	0.0	0.0	0.0	0.0	0.0
PDK1	na	0.0	0.0	0.0	0.0	0.0	0.0	0.0
RAPGEF4	na	0.0	0.0	0.0	0.0	0.0	0.0	0.0
MAP3K20	na	0.0	0.0	0.0	0.0	0.0	0.0	0.0
CDCA7	na	0.0	0.0	0.0	0.0	0.0	0.0	0.0
AC106900.2	na	0.0	0.0	0.0	0.0	0.0	0.0	0.0
SP3	na	0.0	0.0	0.0	0.0	0.0	0.0	0.0
OLA1	na	0.0	0.0	0.0	0.0	0.0	0.0	0.0
CIR1	na	0.0	0.0	0.0	0.0	0.0	0.0	0.0
SCRN3	na	0.0	0.0	0.0	0.0	0.0	0.0	0.0
GPR155	na	0.0	0.0	0.0	0.0	0.0	0.0	0.0
AC010894.2	na	0.0	0.0	0.0	0.0	0.0	0.0	0.0
WIPF1	na	0.0	0.0	0.0	0.0	0.0	0.0	0.0
CHN1	na	0.0	0.0	0.0	0.0	0.0	0.0	0.0
ATF2	na	0.0	0.0	0.0	0.0	0.0	0.0	0.0
ATP5MC3	na	0.11254158194484683	0.09501116382594724	0.15010384637615093	0.1913835280128109	0.11174124350289998	0.07332712811760236	0.138892959134141
LNPK	na	0.0	0.0	0.0	0.0	0.0	0.0	0.0
HOXD-AS2	na	0.0	0.0	0.0	0.0	0.0	0.0	0.0
HOXD9	na	0.0	0.0	0.0	0.0	0.0	0.0	0.0
HOXD8	na	0.0	0.0	0.0	0.0	0.0	0.0	0.0
HAGLR	na	0.0	0.0	0.0	0.0	0.0	0.0	0.0
HAGLROS	na	0.0	0.0	0.0	0.0	0.0	0.0	0.0
MTX2	na	0.0	0.0	0.0	0.0	0.0	0.0	0.0
LINC01116	na	0.0	0.0	0.0	0.0	0.0	0.0	0.0
HNRNPA3	na	0.14960365035274112	0.031034246812576407	0.23779218711900912	0.2545636907245128	0.16195069487794922	0.05917398814178779	0.16460015238286868
NFE2L2	na	0.0	0.0	0.0	0.0	0.0	0.0	0.0
AGPS	na	0.0	0.0	0.0	0.0	0.0	0.0	0.0
TTC30B	na	0.0	0.0	0.0	0.0	0.0	0.0	0.0
TTC30A	na	0.0	0.0	0.0	0.0	0.0	0.0	0.0
RBM45	na	0.0	0.0	0.0	0.0	0.0	0.0	0.0
OSBPL6	na	0.0	0.0	0.0	0.0	0.0	0.0	0.0
AC009948.1	na	0.0	0.0	0.0	0.0	0.0	0.0	0.0
PRKRA	na	0.0	0.0	0.0	0.0	0.0	0.0	0.0
FKBP7	na	0.0	0.0	0.0	0.0	0.0	0.0	0.0
PLEKHA3	na	0.0	0.0	0.0	0.0	0.0	0.0	0.0
TTN-AS1	na	0.0	0.0	0.0	0.0	0.0	0.0	0.0
AC009948.4	na	0.0	0.0	0.0	0.0	0.0	0.0	0.0
SESTD1	na	0.0	0.0	0.0	0.0	0.0	0.0	0.0
CWC22	na	0.0	0.0	0.0	0.0	0.0	0.0	0.0
UBE2E3	na	0.0	0.0	0.0	0.0	0.0	0.0	0.0
ITGA4	na	0.0	0.0	0.0	0.0	0.0	0.0	0.0
CERKL	na	0.0	0.0	0.0	0.0	0.0	0.0	0.0
SSFA2	na	0.09322029657044785	6.412043191188947e-23	0.1811788345020524	0.17865696197676278	0.11766655909052331	3.429669342023148e-23	0.06707735899941743
PPP1R1C	na	0.0	0.0	0.0	0.0	0.0	0.0	0.0
PDE1A	na	0.0	0.0	0.0	0.0	0.0	0.0	0.0
DNAJC10	na	0.0	0.0	0.0	0.0	0.0	0.0	0.0
FRZB	na	0.0	0.0	0.0	0.0	0.0	0.0	0.0
NCKAP1	na	0.05193898923457628	0.005239266899928568	0.12192803505881254	0.11557510517459316	0.07650026188805392	0.024319280084164775	0.045903079648187205
NUP35	na	0.0	0.0	0.0	0.0	0.0	0.0	0.0
ZC3H15	na	0.0	0.0	0.0	0.0	0.0	0.0	0.0
ITGAV	na	0.0	0.0	0.0	0.0	0.0	0.0	0.0
FAM171B	na	0.0	0.0	0.0	0.0	0.0	0.0	0.0
CALCRL	na	0.0	0.0	0.0	0.0	0.0	0.0	0.0
TFPI	na	0.0	0.0	0.0	0.0	0.0	0.0	0.0
GULP1	na	0.0	0.0	0.0	0.0	0.0	0.0	0.0
COL3A1	na	0.19701947555415938	0.35137686809575663	0.16394720023725395	0.18573772976481606	0.19573152632374377	0.3414497133509782	0.368532394819313
COL5A2	na	0.06569952251259017	0.06012590661684109	0.11332693176729695	0.11126886881855455	0.08698121361904348	0.08652736015018798	0.10704347150903937
WDR75	na	0.0	0.0	0.0	0.0	0.0	0.0	0.0
SLC40A1	na	0.0	0.0	0.0	0.0	0.0	0.0	0.0
ASNSD1	na	0.0	0.0	0.0	0.0	0.0	0.0	0.0
ANKAR	na	0.0	0.0	0.0	0.0	0.0	0.0	0.0
OSGEPL1	na	0.0	0.0	0.0	0.0	0.0	0.0	0.0
ORMDL1	na	0.0	0.0	0.0	0.0	0.0	0.0	0.0
PMS1	na	0.0	0.0	0.0	0.0	0.0	0.0	0.0
HIBCH	na	0.0	0.0	0.0	0.0	0.0	0.0	0.0
INPP1	na	0.0	0.0	0.0	0.0	0.0	0.0	0.0
MFSD6	na	0.0	0.0	0.0	0.0	0.0	0.0	0.0
NEMP2	na	0.0	0.0	0.0	0.0	0.0	0.0	0.0
NAB1	na	0.0	0.0	0.0	0.0	0.0	0.0	0.0
GLS	na	0.0	0.0	0.0	0.0	0.0	0.0	0.0
STAT1	na	0.06760119254271944	0.018326033578106433	0.12831651105731903	0.14050888394608677	0.08014953206184984	0.0558790153618394	0.06951813264133372
MYO1B	na	0.0	0.0	0.0	0.0	0.0	0.0	0.0
NABP1	na	0.0	0.0	0.0	0.0	0.0	0.0	0.0
SLC39A10	na	0.0	0.0	0.0	0.0	0.0	0.0	0.0
DNAH7	na	0.0	0.0	0.0	0.0	0.0	0.0	0.0
STK17B	na	0.0	0.0	0.0	0.0	0.0	0.0	0.0
HECW2	na	0.0	0.0	0.0	0.0	0.0	0.0	0.0
CCDC150	na	0.0	0.0	0.0	0.0	0.0	0.0	0.0
GTF3C3	na	0.0	0.0	0.0	0.0	0.0	0.0	0.0
PGAP1	na	0.0	0.0	0.0	0.0	0.0	0.0	0.0
ANKRD44	na	0.0	0.0	0.0	0.0	0.0	0.0	0.0
SF3B1	na	0.07470925157580563	2.768057769297969e-05	0.13349248478121395	0.15811638096635763	0.09023574604283514	0.025649406092639354	0.05978010639568688
COQ10B	na	0.0	0.0	0.0	0.0	0.0	0.0	0.0
HSPD1	na	0.12857395149680406	0.10463018265302934	0.2058956252849458	0.22549207997960763	0.14770957450869246	0.09126410010033016	0.1773749773088514
HSPE1	na	0.2171006293614587	0.25289669193137615	0.2401568279592391	0.29111721358406584	0.21070738400378689	0.2454929204276093	0.332433601737484
MOB4	na	0.0	0.0	0.0	0.0	0.0	0.0	0.0
MARS2	na	0.0	0.0	0.0	0.0	0.0	0.0	0.0
SATB2	na	0.0	0.0	0.0	0.0	0.0	0.0	0.0
C2orf69	na	0.0	0.0	0.0	0.0	0.0	0.0	0.0
TYW5	na	0.0	0.0	0.0	0.0	0.0	0.0	0.0
MAIP1	na	0.0	0.0	0.0	0.0	0.0	0.0	0.0
SPATS2L	na	0.0	0.0	0.0	0.0	0.0	0.0	0.0
KCTD18	na	0.0	0.0	0.0	0.0	0.0	0.0	0.0
SGO2	na	0.0	0.0	0.0	0.0	0.0	0.0	0.0
BZW1	na	0.08611294726675896	0.02849640072756512	0.12337389312596227	0.1776991445538379	0.1035875396258547	0.07040585140476348	0.09704762266118275
CLK1	na	0.0	0.0	0.0	0.0	0.0	0.0	0.0
PPIL3	na	0.0	0.0	0.0	0.0	0.0	0.0	0.0
NIF3L1	na	0.0	0.0	0.0	0.0	0.0	0.0	0.0
ORC2	na	0.0	0.0	0.0	0.0	0.0	0.0	0.0
FAM126B	na	0.0	0.0	0.0	0.0	0.0	0.0	0.0
NDUFB3	na	0.10361105815468429	0.08543621237959041	0.12394194480385673	0.13559479938226687	0.09321349439627696	0.09117650145349929	0.11475560881022964
CFLAR	na	0.0	0.0	0.0	0.0	0.0	0.0	0.0
CASP10	na	0.0	0.0	0.0	0.0	0.0	0.0	0.0
CASP8	na	0.0	0.0	0.0	0.0	0.0	0.0	0.0
TRAK2	na	0.0	0.0	0.0	0.0	0.0	0.0	0.0
STRADB	na	0.0	0.0	0.0	0.0	0.0	0.0	0.0
TMEM237	na	0.0	0.0	0.0	0.0	0.0	0.0	0.0
ALS2	na	0.0	0.0	0.0	0.0	0.0	0.0	0.0
FZD7	na	0.0	0.0	0.0	0.0	0.0	0.0	0.0
KIAA2012	na	0.0	0.0	0.0	0.0	0.0	0.0	0.0
SUMO1	na	0.06621173571452095	0.002671534982604521	0.10260135863444439	0.13569361554778023	0.07562305794514053	0.034668055671930056	0.06677013133146867
NOP58	na	0.0	0.0	0.0	0.0	0.0	0.0	0.0
AC064836.3	na	0.0	0.0	0.0	0.0	0.0	0.0	0.0
BMPR2	na	0.0	0.0	0.0	0.0	0.0	0.0	0.0
FAM117B	na	0.0	0.0	0.0	0.0	0.0	0.0	0.0
WDR12	na	0.0	0.0	0.0	0.0	0.0	0.0	0.0
CARF	na	0.0	0.0	0.0	0.0	0.0	0.0	0.0
NBEAL1	na	0.0	0.0	0.0	0.0	0.0	0.0	0.0
CYP20A1	na	0.0	0.0	0.0	0.0	0.0	0.0	0.0
ABI2	na	0.0	0.0	0.0	0.0	0.0	0.0	0.0
RAPH1	na	0.0	0.0	0.0	0.0	0.0	0.0	0.0
PARD3B	na	0.0	0.0	0.0	0.0	0.0	0.0	0.0
NRP2	na	0.0	0.0	0.0	0.0	0.0	0.0	0.0
INO80D	na	0.0	0.0	0.0	0.0	0.0	0.0	0.0
AC007383.2	na	0.0	0.0	0.0	0.0	0.0	0.0	0.0
NDUFS1	na	0.0	0.0	0.0	0.0	0.0	0.0	0.0
EEF1B2	na	0.14060451106070063	0.17289776388181108	0.14844258744634387	0.21607044069489603	0.14349896364621373	0.1827852982691518	0.221967138578526
ZDBF2	na	0.0	0.0	0.0	0.0	0.0	0.0	0.0
FASTKD2	na	0.0	0.0	0.0	0.0	0.0	0.0	0.0
KLF7	na	0.0	0.0	0.0	0.0	0.0	0.0	0.0
CREB1	na	0.0	0.0	0.0	0.0	0.0	0.0	0.0
METTL21A	na	0.0	0.0	0.0	0.0	0.0	0.0	0.0
CCNYL1	na	0.0	0.0	0.0	0.0	0.0	0.0	0.0
FZD5	na	0.0	0.0	0.0	0.0	0.0	0.0	0.0
PLEKHM3	na	0.0	0.0	0.0	0.0	0.0	0.0	0.0
IDH1	na	0.0643635402375082	0.029430337311799983	0.11668117713029533	0.13845946456820013	0.08161872765157356	0.04589633901036602	0.09352733734473025
IDH1-AS1	na	0.0	0.0	0.0	0.0	0.0	0.0	0.0
PIKFYVE	na	0.0	0.0	0.0	0.0	0.0	0.0	0.0
PTH2R	na	0.0	0.0	0.0	0.0	0.0	0.0	0.0
RPE	na	0.0	0.0	0.0	0.0	0.0	0.0	0.0
KANSL1L	na	0.0	0.0	0.0	0.0	0.0	0.0	0.0
AC007038.2	na	0.0	0.0	0.0	0.0	0.0	0.0	0.0
LANCL1	na	0.0	0.0	0.0	0.0	0.0	0.0	0.0
ERBB4	na	0.0	0.0	0.0	0.0	0.0	0.0	0.0
IKZF2	na	0.0	0.0	0.0	0.0	0.0	0.0	0.0
SPAG16	na	0.0	0.0	0.0	0.0	0.0	0.0	0.0
BARD1	na	0.0	0.0	0.0	0.0	0.0	0.0	0.0
ABCA12	na	0.0	0.0	0.0	0.0	0.0	0.0	0.0
ATIC	na	0.0	0.0	0.0	0.0	0.0	0.0	0.0
FN1	na	0.4523725089789705	0.8773477379723138	0.38417208242051165	0.5486755097250704	0.48821856900230864	1.0487411357835565	0.7980698782913872
MREG	na	0.0	0.0	0.0	0.0	0.0	0.0	0.0
PECR	na	0.0	0.0	0.0	0.0	0.0	0.0	0.0
XRCC5	na	0.08937439844339698	0.007615939108116934	0.14764231726591723	0.16749161070751015	0.094912512505502	0.02614500056674365	0.09507923673071395
LINC01963	na	0.0	0.0	0.0	0.0	0.0	0.0	0.0
SMARCAL1	na	0.0	0.0	0.0	0.0	0.0	0.0	0.0
RPL37A	na	2.1795535410000015	3.512128680309991	1.675789163232497	0.8516448950004692	1.5076412236983998	2.3506820817171565	4.1299718540967865
IGFBP2	na	0.12526277758323306	4.190112406247347e-17	0.22898998960966607	0.28301413057237446	0.1548776258998923	0.01051367383413978	0.1560191862934428
IGFBP5	na	0.0	0.0	0.0	0.0	0.0	0.0	0.0
TNS1	na	0.0	0.0	0.0	0.0	0.0	0.0	0.0
ARPC2	na	0.07013690514097039	0.046330710602882276	0.11367147552825856	0.1331526913120162	0.0815165824184312	0.06342338829059131	0.09584247575847311
AAMP	na	0.06564488562254961	3.571618387120227e-15	0.12644063787523824	0.15404570870880108	0.09121675025691728	1.9487893215739296e-13	0.045924052505210804
PNKD	na	0.09860529507363808	0.028557638205732132	0.15562297533330285	0.19199956276106736	0.11122920168909493	0.015204627468951685	0.11004788422835864
TMBIM1	na	0.0	0.0	0.0	0.0	0.0	0.0	0.0
SLC11A1	na	0.0	0.0	0.0	0.0	0.0	0.0	0.0
CTDSP1	na	0.06368592980864914	1.3418061544231828e-16	0.14989975636613515	0.15751310855137668	0.09796654778462854	1.2570206577971997e-15	0.024956765544921995
AC021016.3	na	0.0	0.0	0.0	0.0	0.0	0.0	0.0
VIL1	na	0.0	0.0	0.0	0.0	0.0	0.0	0.0
USP37	na	0.0	0.0	0.0	0.0	0.0	0.0	0.0
CNOT9	na	0.0	0.0	0.0	0.0	0.0	0.0	0.0
PLCD4	na	0.0	0.0	0.0	0.0	0.0	0.0	0.0
AC012510.1	na	0.0	0.0	0.0	0.0	0.0	0.0	0.0
ZNF142	na	0.0	0.0	0.0	0.0	0.0	0.0	0.0
BCS1L	na	0.0	0.0	0.0	0.0	0.0	0.0	0.0
RNF25	na	0.0	0.0	0.0	0.0	0.0	0.0	0.0
STK36	na	0.0	0.0	0.0	0.0	0.0	0.0	0.0
TTLL4	na	0.0	0.0	0.0	0.0	0.0	0.0	0.0
CYP27A1	na	0.0	0.0	0.0	0.0	0.0	0.0	0.0
CFAP65	na	0.0	0.0	0.0	0.0	0.0	0.0	0.0
AC097468.3	na	0.0	0.0	0.0	0.0	0.0	0.0	0.0
NHEJ1	na	0.0	0.0	0.0	0.0	0.0	0.0	0.0
SLC23A3	na	0.0	0.0	0.0	0.0	0.0	0.0	0.0
CNPPD1	na	0.0	0.0	0.0	0.0	0.0	0.0	0.0
RETREG2	na	0.0	0.0	0.0	0.0	0.0	0.0	0.0
ZFAND2B	na	0.0	0.0	0.0	0.0	0.0	0.0	0.0
ABCB6	na	0.0	0.0	0.0	0.0	0.0	0.0	0.0
ANKZF1	na	0.0	0.0	0.0	0.0	0.0	0.0	0.0
GLB1L	na	0.0	0.0	0.0	0.0	0.0	0.0	0.0
STK16	na	0.0	0.0	0.0	0.0	0.0	0.0	0.0
TUBA4A	na	0.0	0.0	0.0	0.0	0.0	0.0	0.0
DNAJB2	na	0.0	0.0	0.0	0.0	0.0	0.0	0.0
DNPEP	na	0.0	0.0	0.0	0.0	0.0	0.0	0.0
SPEG	na	0.0	0.0	0.0	0.0	0.0	0.0	0.0
GMPPA	na	0.0	0.0	0.0	0.0	0.0	0.0	0.0
CHPF	na	0.0	0.0	0.0	0.0	0.0	0.0	0.0
TMEM198	na	0.0	0.0	0.0	0.0	0.0	0.0	0.0
OBSL1	na	0.07106666392840562	6.098161271363245e-16	0.12800111498085692	0.1427993193545541	0.08444590823373879	5.908306515379818e-13	0.0353356340483916
INHA	na	0.0	0.0	0.0	0.0	0.0	0.0	0.0
STK11IP	na	0.0	0.0	0.0	0.0	0.0	0.0	0.0
SLC4A3	na	0.0	0.0	0.0	0.0	0.0	0.0	0.0
EPHA4	na	0.0	0.0	0.0	0.0	0.0	0.0	0.0
FARSB	na	0.0	0.0	0.0	0.0	0.0	0.0	0.0
ACSL3	na	0.07754818180536761	1.1590350310530947e-20	0.14815907138124146	0.17628281716090075	0.09772420279666746	3.674802389542943e-14	0.06681299029985246
KCNE4	na	0.0	0.0	0.0	0.0	0.0	0.0	0.0
AP1S3	na	0.0	0.0	0.0	0.0	0.0	0.0	0.0
WDFY1	na	0.0	0.0	0.0	0.0	0.0	0.0	0.0
MRPL44	na	0.0	0.0	0.0	0.0	0.0	0.0	0.0
AC073641.1	na	0.0	0.0	0.0	0.0	0.0	0.0	0.0
SERPINE2	na	0.0	0.0	0.0	0.0	0.0	0.0	0.0
CUL3	na	0.0	0.0	0.0	0.0	0.0	0.0	0.0
DOCK10	na	0.0	0.0	0.0	0.0	0.0	0.0	0.0
IRS1	na	0.0	0.0	0.0	0.0	0.0	0.0	0.0
RHBDD1	na	0.0	0.0	0.0	0.0	0.0	0.0	0.0
MFF	na	0.0	0.0	0.0	0.0	0.0	0.0	0.0
AGFG1	na	0.0	0.0	0.0	0.0	0.0	0.0	0.0
CCL20	na	0.0	0.0	0.0	0.0	0.0	0.0	0.0
TRIP12	na	0.0	0.0	0.0	0.0	0.0	0.0	0.0
FBXO36	na	0.0	0.0	0.0	0.0	0.0	0.0	0.0
SLC16A14	na	0.0	0.0	0.0	0.0	0.0	0.0	0.0
SP110	na	0.0	0.0	0.0	0.0	0.0	0.0	0.0
SP140	na	0.0	0.0	0.0	0.0	0.0	0.0	0.0
SP140L	na	0.0	0.0	0.0	0.0	0.0	0.0	0.0
SP100	na	0.0	0.0	0.0	0.0	0.0	0.0	0.0
CAB39	na	0.0	0.0	0.0	0.0	0.0	0.0	0.0
ITM2C	na	0.0	0.0	0.0	0.0	0.0	0.0	0.0
C2orf72	na	0.0	0.0	0.0	0.0	0.0	0.0	0.0
PSMD1	na	0.05907048647044454	3.5475486862313204e-19	0.10707782515245157	0.13157638298346602	0.07623079917224385	0.012271592912046502	0.0431982564058779
ARMC9	na	0.0	0.0	0.0	0.0	0.0	0.0	0.0
B3GNT7	na	0.0	0.0	0.0	0.0	0.0	0.0	0.0
NCL	na	0.07035422887814131	7.662276765420411e-20	0.13434760654556444	0.17284039004910595	0.09449963714599631	0.019637957153849556	0.08363573951711559
PTMA	na	0.6636343639577441	0.6042849446994739	0.9963360616263413	0.7294852839841001	0.6571692509443978	0.545078735963555	1.0892437524656995
PDE6D	na	0.0	0.0	0.0	0.0	0.0	0.0	0.0
COPS7B	na	0.0	0.0	0.0	0.0	0.0	0.0	0.0
DIS3L2	na	0.0	0.0	0.0	0.0	0.0	0.0	0.0
ECEL1	na	0.0	0.0	0.0	0.0	0.0	0.0	0.0
TIGD1	na	0.0	0.0	0.0	0.0	0.0	0.0	0.0
EIF4E2	na	0.0	0.0	0.0	0.0	0.0	0.0	0.0
EFHD1	na	0.12369902101338083	7.102177884443706e-16	0.20403433508097826	0.2251433639178569	0.1343654859660015	0.015363846081639406	0.12116372131478419
GIGYF2	na	0.0	0.0	0.0	0.0	0.0	0.0	0.0
SNORC	na	0.0	0.0	0.0	0.0	0.0	0.0	0.0
NGEF	na	0.0	0.0	0.0	0.0	0.0	0.0	0.0
INPP5D	na	0.0	0.0	0.0	0.0	0.0	0.0	0.0
ATG16L1	na	0.0	0.0	0.0	0.0	0.0	0.0	0.0
AC013726.1	na	0.0	0.0	0.0	0.0	0.0	0.0	0.0
DGKD	na	0.0	0.0	0.0	0.0	0.0	0.0	0.0
USP40	na	0.0	0.0	0.0	0.0	0.0	0.0	0.0
HJURP	na	0.0	0.0	0.0	0.0	0.0	0.0	0.0
ARL4C	na	0.0	0.0	0.0	0.0	0.0	0.0	0.0
SH3BP4	na	0.0	0.0	0.0	0.0	0.0	0.0	0.0
AGAP1	na	0.0	0.0	0.0	0.0	0.0	0.0	0.0
GBX2	na	0.0	0.0	0.0	0.0	0.0	0.0	0.0
ACKR3	na	0.0	0.0	0.0	0.0	0.0	0.0	0.0
COPS8	na	0.0	0.0	0.0	0.0	0.0	0.0	0.0
COL6A3	na	0.0	0.0	0.0	0.0	0.0	0.0	0.0
MLPH	na	0.1246995454270615	1.1333256414663644e-16	0.28124999421399055	0.24733249664477844	0.15028064483528822	2.481802325105782e-16	0.0464333835034939
RAB17	na	0.0	0.0	0.0	0.0	0.0	0.0	0.0
AC104667.2	na	0.0	0.0	0.0	0.0	0.0	0.0	0.0
LRRFIP1	na	0.07540534893604894	1.6662513855830498e-15	0.12160874621494304	0.13596538287070614	0.08592850204217925	0.02069621349361311	0.04894160858023623
RAMP1	na	0.0	0.0	0.0	0.0	0.0	0.0	0.0
UBE2F	na	0.0	0.0	0.0	0.0	0.0	0.0	0.0
SCLY	na	0.0	0.0	0.0	0.0	0.0	0.0	0.0
ERFE	na	0.0	0.0	0.0	0.0	0.0	0.0	0.0
ILKAP	na	0.0	0.0	0.0	0.0	0.0	0.0	0.0
HES6	na	0.0	0.0	0.0	0.0	0.0	0.0	0.0
PER2	na	0.0	0.0	0.0	0.0	0.0	0.0	0.0
TRAF3IP1	na	0.0	0.0	0.0	0.0	0.0	0.0	0.0
ASB1	na	0.0	0.0	0.0	0.0	0.0	0.0	0.0
HDAC4	na	0.0	0.0	0.0	0.0	0.0	0.0	0.0
AC062017.1	na	0.0	0.0	0.0	0.0	0.0	0.0	0.0
NDUFA10	na	0.0554681654425241	4.179845417219884e-21	0.14696628960978228	0.14529424271039074	0.09162616817288988	0.015647704687780272	0.0514132062386043
COPS9	na	0.1347487851474906	0.08833988949715638	0.1974401940386688	0.24842363923987051	0.1509540335386382	0.08042488918639909	0.2008071634519408
GPC1	na	0.0	0.0	0.0	0.0	0.0	0.0	0.0
ANKMY1	na	0.0	0.0	0.0	0.0	0.0	0.0	0.0
DUSP28	na	0.0	0.0	0.0	0.0	0.0	0.0	0.0
RNPEPL1	na	0.0	0.0	0.0	0.0	0.0	0.0	0.0
CAPN10-DT	na	0.0	0.0	0.0	0.0	0.0	0.0	0.0
CAPN10	na	0.0	0.0	0.0	0.0	0.0	0.0	0.0
GPR35	na	0.0	0.0	0.0	0.0	0.0	0.0	0.0
KIF1A	na	0.0	0.0	0.0	0.0	0.0	0.0	0.0
AGXT	na	0.0	0.0	0.0	0.0	0.0	0.0	0.0
C2orf54	na	0.0	0.0	0.0	0.0	0.0	0.0	0.0
SNED1	na	0.0	0.0	0.0	0.0	0.0	0.0	0.0
MTERF4	na	0.0	0.0	0.0	0.0	0.0	0.0	0.0
PASK	na	0.0	0.0	0.0	0.0	0.0	0.0	0.0
PPP1R7	na	0.0	0.0	0.0	0.0	0.0	0.0	0.0
ANO7	na	0.0	0.0	0.0	0.0	0.0	0.0	0.0
HDLBP	na	0.0928209857050044	7.327429095545149e-17	0.16845937739388822	0.20158072033908786	0.12081584868893278	0.008910898255952048	0.09533765245867873
SEPT2	na	0.06991583600716379	0.026653164875230156	0.1395276715205284	0.14588962910299064	0.09288266556498609	0.0310991133187672	0.09698913088901776
FARP2	na	0.0	0.0	0.0	0.0	0.0	0.0	0.0
STK25	na	0.0	0.0	0.0	0.0	0.0	0.0	0.0
BOK	na	0.0	0.0	0.0	0.0	0.0	0.0	0.0
THAP4	na	0.0	0.0	0.0	0.0	0.0	0.0	0.0
ATG4B	na	0.0	0.0	0.0	0.0	0.0	0.0	0.0
DTYMK	na	0.0	0.0	0.0	0.0	0.0	0.0	0.0
ING5	na	0.0	0.0	0.0	0.0	0.0	0.0	0.0
D2HGDH	na	0.0	0.0	0.0	0.0	0.0	0.0	0.0
NEU4	na	0.0	0.0	0.0	0.0	0.0	0.0	0.0
AC131097.2	na	0.0	0.0	0.0	0.0	0.0	0.0	0.0
LINC01238	na	0.0	0.0	0.0	0.0	0.0	0.0	0.0
TRNT1	na	0.0	0.0	0.0	0.0	0.0	0.0	0.0
CRBN	na	0.0	0.0	0.0	0.0	0.0	0.0	0.0
AC024060.1	na	0.0	0.0	0.0	0.0	0.0	0.0	0.0
SUMF1	na	0.0	0.0	0.0	0.0	0.0	0.0	0.0
LRRN1	na	0.0	0.0	0.0	0.0	0.0	0.0	0.0
SETMAR	na	0.0	0.0	0.0	0.0	0.0	0.0	0.0
ITPR1	na	0.0	0.0	0.0	0.0	0.0	0.0	0.0
AC018816.1	na	0.0	0.0	0.0	0.0	0.0	0.0	0.0
BHLHE40-AS1	na	0.0	0.0	0.0	0.0	0.0	0.0	0.0
BHLHE40	na	0.06843961234132988	0.002427263980346567	0.13329286300977947	0.15404056636422123	0.0910264314819042	0.006086994902563784	0.06363497714833777
ARL8B	na	0.043263845359971694	9.603403333543345e-25	0.11668150013742934	0.14043202428521567	0.08476562546820163	0.0037127430767717453	0.03809512905213558
EDEM1	na	0.0	0.0	0.0	0.0	0.0	0.0	0.0
LMCD1	na	0.0	0.0	0.0	0.0	0.0	0.0	0.0
OXTR	na	0.0	0.0	0.0	0.0	0.0	0.0	0.0
RAD18	na	0.0	0.0	0.0	0.0	0.0	0.0	0.0
SRGAP3	na	0.0	0.0	0.0	0.0	0.0	0.0	0.0
THUMPD3-AS1	na	0.0	0.0	0.0	0.0	0.0	0.0	0.0
THUMPD3	na	0.0	0.0	0.0	0.0	0.0	0.0	0.0
SETD5	na	0.0	0.0	0.0	0.0	0.0	0.0	0.0
MTMR14	na	0.0	0.0	0.0	0.0	0.0	0.0	0.0
BRPF1	na	0.0	0.0	0.0	0.0	0.0	0.0	0.0
OGG1	na	0.0	0.0	0.0	0.0	0.0	0.0	0.0
CAMK1	na	0.0	0.0	0.0	0.0	0.0	0.0	0.0
TADA3	na	0.0	0.0	0.0	0.0	0.0	0.0	0.0
ARPC4	na	0.09031112587412195	1.080795480831493e-22	0.1779723586016486	0.21028952909729745	0.11060406603047564	0.013201056652431903	0.06957682436966411
TTLL3	na	0.0	0.0	0.0	0.0	0.0	0.0	0.0
RPUSD3	na	0.0	0.0	0.0	0.0	0.0	0.0	0.0
JAGN1	na	0.0	0.0	0.0	0.0	0.0	0.0	0.0
IL17RE	na	0.0	0.0	0.0	0.0	0.0	0.0	0.0
IL17RC	na	0.0	0.0	0.0	0.0	0.0	0.0	0.0
CRELD1	na	0.0	0.0	0.0	0.0	0.0	0.0	0.0
PRRT3	na	0.0	0.0	0.0	0.0	0.0	0.0	0.0
PRRT3-AS1	na	0.0	0.0	0.0	0.0	0.0	0.0	0.0
EMC3	na	0.0	0.0	0.0	0.0	0.0	0.0	0.0
AC022007.1	na	0.0	0.0	0.0	0.0	0.0	0.0	0.0
FANCD2	na	0.0	0.0	0.0	0.0	0.0	0.0	0.0
BRK1	na	0.08936684883888736	0.033249305045151244	0.13527960112971543	0.13046862895208686	0.08772344494050051	0.06105554671677927	0.08811966435291184
VHL	na	0.0	0.0	0.0	0.0	0.0	0.0	0.0
IRAK2	na	0.0	0.0	0.0	0.0	0.0	0.0	0.0
TATDN2	na	0.0	0.0	0.0	0.0	0.0	0.0	0.0
GHRL	na	0.0	0.0	0.0	0.0	0.0	0.0	0.0
SEC13	na	0.040612580659179144	0.014295416132828075	0.10815324537639692	0.13481270102450782	0.07792226678361633	0.019547021392349075	0.05714516112724563
SLC6A11	na	0.0	0.0	0.0	0.0	0.0	0.0	0.0
SLC6A1	na	0.0	0.0	0.0	0.0	0.0	0.0	0.0
HRH1	na	0.0	0.0	0.0	0.0	0.0	0.0	0.0
ATG7	na	0.0	0.0	0.0	0.0	0.0	0.0	0.0
VGLL4	na	0.06816336177567292	5.311230896736736e-15	0.1198782573211319	0.13775839024655176	0.08460942220345802	0.00714890902903965	0.03589131605973073
TAMM41	na	0.0	0.0	0.0	0.0	0.0	0.0	0.0
PPARG	na	0.0	0.0	0.0	0.0	0.0	0.0	0.0
TSEN2	na	0.0	0.0	0.0	0.0	0.0	0.0	0.0
MKRN2	na	0.0	0.0	0.0	0.0	0.0	0.0	0.0
RAF1	na	0.0	0.0	0.0	0.0	0.0	0.0	0.0
TMEM40	na	0.0	0.0	0.0	0.0	0.0	0.0	0.0
RPL32	na	1.1780560561679871	2.186807397078349	0.7102629743605804	0.7937853692406731	0.8792080341855961	1.7150105444582087	2.2109047499315837
IQSEC1	na	0.0	0.0	0.0	0.0	0.0	0.0	0.0
NUP210	na	0.0	0.0	0.0	0.0	0.0	0.0	0.0
HDAC11	na	0.0	0.0	0.0	0.0	0.0	0.0	0.0
FBLN2	na	0.0	0.0	0.0	0.0	0.0	0.0	0.0
CHCHD4	na	0.0	0.0	0.0	0.0	0.0	0.0	0.0
TMEM43	na	0.0	0.0	0.0	0.0	0.0	0.0	0.0
XPC	na	0.0	0.0	0.0	0.0	0.0	0.0	0.0
LSM3	na	0.10064390251573686	0.052378014668783314	0.11433676286756643	0.1810594598814802	0.09288373479773623	0.06336449116448827	0.08733449219399457
SLC6A6	na	0.0	0.0	0.0	0.0	0.0	0.0	0.0
GRIP2	na	0.0	0.0	0.0	0.0	0.0	0.0	0.0
CCDC174	na	0.0	0.0	0.0	0.0	0.0	0.0	0.0
FGD5	na	0.0	0.0	0.0	0.0	0.0	0.0	0.0
FGD5-AS1	na	0.05576729577865663	8.720467491843804e-15	0.11673557915489369	0.13556220523694815	0.08382214141231656	0.015903311332989566	0.04160584452349461
NR2C2	na	0.0	0.0	0.0	0.0	0.0	0.0	0.0
MRPS25	na	0.0	0.0	0.0	0.0	0.0	0.0	0.0
RBSN	na	0.0	0.0	0.0	0.0	0.0	0.0	0.0
CAPN7	na	0.0	0.0	0.0	0.0	0.0	0.0	0.0
SH3BP5-AS1	na	0.0	0.0	0.0	0.0	0.0	0.0	0.0
SH3BP5	na	0.0	0.0	0.0	0.0	0.0	0.0	0.0
METTL6	na	0.0	0.0	0.0	0.0	0.0	0.0	0.0
EAF1	na	0.0	0.0	0.0	0.0	0.0	0.0	0.0
COLQ	na	0.0	0.0	0.0	0.0	0.0	0.0	0.0
HACL1	na	0.0	0.0	0.0	0.0	0.0	0.0	0.0
BTD	na	0.0	0.0	0.0	0.0	0.0	0.0	0.0
ANKRD28	na	0.0	0.0	0.0	0.0	0.0	0.0	0.0
DPH3	na	0.0	0.0	0.0	0.0	0.0	0.0	0.0
OXNAD1	na	0.0	0.0	0.0	0.0	0.0	0.0	0.0
RFTN1	na	0.0	0.0	0.0	0.0	0.0	0.0	0.0
PLCL2	na	0.0	0.0	0.0	0.0	0.0	0.0	0.0
TBC1D5	na	0.0	0.0	0.0	0.0	0.0	0.0	0.0
SATB1	na	0.0	0.0	0.0	0.0	0.0	0.0	0.0
RAB5A	na	0.0	0.0	0.0	0.0	0.0	0.0	0.0
KAT2B	na	0.0	0.0	0.0	0.0	0.0	0.0	0.0
SGO1	na	0.0	0.0	0.0	0.0	0.0	0.0	0.0
UBE2E2	na	0.0	0.0	0.0	0.0	0.0	0.0	0.0
UBE2E1	na	0.0	0.0	0.0	0.0	0.0	0.0	0.0
NKIRAS1	na	0.0	0.0	0.0	0.0	0.0	0.0	0.0
RPL15	na	0.4732345572701031	0.8191077735921821	0.3883268589675402	0.4781000308691565	0.41868582641769664	0.707100229803096	0.8824587798513477
NR1D2	na	0.0	0.0	0.0	0.0	0.0	0.0	0.0
THRB	na	0.0	0.0	0.0	0.0	0.0	0.0	0.0
TOP2B	na	0.088195792191761	1.578201437872398e-23	0.1271916924258811	0.12909605427906715	0.08210277793974191	0.029945260049474696	0.04434670022542606
NGLY1	na	0.0	0.0	0.0	0.0	0.0	0.0	0.0
OXSM	na	0.0	0.0	0.0	0.0	0.0	0.0	0.0
SLC4A7	na	0.0	0.0	0.0	0.0	0.0	0.0	0.0
CMC1	na	0.0	0.0	0.0	0.0	0.0	0.0	0.0
AZI2	na	0.0	0.0	0.0	0.0	0.0	0.0	0.0
RBMS3	na	0.0	0.0	0.0	0.0	0.0	0.0	0.0
TGFBR2	na	0.0	0.0	0.0	0.0	0.0	0.0	0.0
STT3B	na	0.05443580663609673	4.875436784873751e-19	0.12050371342200676	0.14551062623450178	0.09232306100752982	3.2057291376532883e-14	0.028007894417843345
OSBPL10	na	0.0	0.0	0.0	0.0	0.0	0.0	0.0
ZNF860	na	0.0	0.0	0.0	0.0	0.0	0.0	0.0
GPD1L	na	0.0	0.0	0.0	0.0	0.0	0.0	0.0
CMTM8	na	0.0	0.0	0.0	0.0	0.0	0.0	0.0
CMTM7	na	0.0	0.0	0.0	0.0	0.0	0.0	0.0
CMTM6	na	0.0	0.0	0.0	0.0	0.0	0.0	0.0
DYNC1LI1	na	0.0	0.0	0.0	0.0	0.0	0.0	0.0
CNOT10	na	0.0	0.0	0.0	0.0	0.0	0.0	0.0
GLB1	na	0.0	0.0	0.0	0.0	0.0	0.0	0.0
CRTAP	na	0.0	0.0	0.0	0.0	0.0	0.0	0.0
FBXL2	na	0.0	0.0	0.0	0.0	0.0	0.0	0.0
UBP1	na	0.0	0.0	0.0	0.0	0.0	0.0	0.0
CLASP2	na	0.0	0.0	0.0	0.0	0.0	0.0	0.0
AC112220.3	na	0.0	0.0	0.0	0.0	0.0	0.0	0.0
AC112220.4	na	0.0	0.0	0.0	0.0	0.0	0.0	0.0
PDCD6IP	na	0.0	0.0	0.0	0.0	0.0	0.0	0.0
TRANK1	na	0.0	0.0	0.0	0.0	0.0	0.0	0.0
EPM2AIP1	na	0.0	0.0	0.0	0.0	0.0	0.0	0.0
MLH1	na	0.0	0.0	0.0	0.0	0.0	0.0	0.0
LRRFIP2	na	0.0	0.0	0.0	0.0	0.0	0.0	0.0
AC097359.2	na	0.0	0.0	0.0	0.0	0.0	0.0	0.0
GOLGA4	na	0.0	0.0	0.0	0.0	0.0	0.0	0.0
ITGA9	na	0.0	0.0	0.0	0.0	0.0	0.0	0.0
CTDSPL	na	0.0	0.0	0.0	0.0	0.0	0.0	0.0
VILL	na	0.0	0.0	0.0	0.0	0.0	0.0	0.0
PLCD1	na	0.0	0.0	0.0	0.0	0.0	0.0	0.0
DLEC1	na	0.0	0.0	0.0	0.0	0.0	0.0	0.0
ACAA1	na	0.0	0.0	0.0	0.0	0.0	0.0	0.0
MYD88	na	0.0	0.0	0.0	0.0	0.0	0.0	0.0
OXSR1	na	0.0	0.0	0.0	0.0	0.0	0.0	0.0
XYLB	na	0.0	0.0	0.0	0.0	0.0	0.0	0.0
ACVR2B	na	0.0	0.0	0.0	0.0	0.0	0.0	0.0
EXOG	na	0.0	0.0	0.0	0.0	0.0	0.0	0.0
SCN5A	na	0.0	0.0	0.0	0.0	0.0	0.0	0.0
WDR48	na	0.0	0.0	0.0	0.0	0.0	0.0	0.0
GORASP1	na	0.0	0.0	0.0	0.0	0.0	0.0	0.0
TTC21A	na	0.0	0.0	0.0	0.0	0.0	0.0	0.0
CSRNP1	na	0.0	0.0	0.0	0.0	0.0	0.0	0.0
CX3CR1	na	0.0	0.0	0.0	0.0	0.0	0.0	0.0
SLC25A38	na	0.0	0.0	0.0	0.0	0.0	0.0	0.0
RPSA	na	0.4733380539449051	0.5997424253480046	0.48451324171516474	0.5283525668736678	0.4193718725455444	0.48093762273336516	0.7582487087398199
MYRIP	na	0.0	0.0	0.0	0.0	0.0	0.0	0.0
EIF1B	na	0.0	0.0	0.0	0.0	0.0	0.0	0.0
ENTPD3-AS1	na	0.0	0.0	0.0	0.0	0.0	0.0	0.0
ENTPD3	na	0.0	0.0	0.0	0.0	0.0	0.0	0.0
RPL14	na	0.5379814718050427	0.878738004241612	0.4200879129404779	0.20285295323583918	0.37287891820449015	0.6371633777306781	0.9793764968332068
ZNF619	na	0.0	0.0	0.0	0.0	0.0	0.0	0.0
ZNF620	na	0.0	0.0	0.0	0.0	0.0	0.0	0.0
ZNF621	na	0.0	0.0	0.0	0.0	0.0	0.0	0.0
CTNNB1	na	0.08238868924011154	1.3021828651584306e-28	0.2224550528034601	0.26518222051680873	0.14230798483693147	1.2016220114010552e-21	0.06858055400807146
ULK4	na	0.0	0.0	0.0	0.0	0.0	0.0	0.0
TRAK1	na	0.0	0.0	0.0	0.0	0.0	0.0	0.0
CCK	na	0.0	0.0	0.0	0.0	0.0	0.0	0.0
VIPR1	na	0.0	0.0	0.0	0.0	0.0	0.0	0.0
SEC22C	na	0.0	0.0	0.0	0.0	0.0	0.0	0.0
SS18L2	na	0.0	0.0	0.0	0.0	0.0	0.0	0.0
NKTR	na	0.0	0.0	0.0	0.0	0.0	0.0	0.0
ZBTB47	na	0.0	0.0	0.0	0.0	0.0	0.0	0.0
HIGD1A	na	0.07157792763829991	0.0190654751055121	0.13465866236664353	0.16417280753060892	0.09717442087914886	0.04361928852712007	0.11290037933039011
ACKR2	na	0.0	0.0	0.0	0.0	0.0	0.0	0.0
POMGNT2	na	0.0	0.0	0.0	0.0	0.0	0.0	0.0
SNRK	na	0.0	0.0	0.0	0.0	0.0	0.0	0.0
AC104184.1	na	0.0	0.0	0.0	0.0	0.0	0.0	0.0
ANO10	na	0.0	0.0	0.0	0.0	0.0	0.0	0.0
ABHD5	na	0.0	0.0	0.0	0.0	0.0	0.0	0.0
TCAIM	na	0.0	0.0	0.0	0.0	0.0	0.0	0.0
ZNF445	na	0.0	0.0	0.0	0.0	0.0	0.0	0.0
ZNF197	na	0.0	0.0	0.0	0.0	0.0	0.0	0.0
ZNF35	na	0.0	0.0	0.0	0.0	0.0	0.0	0.0
AC124045.1	na	0.0	0.0	0.0	0.0	0.0	0.0	0.0
KIAA1143	na	0.0	0.0	0.0	0.0	0.0	0.0	0.0
KIF15	na	0.0	0.0	0.0	0.0	0.0	0.0	0.0
TMEM42	na	0.0	0.0	0.0	0.0	0.0	0.0	0.0
ZDHHC3	na	0.0	0.0	0.0	0.0	0.0	0.0	0.0
EXOSC7	na	0.0	0.0	0.0	0.0	0.0	0.0	0.0
CLEC3B	na	0.0	0.0	0.0	0.0	0.0	0.0	0.0
CDCP1	na	0.0	0.0	0.0	0.0	0.0	0.0	0.0
TMEM158	na	0.0	0.0	0.0	0.0	0.0	0.0	0.0
LARS2	na	0.0	0.0	0.0	0.0	0.0	0.0	0.0
LIMD1	na	0.0	0.0	0.0	0.0	0.0	0.0	0.0
SACM1L	na	0.0	0.0	0.0	0.0	0.0	0.0	0.0
SLC6A20	na	0.0	0.0	0.0	0.0	0.0	0.0	0.0
LZTFL1	na	0.0	0.0	0.0	0.0	0.0	0.0	0.0
FYCO1	na	0.0	0.0	0.0	0.0	0.0	0.0	0.0
CXCR6	na	0.0	0.0	0.0	0.0	0.0	0.0	0.0
CCR1	na	0.0	0.0	0.0	0.0	0.0	0.0	0.0
CCR5	na	0.0	0.0	0.0	0.0	0.0	0.0	0.0
CCRL2	na	0.0	0.0	0.0	0.0	0.0	0.0	0.0
LINC02009	na	0.0	0.0	0.0	0.0	0.0	0.0	0.0
LTF	na	0.3042966746851037	0.11869457284853911	0.45239378774923694	0.18450774783891447	0.26314005013205277	1.2136391523997321e-23	0.42921544683822266
ALS2CL	na	0.0	0.0	0.0	0.0	0.0	0.0	0.0
CCDC12	na	0.0	0.0	0.0	0.0	0.0	0.0	0.0
NBEAL2	na	0.0	0.0	0.0	0.0	0.0	0.0	0.0
SETD2	na	0.0	0.0	0.0	0.0	0.0	0.0	0.0
KIF9	na	0.0	0.0	0.0	0.0	0.0	0.0	0.0
KLHL18	na	0.0	0.0	0.0	0.0	0.0	0.0	0.0
PTPN23	na	0.0	0.0	0.0	0.0	0.0	0.0	0.0
SCAP	na	0.0	0.0	0.0	0.0	0.0	0.0	0.0
ELP6	na	0.0	0.0	0.0	0.0	0.0	0.0	0.0
CSPG5	na	0.0	0.0	0.0	0.0	0.0	0.0	0.0
SMARCC1	na	0.06063501884577742	4.4179420106705237e-20	0.11661933745086889	0.1526051436483174	0.08711975669582256	1.2968217785271203e-15	0.03349257277185761
DHX30	na	0.06492120812508773	1.5455460032656167e-18	0.1262691260409246	0.1349738583147426	0.07965584974180785	0.01476274998463394	0.04760651166558733
MAP4	na	0.0	0.0	0.0	0.0	0.0	0.0	0.0
CDC25A	na	0.0	0.0	0.0	0.0	0.0	0.0	0.0
CAMP	na	0.0	0.0	0.0	0.0	0.0	0.0	0.0
ZNF589	na	0.0	0.0	0.0	0.0	0.0	0.0	0.0
NME6	na	0.0	0.0	0.0	0.0	0.0	0.0	0.0
SPINK8	na	0.0	0.0	0.0	0.0	0.0	0.0	0.0
PLXNB1	na	0.058520754258300695	1.7139816183866588e-18	0.1486768429527977	0.15528207010729048	0.09826820046996586	7.020690953317193e-16	0.016043384256429392
CCDC51	na	0.0	0.0	0.0	0.0	0.0	0.0	0.0
TMA7	na	0.4995351554702942	0.9004452789944013	0.41429016410452024	0.26613174304757486	0.39995659338498923	0.7606372514078862	0.9669584404200594
ATRIP	na	0.0	0.0	0.0	0.0	0.0	0.0	0.0
SHISA5	na	0.06426547029527942	7.8582657085844575e-19	0.1473719129716748	0.18012862350350278	0.10253328397574843	0.045093107749504986	0.07753016842594747
PFKFB4	na	0.0	0.0	0.0	0.0	0.0	0.0	0.0
COL7A1	na	0.0	0.0	0.0	0.0	0.0	0.0	0.0
UQCRC1	na	0.09328895569677208	2.5427784733557206e-17	0.14551404862646844	0.18502629725859315	0.10175706807891333	0.018842648358907473	0.06634662184485482
SLC26A6	na	0.0	0.0	0.0	0.0	0.0	0.0	0.0
CELSR3	na	0.0	0.0	0.0	0.0	0.0	0.0	0.0
NCKIPSD	na	0.0	0.0	0.0	0.0	0.0	0.0	0.0
IP6K2	na	0.075269518344532	4.4681283620109845e-23	0.13628332443470004	0.14896310857563952	0.08611818004640424	0.014943546947913723	0.04828029933486731
PRKAR2A	na	0.0	0.0	0.0	0.0	0.0	0.0	0.0
SLC25A20	na	0.0	0.0	0.0	0.0	0.0	0.0	0.0
ARIH2OS	na	0.0	0.0	0.0	0.0	0.0	0.0	0.0
ARIH2	na	0.0	0.0	0.0	0.0	0.0	0.0	0.0
AC137630.4	na	0.0	0.0	0.0	0.0	0.0	0.0	0.0
P4HTM	na	0.0	0.0	0.0	0.0	0.0	0.0	0.0
WDR6	na	0.05372056396201752	5.961580307443859e-19	0.1525944106604606	0.16910011514274736	0.10308103604708622	1.6597340216785287e-18	0.018176570039413278
DALRD3	na	0.0	0.0	0.0	0.0	0.0	0.0	0.0
NDUFAF3	na	0.08394044041662761	0.028005111839746133	0.12769824676707153	0.14382694299633966	0.08146666748573897	0.0462110942622539	0.09466275229940918
IMPDH2	na	0.05041207906776938	5.4802024179915065e-34	0.1301856038887411	0.15342094134462977	0.09716423595330907	3.774123101064784e-19	0.01891863409865372
AC137630.3	na	0.0	0.0	0.0	0.0	0.0	0.0	0.0
QRICH1	na	0.0	0.0	0.0	0.0	0.0	0.0	0.0
QARS	na	0.09066898707723388	1.3248832447060907e-16	0.13073885354803436	0.15969130691730482	0.0882776709542633	0.011268127691252171	0.046743732679514566
USP19	na	0.0	0.0	0.0	0.0	0.0	0.0	0.0
LAMB2	na	0.0	0.0	0.0	0.0	0.0	0.0	0.0
CCDC71	na	0.0	0.0	0.0	0.0	0.0	0.0	0.0
KLHDC8B	na	0.0	0.0	0.0	0.0	0.0	0.0	0.0
C3orf62	na	0.0	0.0	0.0	0.0	0.0	0.0	0.0
USP4	na	0.0	0.0	0.0	0.0	0.0	0.0	0.0
RHOA	na	0.17484699465488837	0.021505620331971106	0.2852076538910719	0.3405306041070335	0.18820012900040387	0.07911970536295813	0.17681411181273904
TCTA	na	0.0	0.0	0.0	0.0	0.0	0.0	0.0
DAG1	na	0.0735901256353176	0.0026970645718527608	0.11350437579523905	0.13581188363978208	0.07991711942862317	0.017532738153224134	0.03840715962543319
APEH	na	0.072679472554029	2.1422899460711543e-18	0.1439495364028169	0.19220679812459068	0.1012477133411538	0.0023916863916940067	0.06702494975339965
MST1	na	0.0	0.0	0.0	0.0	0.0	0.0	0.0
RNF123	na	0.0	0.0	0.0	0.0	0.0	0.0	0.0
GMPPB	na	0.0	0.0	0.0	0.0	0.0	0.0	0.0
IP6K1	na	0.0	0.0	0.0	0.0	0.0	0.0	0.0
INKA1	na	0.0	0.0	0.0	0.0	0.0	0.0	0.0
UBA7	na	0.0	0.0	0.0	0.0	0.0	0.0	0.0
TRAIP	na	0.0	0.0	0.0	0.0	0.0	0.0	0.0
MST1R	na	0.0	0.0	0.0	0.0	0.0	0.0	0.0
MON1A	na	0.0	0.0	0.0	0.0	0.0	0.0	0.0
RBM6	na	0.0	0.0	0.0	0.0	0.0	0.0	0.0
RBM5	na	0.05860981432146129	5.246299331063812e-18	0.1404460893954161	0.1397033173152101	0.09122849630247172	1.4165668353794475e-16	0.016392779278374174
SEMA3F	na	0.0	0.0	0.0	0.0	0.0	0.0	0.0
SLC38A3	na	0.0	0.0	0.0	0.0	0.0	0.0	0.0
GNAI2	na	0.0863532247370108	0.017161928133966695	0.14968807600499337	0.15774679214040063	0.09170664923818503	0.05043486611769384	0.08685838854297515
SEMA3B	na	0.0	0.0	0.0	0.0	0.0	0.0	0.0
LSMEM2	na	0.0	0.0	0.0	0.0	0.0	0.0	0.0
IFRD2	na	0.0	0.0	0.0	0.0	0.0	0.0	0.0
HYAL3	na	0.0	0.0	0.0	0.0	0.0	0.0	0.0
NAA80	na	0.0	0.0	0.0	0.0	0.0	0.0	0.0
HYAL1	na	0.0	0.0	0.0	0.0	0.0	0.0	0.0
HYAL2	na	0.0	0.0	0.0	0.0	0.0	0.0	0.0
TUSC2	na	0.0	0.0	0.0	0.0	0.0	0.0	0.0
RASSF1	na	0.0	0.0	0.0	0.0	0.0	0.0	0.0
RASSF1-AS1	na	0.0	0.0	0.0	0.0	0.0	0.0	0.0
ZMYND10	na	0.0	0.0	0.0	0.0	0.0	0.0	0.0
NPRL2	na	0.0	0.0	0.0	0.0	0.0	0.0	0.0
CYB561D2	na	0.0	0.0	0.0	0.0	0.0	0.0	0.0
TMEM115	na	0.0	0.0	0.0	0.0	0.0	0.0	0.0
CACNA2D2	na	0.0	0.0	0.0	0.0	0.0	0.0	0.0
CYB561D2	na	0.0	0.0	0.0	0.0	0.0	0.0	0.0
C3orf18	na	0.0	0.0	0.0	0.0	0.0	0.0	0.0
HEMK1	na	0.0	0.0	0.0	0.0	0.0	0.0	0.0
CISH	na	0.0	0.0	0.0	0.0	0.0	0.0	0.0
MAPKAPK3	na	0.0	0.0	0.0	0.0	0.0	0.0	0.0
MANF	na	0.0628876958706323	1.509770664077488e-17	0.12391012177687001	0.12689535493089726	0.0800539112480992	0.023659661487129405	0.03378371426960306
RBM15B	na	0.0	0.0	0.0	0.0	0.0	0.0	0.0
DCAF1	na	0.0	0.0	0.0	0.0	0.0	0.0	0.0
RAD54L2	na	0.0	0.0	0.0	0.0	0.0	0.0	0.0
TEX264	na	0.0	0.0	0.0	0.0	0.0	0.0	0.0
RRP9	na	0.0	0.0	0.0	0.0	0.0	0.0	0.0
PARP3	na	0.0	0.0	0.0	0.0	0.0	0.0	0.0
PCBP4	na	0.0	0.0	0.0	0.0	0.0	0.0	0.0
ABHD14B	na	0.0	0.0	0.0	0.0	0.0	0.0	0.0
ABHD14A	na	0.0	0.0	0.0	0.0	0.0	0.0	0.0
ACY1	na	0.0	0.0	0.0	0.0	0.0	0.0	0.0
RPL29	na	0.9603780584232857	1.3529523245694812	0.9546567279737231	0.49629569976841326	0.732357090662304	1.0213895748590351	1.7985674026427654
DUSP7	na	0.0	0.0	0.0	0.0	0.0	0.0	0.0
POC1A	na	0.0	0.0	0.0	0.0	0.0	0.0	0.0
ALAS1	na	0.0	0.0	0.0	0.0	0.0	0.0	0.0
TWF2	na	0.0	0.0	0.0	0.0	0.0	0.0	0.0
PPM1M	na	0.0	0.0	0.0	0.0	0.0	0.0	0.0
WDR82	na	0.0	0.0	0.0	0.0	0.0	0.0	0.0
GLYCTK	na	0.0	0.0	0.0	0.0	0.0	0.0	0.0
DNAH1	na	0.0	0.0	0.0	0.0	0.0	0.0	0.0
BAP1	na	0.0	0.0	0.0	0.0	0.0	0.0	0.0
SEMA3G	na	0.0	0.0	0.0	0.0	0.0	0.0	0.0
NISCH	na	0.0	0.0	0.0	0.0	0.0	0.0	0.0
STAB1	na	0.0	0.0	0.0	0.0	0.0	0.0	0.0
NT5DC2	na	0.0	0.0	0.0	0.0	0.0	0.0	0.0
SMIM4	na	0.06092402011280317	0.014789867332725583	0.10552035105889652	0.13357751532260972	0.07781465727844862	0.058517526728411616	0.07622369263077217
PBRM1	na	0.0	0.0	0.0	0.0	0.0	0.0	0.0
GNL3	na	0.0	0.0	0.0	0.0	0.0	0.0	0.0
GLT8D1	na	0.0	0.0	0.0	0.0	0.0	0.0	0.0
SPCS1	na	0.0949920636565234	0.05401605557155335	0.14406914730740367	0.15387087996299345	0.09267859705475646	0.0570201475903138	0.09478396804841652
NEK4	na	0.0	0.0	0.0	0.0	0.0	0.0	0.0
TMEM110-MUSTN1	na	0.0	0.0	0.0	0.0	0.0	0.0	0.0
STIMATE	na	0.0	0.0	0.0	0.0	0.0	0.0	0.0
SFMBT1	na	0.0	0.0	0.0	0.0	0.0	0.0	0.0
RFT1	na	0.0	0.0	0.0	0.0	0.0	0.0	0.0
PRKCD	na	0.0	0.0	0.0	0.0	0.0	0.0	0.0
TKT	na	0.06572764153519887	1.4268663774174934e-13	0.14999484592094828	0.17724720594756874	0.10073544756223421	0.011100001867240097	0.052661225481193216
DCP1A	na	0.0	0.0	0.0	0.0	0.0	0.0	0.0
CACNA1D	na	0.0	0.0	0.0	0.0	0.0	0.0	0.0
CHDH	na	0.0	0.0	0.0	0.0	0.0	0.0	0.0
IL17RB	na	0.0	0.0	0.0	0.0	0.0	0.0	0.0
AC012467.2	na	0.0	0.0	0.0	0.0	0.0	0.0	0.0
ACTR8	na	0.0	0.0	0.0	0.0	0.0	0.0	0.0
SELENOK	na	0.08428554832778833	0.04455856820883644	0.11124597034642147	0.14893250096544003	0.08576530603190018	0.07346370606360657	0.09144409902077832
CACNA2D3	na	0.0	0.0	0.0	0.0	0.0	0.0	0.0
WNT5A	na	0.0	0.0	0.0	0.0	0.0	0.0	0.0
CCDC66	na	0.0	0.0	0.0	0.0	0.0	0.0	0.0
FAM208A	na	0.0	0.0	0.0	0.0	0.0	0.0	0.0
ARHGEF3	na	0.0	0.0	0.0	0.0	0.0	0.0	0.0
IL17RD	na	0.0	0.0	0.0	0.0	0.0	0.0	0.0
HESX1	na	0.0	0.0	0.0	0.0	0.0	0.0	0.0
APPL1	na	0.0	0.0	0.0	0.0	0.0	0.0	0.0
DNAH12	na	0.0	0.0	0.0	0.0	0.0	0.0	0.0
PDE12	na	0.0	0.0	0.0	0.0	0.0	0.0	0.0
ARF4	na	0.08464631929797305	0.035878189585831985	0.12620125094984833	0.16854076908435978	0.09380323282066967	0.08478948465090429	0.11897889847940006
ARF4-AS1	na	0.0	0.0	0.0	0.0	0.0	0.0	0.0
DENND6A	na	0.0	0.0	0.0	0.0	0.0	0.0	0.0
SLMAP	na	0.0	0.0	0.0	0.0	0.0	0.0	0.0
FLNB	na	0.07658461709965718	2.3310277018471738e-17	0.1420936899842413	0.15426796901390027	0.09450840538586591	0.01304734934065361	0.04701696044800643
ABHD6	na	0.0	0.0	0.0	0.0	0.0	0.0	0.0
RPP14	na	0.0	0.0	0.0	0.0	0.0	0.0	0.0
PXK	na	0.0	0.0	0.0	0.0	0.0	0.0	0.0
PDHB	na	0.0	0.0	0.0	0.0	0.0	0.0	0.0
KCTD6	na	0.0	0.0	0.0	0.0	0.0	0.0	0.0
ACOX2	na	0.09187186438078006	0.09637747901894343	0.12708194814155463	0.13777400129736742	0.10521346668253335	0.10023784100907933	0.15203878105594318
C3orf67	na	0.0	0.0	0.0	0.0	0.0	0.0	0.0
PTPRG	na	0.0	0.0	0.0	0.0	0.0	0.0	0.0
C3orf14	na	0.0	0.0	0.0	0.0	0.0	0.0	0.0
THOC7	na	0.0	0.0	0.0	0.0	0.0	0.0	0.0
ATXN7	na	0.0	0.0	0.0	0.0	0.0	0.0	0.0
PSMD6	na	0.0	0.0	0.0	0.0	0.0	0.0	0.0
PRICKLE2	na	0.0	0.0	0.0	0.0	0.0	0.0	0.0
ADAMTS9	na	0.0	0.0	0.0	0.0	0.0	0.0	0.0
MAGI1	na	0.0	0.0	0.0	0.0	0.0	0.0	0.0
SLC25A26	na	0.0	0.0	0.0	0.0	0.0	0.0	0.0
LRIG1	na	0.0	0.0	0.0	0.0	0.0	0.0	0.0
SUCLG2	na	0.0	0.0	0.0	0.0	0.0	0.0	0.0
EOGT	na	0.0	0.0	0.0	0.0	0.0	0.0	0.0
TMF1	na	0.0	0.0	0.0	0.0	0.0	0.0	0.0
UBA3	na	0.0	0.0	0.0	0.0	0.0	0.0	0.0
ARL6IP5	na	0.05366606749713832	2.3183141732926265e-12	0.12554267187404447	0.15107073451430247	0.0863198467454011	0.028152387499335386	0.06201781660892871
FRMD4B	na	0.0	0.0	0.0	0.0	0.0	0.0	0.0
MITF	na	0.0	0.0	0.0	0.0	0.0	0.0	0.0
FOXP1	na	0.0	0.0	0.0	0.0	0.0	0.0	0.0
EIF4E3	na	0.0	0.0	0.0	0.0	0.0	0.0	0.0
RYBP	na	0.0	0.0	0.0	0.0	0.0	0.0	0.0
SHQ1	na	0.0	0.0	0.0	0.0	0.0	0.0	0.0
GXYLT2	na	0.0	0.0	0.0	0.0	0.0	0.0	0.0
PPP4R2	na	0.0	0.0	0.0	0.0	0.0	0.0	0.0
PDZRN3	na	0.0	0.0	0.0	0.0	0.0	0.0	0.0
LINC02018	na	0.0	0.0	0.0	0.0	0.0	0.0	0.0
ZNF717	na	0.0	0.0	0.0	0.0	0.0	0.0	0.0
ROBO1	na	0.0	0.0	0.0	0.0	0.0	0.0	0.0
GBE1	na	0.0	0.0	0.0	0.0	0.0	0.0	0.0
VGLL3	na	0.0	0.0	0.0	0.0	0.0	0.0	0.0
CHMP2B	na	0.0	0.0	0.0	0.0	0.0	0.0	0.0
CGGBP1	na	0.0	0.0	0.0	0.0	0.0	0.0	0.0
ZNF654	na	0.0	0.0	0.0	0.0	0.0	0.0	0.0
C3orf38	na	0.0	0.0	0.0	0.0	0.0	0.0	0.0
PROS1	na	0.0	0.0	0.0	0.0	0.0	0.0	0.0
ARL13B	na	0.0	0.0	0.0	0.0	0.0	0.0	0.0
DHFR2	na	0.0	0.0	0.0	0.0	0.0	0.0	0.0
NSUN3	na	0.0	0.0	0.0	0.0	0.0	0.0	0.0
MTRNR2L12	na	0.0	0.0	0.0	0.0	0.0	0.0	0.0
ARL6	na	0.0	0.0	0.0	0.0	0.0	0.0	0.0
CRYBG3	na	0.0	0.0	0.0	0.0	0.0	0.0	0.0
RIOX2	na	0.0	0.0	0.0	0.0	0.0	0.0	0.0
CLDND1	na	0.0	0.0	0.0	0.0	0.0	0.0	0.0
CPOX	na	0.0	0.0	0.0	0.0	0.0	0.0	0.0
ST3GAL6	na	0.0	0.0	0.0	0.0	0.0	0.0	0.0
DCBLD2	na	0.0	0.0	0.0	0.0	0.0	0.0	0.0
COL8A1	na	0.0	0.0	0.0	0.0	0.0	0.0	0.0
CMSS1	na	0.0	0.0	0.0	0.0	0.0	0.0	0.0
FILIP1L	na	0.0	0.0	0.0	0.0	0.0	0.0	0.0
TBC1D23	na	0.0	0.0	0.0	0.0	0.0	0.0	0.0
NIT2	na	0.0	0.0	0.0	0.0	0.0	0.0	0.0
TOMM70	na	0.0	0.0	0.0	0.0	0.0	0.0	0.0
TMEM45A	na	0.0	0.0	0.0	0.0	0.0	0.0	0.0
TFG	na	0.0	0.0	0.0	0.0	0.0	0.0	0.0
SENP7	na	0.0	0.0	0.0	0.0	0.0	0.0	0.0
TRMT10C	na	0.0	0.0	0.0	0.0	0.0	0.0	0.0
PCNP	na	0.0	0.0	0.0	0.0	0.0	0.0	0.0
ZBTB11	na	0.0	0.0	0.0	0.0	0.0	0.0	0.0
ZBTB11-AS1	na	0.0	0.0	0.0	0.0	0.0	0.0	0.0
RPL24	na	0.6227005854950353	1.059439152654553	0.44108946676020677	0.43378372910486657	0.4646578616762464	0.7820254350403348	1.1519507282784773
CEP97	na	0.0	0.0	0.0	0.0	0.0	0.0	0.0
NXPE3	na	0.0	0.0	0.0	0.0	0.0	0.0	0.0
NFKBIZ	na	0.0822913163238824	5.5170990839836054e-15	0.16842319850483348	0.22153167948137364	0.11634936531337403	0.011651779004265027	0.07578141251107265
AC106712.1	na	0.0	0.0	0.0	0.0	0.0	0.0	0.0
ZPLD1	na	0.0	0.0	0.0	0.0	0.0	0.0	0.0
ALCAM	na	0.0	0.0	0.0	0.0	0.0	0.0	0.0
CBLB	na	0.0	0.0	0.0	0.0	0.0	0.0	0.0
BBX	na	0.0	0.0	0.0	0.0	0.0	0.0	0.0
CD47	na	0.05434530517689469	4.968100498588541e-12	0.10393466172964326	0.1367653051540361	0.0788193689013581	0.02540050629141498	0.07129266340147021
IFT57	na	0.0	0.0	0.0	0.0	0.0	0.0	0.0
CIP2A	na	0.0	0.0	0.0	0.0	0.0	0.0	0.0
DZIP3	na	0.0	0.0	0.0	0.0	0.0	0.0	0.0
CD96	na	0.0	0.0	0.0	0.0	0.0	0.0	0.0
PHLDB2	na	0.0	0.0	0.0	0.0	0.0	0.0	0.0
ABHD10	na	0.0	0.0	0.0	0.0	0.0	0.0	0.0
C3orf52	na	0.0	0.0	0.0	0.0	0.0	0.0	0.0
AC128688.2	na	0.0	0.0	0.0	0.0	0.0	0.0	0.0
CD200	na	0.0	0.0	0.0	0.0	0.0	0.0	0.0
ATG3	na	0.0	0.0	0.0	0.0	0.0	0.0	0.0
SLC35A5	na	0.0	0.0	0.0	0.0	0.0	0.0	0.0
CCDC80	na	0.0	0.0	0.0	0.0	0.0	0.0	0.0
GTPBP8	na	0.0	0.0	0.0	0.0	0.0	0.0	0.0
NEPRO	na	0.0	0.0	0.0	0.0	0.0	0.0	0.0
BOC	na	0.0	0.0	0.0	0.0	0.0	0.0	0.0
CFAP44	na	0.0	0.0	0.0	0.0	0.0	0.0	0.0
SPICE1	na	0.0	0.0	0.0	0.0	0.0	0.0	0.0
SIDT1	na	0.0	0.0	0.0	0.0	0.0	0.0	0.0
USF3	na	0.0	0.0	0.0	0.0	0.0	0.0	0.0
NAA50	na	0.0	0.0	0.0	0.0	0.0	0.0	0.0
AC108693.2	na	0.0	0.0	0.0	0.0	0.0	0.0	0.0
ATP6V1A	na	0.0	0.0	0.0	0.0	0.0	0.0	0.0
GRAMD1C	na	0.0	0.0	0.0	0.0	0.0	0.0	0.0
ZDHHC23	na	0.0	0.0	0.0	0.0	0.0	0.0	0.0
CCDC191	na	0.0	0.0	0.0	0.0	0.0	0.0	0.0
QTRT2	na	0.0	0.0	0.0	0.0	0.0	0.0	0.0
TIGIT	na	0.0	0.0	0.0	0.0	0.0	0.0	0.0
ZBTB20	na	0.0	0.0	0.0	0.0	0.0	0.0	0.0
UPK1B	na	0.0	0.0	0.0	0.0	0.0	0.0	0.0
B4GALT4	na	0.0	0.0	0.0	0.0	0.0	0.0	0.0
ARHGAP31	na	0.0	0.0	0.0	0.0	0.0	0.0	0.0
TMEM39A	na	0.0	0.0	0.0	0.0	0.0	0.0	0.0
POGLUT1	na	0.0	0.0	0.0	0.0	0.0	0.0	0.0
TIMMDC1	na	0.0	0.0	0.0	0.0	0.0	0.0	0.0
CD80	na	0.0	0.0	0.0	0.0	0.0	0.0	0.0
ADPRH	na	0.0	0.0	0.0	0.0	0.0	0.0	0.0
POPDC2	na	0.0	0.0	0.0	0.0	0.0	0.0	0.0
COX17	na	0.13285656792539421	0.11925142532499004	0.1762680319223317	0.22991768547129277	0.1365797992754157	0.11335202881172418	0.1468057927643126
GSK3B	na	0.0	0.0	0.0	0.0	0.0	0.0	0.0
LRRC58	na	0.0	0.0	0.0	0.0	0.0	0.0	0.0
FSTL1	na	0.0	0.0	0.0	0.0	0.0	0.0	0.0
NDUFB4	na	0.21894253934502533	0.3073423041345006	0.20183698039079642	0.17246444529518798	0.1807535467976947	0.2601475022334297	0.35453739817710156
HGD	na	0.0	0.0	0.0	0.0	0.0	0.0	0.0
RABL3	na	0.0	0.0	0.0	0.0	0.0	0.0	0.0
GTF2E1	na	0.0	0.0	0.0	0.0	0.0	0.0	0.0
POLQ	na	0.0	0.0	0.0	0.0	0.0	0.0	0.0
HCLS1	na	0.0	0.0	0.0	0.0	0.0	0.0	0.0
GOLGB1	na	0.05669182738520392	3.575996551945664e-18	0.1144420563505085	0.1415274474825142	0.0852191101247507	0.011364667524177504	0.044304743171641126
IQCB1	na	0.0	0.0	0.0	0.0	0.0	0.0	0.0
EAF2	na	0.0	0.0	0.0	0.0	0.0	0.0	0.0
SLC15A2	na	0.0	0.0	0.0	0.0	0.0	0.0	0.0
ILDR1	na	0.0	0.0	0.0	0.0	0.0	0.0	0.0
CD86	na	0.0	0.0	0.0	0.0	0.0	0.0	0.0
CSTA	na	0.0	0.0	0.0	0.0	0.0	0.0	0.0
CCDC58	na	0.0	0.0	0.0	0.0	0.0	0.0	0.0
FAM162A	na	0.0	0.0	0.0	0.0	0.0	0.0	0.0
WDR5B	na	0.0	0.0	0.0	0.0	0.0	0.0	0.0
AC083798.2	na	0.0	0.0	0.0	0.0	0.0	0.0	0.0
KPNA1	na	0.0	0.0	0.0	0.0	0.0	0.0	0.0
PARP9	na	0.0	0.0	0.0	0.0	0.0	0.0	0.0
DTX3L	na	0.0	0.0	0.0	0.0	0.0	0.0	0.0
PARP14	na	0.0	0.0	0.0	0.0	0.0	0.0	0.0
HSPBAP1	na	0.0	0.0	0.0	0.0	0.0	0.0	0.0
DIRC2	na	0.0	0.0	0.0	0.0	0.0	0.0	0.0
LINC02035	na	0.0	0.0	0.0	0.0	0.0	0.0	0.0
PDIA5	na	0.0	0.0	0.0	0.0	0.0	0.0	0.0
SEC22A	na	0.0	0.0	0.0	0.0	0.0	0.0	0.0
ADCY5	na	0.0	0.0	0.0	0.0	0.0	0.0	0.0
HACD2	na	0.0	0.0	0.0	0.0	0.0	0.0	0.0
MYLK-AS1	na	0.0	0.0	0.0	0.0	0.0	0.0	0.0
MYLK	na	0.0	0.0	0.0	0.0	0.0	0.0	0.0
CCDC14	na	0.0	0.0	0.0	0.0	0.0	0.0	0.0
KALRN	na	0.0	0.0	0.0	0.0	0.0	0.0	0.0
UMPS	na	0.0	0.0	0.0	0.0	0.0	0.0	0.0
ITGB5	na	0.05415446448277059	1.984424770383959e-15	0.11308377345469298	0.12237699676792266	0.07922280161014193	0.013880602975791873	0.04393608412070309
HEG1	na	0.0	0.0	0.0	0.0	0.0	0.0	0.0
SLC12A8	na	0.0	0.0	0.0	0.0	0.0	0.0	0.0
ZNF148	na	0.0	0.0	0.0	0.0	0.0	0.0	0.0
SNX4	na	0.0	0.0	0.0	0.0	0.0	0.0	0.0
OSBPL11	na	0.0	0.0	0.0	0.0	0.0	0.0	0.0
ALG1L	na	0.0	0.0	0.0	0.0	0.0	0.0	0.0
SLC41A3	na	0.0	0.0	0.0	0.0	0.0	0.0	0.0
KLF15	na	0.0	0.0	0.0	0.0	0.0	0.0	0.0
ZXDC	na	0.0	0.0	0.0	0.0	0.0	0.0	0.0
CHST13	na	0.0	0.0	0.0	0.0	0.0	0.0	0.0
TXNRD3	na	0.0	0.0	0.0	0.0	0.0	0.0	0.0
CHCHD6	na	0.0	0.0	0.0	0.0	0.0	0.0	0.0
PLXNA1	na	0.0	0.0	0.0	0.0	0.0	0.0	0.0
TPRA1	na	0.0	0.0	0.0	0.0	0.0	0.0	0.0
MCM2	na	0.0	0.0	0.0	0.0	0.0	0.0	0.0
PODXL2	na	0.06048710041542962	2.670741349563719e-17	0.1310853390609852	0.13603501758414258	0.08517599999981333	0.02051207306710913	0.057240848191041686
ABTB1	na	0.0	0.0	0.0	0.0	0.0	0.0	0.0
MGLL	na	0.09185713459936763	1.2973237386578862e-20	0.1498535233740489	0.1702385407904641	0.09453797183528302	0.03107630246034491	0.08924467195777899
SEC61A1	na	0.06235122675875866	3.2849371722580976e-25	0.16744089041965224	0.20472822844962218	0.10712708220099193	3.682301493419217e-15	0.06853830775774686
RUVBL1	na	0.0	0.0	0.0	0.0	0.0	0.0	0.0
EEFSEC	na	0.0	0.0	0.0	0.0	0.0	0.0	0.0
GATA2	na	0.0	0.0	0.0	0.0	0.0	0.0	0.0
GATA2-AS1	na	0.0	0.0	0.0	0.0	0.0	0.0	0.0
RPN1	na	0.07512666409353015	1.2749883924981794e-14	0.1812472402953028	0.2162164376326263	0.1142947555787715	0.04502257671972996	0.09824557867061631
RAB7A	na	0.08297383150285247	5.220514959314736e-15	0.13677370587800305	0.1645288588198952	0.09290943468612549	0.04548689615558051	0.06974291281870881
ACAD9	na	0.0	0.0	0.0	0.0	0.0	0.0	0.0
KIAA1257	na	0.0	0.0	0.0	0.0	0.0	0.0	0.0
EFCC1	na	0.0	0.0	0.0	0.0	0.0	0.0	0.0
RAB43	na	0.0	0.0	0.0	0.0	0.0	0.0	0.0
ISY1	na	0.0	0.0	0.0	0.0	0.0	0.0	0.0
AC108673.3	na	0.0	0.0	0.0	0.0	0.0	0.0	0.0
CNBP	na	0.0788781833079855	0.028267232723434673	0.12558335082518082	0.1661270048139844	0.09283881137901769	0.03776295405019249	0.0987728993597335
COPG1	na	0.05866465324087643	3.691718576804556e-19	0.13287848727821452	0.14564573875342007	0.08596063698227649	0.019651965050304362	0.06665075077267868
HMCES	na	0.0	0.0	0.0	0.0	0.0	0.0	0.0
H1FX	na	0.1684100533172333	0.029834037992870516	0.33282397420181103	0.2910435962363835	0.20009087686770116	0.09573499431677115	0.2264212681487286
H1FX-AS1	na	0.0	0.0	0.0	0.0	0.0	0.0	0.0
EFCAB12	na	0.0	0.0	0.0	0.0	0.0	0.0	0.0
MBD4	na	0.0	0.0	0.0	0.0	0.0	0.0	0.0
IFT122	na	0.07966471493430342	0.0008020607874536758	0.13789696699100293	0.17603051787181917	0.09755367829440394	0.004882943933649994	0.06527567626868659
PLXND1	na	0.05152379527292687	0.007293133682966409	0.11985099569071274	0.13374490467954225	0.08391324053324922	0.015806550353600984	0.07743864575505706
TMCC1	na	0.0	0.0	0.0	0.0	0.0	0.0	0.0
PIK3R4	na	0.0	0.0	0.0	0.0	0.0	0.0	0.0
ATP2C1	na	0.0	0.0	0.0	0.0	0.0	0.0	0.0
ASTE1	na	0.0	0.0	0.0	0.0	0.0	0.0	0.0
NEK11	na	0.0	0.0	0.0	0.0	0.0	0.0	0.0
NUDT16	na	0.0	0.0	0.0	0.0	0.0	0.0	0.0
MRPL3	na	0.05334836224921087	0.0014021433620318546	0.10624346298776663	0.1391346998369434	0.07261066819147305	0.03964905286052608	0.07436409758482573
ACPP	na	0.0	0.0	0.0	0.0	0.0	0.0	0.0
DNAJC13	na	0.0	0.0	0.0	0.0	0.0	0.0	0.0
UBA5	na	0.0	0.0	0.0	0.0	0.0	0.0	0.0
NPHP3	na	0.0	0.0	0.0	0.0	0.0	0.0	0.0
BFSP2	na	0.0	0.0	0.0	0.0	0.0	0.0	0.0
CDV3	na	0.05726566682125497	2.1343213670048897e-06	0.11098395218496451	0.13163448924485863	0.08172818844494548	0.015487334170479084	0.04123554042987967
TOPBP1	na	0.0	0.0	0.0	0.0	0.0	0.0	0.0
SRPRB	na	0.0	0.0	0.0	0.0	0.0	0.0	0.0
RAB6B	na	0.0	0.0	0.0	0.0	0.0	0.0	0.0
SLCO2A1	na	0.0	0.0	0.0	0.0	0.0	0.0	0.0
RYK	na	0.0	0.0	0.0	0.0	0.0	0.0	0.0
AMOTL2	na	0.0	0.0	0.0	0.0	0.0	0.0	0.0
ANAPC13	na	0.0	0.0	0.0	0.0	0.0	0.0	0.0
CEP63	na	0.0	0.0	0.0	0.0	0.0	0.0	0.0
PPP2R3A	na	0.0	0.0	0.0	0.0	0.0	0.0	0.0
MSL2	na	0.0	0.0	0.0	0.0	0.0	0.0	0.0
PCCB	na	0.0	0.0	0.0	0.0	0.0	0.0	0.0
STAG1	na	0.0	0.0	0.0	0.0	0.0	0.0	0.0
SLC35G2	na	0.0	0.0	0.0	0.0	0.0	0.0	0.0
AC096992.2	na	0.0	0.0	0.0	0.0	0.0	0.0	0.0
NCK1-DT	na	0.0	0.0	0.0	0.0	0.0	0.0	0.0
NCK1	na	0.0	0.0	0.0	0.0	0.0	0.0	0.0
IL20RB	na	0.0	0.0	0.0	0.0	0.0	0.0	0.0
DBR1	na	0.0	0.0	0.0	0.0	0.0	0.0	0.0
ARMC8	na	0.0	0.0	0.0	0.0	0.0	0.0	0.0
MRAS	na	0.0	0.0	0.0	0.0	0.0	0.0	0.0
ESYT3	na	0.0	0.0	0.0	0.0	0.0	0.0	0.0
CEP70	na	0.0	0.0	0.0	0.0	0.0	0.0	0.0
FAIM	na	0.0	0.0	0.0	0.0	0.0	0.0	0.0
PIK3CB	na	0.0	0.0	0.0	0.0	0.0	0.0	0.0
MRPS22	na	0.0	0.0	0.0	0.0	0.0	0.0	0.0
COPB2	na	0.06288963259672596	0.026559966026583372	0.11861470529592169	0.13977649968092695	0.08250400882857202	0.0581730701855045	0.09443418896124181
AC097103.2	na	0.0	0.0	0.0	0.0	0.0	0.0	0.0
RBP1	na	0.23088885523047667	0.08680221578383647	0.30505839727907874	0.1863709125955685	0.18063815321728752	1.7174613167430401e-15	0.27759710322660647
CLSTN2	na	0.0	0.0	0.0	0.0	0.0	0.0	0.0
SLC25A36	na	0.0	0.0	0.0	0.0	0.0	0.0	0.0
SPSB4	na	0.0	0.0	0.0	0.0	0.0	0.0	0.0
PXYLP1	na	0.0	0.0	0.0	0.0	0.0	0.0	0.0
ZBTB38	na	0.0	0.0	0.0	0.0	0.0	0.0	0.0
RASA2	na	0.0	0.0	0.0	0.0	0.0	0.0	0.0
RNF7	na	0.0800688420552807	0.03305095521245687	0.12479321020021375	0.1469241998812567	0.09127583092450098	0.05536357437692597	0.09174522680586938
ATP1B3	na	0.06561679311704684	0.01323612144623584	0.10785879795273921	0.13329716276609682	0.08268436934921779	0.03851680887792038	0.04739516184559246
TFDP2	na	0.0	0.0	0.0	0.0	0.0	0.0	0.0
GK5	na	0.0	0.0	0.0	0.0	0.0	0.0	0.0
XRN1	na	0.0	0.0	0.0	0.0	0.0	0.0	0.0
ATR	na	0.0	0.0	0.0	0.0	0.0	0.0	0.0
PLS1	na	0.0	0.0	0.0	0.0	0.0	0.0	0.0
U2SURP	na	0.0	0.0	0.0	0.0	0.0	0.0	0.0
AC026304.1	na	0.0	0.0	0.0	0.0	0.0	0.0	0.0
CHST2	na	0.0	0.0	0.0	0.0	0.0	0.0	0.0
SLC9A9	na	0.0	0.0	0.0	0.0	0.0	0.0	0.0
C3orf58	na	0.0	0.0	0.0	0.0	0.0	0.0	0.0
PLOD2	na	0.0	0.0	0.0	0.0	0.0	0.0	0.0
PLSCR4	na	0.0	0.0	0.0	0.0	0.0	0.0	0.0
PLSCR1	na	0.0	0.0	0.0	0.0	0.0	0.0	0.0
CPB1	na	0.0	0.0	0.0	0.0	0.0	0.0	0.0
GYG1	na	0.0	0.0	0.0	0.0	0.0	0.0	0.0
HLTF	na	0.0	0.0	0.0	0.0	0.0	0.0	0.0
HPS3	na	0.0	0.0	0.0	0.0	0.0	0.0	0.0
CP	na	0.0	0.0	0.0	0.0	0.0	0.0	0.0
AC093001.1	na	0.12189808117065536	0.048590574636219214	0.12634549871876963	0.11453350381559693	0.08895759479898747	0.04054506037733633	0.12161710928942987
TM4SF18	na	0.0	0.0	0.0	0.0	0.0	0.0	0.0
TM4SF1	na	0.0	0.0	0.0	0.0	0.0	0.0	0.0
TM4SF1-AS1	na	0.0	0.0	0.0	0.0	0.0	0.0	0.0
WWTR1	na	0.0	0.0	0.0	0.0	0.0	0.0	0.0
COMMD2	na	0.0	0.0	0.0	0.0	0.0	0.0	0.0
RNF13	na	0.0	0.0	0.0	0.0	0.0	0.0	0.0
PFN2	na	0.0	0.0	0.0	0.0	0.0	0.0	0.0
LINC01213	na	0.0	0.0	0.0	0.0	0.0	0.0	0.0
LINC01214	na	0.0	0.0	0.0	0.0	0.0	0.0	0.0
TSC22D2	na	0.0	0.0	0.0	0.0	0.0	0.0	0.0
SERP1	na	0.09210709201111254	0.03006772335393255	0.15320626033250645	0.1928587142762869	0.1025921356168471	0.05897286528976431	0.1038482359913979
EIF2A	na	0.0	0.0	0.0	0.0	0.0	0.0	0.0
SELENOT	na	0.06478872237065111	0.001992134931795772	0.11998861183511104	0.12108426634778169	0.07329245963734476	0.028430050683856456	0.0480841861900246
ERICH6-AS1	na	0.0	0.0	0.0	0.0	0.0	0.0	0.0
SIAH2	na	0.0	0.0	0.0	0.0	0.0	0.0	0.0
P2RY13	na	0.0	0.0	0.0	0.0	0.0	0.0	0.0
SUCNR1	na	0.0	0.0	0.0	0.0	0.0	0.0	0.0
MBNL1	na	0.0	0.0	0.0	0.0	0.0	0.0	0.0
MBNL1-AS1	na	0.0	0.0	0.0	0.0	0.0	0.0	0.0
RAP2B	na	0.0	0.0	0.0	0.0	0.0	0.0	0.0
ARHGEF26	na	0.0	0.0	0.0	0.0	0.0	0.0	0.0
DHX36	na	0.0	0.0	0.0	0.0	0.0	0.0	0.0
MME	na	0.0	0.0	0.0	0.0	0.0	0.0	0.0
PLCH1	na	0.0	0.0	0.0	0.0	0.0	0.0	0.0
C3orf33	na	0.0	0.0	0.0	0.0	0.0	0.0	0.0
SLC33A1	na	0.0	0.0	0.0	0.0	0.0	0.0	0.0
GMPS	na	0.0	0.0	0.0	0.0	0.0	0.0	0.0
AC084036.1	na	0.0	0.0	0.0	0.0	0.0	0.0	0.0
SSR3	na	0.07229551383159433	0.005358427811716653	0.13102935311854672	0.14638812764940076	0.08765827831105151	0.04214174630216186	0.06290474543824677
TIPARP-AS1	na	0.0	0.0	0.0	0.0	0.0	0.0	0.0
TIPARP	na	0.0	0.0	0.0	0.0	0.0	0.0	0.0
LINC00886	na	0.0	0.0	0.0	0.0	0.0	0.0	0.0
LEKR1	na	0.0	0.0	0.0	0.0	0.0	0.0	0.0
CCNL1	na	0.0	0.0	0.0	0.0	0.0	0.0	0.0
SHOX2	na	0.0	0.0	0.0	0.0	0.0	0.0	0.0
RSRC1	na	0.0	0.0	0.0	0.0	0.0	0.0	0.0
AC106707.1	na	0.0	0.0	0.0	0.0	0.0	0.0	0.0
MLF1	na	0.0	0.0	0.0	0.0	0.0	0.0	0.0
GFM1	na	0.0	0.0	0.0	0.0	0.0	0.0	0.0
LXN	na	0.0	0.0	0.0	0.0	0.0	0.0	0.0
AC080013.6	na	0.0	0.0	0.0	0.0	0.0	0.0	0.0
RARRES1	na	0.0	0.0	0.0	0.0	0.0	0.0	0.0
MFSD1	na	0.0	0.0	0.0	0.0	0.0	0.0	0.0
C3orf80	na	0.0	0.0	0.0	0.0	0.0	0.0	0.0
IFT80	na	0.0	0.0	0.0	0.0	0.0	0.0	0.0
SMC4	na	0.0	0.0	0.0	0.0	0.0	0.0	0.0
TRIM59	na	0.0	0.0	0.0	0.0	0.0	0.0	0.0
KPNA4	na	0.05538331942138973	3.884874953698249e-16	0.11322994586240177	0.11979757875029227	0.07654055037580354	0.02208201782481123	0.041962137578123476
PPM1L	na	0.0	0.0	0.0	0.0	0.0	0.0	0.0
B3GALNT1	na	0.0	0.0	0.0	0.0	0.0	0.0	0.0
NMD3	na	0.0	0.0	0.0	0.0	0.0	0.0	0.0
SPTSSB	na	0.0	0.0	0.0	0.0	0.0	0.0	0.0
PDCD10	na	0.0	0.0	0.0	0.0	0.0	0.0	0.0
SERPINI1	na	0.0	0.0	0.0	0.0	0.0	0.0	0.0
GOLIM4	na	0.0	0.0	0.0	0.0	0.0	0.0	0.0
MECOM	na	0.0	0.0	0.0	0.0	0.0	0.0	0.0
MYNN	na	0.0	0.0	0.0	0.0	0.0	0.0	0.0
SEC62	na	0.06372843037642768	0.002358871511829237	0.10236015243655794	0.11621473905774325	0.07481722673088569	0.04172521562838043	0.0645283506999721
GPR160	na	0.0	0.0	0.0	0.0	0.0	0.0	0.0
PHC3	na	0.0	0.0	0.0	0.0	0.0	0.0	0.0
AC008040.5	na	0.0	0.0	0.0	0.0	0.0	0.0	0.0
PRKCI	na	0.0	0.0	0.0	0.0	0.0	0.0	0.0
SKIL	na	0.0	0.0	0.0	0.0	0.0	0.0	0.0
CLDN11	na	0.0	0.0	0.0	0.0	0.0	0.0	0.0
RPL22L1	na	0.06615902520823909	0.023162831977097474	0.08435854776894304	0.11317041873093849	0.06416712291053582	0.058288837386969744	0.062091147092679634
EIF5A2	na	0.0	0.0	0.0	0.0	0.0	0.0	0.0
TNIK	na	0.0	0.0	0.0	0.0	0.0	0.0	0.0
PLD1	na	0.0	0.0	0.0	0.0	0.0	0.0	0.0
FNDC3B	na	0.0	0.0	0.0	0.0	0.0	0.0	0.0
TNFSF10	na	0.09495257813361029	0.012861119824127161	0.15532292631172984	0.15736862977836313	0.09665953893167556	0.0524795922685304	0.10060937999973812
NCEH1	na	0.0	0.0	0.0	0.0	0.0	0.0	0.0
ECT2	na	0.0	0.0	0.0	0.0	0.0	0.0	0.0
NAALADL2	na	0.0	0.0	0.0	0.0	0.0	0.0	0.0
LINC01208	na	0.0	0.0	0.0	0.0	0.0	0.0	0.0
TBL1XR1	na	0.0	0.0	0.0	0.0	0.0	0.0	0.0
KCNMB2-AS1	na	0.0	0.0	0.0	0.0	0.0	0.0	0.0
ZMAT3	na	0.0	0.0	0.0	0.0	0.0	0.0	0.0
PIK3CA	na	0.0	0.0	0.0	0.0	0.0	0.0	0.0
KCNMB3	na	0.0	0.0	0.0	0.0	0.0	0.0	0.0
ZNF639	na	0.0	0.0	0.0	0.0	0.0	0.0	0.0
MFN1	na	0.0	0.0	0.0	0.0	0.0	0.0	0.0
GNB4	na	0.0	0.0	0.0	0.0	0.0	0.0	0.0
ACTL6A	na	0.0	0.0	0.0	0.0	0.0	0.0	0.0
MRPL47	na	0.0	0.0	0.0	0.0	0.0	0.0	0.0
NDUFB5	na	0.0542071168654155	0.025555937477943484	0.11595082252725372	0.13776966564046497	0.08093737868618271	0.02165686079276704	0.06018131368915201
USP13	na	0.0	0.0	0.0	0.0	0.0	0.0	0.0
TTC14	na	0.0	0.0	0.0	0.0	0.0	0.0	0.0
FXR1	na	0.0	0.0	0.0	0.0	0.0	0.0	0.0
DNAJC19	na	0.07834318649910216	0.0011763176707278394	0.10059036571184286	0.13118005939669306	0.0722337769560399	0.04552231747647166	0.06526712882102247
ATP11B	na	0.0	0.0	0.0	0.0	0.0	0.0	0.0
DCUN1D1	na	0.0	0.0	0.0	0.0	0.0	0.0	0.0
MCCC1	na	0.0	0.0	0.0	0.0	0.0	0.0	0.0
LAMP3	na	0.0	0.0	0.0	0.0	0.0	0.0	0.0
B3GNT5	na	0.0	0.0	0.0	0.0	0.0	0.0	0.0
KLHL6	na	0.0	0.0	0.0	0.0	0.0	0.0	0.0
KLHL24	na	0.0	0.0	0.0	0.0	0.0	0.0	0.0
YEATS2	na	0.0	0.0	0.0	0.0	0.0	0.0	0.0
PARL	na	0.0	0.0	0.0	0.0	0.0	0.0	0.0
ABCC5	na	0.0	0.0	0.0	0.0	0.0	0.0	0.0
AC131235.4	na	0.0	0.0	0.0	0.0	0.0	0.0	0.0
AC131235.3	na	0.0	0.0	0.0	0.0	0.0	0.0	0.0
EIF2B5	na	0.05785673513024782	3.941782190692269e-22	0.13018158996012055	0.1663795449622386	0.0852490320671874	0.006207047947267604	0.0572645829238548
DVL3	na	0.0	0.0	0.0	0.0	0.0	0.0	0.0
AP2M1	na	0.10436656263846845	0.05296714512995622	0.14300025202117714	0.20088260504310107	0.11380880763470683	0.07412323102223227	0.12888272838363904
ABCF3	na	0.0	0.0	0.0	0.0	0.0	0.0	0.0
ALG3	na	0.0	0.0	0.0	0.0	0.0	0.0	0.0
EEF1AKMT4	na	0.0	0.0	0.0	0.0	0.0	0.0	0.0
CAMK2N2	na	0.0	0.0	0.0	0.0	0.0	0.0	0.0
PSMD2	na	0.0700144074409264	0.0053963496758883105	0.15471557229563632	0.1758109422262146	0.09782818084908049	0.03691736543430246	0.07386607424511199
EIF4G1	na	0.0852352241846814	2.1260976011078463e-16	0.2357615403014929	0.2338748000055071	0.1322445908698686	1.0545717321236477e-14	0.059580252018814436
FAM131A	na	0.0	0.0	0.0	0.0	0.0	0.0	0.0
CLCN2	na	0.0	0.0	0.0	0.0	0.0	0.0	0.0
POLR2H	na	0.05634200080904326	0.004471845972402444	0.11710613607160174	0.14018416103041811	0.07782271066157917	0.03670304918745274	0.05370524359543343
CHRD	na	0.0	0.0	0.0	0.0	0.0	0.0	0.0
EPHB3	na	0.0	0.0	0.0	0.0	0.0	0.0	0.0
MAGEF1	na	0.0	0.0	0.0	0.0	0.0	0.0	0.0
VPS8	na	0.0	0.0	0.0	0.0	0.0	0.0	0.0
EHHADH	na	0.0	0.0	0.0	0.0	0.0	0.0	0.0
MAP3K13	na	0.0	0.0	0.0	0.0	0.0	0.0	0.0
TMEM41A	na	0.0	0.0	0.0	0.0	0.0	0.0	0.0
LIPH	na	0.0	0.0	0.0	0.0	0.0	0.0	0.0
SENP2	na	0.0	0.0	0.0	0.0	0.0	0.0	0.0
IGF2BP2	na	0.0	0.0	0.0	0.0	0.0	0.0	0.0
TRA2B	na	0.07144861898081453	1.0773017308995523e-15	0.11853556585934444	0.14844896064885163	0.08411868190313385	0.02206956931605944	0.057174799269971606
ETV5	na	0.0	0.0	0.0	0.0	0.0	0.0	0.0
CRYGS	na	0.0	0.0	0.0	0.0	0.0	0.0	0.0
TBCCD1	na	0.0	0.0	0.0	0.0	0.0	0.0	0.0
DNAJB11	na	0.0	0.0	0.0	0.0	0.0	0.0	0.0
KNG1	na	0.0	0.0	0.0	0.0	0.0	0.0	0.0
EIF4A2	na	0.06263290479322037	0.019242152757405085	0.13910840083345724	0.15998686794097283	0.09557557096262902	0.05815520368414791	0.10277061731823679
RFC4	na	0.0	0.0	0.0	0.0	0.0	0.0	0.0
ST6GAL1	na	0.0	0.0	0.0	0.0	0.0	0.0	0.0
RPL39L	na	0.0	0.0	0.0	0.0	0.0	0.0	0.0
RTP4	na	0.0	0.0	0.0	0.0	0.0	0.0	0.0
BCL6	na	0.0	0.0	0.0	0.0	0.0	0.0	0.0
LPP-AS2	na	0.0	0.0	0.0	0.0	0.0	0.0	0.0
LPP	na	0.0	0.0	0.0	0.0	0.0	0.0	0.0
TPRG1	na	0.0	0.0	0.0	0.0	0.0	0.0	0.0
P3H2	na	0.0	0.0	0.0	0.0	0.0	0.0	0.0
CLDN1	na	0.0	0.0	0.0	0.0	0.0	0.0	0.0
IL1RAP	na	0.0	0.0	0.0	0.0	0.0	0.0	0.0
CCDC50	na	0.0	0.0	0.0	0.0	0.0	0.0	0.0
FGF12	na	0.0	0.0	0.0	0.0	0.0	0.0	0.0
MB21D2	na	0.0	0.0	0.0	0.0	0.0	0.0	0.0
HRASLS	na	0.0	0.0	0.0	0.0	0.0	0.0	0.0
ATP13A5	na	0.0	0.0	0.0	0.0	0.0	0.0	0.0
ATP13A4	na	0.0	0.0	0.0	0.0	0.0	0.0	0.0
OPA1	na	0.0	0.0	0.0	0.0	0.0	0.0	0.0
HES1	na	0.06427523049503799	2.890921246610546e-17	0.12596666751424238	0.13248970375358485	0.0878216892723738	0.015941328935239082	0.028671291636633085
LRRC15	na	0.0	0.0	0.0	0.0	0.0	0.0	0.0
ATP13A3	na	0.0	0.0	0.0	0.0	0.0	0.0	0.0
LINC00884	na	0.0	0.0	0.0	0.0	0.0	0.0	0.0
TMEM44-AS1	na	0.0	0.0	0.0	0.0	0.0	0.0	0.0
TMEM44	na	0.0	0.0	0.0	0.0	0.0	0.0	0.0
AC046143.2	na	0.0	0.0	0.0	0.0	0.0	0.0	0.0
LSG1	na	0.0	0.0	0.0	0.0	0.0	0.0	0.0
FAM43A	na	0.0	0.0	0.0	0.0	0.0	0.0	0.0
XXYLT1	na	0.0	0.0	0.0	0.0	0.0	0.0	0.0
ACAP2	na	0.0	0.0	0.0	0.0	0.0	0.0	0.0
PPP1R2	na	0.0	0.0	0.0	0.0	0.0	0.0	0.0
APOD	na	0.42000947107222575	0.2212415079483373	0.8247990096390069	0.33637155356735043	0.4245778964826099	0.02178812977244992	0.7807394044141254
MUC20-OT1	na	0.0	0.0	0.0	0.0	0.0	0.0	0.0
MUC20	na	0.0	0.0	0.0	0.0	0.0	0.0	0.0
TNK2	na	0.0	0.0	0.0	0.0	0.0	0.0	0.0
TFRC	na	0.09409096459636924	0.01198984370728496	0.11889805452365537	0.1525424325613385	0.08926180352100932	0.04499421667850312	0.05516955438368397
LINC00885	na	0.0	0.0	0.0	0.0	0.0	0.0	0.0
PCYT1A	na	0.0	0.0	0.0	0.0	0.0	0.0	0.0
TCTEX1D2	na	0.0	0.0	0.0	0.0	0.0	0.0	0.0
UBXN7	na	0.0	0.0	0.0	0.0	0.0	0.0	0.0
RNF168	na	0.0	0.0	0.0	0.0	0.0	0.0	0.0
WDR53	na	0.0	0.0	0.0	0.0	0.0	0.0	0.0
FBXO45	na	0.0	0.0	0.0	0.0	0.0	0.0	0.0
LINC01063	na	0.0	0.0	0.0	0.0	0.0	0.0	0.0
PIGX	na	0.0	0.0	0.0	0.0	0.0	0.0	0.0
CEP19	na	0.0	0.0	0.0	0.0	0.0	0.0	0.0
PAK2	na	0.07864410054829672	3.1118970852771052e-21	0.11189869570112737	0.13558239663673835	0.08308539647179691	0.020779880176798358	0.048209849149165575
SENP5	na	0.0	0.0	0.0	0.0	0.0	0.0	0.0
NCBP2	na	0.0	0.0	0.0	0.0	0.0	0.0	0.0
NCBP2-AS2	na	0.0	0.0	0.0	0.0	0.0	0.0	0.0
PIGZ	na	0.0	0.0	0.0	0.0	0.0	0.0	0.0
MELTF	na	0.0	0.0	0.0	0.0	0.0	0.0	0.0
MELTF-AS1	na	0.0	0.0	0.0	0.0	0.0	0.0	0.0
DLG1	na	0.0	0.0	0.0	0.0	0.0	0.0	0.0
LINC02012	na	0.0	0.0	0.0	0.0	0.0	0.0	0.0
BDH1	na	0.0	0.0	0.0	0.0	0.0	0.0	0.0
RUBCN	na	0.0	0.0	0.0	0.0	0.0	0.0	0.0
FYTTD1	na	0.0	0.0	0.0	0.0	0.0	0.0	0.0
LRCH3	na	0.0	0.0	0.0	0.0	0.0	0.0	0.0
IQCG	na	0.0	0.0	0.0	0.0	0.0	0.0	0.0
RPL35A	na	1.2393328038714668	2.469394868355578	0.6069983867685095	0.6599974570187555	0.8442275572847284	1.7073693520765212	2.287916749562891
LMLN	na	0.0	0.0	0.0	0.0	0.0	0.0	0.0
ZNF595	na	0.0	0.0	0.0	0.0	0.0	0.0	0.0
ZNF718	na	0.0	0.0	0.0	0.0	0.0	0.0	0.0
ZNF141	na	0.0	0.0	0.0	0.0	0.0	0.0	0.0
ZNF721	na	0.0	0.0	0.0	0.0	0.0	0.0	0.0
PIGG	na	0.0	0.0	0.0	0.0	0.0	0.0	0.0
ATP5ME	na	0.27292248407467695	0.33434933347423584	0.2702303742009987	0.2959355691900574	0.23285602261828436	0.2895003837513325	0.44326786746156716
MYL5	na	0.0	0.0	0.0	0.0	0.0	0.0	0.0
SLC49A3	na	0.0	0.0	0.0	0.0	0.0	0.0	0.0
PCGF3	na	0.0	0.0	0.0	0.0	0.0	0.0	0.0
CPLX1	na	0.0	0.0	0.0	0.0	0.0	0.0	0.0
GAK	na	0.0	0.0	0.0	0.0	0.0	0.0	0.0
TMEM175	na	0.0	0.0	0.0	0.0	0.0	0.0	0.0
DGKQ	na	0.0	0.0	0.0	0.0	0.0	0.0	0.0
SLC26A1	na	0.0	0.0	0.0	0.0	0.0	0.0	0.0
IDUA	na	0.0	0.0	0.0	0.0	0.0	0.0	0.0
FGFRL1	na	0.0	0.0	0.0	0.0	0.0	0.0	0.0
SPON2	na	0.0	0.0	0.0	0.0	0.0	0.0	0.0
CTBP1	na	0.0	0.0	0.0	0.0	0.0	0.0	0.0
CTBP1-DT	na	0.0	0.0	0.0	0.0	0.0	0.0	0.0
MAEA	na	0.0	0.0	0.0	0.0	0.0	0.0	0.0
UVSSA	na	0.0	0.0	0.0	0.0	0.0	0.0	0.0
AC147067.1	na	0.0	0.0	0.0	0.0	0.0	0.0	0.0
SLBP	na	0.0	0.0	0.0	0.0	0.0	0.0	0.0
AC016773.1	na	0.0	0.0	0.0	0.0	0.0	0.0	0.0
TMEM129	na	0.0	0.0	0.0	0.0	0.0	0.0	0.0
TACC3	na	0.0	0.0	0.0	0.0	0.0	0.0	0.0
FGFR3	na	0.0	0.0	0.0	0.0	0.0	0.0	0.0
LETM1	na	0.0	0.0	0.0	0.0	0.0	0.0	0.0
NSD2	na	0.0	0.0	0.0	0.0	0.0	0.0	0.0
NELFA	na	0.0	0.0	0.0	0.0	0.0	0.0	0.0
C4orf48	na	0.07712363160347736	0.021642541230777548	0.1434975515438681	0.14893362128974874	0.10816006545029813	0.15197057515111326	0.09567075490887923
NAT8L	na	0.0	0.0	0.0	0.0	0.0	0.0	0.0
POLN	na	0.0	0.0	0.0	0.0	0.0	0.0	0.0
HAUS3	na	0.0	0.0	0.0	0.0	0.0	0.0	0.0
MXD4	na	0.0	0.0	0.0	0.0	0.0	0.0	0.0
ZFYVE28	na	0.0	0.0	0.0	0.0	0.0	0.0	0.0
RNF4	na	0.0	0.0	0.0	0.0	0.0	0.0	0.0
FAM193A	na	0.0	0.0	0.0	0.0	0.0	0.0	0.0
TNIP2	na	0.0	0.0	0.0	0.0	0.0	0.0	0.0
SH3BP2	na	0.0	0.0	0.0	0.0	0.0	0.0	0.0
ADD1	na	0.0	0.0	0.0	0.0	0.0	0.0	0.0
MFSD10	na	0.0	0.0	0.0	0.0	0.0	0.0	0.0
NOP14-AS1	na	0.0	0.0	0.0	0.0	0.0	0.0	0.0
NOP14	na	0.0	0.0	0.0	0.0	0.0	0.0	0.0
GRK4	na	0.0	0.0	0.0	0.0	0.0	0.0	0.0
HTT	na	0.0	0.0	0.0	0.0	0.0	0.0	0.0
RGS12	na	0.0	0.0	0.0	0.0	0.0	0.0	0.0
DOK7	na	0.0	0.0	0.0	0.0	0.0	0.0	0.0
LRPAP1	na	0.0	0.0	0.0	0.0	0.0	0.0	0.0
AC141928.1	na	0.0	0.0	0.0	0.0	0.0	0.0	0.0
ADRA2C	na	0.0	0.0	0.0	0.0	0.0	0.0	0.0
TMEM128	na	0.0	0.0	0.0	0.0	0.0	0.0	0.0
LYAR	na	0.0	0.0	0.0	0.0	0.0	0.0	0.0
ZBTB49	na	0.0	0.0	0.0	0.0	0.0	0.0	0.0
STX18	na	0.0	0.0	0.0	0.0	0.0	0.0	0.0
MSX1	na	0.0	0.0	0.0	0.0	0.0	0.0	0.0
STK32B	na	0.0	0.0	0.0	0.0	0.0	0.0	0.0
CRMP1	na	0.0	0.0	0.0	0.0	0.0	0.0	0.0
JAKMIP1	na	0.0	0.0	0.0	0.0	0.0	0.0	0.0
WFS1	na	0.0	0.0	0.0	0.0	0.0	0.0	0.0
PPP2R2C	na	0.0	0.0	0.0	0.0	0.0	0.0	0.0
MAN2B2	na	0.0	0.0	0.0	0.0	0.0	0.0	0.0
MRFAP1	na	0.08096861275032224	0.0069688949136300984	0.1451634519859311	0.16669609369444424	0.10028931366380682	0.03789122258127929	0.08753367630651397
LINC02482	na	0.0	0.0	0.0	0.0	0.0	0.0	0.0
AC093323.1	na	0.0	0.0	0.0	0.0	0.0	0.0	0.0
S100P	na	0.0	0.0	0.0	0.0	0.0	0.0	0.0
MRFAP1L1	na	0.0	0.0	0.0	0.0	0.0	0.0	0.0
BLOC1S4	na	0.0	0.0	0.0	0.0	0.0	0.0	0.0
KIAA0232	na	0.0	0.0	0.0	0.0	0.0	0.0	0.0
TBC1D14	na	0.0	0.0	0.0	0.0	0.0	0.0	0.0
CCDC96	na	0.0	0.0	0.0	0.0	0.0	0.0	0.0
TADA2B	na	0.0	0.0	0.0	0.0	0.0	0.0	0.0
GRPEL1	na	0.0	0.0	0.0	0.0	0.0	0.0	0.0
LINC02447	na	0.0	0.0	0.0	0.0	0.0	0.0	0.0
AFAP1	na	0.0	0.0	0.0	0.0	0.0	0.0	0.0
ABLIM2	na	0.0	0.0	0.0	0.0	0.0	0.0	0.0
SH3TC1	na	0.0	0.0	0.0	0.0	0.0	0.0	0.0
HTRA3	na	0.0	0.0	0.0	0.0	0.0	0.0	0.0
AC104825.1	na	0.0	0.0	0.0	0.0	0.0	0.0	0.0
ACOX3	na	0.0	0.0	0.0	0.0	0.0	0.0	0.0
TRMT44	na	0.0	0.0	0.0	0.0	0.0	0.0	0.0
AC105345.1	na	0.0	0.0	0.0	0.0	0.0	0.0	0.0
HMX1	na	0.0	0.0	0.0	0.0	0.0	0.0	0.0
SLC2A9	na	0.0	0.0	0.0	0.0	0.0	0.0	0.0
WDR1	na	0.0765229934059532	3.1014784869680584e-19	0.14205121043792576	0.17334170593125287	0.09543094397858093	0.028314055006879363	0.07351931968764605
ZNF518B	na	0.0	0.0	0.0	0.0	0.0	0.0	0.0
HS3ST1	na	0.0	0.0	0.0	0.0	0.0	0.0	0.0
RAB28	na	0.0	0.0	0.0	0.0	0.0	0.0	0.0
BOD1L1	na	0.0	0.0	0.0	0.0	0.0	0.0	0.0
LINC00504	na	0.0	0.0	0.0	0.0	0.0	0.0	0.0
CPEB2	na	0.0	0.0	0.0	0.0	0.0	0.0	0.0
CC2D2A	na	0.0	0.0	0.0	0.0	0.0	0.0	0.0
FBXL5	na	0.0	0.0	0.0	0.0	0.0	0.0	0.0
FAM200B	na	0.0	0.0	0.0	0.0	0.0	0.0	0.0
BST1	na	0.0	0.0	0.0	0.0	0.0	0.0	0.0
CD38	na	0.0	0.0	0.0	0.0	0.0	0.0	0.0
PROM1	na	0.0	0.0	0.0	0.0	0.0	0.0	0.0
TAPT1	na	0.0	0.0	0.0	0.0	0.0	0.0	0.0
LDB2	na	0.0	0.0	0.0	0.0	0.0	0.0	0.0
QDPR	na	0.0	0.0	0.0	0.0	0.0	0.0	0.0
LAP3	na	0.0	0.0	0.0	0.0	0.0	0.0	0.0
MED28	na	0.0	0.0	0.0	0.0	0.0	0.0	0.0
DCAF16	na	0.0	0.0	0.0	0.0	0.0	0.0	0.0
NCAPG	na	0.0	0.0	0.0	0.0	0.0	0.0	0.0
LCORL	na	0.0	0.0	0.0	0.0	0.0	0.0	0.0
SLIT2	na	0.0	0.0	0.0	0.0	0.0	0.0	0.0
PACRGL	na	0.0	0.0	0.0	0.0	0.0	0.0	0.0
ADGRA3	na	0.0	0.0	0.0	0.0	0.0	0.0	0.0
PPARGC1A	na	0.0	0.0	0.0	0.0	0.0	0.0	0.0
DHX15	na	0.05276985164559241	6.324077562043563e-17	0.11882901092070948	0.12579816731697888	0.07242282113971732	0.03101801335764069	0.0506612020164717
SOD3	na	0.0	0.0	0.0	0.0	0.0	0.0	0.0
CCDC149	na	0.0	0.0	0.0	0.0	0.0	0.0	0.0
LGI2	na	0.0	0.0	0.0	0.0	0.0	0.0	0.0
SEPSECS	na	0.0	0.0	0.0	0.0	0.0	0.0	0.0
SEPSECS-AS1	na	0.0	0.0	0.0	0.0	0.0	0.0	0.0
PI4K2B	na	0.0	0.0	0.0	0.0	0.0	0.0	0.0
ZCCHC4	na	0.0	0.0	0.0	0.0	0.0	0.0	0.0
ANAPC4	na	0.0	0.0	0.0	0.0	0.0	0.0	0.0
SEL1L3	na	0.0	0.0	0.0	0.0	0.0	0.0	0.0
SMIM20	na	0.0	0.0	0.0	0.0	0.0	0.0	0.0
RBPJ	na	0.0	0.0	0.0	0.0	0.0	0.0	0.0
STIM2	na	0.0	0.0	0.0	0.0	0.0	0.0	0.0
AC106047.1	na	0.0	0.0	0.0	0.0	0.0	0.0	0.0
PCDH7	na	0.0	0.0	0.0	0.0	0.0	0.0	0.0
ARAP2	na	0.0	0.0	0.0	0.0	0.0	0.0	0.0
RELL1	na	0.0	0.0	0.0	0.0	0.0	0.0	0.0
PGM2	na	0.0	0.0	0.0	0.0	0.0	0.0	0.0
TBC1D1	na	0.0	0.0	0.0	0.0	0.0	0.0	0.0
KLF3	na	0.0	0.0	0.0	0.0	0.0	0.0	0.0
TLR1	na	0.0	0.0	0.0	0.0	0.0	0.0	0.0
FAM114A1	na	0.0	0.0	0.0	0.0	0.0	0.0	0.0
KLHL5	na	0.0	0.0	0.0	0.0	0.0	0.0	0.0
WDR19	na	0.0	0.0	0.0	0.0	0.0	0.0	0.0
RFC1	na	0.0	0.0	0.0	0.0	0.0	0.0	0.0
KLB	na	0.0	0.0	0.0	0.0	0.0	0.0	0.0
RPL9	na	0.8136050900226773	1.0546136832624418	0.6927648318563847	0.8748622737638106	0.6625641283575918	0.8150386158595135	1.2744441192384157
LIAS	na	0.0	0.0	0.0	0.0	0.0	0.0	0.0
UGDH	na	0.06342671122830758	2.7258579731761095e-17	0.16229625427897393	0.18612770445092294	0.10487715020084624	3.1731612087024858e-15	0.0392307432838233
SMIM14	na	0.07887505673721644	0.0023280063695059507	0.1558657502359465	0.18099310522360135	0.10487567274309918	0.0765401192882026	0.08416356574239832
AC108471.2	na	0.0	0.0	0.0	0.0	0.0	0.0	0.0
UBE2K	na	0.06263723696968072	5.3228765533780074e-17	0.11189461297822723	0.13598002554534402	0.07511824837772599	0.023760998047531956	0.05451932196176432
PDS5A	na	0.0	0.0	0.0	0.0	0.0	0.0	0.0
N4BP2	na	0.0	0.0	0.0	0.0	0.0	0.0	0.0
RHOH	na	0.0	0.0	0.0	0.0	0.0	0.0	0.0
RBM47	na	0.0844626916723943	1.187802149810767e-19	0.13137667038009643	0.18129467666875054	0.09957681772281489	0.009803609503108832	0.06145411060433291
NSUN7	na	0.0	0.0	0.0	0.0	0.0	0.0	0.0
APBB2	na	0.0	0.0	0.0	0.0	0.0	0.0	0.0
UCHL1	na	0.0	0.0	0.0	0.0	0.0	0.0	0.0
LIMCH1	na	0.0	0.0	0.0	0.0	0.0	0.0	0.0
TMEM33	na	0.0	0.0	0.0	0.0	0.0	0.0	0.0
DCAF4L1	na	0.0	0.0	0.0	0.0	0.0	0.0	0.0
SLC30A9	na	0.0	0.0	0.0	0.0	0.0	0.0	0.0
ATP8A1	na	0.0	0.0	0.0	0.0	0.0	0.0	0.0
GUF1	na	0.0	0.0	0.0	0.0	0.0	0.0	0.0
GNPDA2	na	0.0	0.0	0.0	0.0	0.0	0.0	0.0
COMMD8	na	0.0	0.0	0.0	0.0	0.0	0.0	0.0
ATP10D	na	0.0	0.0	0.0	0.0	0.0	0.0	0.0
CORIN	na	0.0	0.0	0.0	0.0	0.0	0.0	0.0
AC107068.1	na	0.0	0.0	0.0	0.0	0.0	0.0	0.0
NFXL1	na	0.0	0.0	0.0	0.0	0.0	0.0	0.0
NIPAL1	na	0.0	0.0	0.0	0.0	0.0	0.0	0.0
TEC	na	0.0	0.0	0.0	0.0	0.0	0.0	0.0
SLAIN2	na	0.0	0.0	0.0	0.0	0.0	0.0	0.0
FRYL	na	0.0	0.0	0.0	0.0	0.0	0.0	0.0
OCIAD1	na	0.08009668606017338	0.0033352174996264	0.11884244406596263	0.16844700835589338	0.08907097904229073	0.015636839154077275	0.06261188552401735
OCIAD2	na	0.05922057746399154	0.002460353212983293	0.11540691193705242	0.12372348191990264	0.07368998035028046	0.03191361251154933	0.04818905538281217
DCUN1D4	na	0.0	0.0	0.0	0.0	0.0	0.0	0.0
SGCB	na	0.0	0.0	0.0	0.0	0.0	0.0	0.0
USP46	na	0.0	0.0	0.0	0.0	0.0	0.0	0.0
USP46-AS1	na	0.0	0.0	0.0	0.0	0.0	0.0	0.0
ERVMER34-1	na	0.0	0.0	0.0	0.0	0.0	0.0	0.0
RASL11B	na	0.0	0.0	0.0	0.0	0.0	0.0	0.0
SCFD2	na	0.0	0.0	0.0	0.0	0.0	0.0	0.0
FIP1L1	na	0.0	0.0	0.0	0.0	0.0	0.0	0.0
LNX1	na	0.0	0.0	0.0	0.0	0.0	0.0	0.0
CHIC2	na	0.0	0.0	0.0	0.0	0.0	0.0	0.0
PDGFRA	na	0.0	0.0	0.0	0.0	0.0	0.0	0.0
KIT	na	0.0	0.0	0.0	0.0	0.0	0.0	0.0
KDR	na	0.0	0.0	0.0	0.0	0.0	0.0	0.0
SRD5A3	na	0.08002063667564047	0.0016540132092055279	0.12406184831784606	0.1369704122849141	0.07787114353763801	0.03080643664716931	0.058797462729141395
TMEM165	na	0.053071224960726665	0.002417587567041999	0.10595270138672774	0.1359219504413696	0.07244533719806474	0.015538467391999027	0.05845659554196671
CLOCK	na	0.0	0.0	0.0	0.0	0.0	0.0	0.0
NMU	na	0.0	0.0	0.0	0.0	0.0	0.0	0.0
EXOC1	na	0.0	0.0	0.0	0.0	0.0	0.0	0.0
CEP135	na	0.0	0.0	0.0	0.0	0.0	0.0	0.0
KIAA1211	na	0.0	0.0	0.0	0.0	0.0	0.0	0.0
AASDH	na	0.0	0.0	0.0	0.0	0.0	0.0	0.0
PPAT	na	0.0	0.0	0.0	0.0	0.0	0.0	0.0
PAICS	na	0.06971871923560312	1.9499037705650426e-14	0.11159870597034753	0.14055302901931674	0.08036546552298664	0.015394545803871723	0.051176500122171835
SRP72	na	0.0	0.0	0.0	0.0	0.0	0.0	0.0
ARL9	na	0.0	0.0	0.0	0.0	0.0	0.0	0.0
HOPX	na	0.0	0.0	0.0	0.0	0.0	0.0	0.0
REST	na	0.0	0.0	0.0	0.0	0.0	0.0	0.0
NOA1	na	0.0	0.0	0.0	0.0	0.0	0.0	0.0
POLR2B	na	0.0	0.0	0.0	0.0	0.0	0.0	0.0
IGFBP7	na	0.14185479864726755	0.14674131080021593	0.19026655774103304	0.11775308047040367	0.15089217395881735	0.1971432153764182	0.2850785646351106
CENPC	na	0.0	0.0	0.0	0.0	0.0	0.0	0.0
UBA6	na	0.0	0.0	0.0	0.0	0.0	0.0	0.0
UBA6-AS1	na	0.0	0.0	0.0	0.0	0.0	0.0	0.0
YTHDC1	na	0.0	0.0	0.0	0.0	0.0	0.0	0.0
ODAM	na	0.0	0.0	0.0	0.0	0.0	0.0	0.0
AMTN	na	0.0	0.0	0.0	0.0	0.0	0.0	0.0
JCHAIN	na	0.0	0.0	0.0	0.0	0.0	0.0	0.0
UTP3	na	0.0	0.0	0.0	0.0	0.0	0.0	0.0
RUFY3	na	0.0	0.0	0.0	0.0	0.0	0.0	0.0
GRSF1	na	0.06692174426337588	1.9532908567977656e-19	0.13041030672224252	0.14669619840615622	0.08680244038665945	0.017686756669793045	0.04899768663128318
MOB1B	na	0.0	0.0	0.0	0.0	0.0	0.0	0.0
DCK	na	0.0	0.0	0.0	0.0	0.0	0.0	0.0
COX18	na	0.0	0.0	0.0	0.0	0.0	0.0	0.0
ANKRD17	na	0.0	0.0	0.0	0.0	0.0	0.0	0.0
RASSF6	na	0.0	0.0	0.0	0.0	0.0	0.0	0.0
CXCL8	na	0.0	0.0	0.0	0.0	0.0	0.0	0.0
CXCL2	na	0.0	0.0	0.0	0.0	0.0	0.0	0.0
MTHFD2L	na	0.0	0.0	0.0	0.0	0.0	0.0	0.0
AREG	na	0.0	0.0	0.0	0.0	0.0	0.0	0.0
PARM1	na	0.0	0.0	0.0	0.0	0.0	0.0	0.0
RCHY1	na	0.0	0.0	0.0	0.0	0.0	0.0	0.0
THAP6	na	0.0	0.0	0.0	0.0	0.0	0.0	0.0
G3BP2	na	0.05039199434649811	3.7838269286184793e-13	0.10904830201597565	0.1490496967478296	0.08274526378543572	0.017770224296205103	0.053166290076826994
USO1	na	0.0	0.0	0.0	0.0	0.0	0.0	0.0
NAAA	na	0.0	0.0	0.0	0.0	0.0	0.0	0.0
SDAD1	na	0.0	0.0	0.0	0.0	0.0	0.0	0.0
CXCL9	na	0.0	0.0	0.0	0.0	0.0	0.0	0.0
CXCL10	na	0.0	0.0	0.0	0.0	0.0	0.0	0.0
CXCL11	na	0.0	0.0	0.0	0.0	0.0	0.0	0.0
NUP54	na	0.0	0.0	0.0	0.0	0.0	0.0	0.0
SCARB2	na	0.06055053398019981	1.5141477626671158e-17	0.15026832875759855	0.16293818605030766	0.08995210692381106	0.016481165278881185	0.054918980037831605
FAM47E	na	0.0	0.0	0.0	0.0	0.0	0.0	0.0
STBD1	na	0.0	0.0	0.0	0.0	0.0	0.0	0.0
SHROOM3	na	0.0	0.0	0.0	0.0	0.0	0.0	0.0
SEPT11	na	0.0	0.0	0.0	0.0	0.0	0.0	0.0
CCNI	na	0.0446784649402517	2.259304228336086e-14	0.12844069297440033	0.14438442735213122	0.0899493058501536	0.03003101458614416	0.05097385981884342
CCNG2	na	0.0786345629497697	3.2109641815080303e-21	0.1549294629512026	0.2052860817619205	0.11006464861599932	1.4628357226779508e-17	0.04143586639464258
CXCL13	na	0.0	0.0	0.0	0.0	0.0	0.0	0.0
CNOT6L	na	0.0	0.0	0.0	0.0	0.0	0.0	0.0
MRPL1	na	0.0	0.0	0.0	0.0	0.0	0.0	0.0
FRAS1	na	0.0	0.0	0.0	0.0	0.0	0.0	0.0
ANXA3	na	0.0	0.0	0.0	0.0	0.0	0.0	0.0
LINC01094	na	0.0	0.0	0.0	0.0	0.0	0.0	0.0
BMP2K	na	0.0	0.0	0.0	0.0	0.0	0.0	0.0
PAQR3	na	0.0	0.0	0.0	0.0	0.0	0.0	0.0
ANTXR2	na	0.0	0.0	0.0	0.0	0.0	0.0	0.0
PRKG2	na	0.0	0.0	0.0	0.0	0.0	0.0	0.0
RASGEF1B	na	0.0	0.0	0.0	0.0	0.0	0.0	0.0
AC124016.2	na	0.0	0.0	0.0	0.0	0.0	0.0	0.0
HNRNPD	na	0.0741491566718947	7.806893863437005e-18	0.15954027181855854	0.19249576316921702	0.10435533182149366	0.02487596904567105	0.052453698062713376
AC124016.1	na	0.0	0.0	0.0	0.0	0.0	0.0	0.0
HNRNPDL	na	0.0792742507476421	0.015397734642205263	0.16182366801810683	0.2018021010896393	0.10933653437872998	0.02788978878887039	0.0767109502240882
ENOPH1	na	0.0	0.0	0.0	0.0	0.0	0.0	0.0
TMEM150C	na	0.06615556355223225	2.8325786295951915e-25	0.1403603548317826	0.1708823550862195	0.09983410771742429	1.686016635510764e-24	0.028117244592268203
SCD5	na	0.0	0.0	0.0	0.0	0.0	0.0	0.0
SEC31A	na	0.05850976170976388	0.005845413635741692	0.11237142691076842	0.12269817671109401	0.07048354934636739	0.015032271067314557	0.05224468143152941
THAP9-AS1	na	0.0	0.0	0.0	0.0	0.0	0.0	0.0
THAP9	na	0.0	0.0	0.0	0.0	0.0	0.0	0.0
LIN54	na	0.0	0.0	0.0	0.0	0.0	0.0	0.0
COPS4	na	0.0	0.0	0.0	0.0	0.0	0.0	0.0
COQ2	na	0.0	0.0	0.0	0.0	0.0	0.0	0.0
HPSE	na	0.0	0.0	0.0	0.0	0.0	0.0	0.0
HELQ	na	0.0	0.0	0.0	0.0	0.0	0.0	0.0
MRPS18C	na	0.0	0.0	0.0	0.0	0.0	0.0	0.0
ABRAXAS1	na	0.0	0.0	0.0	0.0	0.0	0.0	0.0
GPAT3	na	0.0	0.0	0.0	0.0	0.0	0.0	0.0
CDS1	na	0.0	0.0	0.0	0.0	0.0	0.0	0.0
WDFY3	na	0.0	0.0	0.0	0.0	0.0	0.0	0.0
ARHGAP24	na	0.0	0.0	0.0	0.0	0.0	0.0	0.0
MAPK10	na	0.0	0.0	0.0	0.0	0.0	0.0	0.0
PTPN13	na	0.0	0.0	0.0	0.0	0.0	0.0	0.0
AC093827.4	na	0.0	0.0	0.0	0.0	0.0	0.0	0.0
AFF1	na	0.0	0.0	0.0	0.0	0.0	0.0	0.0
KLHL8	na	0.0	0.0	0.0	0.0	0.0	0.0	0.0
HSD17B11	na	0.0	0.0	0.0	0.0	0.0	0.0	0.0
NUDT9	na	0.0	0.0	0.0	0.0	0.0	0.0	0.0
SPARCL1	na	0.0	0.0	0.0	0.0	0.0	0.0	0.0
AC093895.1	na	0.0	0.0	0.0	0.0	0.0	0.0	0.0
IBSP	na	0.0	0.0	0.0	0.0	0.0	0.0	0.0
SPP1	na	0.24503196474797742	0.6458756653589405	0.15482314322009372	0.18875625338483834	0.27690251944775185	0.6724026465527052	0.7036100306796707
PKD2	na	0.0	0.0	0.0	0.0	0.0	0.0	0.0
PPM1K	na	0.0	0.0	0.0	0.0	0.0	0.0	0.0
HERC6	na	0.0	0.0	0.0	0.0	0.0	0.0	0.0
HERC5	na	0.0	0.0	0.0	0.0	0.0	0.0	0.0
PYURF	na	0.0	0.0	0.0	0.0	0.0	0.0	0.0
HERC3	na	0.0	0.0	0.0	0.0	0.0	0.0	0.0
NAP1L5	na	0.0	0.0	0.0	0.0	0.0	0.0	0.0
FAM13A-AS1	na	0.0	0.0	0.0	0.0	0.0	0.0	0.0
FAM13A	na	0.0	0.0	0.0	0.0	0.0	0.0	0.0
TIGD2	na	0.0	0.0	0.0	0.0	0.0	0.0	0.0
GPRIN3	na	0.0	0.0	0.0	0.0	0.0	0.0	0.0
SNCA	na	0.0	0.0	0.0	0.0	0.0	0.0	0.0
CCSER1	na	0.0	0.0	0.0	0.0	0.0	0.0	0.0
SMARCAD1	na	0.0	0.0	0.0	0.0	0.0	0.0	0.0
HPGDS	na	0.0	0.0	0.0	0.0	0.0	0.0	0.0
PDLIM5	na	0.0	0.0	0.0	0.0	0.0	0.0	0.0
RAP1GDS1	na	0.0	0.0	0.0	0.0	0.0	0.0	0.0
TSPAN5	na	0.0	0.0	0.0	0.0	0.0	0.0	0.0
EIF4E	na	0.04574565757627988	4.3150646319539275e-18	0.11770329198391716	0.1362441842351	0.07678591279937115	0.018752655976442274	0.05534539791174908
METAP1	na	0.0	0.0	0.0	0.0	0.0	0.0	0.0
AC019131.2	na	0.0	0.0	0.0	0.0	0.0	0.0	0.0
ADH5	na	0.0	0.0	0.0	0.0	0.0	0.0	0.0
TRMT10A	na	0.0	0.0	0.0	0.0	0.0	0.0	0.0
DAPP1	na	0.0	0.0	0.0	0.0	0.0	0.0	0.0
LAMTOR3	na	0.0	0.0	0.0	0.0	0.0	0.0	0.0
DNAJB14	na	0.0	0.0	0.0	0.0	0.0	0.0	0.0
H2AFZ	na	0.1738054368321841	0.15875713920218035	0.23085688948948516	0.34246491510710475	0.19220184766857057	0.15333857147506005	0.21337290281423923
EMCN	na	0.0	0.0	0.0	0.0	0.0	0.0	0.0
PPP3CA	na	0.0	0.0	0.0	0.0	0.0	0.0	0.0
AP001816.1	na	0.0	0.0	0.0	0.0	0.0	0.0	0.0
SLC39A8	na	0.0	0.0	0.0	0.0	0.0	0.0	0.0
AC098487.1	na	0.0	0.0	0.0	0.0	0.0	0.0	0.0
NFKB1	na	0.0	0.0	0.0	0.0	0.0	0.0	0.0
MANBA	na	0.0	0.0	0.0	0.0	0.0	0.0	0.0
UBE2D3	na	0.09044713337153747	0.022629148070885494	0.15329900277542036	0.16830715642715832	0.09906721799047108	0.04048568883183244	0.0831343164734974
AC018797.2	na	0.0	0.0	0.0	0.0	0.0	0.0	0.0
CISD2	na	0.0	0.0	0.0	0.0	0.0	0.0	0.0
SLC9B2	na	0.0	0.0	0.0	0.0	0.0	0.0	0.0
BDH2	na	0.0	0.0	0.0	0.0	0.0	0.0	0.0
CENPE	na	0.0	0.0	0.0	0.0	0.0	0.0	0.0
CXXC4	na	0.0	0.0	0.0	0.0	0.0	0.0	0.0
TET2	na	0.0	0.0	0.0	0.0	0.0	0.0	0.0
PPA2	na	0.06275365142562374	0.031152811824139516	0.10374190182628022	0.10688705972888163	0.06815235795533377	0.04355867233831688	0.060594815417085925
ARHGEF38	na	0.0	0.0	0.0	0.0	0.0	0.0	0.0
INTS12	na	0.0	0.0	0.0	0.0	0.0	0.0	0.0
GSTCD	na	0.0	0.0	0.0	0.0	0.0	0.0	0.0
NPNT	na	0.0	0.0	0.0	0.0	0.0	0.0	0.0
AC109361.1	na	0.0	0.0	0.0	0.0	0.0	0.0	0.0
TBCK	na	0.0	0.0	0.0	0.0	0.0	0.0	0.0
AIMP1	na	0.0	0.0	0.0	0.0	0.0	0.0	0.0
DKK2	na	0.0	0.0	0.0	0.0	0.0	0.0	0.0
PAPSS1	na	0.0	0.0	0.0	0.0	0.0	0.0	0.0
SGMS2	na	0.0	0.0	0.0	0.0	0.0	0.0	0.0
AC096564.1	na	0.0	0.0	0.0	0.0	0.0	0.0	0.0
CYP2U1	na	0.0	0.0	0.0	0.0	0.0	0.0	0.0
HADH	na	0.08646379082070826	0.0043357252453668765	0.1145406545280432	0.14316156153978252	0.08314917261648333	0.030760745797169253	0.05760972184932206
LEF1	na	0.0	0.0	0.0	0.0	0.0	0.0	0.0
RPL34	na	0.9795136495829704	1.3450283104452472	0.9879492799337671	0.46911936362129775	0.7193873257512324	0.7917910001734524	1.8772288570125761
OSTC	na	0.06498879558639334	1.5742337701139213e-13	0.12306581255462423	0.142355294335768	0.0816287045896597	0.010170728523956863	0.03802045134789614
SEC24B	na	0.0	0.0	0.0	0.0	0.0	0.0	0.0
MCUB	na	0.0	0.0	0.0	0.0	0.0	0.0	0.0
CASP6	na	0.0	0.0	0.0	0.0	0.0	0.0	0.0
PLA2G12A	na	0.0	0.0	0.0	0.0	0.0	0.0	0.0
CFI	na	0.0	0.0	0.0	0.0	0.0	0.0	0.0
AC126283.1	na	0.0	0.0	0.0	0.0	0.0	0.0	0.0
GAR1	na	0.0	0.0	0.0	0.0	0.0	0.0	0.0
ELOVL6	na	0.0	0.0	0.0	0.0	0.0	0.0	0.0
ENPEP	na	0.0	0.0	0.0	0.0	0.0	0.0	0.0
FAM241A	na	0.0	0.0	0.0	0.0	0.0	0.0	0.0
AP1AR	na	0.0	0.0	0.0	0.0	0.0	0.0	0.0
TIFA	na	0.0	0.0	0.0	0.0	0.0	0.0	0.0
ALPK1	na	0.0	0.0	0.0	0.0	0.0	0.0	0.0
ZGRF1	na	0.0	0.0	0.0	0.0	0.0	0.0	0.0
LARP7	na	0.0	0.0	0.0	0.0	0.0	0.0	0.0
ANK2	na	0.0	0.0	0.0	0.0	0.0	0.0	0.0
CAMK2D	na	0.0	0.0	0.0	0.0	0.0	0.0	0.0
ARSJ	na	0.0	0.0	0.0	0.0	0.0	0.0	0.0
SNHG8	na	0.06747899495943492	0.046347814833201474	0.10508114632042129	0.13070323967762407	0.08013713552180798	0.033680467697001795	0.11531735236928427
METTL14	na	0.0	0.0	0.0	0.0	0.0	0.0	0.0
SEC24D	na	0.0	0.0	0.0	0.0	0.0	0.0	0.0
SYNPO2	na	0.0	0.0	0.0	0.0	0.0	0.0	0.0
USP53	na	0.0	0.0	0.0	0.0	0.0	0.0	0.0
C4orf3	na	0.073597027551149	9.519162680772957e-18	0.14615796596146885	0.1837028403374139	0.10067913092887446	0.0017095154415622622	0.07440292737652736
PDE5A	na	0.0	0.0	0.0	0.0	0.0	0.0	0.0
MAD2L1	na	0.0	0.0	0.0	0.0	0.0	0.0	0.0
ANXA5	na	0.1024510572086883	0.008585903672857697	0.13988358420133393	0.14797312457599368	0.08996014571874532	0.054056164826541256	0.11228451638595763
EXOSC9	na	0.0	0.0	0.0	0.0	0.0	0.0	0.0
CCNA2	na	0.0	0.0	0.0	0.0	0.0	0.0	0.0
BBS7	na	0.0	0.0	0.0	0.0	0.0	0.0	0.0
KIAA1109	na	0.0	0.0	0.0	0.0	0.0	0.0	0.0
NUDT6	na	0.0	0.0	0.0	0.0	0.0	0.0	0.0
SPATA5	na	0.0	0.0	0.0	0.0	0.0	0.0	0.0
SPRY1	na	0.0	0.0	0.0	0.0	0.0	0.0	0.0
ANKRD50	na	0.0	0.0	0.0	0.0	0.0	0.0	0.0
INTU	na	0.0	0.0	0.0	0.0	0.0	0.0	0.0
HSPA4L	na	0.0	0.0	0.0	0.0	0.0	0.0	0.0
PLK4	na	0.0	0.0	0.0	0.0	0.0	0.0	0.0
MFSD8	na	0.0	0.0	0.0	0.0	0.0	0.0	0.0
ABHD18	na	0.0	0.0	0.0	0.0	0.0	0.0	0.0
LARP1B	na	0.0	0.0	0.0	0.0	0.0	0.0	0.0
PGRMC2	na	0.06927729682988577	4.68267218294218e-15	0.14148360311882763	0.16777888996413168	0.09416830913128008	4.117021356617712e-13	0.07294190806596339
AC108062.1	na	0.0	0.0	0.0	0.0	0.0	0.0	0.0
JADE1	na	0.0	0.0	0.0	0.0	0.0	0.0	0.0
SCLT1	na	0.0	0.0	0.0	0.0	0.0	0.0	0.0
C4orf33	na	0.0	0.0	0.0	0.0	0.0	0.0	0.0
PCDH18	na	0.0	0.0	0.0	0.0	0.0	0.0	0.0
NOCT	na	0.0	0.0	0.0	0.0	0.0	0.0	0.0
ELF2	na	0.0	0.0	0.0	0.0	0.0	0.0	0.0
NDUFC1	na	0.15956841395559823	0.11499851061630843	0.19800444905399028	0.14140558825173735	0.13161983418948062	0.08654206657425396	0.22221235381754753
NAA15	na	0.0	0.0	0.0	0.0	0.0	0.0	0.0
AC097376.2	na	0.0	0.0	0.0	0.0	0.0	0.0	0.0
RAB33B	na	0.0	0.0	0.0	0.0	0.0	0.0	0.0
SETD7	na	0.0	0.0	0.0	0.0	0.0	0.0	0.0
MGST2	na	0.0	0.0	0.0	0.0	0.0	0.0	0.0
MAML3	na	0.0	0.0	0.0	0.0	0.0	0.0	0.0
SCOC	na	0.0	0.0	0.0	0.0	0.0	0.0	0.0
SCOC-AS1	na	0.0	0.0	0.0	0.0	0.0	0.0	0.0
CLGN	na	0.0	0.0	0.0	0.0	0.0	0.0	0.0
ELMOD2	na	0.0	0.0	0.0	0.0	0.0	0.0	0.0
TBC1D9	na	0.10161702427735873	8.528232115421715e-21	0.16333614869109803	0.19767607209518606	0.11999885484622258	3.1865595059653925e-20	0.039923181578640395
AC096733.2	na	0.0	0.0	0.0	0.0	0.0	0.0	0.0
ZNF330	na	0.0	0.0	0.0	0.0	0.0	0.0	0.0
IL15	na	0.0	0.0	0.0	0.0	0.0	0.0	0.0
INPP4B	na	0.0	0.0	0.0	0.0	0.0	0.0	0.0
USP38	na	0.0	0.0	0.0	0.0	0.0	0.0	0.0
GAB1	na	0.0	0.0	0.0	0.0	0.0	0.0	0.0
SMARCA5	na	0.05109813072276996	8.006223196042935e-20	0.10434105907016612	0.14012028518236394	0.07622197858511977	0.0001238279886883944	0.058564227448876224
ANAPC10	na	0.0	0.0	0.0	0.0	0.0	0.0	0.0
ABCE1	na	0.0	0.0	0.0	0.0	0.0	0.0	0.0
OTUD4	na	0.0	0.0	0.0	0.0	0.0	0.0	0.0
SMAD1	na	0.0	0.0	0.0	0.0	0.0	0.0	0.0
MMAA	na	0.0	0.0	0.0	0.0	0.0	0.0	0.0
ZNF827	na	0.0	0.0	0.0	0.0	0.0	0.0	0.0
LSM6	na	0.0	0.0	0.0	0.0	0.0	0.0	0.0
SLC10A7	na	0.0	0.0	0.0	0.0	0.0	0.0	0.0
EDNRA	na	0.0	0.0	0.0	0.0	0.0	0.0	0.0
TMEM184C	na	0.0	0.0	0.0	0.0	0.0	0.0	0.0
PRMT9	na	0.0	0.0	0.0	0.0	0.0	0.0	0.0
ARHGAP10	na	0.0	0.0	0.0	0.0	0.0	0.0	0.0
NR3C2	na	0.0	0.0	0.0	0.0	0.0	0.0	0.0
DCLK2	na	0.0	0.0	0.0	0.0	0.0	0.0	0.0
LRBA	na	0.0	0.0	0.0	0.0	0.0	0.0	0.0
RPS3A	na	0.6796300404040314	0.7292551265657994	0.6432163493419847	0.5790779795114764	0.5033354937754659	0.44073459859859193	0.9921830110381933
SH3D19	na	0.0	0.0	0.0	0.0	0.0	0.0	0.0
FAM160A1	na	0.0	0.0	0.0	0.0	0.0	0.0	0.0
AC092611.2	na	0.0	0.0	0.0	0.0	0.0	0.0	0.0
GATB	na	0.0	0.0	0.0	0.0	0.0	0.0	0.0
FBXW7	na	0.0	0.0	0.0	0.0	0.0	0.0	0.0
TMEM154	na	0.0	0.0	0.0	0.0	0.0	0.0	0.0
ARFIP1	na	0.0	0.0	0.0	0.0	0.0	0.0	0.0
FHDC1	na	0.0	0.0	0.0	0.0	0.0	0.0	0.0
TRIM2	na	0.0	0.0	0.0	0.0	0.0	0.0	0.0
MND1	na	0.0	0.0	0.0	0.0	0.0	0.0	0.0
TMEM131L	na	0.0	0.0	0.0	0.0	0.0	0.0	0.0
TLR2	na	0.0	0.0	0.0	0.0	0.0	0.0	0.0
SFRP2	na	0.0	0.0	0.0	0.0	0.0	0.0	0.0
PLRG1	na	0.0	0.0	0.0	0.0	0.0	0.0	0.0
MAP9	na	0.0	0.0	0.0	0.0	0.0	0.0	0.0
GUCY1A1	na	0.0	0.0	0.0	0.0	0.0	0.0	0.0
GUCY1B1	na	0.0	0.0	0.0	0.0	0.0	0.0	0.0
TDO2	na	0.0	0.0	0.0	0.0	0.0	0.0	0.0
CTSO	na	0.0	0.0	0.0	0.0	0.0	0.0	0.0
PDGFC	na	0.0	0.0	0.0	0.0	0.0	0.0	0.0
FAM198B	na	0.0	0.0	0.0	0.0	0.0	0.0	0.0
FAM198B-AS1	na	0.0	0.0	0.0	0.0	0.0	0.0	0.0
TMEM144	na	0.0	0.0	0.0	0.0	0.0	0.0	0.0
C4orf46	na	0.0	0.0	0.0	0.0	0.0	0.0	0.0
ETFDH	na	0.0	0.0	0.0	0.0	0.0	0.0	0.0
PPID	na	0.0	0.0	0.0	0.0	0.0	0.0	0.0
FNIP2	na	0.0	0.0	0.0	0.0	0.0	0.0	0.0
RAPGEF2	na	0.0	0.0	0.0	0.0	0.0	0.0	0.0
NAF1	na	0.0	0.0	0.0	0.0	0.0	0.0	0.0
TMA16	na	0.0	0.0	0.0	0.0	0.0	0.0	0.0
MARCH1	na	0.0	0.0	0.0	0.0	0.0	0.0	0.0
AC093788.1	na	0.0	0.0	0.0	0.0	0.0	0.0	0.0
TMEM192	na	0.0	0.0	0.0	0.0	0.0	0.0	0.0
KLHL2	na	0.0	0.0	0.0	0.0	0.0	0.0	0.0
MSMO1	na	0.0	0.0	0.0	0.0	0.0	0.0	0.0
CPE	na	0.058482388609445865	1.6285437963245696e-17	0.1764598116980399	0.1852187060871695	0.11072826282267961	8.706669374893115e-18	0.014263211518761941
DDX60	na	0.0	0.0	0.0	0.0	0.0	0.0	0.0
DDX60L	na	0.0	0.0	0.0	0.0	0.0	0.0	0.0
PALLD	na	0.0	0.0	0.0	0.0	0.0	0.0	0.0
CBR4	na	0.0	0.0	0.0	0.0	0.0	0.0	0.0
SH3RF1	na	0.0	0.0	0.0	0.0	0.0	0.0	0.0
NEK1	na	0.0	0.0	0.0	0.0	0.0	0.0	0.0
CLCN3	na	0.0	0.0	0.0	0.0	0.0	0.0	0.0
HPF1	na	0.0	0.0	0.0	0.0	0.0	0.0	0.0
MFAP3L	na	0.0	0.0	0.0	0.0	0.0	0.0	0.0
GALNTL6	na	0.0	0.0	0.0	0.0	0.0	0.0	0.0
GALNT7	na	0.07762699304752317	8.456686162314707e-20	0.18171003666467433	0.177773882800862	0.10795247310227714	5.511553018301811e-19	0.04288049428514418
HMGB2	na	0.07255910240247167	0.002218562030548984	0.13350745149591706	0.18192784756291594	0.09670517484582819	0.005115832553717529	0.08785351317793191
AC097534.2	na	0.0	0.0	0.0	0.0	0.0	0.0	0.0
SAP30	na	0.0	0.0	0.0	0.0	0.0	0.0	0.0
FBXO8	na	0.0	0.0	0.0	0.0	0.0	0.0	0.0
CEP44	na	0.0	0.0	0.0	0.0	0.0	0.0	0.0
SPCS3	na	0.0	0.0	0.0	0.0	0.0	0.0	0.0
VEGFC	na	0.0	0.0	0.0	0.0	0.0	0.0	0.0
NEIL3	na	0.0	0.0	0.0	0.0	0.0	0.0	0.0
AGA	na	0.0	0.0	0.0	0.0	0.0	0.0	0.0
TENM3	na	0.0	0.0	0.0	0.0	0.0	0.0	0.0
DCTD	na	0.0	0.0	0.0	0.0	0.0	0.0	0.0
WWC2	na	0.0	0.0	0.0	0.0	0.0	0.0	0.0
CDKN2AIP	na	0.0	0.0	0.0	0.0	0.0	0.0	0.0
ING2	na	0.0	0.0	0.0	0.0	0.0	0.0	0.0
AC107214.2	na	0.0	0.0	0.0	0.0	0.0	0.0	0.0
RWDD4	na	0.0	0.0	0.0	0.0	0.0	0.0	0.0
TRAPPC11	na	0.0	0.0	0.0	0.0	0.0	0.0	0.0
LINC02362	na	0.0	0.0	0.0	0.0	0.0	0.0	0.0
IRF2	na	0.0	0.0	0.0	0.0	0.0	0.0	0.0
CASP3	na	0.0	0.0	0.0	0.0	0.0	0.0	0.0
PRIMPOL	na	0.0	0.0	0.0	0.0	0.0	0.0	0.0
CENPU	na	0.0	0.0	0.0	0.0	0.0	0.0	0.0
ACSL1	na	0.0	0.0	0.0	0.0	0.0	0.0	0.0
SLC25A4	na	0.0	0.0	0.0	0.0	0.0	0.0	0.0
CFAP97	na	0.0	0.0	0.0	0.0	0.0	0.0	0.0
SNX25	na	0.0	0.0	0.0	0.0	0.0	0.0	0.0
LRP2BP	na	0.0	0.0	0.0	0.0	0.0	0.0	0.0
ANKRD37	na	0.0	0.0	0.0	0.0	0.0	0.0	0.0
UFSP2	na	0.0	0.0	0.0	0.0	0.0	0.0	0.0
CCDC110	na	0.0	0.0	0.0	0.0	0.0	0.0	0.0
AC106897.1	na	0.0	0.0	0.0	0.0	0.0	0.0	0.0
PDLIM3	na	0.0	0.0	0.0	0.0	0.0	0.0	0.0
SORBS2	na	0.0	0.0	0.0	0.0	0.0	0.0	0.0
TLR3	na	0.0	0.0	0.0	0.0	0.0	0.0	0.0
CYP4V2	na	0.0	0.0	0.0	0.0	0.0	0.0	0.0
FAT1	na	0.0	0.0	0.0	0.0	0.0	0.0	0.0
TRIML2	na	0.0	0.0	0.0	0.0	0.0	0.0	0.0
FRG1	na	0.0	0.0	0.0	0.0	0.0	0.0	0.0
CCDC127	na	0.0	0.0	0.0	0.0	0.0	0.0	0.0
SDHA	na	0.07024969605040171	6.199923741403976e-19	0.14178606891723894	0.16740905453585922	0.09134553373309336	0.0023546035425461823	0.057696036710335366
PDCD6	na	0.11220429178739537	0.00519188424839012	0.17297516484561046	0.2402320720050198	0.1286825434537525	0.08895356709063096	0.09224189079090808
AHRR	na	0.0	0.0	0.0	0.0	0.0	0.0	0.0
EXOC3-AS1	na	0.0	0.0	0.0	0.0	0.0	0.0	0.0
EXOC3	na	0.0	0.0	0.0	0.0	0.0	0.0	0.0
SLC9A3	na	0.0	0.0	0.0	0.0	0.0	0.0	0.0
CEP72	na	0.0	0.0	0.0	0.0	0.0	0.0	0.0
TPPP	na	0.0	0.0	0.0	0.0	0.0	0.0	0.0
AC026740.1	na	0.0	0.0	0.0	0.0	0.0	0.0	0.0
ZDHHC11B	na	0.0	0.0	0.0	0.0	0.0	0.0	0.0
ZDHHC11	na	0.0	0.0	0.0	0.0	0.0	0.0	0.0
BRD9	na	0.0	0.0	0.0	0.0	0.0	0.0	0.0
TRIP13	na	0.0	0.0	0.0	0.0	0.0	0.0	0.0
NKD2	na	0.0	0.0	0.0	0.0	0.0	0.0	0.0
SLC12A7	na	0.029572242408845137	3.599721720778926e-23	0.20178733819382258	0.17207636833503667	0.11935131555500966	8.596381998350376e-23	2.0481502626764125e-16
CLPTM1L	na	0.062285743361828266	1.708214959673635e-34	0.2033053771671307	0.2253772462703693	0.12748463663447077	1.7426860238625866e-32	3.488301741991324e-16
SLC6A3	na	0.0	0.0	0.0	0.0	0.0	0.0	0.0
LPCAT1	na	3.1396209643914863e-22	4.6762634643649125e-37	0.35732285410604864	0.2943467937369943	0.18223816548571395	8.215259103183301e-38	1.5028633209161222e-30
MRPL36	na	0.0	0.0	0.0	0.0	0.0	0.0	0.0
NDUFS6	na	0.16579982456871753	0.030146293958387117	0.2610766719034125	0.3237902454033433	0.170757372847445	0.07876700495114922	0.16676343862018506
IRX4	na	0.0	0.0	0.0	0.0	0.0	0.0	0.0
AC025183.1	na	0.0	0.0	0.0	0.0	0.0	0.0	0.0
IRX2	na	0.06811124862864598	3.138914023864298e-15	0.13086322401125922	0.15317746084761663	0.093299982699141	0.03609258966297835	0.03708483787513142
C5orf38	na	0.0	0.0	0.0	0.0	0.0	0.0	0.0
ADAMTS16	na	0.0	0.0	0.0	0.0	0.0	0.0	0.0
ICE1	na	0.0	0.0	0.0	0.0	0.0	0.0	0.0
MED10	na	0.0	0.0	0.0	0.0	0.0	0.0	0.0
UBE2QL1	na	0.0	0.0	0.0	0.0	0.0	0.0	0.0
NSUN2	na	0.0	0.0	0.0	0.0	0.0	0.0	0.0
SRD5A1	na	0.0	0.0	0.0	0.0	0.0	0.0	0.0
TENT4A	na	0.0	0.0	0.0	0.0	0.0	0.0	0.0
C5orf49	na	0.0	0.0	0.0	0.0	0.0	0.0	0.0
MTRR	na	0.0	0.0	0.0	0.0	0.0	0.0	0.0
FASTKD3	na	0.0	0.0	0.0	0.0	0.0	0.0	0.0
MIR4458HG	na	0.06065732564394277	0.009001387869812093	0.1221033356205504	0.15546243140851498	0.08963094662667108	0.08208996945209998	0.09302482851048138
SEMA5A	na	0.0	0.0	0.0	0.0	0.0	0.0	0.0
SNHG18	na	0.0	0.0	0.0	0.0	0.0	0.0	0.0
FAM173B	na	0.0	0.0	0.0	0.0	0.0	0.0	0.0
CCT5	na	0.08666556363030418	0.020092102961168378	0.18262516245472818	0.22675105679533786	0.13242613942853768	0.07749310832316511	0.13046988533756826
AC012640.4	na	0.0	0.0	0.0	0.0	0.0	0.0	0.0
CMBL	na	0.07985319707127	1.8793438504041086e-22	0.12890248972363264	0.15762279742656876	0.08682112867245675	0.017111748543204897	0.0660942837081369
AC012640.2	na	0.0	0.0	0.0	0.0	0.0	0.0	0.0
MARCH6	na	0.062178384682697915	1.3319127523751563e-26	0.19261391849113735	0.17635157085045466	0.11523786962879863	7.843170664069388e-26	0.014107529786956861
ROPN1L	na	0.0	0.0	0.0	0.0	0.0	0.0	0.0
DAP	na	0.056790478217194997	1.8950778769290474e-13	0.13355863319899347	0.14908573945495351	0.08240031132483713	0.044006177155267896	0.06157296819762391
CTNND2	na	0.0	0.0	0.0	0.0	0.0	0.0	0.0
DNAH5	na	0.0	0.0	0.0	0.0	0.0	0.0	0.0
TRIO	na	0.0	0.0	0.0	0.0	0.0	0.0	0.0
OTULINL	na	0.0	0.0	0.0	0.0	0.0	0.0	0.0
OTULIN	na	0.0	0.0	0.0	0.0	0.0	0.0	0.0
ANKH	na	0.0	0.0	0.0	0.0	0.0	0.0	0.0
FBXL7	na	0.0	0.0	0.0	0.0	0.0	0.0	0.0
ZNF622	na	0.0	0.0	0.0	0.0	0.0	0.0	0.0
RETREG1	na	0.0	0.0	0.0	0.0	0.0	0.0	0.0
MYO10	na	0.0	0.0	0.0	0.0	0.0	0.0	0.0
BASP1	na	0.0	0.0	0.0	0.0	0.0	0.0	0.0
CDH6	na	0.0	0.0	0.0	0.0	0.0	0.0	0.0
DROSHA	na	0.0	0.0	0.0	0.0	0.0	0.0	0.0
C5orf22	na	0.0	0.0	0.0	0.0	0.0	0.0	0.0
PDZD2	na	0.0	0.0	0.0	0.0	0.0	0.0	0.0
GOLPH3	na	0.10091613131476988	0.009659199450785978	0.17165492595362258	0.2269156485609142	0.12843781673441163	0.06931758484760873	0.09024735274152086
AC025181.2	na	0.0	0.0	0.0	0.0	0.0	0.0	0.0
MTMR12	na	0.0	0.0	0.0	0.0	0.0	0.0	0.0
ZFR	na	0.0	0.0	0.0	0.0	0.0	0.0	0.0
SUB1	na	0.12596271337191955	0.08240038587486231	0.19082352606724334	0.3030777219955548	0.16079138981444702	0.09467986775190043	0.17222376311140836
NPR3	na	0.0	0.0	0.0	0.0	0.0	0.0	0.0
AC034231.1	na	0.0	0.0	0.0	0.0	0.0	0.0	0.0
TARS	na	0.0	0.0	0.0	0.0	0.0	0.0	0.0
ADAMTS12	na	0.0	0.0	0.0	0.0	0.0	0.0	0.0
AMACR	na	0.0	0.0	0.0	0.0	0.0	0.0	0.0
C1QTNF3	na	0.0	0.0	0.0	0.0	0.0	0.0	0.0
RAI14	na	0.0	0.0	0.0	0.0	0.0	0.0	0.0
AC026801.2	na	0.0	0.0	0.0	0.0	0.0	0.0	0.0
RAD1	na	0.0	0.0	0.0	0.0	0.0	0.0	0.0
BRIX1	na	0.0	0.0	0.0	0.0	0.0	0.0	0.0
DNAJC21	na	0.0	0.0	0.0	0.0	0.0	0.0	0.0
PRLR	na	0.0	0.0	0.0	0.0	0.0	0.0	0.0
SPEF2	na	0.0	0.0	0.0	0.0	0.0	0.0	0.0
IL7R	na	0.0	0.0	0.0	0.0	0.0	0.0	0.0
LMBRD2	na	0.0	0.0	0.0	0.0	0.0	0.0	0.0
SKP2	na	0.0	0.0	0.0	0.0	0.0	0.0	0.0
NADK2	na	0.0	0.0	0.0	0.0	0.0	0.0	0.0
SLC1A3	na	0.0	0.0	0.0	0.0	0.0	0.0	0.0
NIPBL	na	0.0	0.0	0.0	0.0	0.0	0.0	0.0
CPLANE1	na	0.0	0.0	0.0	0.0	0.0	0.0	0.0
NUP155	na	0.0	0.0	0.0	0.0	0.0	0.0	0.0
WDR70	na	0.0	0.0	0.0	0.0	0.0	0.0	0.0
EGFLAM	na	0.0	0.0	0.0	0.0	0.0	0.0	0.0
LIFR	na	0.0	0.0	0.0	0.0	0.0	0.0	0.0
LIFR-AS1	na	0.0	0.0	0.0	0.0	0.0	0.0	0.0
OSMR	na	0.0	0.0	0.0	0.0	0.0	0.0	0.0
RICTOR	na	0.0	0.0	0.0	0.0	0.0	0.0	0.0
FYB1	na	0.0	0.0	0.0	0.0	0.0	0.0	0.0
DAB2	na	0.0	0.0	0.0	0.0	0.0	0.0	0.0
TTC33	na	0.0	0.0	0.0	0.0	0.0	0.0	0.0
PTGER4	na	0.0	0.0	0.0	0.0	0.0	0.0	0.0
PRKAA1	na	0.0	0.0	0.0	0.0	0.0	0.0	0.0
RPL37	na	2.1826347739631924	4.606854496440169	1.0754779014780576	0.9602245274045966	1.5294484116814946	3.8111800941078418	4.36830513994914
CARD6	na	0.0	0.0	0.0	0.0	0.0	0.0	0.0
OXCT1	na	0.0	0.0	0.0	0.0	0.0	0.0	0.0
C5orf51	na	0.0	0.0	0.0	0.0	0.0	0.0	0.0
FBXO4	na	0.0	0.0	0.0	0.0	0.0	0.0	0.0
GHR	na	0.0	0.0	0.0	0.0	0.0	0.0	0.0
CCDC152	na	0.0	0.0	0.0	0.0	0.0	0.0	0.0
SELENOP	na	0.0824548827673922	0.002315092816411245	0.14615034639447758	0.15908286750119494	0.09425307038909381	0.01060668050072983	0.08232194403016124
ANXA2R	na	0.0	0.0	0.0	0.0	0.0	0.0	0.0
ZNF131	na	0.0	0.0	0.0	0.0	0.0	0.0	0.0
AC114947.2	na	0.0	0.0	0.0	0.0	0.0	0.0	0.0
HMGCS1	na	0.04209405291605023	0.00466500082805314	0.13262322915628458	0.138487545152419	0.07753885023419572	0.044226458535652324	0.06682773442513741
CCL28	na	0.0	0.0	0.0	0.0	0.0	0.0	0.0
TMEM267	na	0.0	0.0	0.0	0.0	0.0	0.0	0.0
C5orf34	na	0.0	0.0	0.0	0.0	0.0	0.0	0.0
PAIP1	na	0.06966231046568944	0.002548593072347473	0.11544665804532736	0.14680353996208642	0.0834643973634453	0.035082633497703616	0.07053925219320602
NNT-AS1	na	0.0	0.0	0.0	0.0	0.0	0.0	0.0
NNT	na	0.0	0.0	0.0	0.0	0.0	0.0	0.0
MRPS30	na	0.0	0.0	0.0	0.0	0.0	0.0	0.0
AC093297.2	na	0.0	0.0	0.0	0.0	0.0	0.0	0.0
EMB	na	0.0	0.0	0.0	0.0	0.0	0.0	0.0
PARP8	na	0.0	0.0	0.0	0.0	0.0	0.0	0.0
ITGA1	na	0.0	0.0	0.0	0.0	0.0	0.0	0.0
PELO	na	0.0	0.0	0.0	0.0	0.0	0.0	0.0
ITGA2	na	0.0	0.0	0.0	0.0	0.0	0.0	0.0
MOCS2	na	0.0	0.0	0.0	0.0	0.0	0.0	0.0
FST	na	0.0	0.0	0.0	0.0	0.0	0.0	0.0
NDUFS4	na	0.0	0.0	0.0	0.0	0.0	0.0	0.0
ARL15	na	0.0	0.0	0.0	0.0	0.0	0.0	0.0
SNX18	na	0.0	0.0	0.0	0.0	0.0	0.0	0.0
ESM1	na	0.0	0.0	0.0	0.0	0.0	0.0	0.0
GZMK	na	0.0	0.0	0.0	0.0	0.0	0.0	0.0
GZMA	na	0.0	0.0	0.0	0.0	0.0	0.0	0.0
GPX8	na	0.0	0.0	0.0	0.0	0.0	0.0	0.0
MCIDAS	na	0.0	0.0	0.0	0.0	0.0	0.0	0.0
CCNO	na	0.0	0.0	0.0	0.0	0.0	0.0	0.0
DHX29	na	0.0	0.0	0.0	0.0	0.0	0.0	0.0
MTREX	na	0.0	0.0	0.0	0.0	0.0	0.0	0.0
PLPP1	na	0.0	0.0	0.0	0.0	0.0	0.0	0.0
SLC38A9	na	0.0	0.0	0.0	0.0	0.0	0.0	0.0
IL6ST	na	0.0	0.0	0.0	0.0	0.0	0.0	0.0
MAP3K1	na	0.0	0.0	0.0	0.0	0.0	0.0	0.0
SETD9	na	0.0	0.0	0.0	0.0	0.0	0.0	0.0
MIER3	na	0.0	0.0	0.0	0.0	0.0	0.0	0.0
GPBP1	na	0.0	0.0	0.0	0.0	0.0	0.0	0.0
PLK2	na	0.0	0.0	0.0	0.0	0.0	0.0	0.0
GAPT	na	0.0	0.0	0.0	0.0	0.0	0.0	0.0
PDE4D	na	0.0	0.0	0.0	0.0	0.0	0.0	0.0
PART1	na	0.0	0.0	0.0	0.0	0.0	0.0	0.0
DEPDC1B	na	0.0	0.0	0.0	0.0	0.0	0.0	0.0
ELOVL7	na	0.0	0.0	0.0	0.0	0.0	0.0	0.0
ERCC8	na	0.0	0.0	0.0	0.0	0.0	0.0	0.0
NDUFAF2	na	0.0	0.0	0.0	0.0	0.0	0.0	0.0
SMIM15	na	0.0	0.0	0.0	0.0	0.0	0.0	0.0
ZSWIM6	na	0.0	0.0	0.0	0.0	0.0	0.0	0.0
KIF2A	na	0.0	0.0	0.0	0.0	0.0	0.0	0.0
DIMT1	na	0.0	0.0	0.0	0.0	0.0	0.0	0.0
IPO11	na	0.0	0.0	0.0	0.0	0.0	0.0	0.0
SREK1IP1	na	0.0	0.0	0.0	0.0	0.0	0.0	0.0
CWC27	na	0.0	0.0	0.0	0.0	0.0	0.0	0.0
ADAMTS6	na	0.0	0.0	0.0	0.0	0.0	0.0	0.0
CENPK	na	0.0	0.0	0.0	0.0	0.0	0.0	0.0
PPWD1	na	0.0	0.0	0.0	0.0	0.0	0.0	0.0
TRIM23	na	0.0	0.0	0.0	0.0	0.0	0.0	0.0
TRAPPC13	na	0.0	0.0	0.0	0.0	0.0	0.0	0.0
SHLD3	na	0.0	0.0	0.0	0.0	0.0	0.0	0.0
SGTB	na	0.0	0.0	0.0	0.0	0.0	0.0	0.0
NLN	na	0.0	0.0	0.0	0.0	0.0	0.0	0.0
ERBIN	na	0.0	0.0	0.0	0.0	0.0	0.0	0.0
SREK1	na	0.0	0.0	0.0	0.0	0.0	0.0	0.0
MAST4	na	0.0	0.0	0.0	0.0	0.0	0.0	0.0
CD180	na	0.0	0.0	0.0	0.0	0.0	0.0	0.0
PIK3R1	na	0.0	0.0	0.0	0.0	0.0	0.0	0.0
SLC30A5	na	0.0	0.0	0.0	0.0	0.0	0.0	0.0
CCNB1	na	0.0	0.0	0.0	0.0	0.0	0.0	0.0
CENPH	na	0.0	0.0	0.0	0.0	0.0	0.0	0.0
MRPS36	na	0.0	0.0	0.0	0.0	0.0	0.0	0.0
CDK7	na	0.0	0.0	0.0	0.0	0.0	0.0	0.0
CCDC125	na	0.0	0.0	0.0	0.0	0.0	0.0	0.0
AK6	na	0.0	0.0	0.0	0.0	0.0	0.0	0.0
TAF9	na	0.0	0.0	0.0	0.0	0.0	0.0	0.0
RAD17	na	0.0	0.0	0.0	0.0	0.0	0.0	0.0
MARVELD2	na	0.0	0.0	0.0	0.0	0.0	0.0	0.0
OCLN	na	0.0	0.0	0.0	0.0	0.0	0.0	0.0
GTF2H2C	na	0.0	0.0	0.0	0.0	0.0	0.0	0.0
SMN2	na	0.0	0.0	0.0	0.0	0.0	0.0	0.0
AC146944.4	na	0.0	0.0	0.0	0.0	0.0	0.0	0.0
SMN1	na	0.0	0.0	0.0	0.0	0.0	0.0	0.0
NAIP	na	0.0	0.0	0.0	0.0	0.0	0.0	0.0
GTF2H2	na	0.0	0.0	0.0	0.0	0.0	0.0	0.0
BDP1	na	0.0	0.0	0.0	0.0	0.0	0.0	0.0
MCCC2	na	0.0	0.0	0.0	0.0	0.0	0.0	0.0
MAP1B	na	0.0	0.0	0.0	0.0	0.0	0.0	0.0
MRPS27	na	0.0	0.0	0.0	0.0	0.0	0.0	0.0
PTCD2	na	0.0	0.0	0.0	0.0	0.0	0.0	0.0
TNPO1	na	0.0	0.0	0.0	0.0	0.0	0.0	0.0
FCHO2	na	0.0	0.0	0.0	0.0	0.0	0.0	0.0
FOXD1	na	0.0	0.0	0.0	0.0	0.0	0.0	0.0
BTF3	na	0.13723408273491808	0.15286293877940238	0.139593040975837	0.21014822699517696	0.13114999100116223	0.14086236239645514	0.1928851350093911
ANKRA2	na	0.0	0.0	0.0	0.0	0.0	0.0	0.0
UTP15	na	0.0	0.0	0.0	0.0	0.0	0.0	0.0
ARHGEF28	na	0.0	0.0	0.0	0.0	0.0	0.0	0.0
ENC1	na	0.056587076801198934	0.008411929912076706	0.11528888330608995	0.1288529668132655	0.07287227160969671	0.029673553545615662	0.07274152058951228
HEXB	na	0.0	0.0	0.0	0.0	0.0	0.0	0.0
GFM2	na	0.0	0.0	0.0	0.0	0.0	0.0	0.0
NSA2	na	0.0	0.0	0.0	0.0	0.0	0.0	0.0
HMGCR	na	0.0	0.0	0.0	0.0	0.0	0.0	0.0
COL4A3BP	na	0.0	0.0	0.0	0.0	0.0	0.0	0.0
POLK	na	0.0	0.0	0.0	0.0	0.0	0.0	0.0
POC5	na	0.0	0.0	0.0	0.0	0.0	0.0	0.0
IQGAP2	na	0.0	0.0	0.0	0.0	0.0	0.0	0.0
F2R	na	0.0	0.0	0.0	0.0	0.0	0.0	0.0
F2RL1	na	0.0	0.0	0.0	0.0	0.0	0.0	0.0
AGGF1	na	0.0	0.0	0.0	0.0	0.0	0.0	0.0
ZBED3	na	0.0	0.0	0.0	0.0	0.0	0.0	0.0
ZBED3-AS1	na	0.0	0.0	0.0	0.0	0.0	0.0	0.0
PDE8B	na	0.0	0.0	0.0	0.0	0.0	0.0	0.0
WDR41	na	0.0	0.0	0.0	0.0	0.0	0.0	0.0
TBCA	na	0.0854160022169221	0.07743470720164992	0.11260397048911214	0.14350423118396316	0.08872890343282412	0.06680254563218431	0.0970612929710688
AP3B1	na	0.0	0.0	0.0	0.0	0.0	0.0	0.0
SCAMP1-AS1	na	0.0	0.0	0.0	0.0	0.0	0.0	0.0
SCAMP1	na	0.0	0.0	0.0	0.0	0.0	0.0	0.0
LHFPL2	na	0.0	0.0	0.0	0.0	0.0	0.0	0.0
ARSB	na	0.0	0.0	0.0	0.0	0.0	0.0	0.0
JMY	na	0.0	0.0	0.0	0.0	0.0	0.0	0.0
HOMER1	na	0.0	0.0	0.0	0.0	0.0	0.0	0.0
TENT2	na	0.0	0.0	0.0	0.0	0.0	0.0	0.0
CMYA5	na	0.0	0.0	0.0	0.0	0.0	0.0	0.0
MTX3	na	0.0	0.0	0.0	0.0	0.0	0.0	0.0
THBS4	na	0.0	0.0	0.0	0.0	0.0	0.0	0.0
SERINC5	na	0.0	0.0	0.0	0.0	0.0	0.0	0.0
ZFYVE16	na	0.0	0.0	0.0	0.0	0.0	0.0	0.0
AC008771.1	na	0.0	0.0	0.0	0.0	0.0	0.0	0.0
FAM151B	na	0.0	0.0	0.0	0.0	0.0	0.0	0.0
ANKRD34B	na	0.0	0.0	0.0	0.0	0.0	0.0	0.0
DHFR	na	0.0	0.0	0.0	0.0	0.0	0.0	0.0
MSH3	na	0.0	0.0	0.0	0.0	0.0	0.0	0.0
RASGRF2	na	0.0	0.0	0.0	0.0	0.0	0.0	0.0
CKMT2-AS1	na	0.0	0.0	0.0	0.0	0.0	0.0	0.0
ZCCHC9	na	0.0	0.0	0.0	0.0	0.0	0.0	0.0
SSBP2	na	0.0	0.0	0.0	0.0	0.0	0.0	0.0
AC026726.1	na	0.0	0.0	0.0	0.0	0.0	0.0	0.0
ATG10	na	0.0	0.0	0.0	0.0	0.0	0.0	0.0
RPS23	na	0.5734450169679305	1.1280970149729643	0.276701245302953	0.2247206235131149	0.3796653227560813	0.752160880519584	1.0744088326434176
ATP6AP1L	na	0.0	0.0	0.0	0.0	0.0	0.0	0.0
TMEM167A	na	0.0	0.0	0.0	0.0	0.0	0.0	0.0
XRCC4	na	0.0	0.0	0.0	0.0	0.0	0.0	0.0
VCAN	na	0.0	0.0	0.0	0.0	0.0	0.0	0.0
EDIL3	na	0.0	0.0	0.0	0.0	0.0	0.0	0.0
COX7C	na	0.2537343891573871	0.32486458074964203	0.2680146789236493	0.24883393863754263	0.221499254678508	0.2361135571355154	0.38136048358539754
RASA1	na	0.0	0.0	0.0	0.0	0.0	0.0	0.0
CCNH	na	0.0	0.0	0.0	0.0	0.0	0.0	0.0
TMEM161B	na	0.0	0.0	0.0	0.0	0.0	0.0	0.0
TMEM161B-AS1	na	0.0	0.0	0.0	0.0	0.0	0.0	0.0
MEF2C	na	0.0	0.0	0.0	0.0	0.0	0.0	0.0
CETN3	na	0.0	0.0	0.0	0.0	0.0	0.0	0.0
MBLAC2	na	0.0	0.0	0.0	0.0	0.0	0.0	0.0
LYSMD3	na	0.0	0.0	0.0	0.0	0.0	0.0	0.0
ADGRV1	na	0.0	0.0	0.0	0.0	0.0	0.0	0.0
ARRDC3	na	0.0	0.0	0.0	0.0	0.0	0.0	0.0
NR2F1-AS1	na	0.0	0.0	0.0	0.0	0.0	0.0	0.0
NR2F1	na	0.0	0.0	0.0	0.0	0.0	0.0	0.0
FAM172A	na	0.0	0.0	0.0	0.0	0.0	0.0	0.0
SLF1	na	0.0	0.0	0.0	0.0	0.0	0.0	0.0
MCTP1	na	0.0	0.0	0.0	0.0	0.0	0.0	0.0
TTC37	na	0.0	0.0	0.0	0.0	0.0	0.0	0.0
ARSK	na	0.0	0.0	0.0	0.0	0.0	0.0	0.0
RHOBTB3	na	0.0	0.0	0.0	0.0	0.0	0.0	0.0
GLRX	na	0.0	0.0	0.0	0.0	0.0	0.0	0.0
ELL2	na	0.0	0.0	0.0	0.0	0.0	0.0	0.0
CAST	na	0.0	0.0	0.0	0.0	0.0	0.0	0.0
ERAP1	na	0.0	0.0	0.0	0.0	0.0	0.0	0.0
ERAP2	na	0.0	0.0	0.0	0.0	0.0	0.0	0.0
LNPEP	na	0.0	0.0	0.0	0.0	0.0	0.0	0.0
RIOK2	na	0.0	0.0	0.0	0.0	0.0	0.0	0.0
RGMB	na	0.0	0.0	0.0	0.0	0.0	0.0	0.0
RGMB-AS1	na	0.0	0.0	0.0	0.0	0.0	0.0	0.0
CHD1	na	0.0	0.0	0.0	0.0	0.0	0.0	0.0
LINC02062	na	0.0	0.0	0.0	0.0	0.0	0.0	0.0
FAM174A	na	0.0	0.0	0.0	0.0	0.0	0.0	0.0
ST8SIA4	na	0.0	0.0	0.0	0.0	0.0	0.0	0.0
PAM	na	0.0	0.0	0.0	0.0	0.0	0.0	0.0
GIN1	na	0.0	0.0	0.0	0.0	0.0	0.0	0.0
PPIP5K2	na	0.0	0.0	0.0	0.0	0.0	0.0	0.0
C5orf30	na	0.0	0.0	0.0	0.0	0.0	0.0	0.0
NUDT12	na	0.0	0.0	0.0	0.0	0.0	0.0	0.0
EFNA5	na	0.0	0.0	0.0	0.0	0.0	0.0	0.0
FBXL17	na	0.0	0.0	0.0	0.0	0.0	0.0	0.0
LINC01023	na	0.0	0.0	0.0	0.0	0.0	0.0	0.0
FER	na	0.0	0.0	0.0	0.0	0.0	0.0	0.0
PJA2	na	0.0	0.0	0.0	0.0	0.0	0.0	0.0
MAN2A1	na	0.0	0.0	0.0	0.0	0.0	0.0	0.0
SLC25A46	na	0.0	0.0	0.0	0.0	0.0	0.0	0.0
WDR36	na	0.0	0.0	0.0	0.0	0.0	0.0	0.0
STARD4	na	0.0	0.0	0.0	0.0	0.0	0.0	0.0
NREP	na	0.0	0.0	0.0	0.0	0.0	0.0	0.0
EPB41L4A	na	0.0	0.0	0.0	0.0	0.0	0.0	0.0
EPB41L4A-AS1	na	0.0	0.0	0.0	0.0	0.0	0.0	0.0
EPB41L4A-DT	na	0.0	0.0	0.0	0.0	0.0	0.0	0.0
APC	na	0.0	0.0	0.0	0.0	0.0	0.0	0.0
SRP19	na	0.0	0.0	0.0	0.0	0.0	0.0	0.0
REEP5	na	0.10731159201942107	0.04244285445345529	0.14987422312877077	0.20911753929782512	0.11818302388563996	0.07305907681681933	0.12360049654290187
DCP2	na	0.0	0.0	0.0	0.0	0.0	0.0	0.0
MCC	na	0.0	0.0	0.0	0.0	0.0	0.0	0.0
YTHDC2	na	0.0	0.0	0.0	0.0	0.0	0.0	0.0
TRIM36	na	0.0	0.0	0.0	0.0	0.0	0.0	0.0
PGGT1B	na	0.0	0.0	0.0	0.0	0.0	0.0	0.0
CCDC112	na	0.0	0.0	0.0	0.0	0.0	0.0	0.0
FEM1C	na	0.0	0.0	0.0	0.0	0.0	0.0	0.0
TMED7	na	0.0	0.0	0.0	0.0	0.0	0.0	0.0
ATG12	na	0.0	0.0	0.0	0.0	0.0	0.0	0.0
AP3S1	na	0.0	0.0	0.0	0.0	0.0	0.0	0.0
AC034236.2	na	0.0	0.0	0.0	0.0	0.0	0.0	0.0
COMMD10	na	0.0	0.0	0.0	0.0	0.0	0.0	0.0
LINC00992	na	0.0	0.0	0.0	0.0	0.0	0.0	0.0
DTWD2	na	0.0	0.0	0.0	0.0	0.0	0.0	0.0
DMXL1	na	0.0	0.0	0.0	0.0	0.0	0.0	0.0
TNFAIP8	na	0.0	0.0	0.0	0.0	0.0	0.0	0.0
HSD17B4	na	0.0	0.0	0.0	0.0	0.0	0.0	0.0
PRR16	na	0.0	0.0	0.0	0.0	0.0	0.0	0.0
SRFBP1	na	0.0	0.0	0.0	0.0	0.0	0.0	0.0
LOX	na	0.0	0.0	0.0	0.0	0.0	0.0	0.0
SNX2	na	0.0	0.0	0.0	0.0	0.0	0.0	0.0
SNX24	na	0.0	0.0	0.0	0.0	0.0	0.0	0.0
PPIC	na	0.0	0.0	0.0	0.0	0.0	0.0	0.0
CEP120	na	0.0	0.0	0.0	0.0	0.0	0.0	0.0
CSNK1G3	na	0.0	0.0	0.0	0.0	0.0	0.0	0.0
GRAMD2B	na	0.0	0.0	0.0	0.0	0.0	0.0	0.0
ALDH7A1	na	0.0	0.0	0.0	0.0	0.0	0.0	0.0
PHAX	na	0.0	0.0	0.0	0.0	0.0	0.0	0.0
LMNB1	na	0.0	0.0	0.0	0.0	0.0	0.0	0.0
MARCH3	na	0.0	0.0	0.0	0.0	0.0	0.0	0.0
C5orf63	na	0.0	0.0	0.0	0.0	0.0	0.0	0.0
PRRC1	na	0.0	0.0	0.0	0.0	0.0	0.0	0.0
LINC01184	na	0.0	0.0	0.0	0.0	0.0	0.0	0.0
SLC12A2	na	0.06564215423727074	1.483690347846148e-22	0.13310720904125176	0.14549102592996707	0.09703293932512858	1.17569028693843e-19	0.018206891305916163
FBN2	na	0.0	0.0	0.0	0.0	0.0	0.0	0.0
ISOC1	na	0.0	0.0	0.0	0.0	0.0	0.0	0.0
CHSY3	na	0.0	0.0	0.0	0.0	0.0	0.0	0.0
HINT1	na	0.2003190203579314	0.24407614277236359	0.24395445725642886	0.3205197466249733	0.21078635333007079	0.19809428181098757	0.3080539382380544
LYRM7	na	0.0	0.0	0.0	0.0	0.0	0.0	0.0
CDC42SE2	na	0.0	0.0	0.0	0.0	0.0	0.0	0.0
RAPGEF6	na	0.0	0.0	0.0	0.0	0.0	0.0	0.0
FNIP1	na	0.0	0.0	0.0	0.0	0.0	0.0	0.0
P4HA2	na	0.0	0.0	0.0	0.0	0.0	0.0	0.0
PDLIM4	na	0.0	0.0	0.0	0.0	0.0	0.0	0.0
SLC22A4	na	0.0	0.0	0.0	0.0	0.0	0.0	0.0
SLC22A5	na	0.0	0.0	0.0	0.0	0.0	0.0	0.0
IRF1	na	0.0	0.0	0.0	0.0	0.0	0.0	0.0
RAD50	na	0.0	0.0	0.0	0.0	0.0	0.0	0.0
KIF3A	na	0.0	0.0	0.0	0.0	0.0	0.0	0.0
SEPT8	na	0.0	0.0	0.0	0.0	0.0	0.0	0.0
SOWAHA	na	0.0	0.0	0.0	0.0	0.0	0.0	0.0
SHROOM1	na	0.0	0.0	0.0	0.0	0.0	0.0	0.0
UQCRQ	na	0.36461820744242357	0.49605872503086973	0.32728070470038095	0.3406244187803508	0.2974116303395824	0.3966852787644206	0.5950048736429079
AFF4	na	0.0	0.0	0.0	0.0	0.0	0.0	0.0
ZCCHC10	na	0.0	0.0	0.0	0.0	0.0	0.0	0.0
HSPA4	na	0.0	0.0	0.0	0.0	0.0	0.0	0.0
FSTL4	na	0.0	0.0	0.0	0.0	0.0	0.0	0.0
AC010307.4	na	0.0	0.0	0.0	0.0	0.0	0.0	0.0
C5orf15	na	0.0	0.0	0.0	0.0	0.0	0.0	0.0
VDAC1	na	0.05739499541172221	0.002411224957671995	0.12009961955767331	0.11811469905201107	0.07773968953803044	0.05314344348637113	0.0803110563414846
AC008608.2	na	0.0	0.0	0.0	0.0	0.0	0.0	0.0
TCF7	na	0.0	0.0	0.0	0.0	0.0	0.0	0.0
SKP1	na	0.138011815948515	0.09495510423821454	0.19381561039200876	0.2606569012053191	0.1483053877462857	0.0632851512909254	0.15969542815545903
PPP2CA	na	0.0	0.0	0.0	0.0	0.0	0.0	0.0
CDKL3	na	0.0	0.0	0.0	0.0	0.0	0.0	0.0
UBE2B	na	0.0	0.0	0.0	0.0	0.0	0.0	0.0
CDKN2AIPNL	na	0.0	0.0	0.0	0.0	0.0	0.0	0.0
JADE2	na	0.0	0.0	0.0	0.0	0.0	0.0	0.0
SAR1B	na	0.0	0.0	0.0	0.0	0.0	0.0	0.0
SEC24A	na	0.0	0.0	0.0	0.0	0.0	0.0	0.0
CAMLG	na	0.0	0.0	0.0	0.0	0.0	0.0	0.0
DDX46	na	0.0	0.0	0.0	0.0	0.0	0.0	0.0
C5orf24	na	0.0	0.0	0.0	0.0	0.0	0.0	0.0
TXNDC15	na	0.0	0.0	0.0	0.0	0.0	0.0	0.0
PCBD2	na	0.0	0.0	0.0	0.0	0.0	0.0	0.0
CATSPER3	na	0.0	0.0	0.0	0.0	0.0	0.0	0.0
PITX1	na	0.0	0.0	0.0	0.0	0.0	0.0	0.0
C5orf66-AS1	na	0.0	0.0	0.0	0.0	0.0	0.0	0.0
H2AFY	na	0.05110454758650308	0.0002160769555570285	0.13658912114512076	0.17787170845023326	0.10062925013849526	0.03774185915033147	0.07214937848948126
CXCL14	na	0.0	0.0	0.0	0.0	0.0	0.0	0.0
SLC25A48	na	0.0	0.0	0.0	0.0	0.0	0.0	0.0
TGFBI	na	0.0	0.0	0.0	0.0	0.0	0.0	0.0
SMAD5	na	0.0	0.0	0.0	0.0	0.0	0.0	0.0
SPOCK1	na	0.0	0.0	0.0	0.0	0.0	0.0	0.0
KLHL3	na	0.0	0.0	0.0	0.0	0.0	0.0	0.0
HNRNPA0	na	0.049470739441564104	1.6575227369470082e-26	0.13904484016909524	0.15081833240574105	0.09385769528780012	4.86469117476514e-17	0.039875939960294794
FAM13B	na	0.0	0.0	0.0	0.0	0.0	0.0	0.0
BRD8	na	0.0	0.0	0.0	0.0	0.0	0.0	0.0
KIF20A	na	0.0	0.0	0.0	0.0	0.0	0.0	0.0
CDC23	na	0.0	0.0	0.0	0.0	0.0	0.0	0.0
CDC25C	na	0.0	0.0	0.0	0.0	0.0	0.0	0.0
FAM53C	na	0.0	0.0	0.0	0.0	0.0	0.0	0.0
KDM3B	na	0.0	0.0	0.0	0.0	0.0	0.0	0.0
EGR1	na	0.0	0.0	0.0	0.0	0.0	0.0	0.0
ETF1	na	0.0	0.0	0.0	0.0	0.0	0.0	0.0
HSPA9	na	0.09523851107533957	0.025833882183844983	0.15328983454473571	0.18267731338599538	0.104014604231023	0.03191748768067868	0.11007586550553841
CTNNA1	na	0.07155531113523571	0.02760519470197655	0.13267849793581524	0.1374098798335374	0.09009669001634199	0.04857585896911593	0.10301260276740477
AC034243.1	na	0.0	0.0	0.0	0.0	0.0	0.0	0.0
SIL1	na	0.0	0.0	0.0	0.0	0.0	0.0	0.0
PAIP2	na	0.0	0.0	0.0	0.0	0.0	0.0	0.0
MZB1	na	0.0	0.0	0.0	0.0	0.0	0.0	0.0
SPATA24	na	0.0	0.0	0.0	0.0	0.0	0.0	0.0
DNAJC18	na	0.0	0.0	0.0	0.0	0.0	0.0	0.0
ECSCR	na	0.0	0.0	0.0	0.0	0.0	0.0	0.0
TMEM173	na	0.0	0.0	0.0	0.0	0.0	0.0	0.0
UBE2D2	na	0.0	0.0	0.0	0.0	0.0	0.0	0.0
CXXC5	na	0.0	0.0	0.0	0.0	0.0	0.0	0.0
NRG2	na	0.0	0.0	0.0	0.0	0.0	0.0	0.0
PURA	na	0.0	0.0	0.0	0.0	0.0	0.0	0.0
IGIP	na	0.0	0.0	0.0	0.0	0.0	0.0	0.0
CYSTM1	na	0.0	0.0	0.0	0.0	0.0	0.0	0.0
PFDN1	na	0.0	0.0	0.0	0.0	0.0	0.0	0.0
HBEGF	na	0.0	0.0	0.0	0.0	0.0	0.0	0.0
ANKHD1	na	0.0	0.0	0.0	0.0	0.0	0.0	0.0
SRA1	na	0.0	0.0	0.0	0.0	0.0	0.0	0.0
EIF4EBP3	na	0.0	0.0	0.0	0.0	0.0	0.0	0.0
APBB3	na	0.0	0.0	0.0	0.0	0.0	0.0	0.0
SLC35A4	na	0.0	0.0	0.0	0.0	0.0	0.0	0.0
CD14	na	0.0	0.0	0.0	0.0	0.0	0.0	0.0
NDUFA2	na	0.1277603823525732	0.08699839961754696	0.1389070538609691	0.14914663836119507	0.10870653392169817	0.1140772388660347	0.16583508242845757
TMCO6	na	0.0	0.0	0.0	0.0	0.0	0.0	0.0
IK	na	0.0	0.0	0.0	0.0	0.0	0.0	0.0
WDR55	na	0.0	0.0	0.0	0.0	0.0	0.0	0.0
DND1	na	0.0	0.0	0.0	0.0	0.0	0.0	0.0
HARS	na	0.0	0.0	0.0	0.0	0.0	0.0	0.0
HARS2	na	0.0	0.0	0.0	0.0	0.0	0.0	0.0
ZMAT2	na	0.0	0.0	0.0	0.0	0.0	0.0	0.0
PCDHA7	na	0.0	0.0	0.0	0.0	0.0	0.0	0.0
PCDHB2	na	0.0	0.0	0.0	0.0	0.0	0.0	0.0
PCDHB3	na	0.0	0.0	0.0	0.0	0.0	0.0	0.0
AC244517.1	na	0.0	0.0	0.0	0.0	0.0	0.0	0.0
PCDHB4	na	0.0	0.0	0.0	0.0	0.0	0.0	0.0
PCDHB7	na	0.0	0.0	0.0	0.0	0.0	0.0	0.0
PCDHB16	na	0.0	0.0	0.0	0.0	0.0	0.0	0.0
PCDHB9	na	0.0	0.0	0.0	0.0	0.0	0.0	0.0
PCDHB10	na	0.0	0.0	0.0	0.0	0.0	0.0	0.0
PCDHB11	na	0.0	0.0	0.0	0.0	0.0	0.0	0.0
PCDHB14	na	0.0	0.0	0.0	0.0	0.0	0.0	0.0
TAF7	na	0.0	0.0	0.0	0.0	0.0	0.0	0.0
DIAPH1	na	0.0	0.0	0.0	0.0	0.0	0.0	0.0
HDAC3	na	0.0	0.0	0.0	0.0	0.0	0.0	0.0
RELL2	na	0.0	0.0	0.0	0.0	0.0	0.0	0.0
FCHSD1	na	0.0	0.0	0.0	0.0	0.0	0.0	0.0
ARAP3	na	0.0	0.0	0.0	0.0	0.0	0.0	0.0
PCDH1	na	0.0	0.0	0.0	0.0	0.0	0.0	0.0
DELE1	na	0.0	0.0	0.0	0.0	0.0	0.0	0.0
PCDH12	na	0.0	0.0	0.0	0.0	0.0	0.0	0.0
RNF14	na	0.0	0.0	0.0	0.0	0.0	0.0	0.0
GNPDA1	na	0.0	0.0	0.0	0.0	0.0	0.0	0.0
NDFIP1	na	0.0	0.0	0.0	0.0	0.0	0.0	0.0
SPRY4	na	0.0	0.0	0.0	0.0	0.0	0.0	0.0
FGF1	na	0.0	0.0	0.0	0.0	0.0	0.0	0.0
ARHGAP26	na	0.0	0.0	0.0	0.0	0.0	0.0	0.0
NR3C1	na	0.0	0.0	0.0	0.0	0.0	0.0	0.0
YIPF5	na	0.0	0.0	0.0	0.0	0.0	0.0	0.0
SH3RF2	na	0.0	0.0	0.0	0.0	0.0	0.0	0.0
LARS	na	0.0	0.0	0.0	0.0	0.0	0.0	0.0
RBM27	na	0.0	0.0	0.0	0.0	0.0	0.0	0.0
TCERG1	na	0.0	0.0	0.0	0.0	0.0	0.0	0.0
DPYSL3	na	0.0	0.0	0.0	0.0	0.0	0.0	0.0
C5orf46	na	0.0	0.0	0.0	0.0	0.0	0.0	0.0
SPINK5	na	0.0	0.0	0.0	0.0	0.0	0.0	0.0
FBXO38	na	0.0	0.0	0.0	0.0	0.0	0.0	0.0
ADRB2	na	0.0	0.0	0.0	0.0	0.0	0.0	0.0
SH3TC2	na	0.0	0.0	0.0	0.0	0.0	0.0	0.0
ABLIM3	na	0.0	0.0	0.0	0.0	0.0	0.0	0.0
AFAP1L1	na	0.0	0.0	0.0	0.0	0.0	0.0	0.0
GRPEL2	na	0.0	0.0	0.0	0.0	0.0	0.0	0.0
PCYOX1L	na	0.0	0.0	0.0	0.0	0.0	0.0	0.0
CARMN	na	0.0	0.0	0.0	0.0	0.0	0.0	0.0
CSNK1A1	na	0.07807657759696102	1.2714923179224686e-23	0.14534009904421702	0.16363509002692522	0.09159609123374664	0.024650753547021394	0.06432593345333137
ARHGEF37	na	0.0	0.0	0.0	0.0	0.0	0.0	0.0
PPARGC1B	na	0.0	0.0	0.0	0.0	0.0	0.0	0.0
SLC26A2	na	0.0	0.0	0.0	0.0	0.0	0.0	0.0
TIGD6	na	0.0	0.0	0.0	0.0	0.0	0.0	0.0
HMGXB3	na	0.0	0.0	0.0	0.0	0.0	0.0	0.0
CSF1R	na	0.0	0.0	0.0	0.0	0.0	0.0	0.0
PDGFRB	na	0.0	0.0	0.0	0.0	0.0	0.0	0.0
ARSI	na	0.0	0.0	0.0	0.0	0.0	0.0	0.0
TCOF1	na	0.0	0.0	0.0	0.0	0.0	0.0	0.0
CD74	na	0.21718753893262774	0.40155960523211087	0.16818531240452522	0.26319745372133485	0.24253871479491254	0.4845694926328296	0.4472430482804484
RPS14	na	0.7679864860196569	1.3616973776543269	0.5005399241748064	0.5139236637889221	0.5702423485886764	1.013246868756661	1.4200190645671236
NDST1	na	0.0	0.0	0.0	0.0	0.0	0.0	0.0
SYNPO	na	0.0	0.0	0.0	0.0	0.0	0.0	0.0
RBM22	na	0.0	0.0	0.0	0.0	0.0	0.0	0.0
DCTN4	na	0.0	0.0	0.0	0.0	0.0	0.0	0.0
SMIM3	na	0.0	0.0	0.0	0.0	0.0	0.0	0.0
GPX3	na	0.0	0.0	0.0	0.0	0.0	0.0	0.0
TNIP1	na	0.0	0.0	0.0	0.0	0.0	0.0	0.0
ANXA6	na	0.08170159276743082	2.8438346674950916e-20	0.14573358914503518	0.1644048540000435	0.09247023760017997	0.037736182317174814	0.06222973115280903
CCDC69	na	0.0	0.0	0.0	0.0	0.0	0.0	0.0
GM2A	na	0.0	0.0	0.0	0.0	0.0	0.0	0.0
SLC36A1	na	0.0	0.0	0.0	0.0	0.0	0.0	0.0
SPARC	na	0.23519585255515535	0.13923931685416713	0.3754566793720816	0.33065161060496806	0.2560724679766735	0.22393874588667365	0.3094688313826181
AC011374.2	na	0.0	0.0	0.0	0.0	0.0	0.0	0.0
ATOX1	na	0.06703372489771982	0.08229941671670454	0.10488004041889598	0.18168833098930254	0.0972655352029579	0.10301930196298482	0.09287281954890272
G3BP1	na	0.0	0.0	0.0	0.0	0.0	0.0	0.0
FAM114A2	na	0.0	0.0	0.0	0.0	0.0	0.0	0.0
MFAP3	na	0.0	0.0	0.0	0.0	0.0	0.0	0.0
GALNT10	na	0.0	0.0	0.0	0.0	0.0	0.0	0.0
SAP30L	na	0.0	0.0	0.0	0.0	0.0	0.0	0.0
LARP1	na	0.0	0.0	0.0	0.0	0.0	0.0	0.0
FAXDC2	na	0.0	0.0	0.0	0.0	0.0	0.0	0.0
CNOT8	na	0.0	0.0	0.0	0.0	0.0	0.0	0.0
GEMIN5	na	0.0	0.0	0.0	0.0	0.0	0.0	0.0
MRPL22	na	0.0	0.0	0.0	0.0	0.0	0.0	0.0
SGCD	na	0.0	0.0	0.0	0.0	0.0	0.0	0.0
HAVCR2	na	0.0	0.0	0.0	0.0	0.0	0.0	0.0
MED7	na	0.0	0.0	0.0	0.0	0.0	0.0	0.0
CYFIP2	na	0.0	0.0	0.0	0.0	0.0	0.0	0.0
ADAM19	na	0.0	0.0	0.0	0.0	0.0	0.0	0.0
THG1L	na	0.0	0.0	0.0	0.0	0.0	0.0	0.0
LSM11	na	0.0	0.0	0.0	0.0	0.0	0.0	0.0
CLINT1	na	0.0	0.0	0.0	0.0	0.0	0.0	0.0
EBF1	na	0.0	0.0	0.0	0.0	0.0	0.0	0.0
RNF145	na	0.0	0.0	0.0	0.0	0.0	0.0	0.0
UBLCP1	na	0.0	0.0	0.0	0.0	0.0	0.0	0.0
AC008703.1	na	0.0	0.0	0.0	0.0	0.0	0.0	0.0
TTC1	na	0.0	0.0	0.0	0.0	0.0	0.0	0.0
PWWP2A	na	0.0	0.0	0.0	0.0	0.0	0.0	0.0
FABP6	na	0.0	0.0	0.0	0.0	0.0	0.0	0.0
CCNJL	na	0.0	0.0	0.0	0.0	0.0	0.0	0.0
C1QTNF2	na	0.0	0.0	0.0	0.0	0.0	0.0	0.0
ZBED8	na	0.0	0.0	0.0	0.0	0.0	0.0	0.0
SLU7	na	0.0	0.0	0.0	0.0	0.0	0.0	0.0
PTTG1	na	0.0	0.0	0.0	0.0	0.0	0.0	0.0
CCNG1	na	0.0	0.0	0.0	0.0	0.0	0.0	0.0
NUDCD2	na	0.0	0.0	0.0	0.0	0.0	0.0	0.0
HMMR	na	0.0	0.0	0.0	0.0	0.0	0.0	0.0
MAT2B	na	0.0	0.0	0.0	0.0	0.0	0.0	0.0
TENM2	na	0.0	0.0	0.0	0.0	0.0	0.0	0.0
WWC1	na	0.0	0.0	0.0	0.0	0.0	0.0	0.0
RARS	na	0.0	0.0	0.0	0.0	0.0	0.0	0.0
PANK3	na	0.0	0.0	0.0	0.0	0.0	0.0	0.0
SLIT3	na	0.0	0.0	0.0	0.0	0.0	0.0	0.0
SPDL1	na	0.0	0.0	0.0	0.0	0.0	0.0	0.0
DOCK2	na	0.0	0.0	0.0	0.0	0.0	0.0	0.0
FOXI1	na	0.07413745987735385	2.0634266252302215e-23	0.13468708929745565	0.15064102792775333	0.08644176566719124	3.5918847915823384e-21	0.04165716051316855
LCP2	na	0.0	0.0	0.0	0.0	0.0	0.0	0.0
KCNMB1	na	0.0	0.0	0.0	0.0	0.0	0.0	0.0
RANBP17	na	0.0	0.0	0.0	0.0	0.0	0.0	0.0
NPM1	na	0.13009522725942993	0.09498556548566794	0.168861356670185	0.22531260405937262	0.13682329544707827	0.14883981782134856	0.14658246573629
FBXW11	na	0.0	0.0	0.0	0.0	0.0	0.0	0.0
STK10	na	0.0	0.0	0.0	0.0	0.0	0.0	0.0
UBTD2	na	0.0	0.0	0.0	0.0	0.0	0.0	0.0
SH3PXD2B	na	0.0	0.0	0.0	0.0	0.0	0.0	0.0
NEURL1B	na	0.0	0.0	0.0	0.0	0.0	0.0	0.0
DUSP1	na	0.061333754956312006	0.015360356149344861	0.11984650258703694	0.13845796150272816	0.0812854243304319	0.06123340318166808	0.09749049593503602
ERGIC1	na	0.08718956454553412	1.6301876870419358e-27	0.16151918224247244	0.165846031903484	0.10276385193756919	1.0445466749141999e-26	7.966097549434341e-13
RPL26L1	na	0.0	0.0	0.0	0.0	0.0	0.0	0.0
ATP6V0E1	na	0.07110065041618083	0.004389452281151281	0.13269583855663275	0.1694126485694328	0.09172130422636567	0.05963654623062634	0.0770962107772497
CREBRF	na	0.0	0.0	0.0	0.0	0.0	0.0	0.0
BNIP1	na	0.0	0.0	0.0	0.0	0.0	0.0	0.0
NKX2-5	na	0.0	0.0	0.0	0.0	0.0	0.0	0.0
STC2	na	0.0	0.0	0.0	0.0	0.0	0.0	0.0
BOD1	na	0.0	0.0	0.0	0.0	0.0	0.0	0.0
CPEB4	na	0.0	0.0	0.0	0.0	0.0	0.0	0.0
LINC01411	na	0.0	0.0	0.0	0.0	0.0	0.0	0.0
MSX2	na	0.0	0.0	0.0	0.0	0.0	0.0	0.0
SFXN1	na	0.0	0.0	0.0	0.0	0.0	0.0	0.0
HRH2	na	0.0	0.0	0.0	0.0	0.0	0.0	0.0
THOC3	na	0.0	0.0	0.0	0.0	0.0	0.0	0.0
SIMC1	na	0.0	0.0	0.0	0.0	0.0	0.0	0.0
KIAA1191	na	0.0	0.0	0.0	0.0	0.0	0.0	0.0
ARL10	na	0.0	0.0	0.0	0.0	0.0	0.0	0.0
NOP16	na	0.0	0.0	0.0	0.0	0.0	0.0	0.0
HIGD2A	na	0.06958095934744979	0.02396335332940617	0.10308234943985355	0.1240173742000372	0.0753983438605235	0.04590746139814881	0.08113507351258868
CLTB	na	0.0	0.0	0.0	0.0	0.0	0.0	0.0
FAF2	na	0.0	0.0	0.0	0.0	0.0	0.0	0.0
RNF44	na	0.0	0.0	0.0	0.0	0.0	0.0	0.0
GPRIN1	na	0.0	0.0	0.0	0.0	0.0	0.0	0.0
TSPAN17	na	0.0	0.0	0.0	0.0	0.0	0.0	0.0
UNC5A	na	0.0	0.0	0.0	0.0	0.0	0.0	0.0
HK3	na	0.0	0.0	0.0	0.0	0.0	0.0	0.0
UIMC1	na	0.0	0.0	0.0	0.0	0.0	0.0	0.0
ZNF346	na	0.0	0.0	0.0	0.0	0.0	0.0	0.0
FGFR4	na	0.0	0.0	0.0	0.0	0.0	0.0	0.0
NSD1	na	0.0	0.0	0.0	0.0	0.0	0.0	0.0
RAB24	na	0.0	0.0	0.0	0.0	0.0	0.0	0.0
MXD3	na	0.0	0.0	0.0	0.0	0.0	0.0	0.0
PRELID1	na	0.07263880936409355	0.0259850320939314	0.10425058751461934	0.11865936910663573	0.07041479904425602	0.0477670672531575	0.07467126696133478
LMAN2	na	0.07091760899670306	3.420338195413924e-20	0.1389328047214176	0.18619771867668222	0.10103329653917957	0.012806813216164453	0.06715997978699553
RGS14	na	0.0	0.0	0.0	0.0	0.0	0.0	0.0
F12	na	0.0	0.0	0.0	0.0	0.0	0.0	0.0
GRK6	na	0.0	0.0	0.0	0.0	0.0	0.0	0.0
PRR7	na	0.0	0.0	0.0	0.0	0.0	0.0	0.0
DBN1	na	0.0	0.0	0.0	0.0	0.0	0.0	0.0
PDLIM7	na	0.0	0.0	0.0	0.0	0.0	0.0	0.0
DOK3	na	0.0	0.0	0.0	0.0	0.0	0.0	0.0
DDX41	na	0.0	0.0	0.0	0.0	0.0	0.0	0.0
FAM193B	na	0.0	0.0	0.0	0.0	0.0	0.0	0.0
TMED9	na	0.06707785044364864	1.91138159389845e-14	0.12560825811876436	0.1360093713698178	0.08129175702269364	0.0203180370836261	0.03850664024452803
B4GALT7	na	0.0	0.0	0.0	0.0	0.0	0.0	0.0
AC106795.2	na	0.0	0.0	0.0	0.0	0.0	0.0	0.0
N4BP3	na	0.0	0.0	0.0	0.0	0.0	0.0	0.0
RMND5B	na	0.0	0.0	0.0	0.0	0.0	0.0	0.0
NHP2	na	0.06272773357532516	0.019541243923763746	0.09919704103558818	0.11984675262343848	0.07440382340563491	0.05237020748704506	0.08585917334835698
HNRNPAB	na	0.0674914529781926	0.022772956087226858	0.1405438872283829	0.17430017511180892	0.10101136875061638	0.045998159035436706	0.08928477954560803
PHYKPL	na	0.0	0.0	0.0	0.0	0.0	0.0	0.0
COL23A1	na	0.0	0.0	0.0	0.0	0.0	0.0	0.0
CLK4	na	0.0	0.0	0.0	0.0	0.0	0.0	0.0
ZNF354A	na	0.0	0.0	0.0	0.0	0.0	0.0	0.0
ZNF354B	na	0.0	0.0	0.0	0.0	0.0	0.0	0.0
ZNF879	na	0.0	0.0	0.0	0.0	0.0	0.0	0.0
ZNF354C	na	0.0	0.0	0.0	0.0	0.0	0.0	0.0
ADAMTS2	na	0.0	0.0	0.0	0.0	0.0	0.0	0.0
RUFY1	na	0.0	0.0	0.0	0.0	0.0	0.0	0.0
HNRNPH1	na	0.09077662421662563	9.381528315340883e-27	0.18343056211072326	0.20914466008064736	0.11465682646015667	7.00831601263037e-24	0.03608543041726135
AC136604.3	na	0.0	0.0	0.0	0.0	0.0	0.0	0.0
CANX	na	0.07771757454190813	1.5501629231636914e-22	0.20456057657950982	0.2157004384232205	0.11667632282823874	1.089355895442622e-19	0.05062593200336525
MAML1	na	0.0	0.0	0.0	0.0	0.0	0.0	0.0
LTC4S	na	0.0	0.0	0.0	0.0	0.0	0.0	0.0
MGAT4B	na	0.0	0.0	0.0	0.0	0.0	0.0	0.0
SQSTM1	na	0.08483678788104204	8.272051694774628e-21	0.1477455698520702	0.1962651966555012	0.09920707824542789	0.02717586748477396	0.07903270846896499
MRNIP	na	0.0	0.0	0.0	0.0	0.0	0.0	0.0
AC008393.1	na	0.0	0.0	0.0	0.0	0.0	0.0	0.0
TBC1D9B	na	0.0	0.0	0.0	0.0	0.0	0.0	0.0
RNF130	na	0.0	0.0	0.0	0.0	0.0	0.0	0.0
MAPK9	na	0.0	0.0	0.0	0.0	0.0	0.0	0.0
AC008610.1	na	0.0	0.0	0.0	0.0	0.0	0.0	0.0
GFPT2	na	0.0	0.0	0.0	0.0	0.0	0.0	0.0
CNOT6	na	0.0	0.0	0.0	0.0	0.0	0.0	0.0
FLT4	na	0.0	0.0	0.0	0.0	0.0	0.0	0.0
MGAT1	na	0.0	0.0	0.0	0.0	0.0	0.0	0.0
LINC00847	na	0.0	0.0	0.0	0.0	0.0	0.0	0.0
ZFP62	na	0.0	0.0	0.0	0.0	0.0	0.0	0.0
BTNL9	na	0.0	0.0	0.0	0.0	0.0	0.0	0.0
AC008443.5	na	0.0	0.0	0.0	0.0	0.0	0.0	0.0
TRIM41	na	0.0	0.0	0.0	0.0	0.0	0.0	0.0
RACK1	na	0.23749903535596076	0.23407569994417687	0.34103834751072365	0.38155349222685997	0.2584972007048221	0.2113635209255157	0.3881978008347766
TRIM52	na	0.0	0.0	0.0	0.0	0.0	0.0	0.0
DUSP22	na	0.0	0.0	0.0	0.0	0.0	0.0	0.0
IRF4	na	0.0	0.0	0.0	0.0	0.0	0.0	0.0
EXOC2	na	0.0	0.0	0.0	0.0	0.0	0.0	0.0
FOXF2	na	0.0	0.0	0.0	0.0	0.0	0.0	0.0
FOXC1	na	0.0	0.0	0.0	0.0	0.0	0.0	0.0
GMDS	na	0.0	0.0	0.0	0.0	0.0	0.0	0.0
GMDS-DT	na	0.0	0.0	0.0	0.0	0.0	0.0	0.0
WRNIP1	na	0.0	0.0	0.0	0.0	0.0	0.0	0.0
SERPINB1	na	0.0	0.0	0.0	0.0	0.0	0.0	0.0
SERPINB9	na	0.0	0.0	0.0	0.0	0.0	0.0	0.0
SERPINB6	na	0.10378782624345323	1.8727649585825779e-16	0.17466531783764075	0.20172834987753926	0.11747504650119701	0.013771475938161509	0.08239299936180805
LINC01011	na	0.0	0.0	0.0	0.0	0.0	0.0	0.0
NQO2	na	0.0	0.0	0.0	0.0	0.0	0.0	0.0
RIPK1	na	0.0	0.0	0.0	0.0	0.0	0.0	0.0
BPHL	na	0.0	0.0	0.0	0.0	0.0	0.0	0.0
TUBB2A	na	0.0	0.0	0.0	0.0	0.0	0.0	0.0
PSMG4	na	0.0	0.0	0.0	0.0	0.0	0.0	0.0
SLC22A23	na	0.0	0.0	0.0	0.0	0.0	0.0	0.0
PXDC1	na	0.0	0.0	0.0	0.0	0.0	0.0	0.0
FAM50B	na	0.0	0.0	0.0	0.0	0.0	0.0	0.0
PRPF4B	na	0.0	0.0	0.0	0.0	0.0	0.0	0.0
ECI2	na	0.0	0.0	0.0	0.0	0.0	0.0	0.0
CDYL	na	0.0	0.0	0.0	0.0	0.0	0.0	0.0
RPP40	na	0.0	0.0	0.0	0.0	0.0	0.0	0.0
LYRM4	na	0.0	0.0	0.0	0.0	0.0	0.0	0.0
FARS2	na	0.0	0.0	0.0	0.0	0.0	0.0	0.0
AL021328.1	na	0.0	0.0	0.0	0.0	0.0	0.0	0.0
NRN1	na	0.0	0.0	0.0	0.0	0.0	0.0	0.0
F13A1	na	0.0	0.0	0.0	0.0	0.0	0.0	0.0
LY86	na	0.0	0.0	0.0	0.0	0.0	0.0	0.0
AL031123.2	na	0.0	0.0	0.0	0.0	0.0	0.0	0.0
RREB1	na	0.0	0.0	0.0	0.0	0.0	0.0	0.0
SSR1	na	0.08239423700395662	1.2406564409101733e-17	0.1423923135667601	0.17512407297024576	0.09658923315473768	0.0020630741630272226	0.032164360036917625
RIOK1	na	0.0	0.0	0.0	0.0	0.0	0.0	0.0
AL031058.1	na	0.0	0.0	0.0	0.0	0.0	0.0	0.0
DSP	na	0.10446140337469968	0.008965869560916651	0.18131197433244345	0.2352018348068721	0.1311584247339083	0.06564543986645438	0.09073656078082737
SNRNP48	na	0.0	0.0	0.0	0.0	0.0	0.0	0.0
TXNDC5	na	0.0	0.0	0.0	0.0	0.0	0.0	0.0
BLOC1S5	na	0.0	0.0	0.0	0.0	0.0	0.0	0.0
EEF1E1	na	0.0	0.0	0.0	0.0	0.0	0.0	0.0
SLC35B3	na	0.0	0.0	0.0	0.0	0.0	0.0	0.0
TFAP2A	na	0.05770267206886318	8.530947001601453e-15	0.12221049538423506	0.16041971998714932	0.09563409084384765	0.028834576473935534	0.05985277693235131
AL138885.3	na	0.0	0.0	0.0	0.0	0.0	0.0	0.0
TFAP2A-AS1	na	0.0	0.0	0.0	0.0	0.0	0.0	0.0
GCNT2	na	0.0	0.0	0.0	0.0	0.0	0.0	0.0
C6orf52	na	0.0	0.0	0.0	0.0	0.0	0.0	0.0
PAK1IP1	na	0.0	0.0	0.0	0.0	0.0	0.0	0.0
TMEM14C	na	0.06032178960887029	0.027580629572933172	0.08606242591010599	0.1330934038882604	0.07517367792469828	0.031077428781177727	0.06956201684231526
TMEM14B	na	0.08218429961011409	0.01768850575446323	0.10521724438963692	0.13408383148769326	0.08124861696958885	0.04845544728238163	0.0703392553544875
MAK	na	0.0	0.0	0.0	0.0	0.0	0.0	0.0
SYCP2L	na	0.0	0.0	0.0	0.0	0.0	0.0	0.0
SMIM13	na	0.0	0.0	0.0	0.0	0.0	0.0	0.0
NEDD9	na	0.0	0.0	0.0	0.0	0.0	0.0	0.0
TMEM170B	na	0.0	0.0	0.0	0.0	0.0	0.0	0.0
AL157373.2	na	0.0	0.0	0.0	0.0	0.0	0.0	0.0
HIVEP1	na	0.0	0.0	0.0	0.0	0.0	0.0	0.0
EDN1	na	0.0	0.0	0.0	0.0	0.0	0.0	0.0
PHACTR1	na	0.0	0.0	0.0	0.0	0.0	0.0	0.0
TBC1D7	na	0.0	0.0	0.0	0.0	0.0	0.0	0.0
GFOD1	na	0.0	0.0	0.0	0.0	0.0	0.0	0.0
SIRT5	na	0.0	0.0	0.0	0.0	0.0	0.0	0.0
AL441883.1	na	0.0	0.0	0.0	0.0	0.0	0.0	0.0
NOL7	na	0.0	0.0	0.0	0.0	0.0	0.0	0.0
RANBP9	na	0.0	0.0	0.0	0.0	0.0	0.0	0.0
MCUR1	na	0.0	0.0	0.0	0.0	0.0	0.0	0.0
CD83	na	0.0	0.0	0.0	0.0	0.0	0.0	0.0
JARID2	na	0.0	0.0	0.0	0.0	0.0	0.0	0.0
DTNBP1	na	0.0	0.0	0.0	0.0	0.0	0.0	0.0
MYLIP	na	0.0	0.0	0.0	0.0	0.0	0.0	0.0
GMPR	na	0.0	0.0	0.0	0.0	0.0	0.0	0.0
ATXN1	na	0.0	0.0	0.0	0.0	0.0	0.0	0.0
AL137003.2	na	0.0	0.0	0.0	0.0	0.0	0.0	0.0
STMND1	na	0.0	0.0	0.0	0.0	0.0	0.0	0.0
CAP2	na	0.0	0.0	0.0	0.0	0.0	0.0	0.0
FAM8A1	na	0.0	0.0	0.0	0.0	0.0	0.0	0.0
NUP153	na	0.0	0.0	0.0	0.0	0.0	0.0	0.0
KIF13A	na	0.0	0.0	0.0	0.0	0.0	0.0	0.0
NHLRC1	na	0.0	0.0	0.0	0.0	0.0	0.0	0.0
TPMT	na	0.0	0.0	0.0	0.0	0.0	0.0	0.0
KDM1B	na	0.0	0.0	0.0	0.0	0.0	0.0	0.0
DEK	na	0.0	0.0	0.0	0.0	0.0	0.0	0.0
RNF144B	na	0.0	0.0	0.0	0.0	0.0	0.0	0.0
AL022068.1	na	0.0	0.0	0.0	0.0	0.0	0.0	0.0
ID4	na	0.0	0.0	0.0	0.0	0.0	0.0	0.0
E2F3	na	0.0	0.0	0.0	0.0	0.0	0.0	0.0
CDKAL1	na	0.0	0.0	0.0	0.0	0.0	0.0	0.0
SOX4	na	0.06527828951063203	1.9076934457692114e-16	0.17278953004250452	0.17643071864368248	0.11327762700891006	3.3477981463661217e-15	0.027454369704930735
CASC15	na	0.0	0.0	0.0	0.0	0.0	0.0	0.0
DCDC2	na	0.0	0.0	0.0	0.0	0.0	0.0	0.0
MRS2	na	0.0	0.0	0.0	0.0	0.0	0.0	0.0
ALDH5A1	na	0.0	0.0	0.0	0.0	0.0	0.0	0.0
TDP2	na	0.0	0.0	0.0	0.0	0.0	0.0	0.0
ACOT13	na	0.0	0.0	0.0	0.0	0.0	0.0	0.0
AL031775.1	na	0.0	0.0	0.0	0.0	0.0	0.0	0.0
C6orf62	na	0.0652348075246685	2.506009904801887e-22	0.1568411461783943	0.17744379024125118	0.09722669576841753	0.016695779423183142	0.055746933754047344
GMNN	na	0.0	0.0	0.0	0.0	0.0	0.0	0.0
RIPOR2	na	0.0	0.0	0.0	0.0	0.0	0.0	0.0
CARMIL1	na	0.0	0.0	0.0	0.0	0.0	0.0	0.0
SCGN	na	0.0	0.0	0.0	0.0	0.0	0.0	0.0
TRIM38	na	0.0	0.0	0.0	0.0	0.0	0.0	0.0
HIST1H1C	na	0.0	0.0	0.0	0.0	0.0	0.0	0.0
HFE	na	0.0	0.0	0.0	0.0	0.0	0.0	0.0
HIST1H4C	na	0.0	0.0	0.0	0.0	0.0	0.0	0.0
HIST1H2BC	na	0.0	0.0	0.0	0.0	0.0	0.0	0.0
HIST1H2AC	na	0.0	0.0	0.0	0.0	0.0	0.0	0.0
HIST1H1E	na	0.0	0.0	0.0	0.0	0.0	0.0	0.0
HIST1H2BD	na	0.0	0.0	0.0	0.0	0.0	0.0	0.0
HIST1H2BE	na	0.0	0.0	0.0	0.0	0.0	0.0	0.0
AL031777.3	na	0.0	0.0	0.0	0.0	0.0	0.0	0.0
HIST1H4E	na	0.0	0.0	0.0	0.0	0.0	0.0	0.0
HIST1H2BG	na	0.0	0.0	0.0	0.0	0.0	0.0	0.0
HIST1H2AE	na	0.0	0.0	0.0	0.0	0.0	0.0	0.0
HIST1H3E	na	0.0	0.0	0.0	0.0	0.0	0.0	0.0
HIST1H1D	na	0.0	0.0	0.0	0.0	0.0	0.0	0.0
HIST1H2BH	na	0.0	0.0	0.0	0.0	0.0	0.0	0.0
HIST1H3G	na	0.0	0.0	0.0	0.0	0.0	0.0	0.0
HIST1H4H	na	0.0	0.0	0.0	0.0	0.0	0.0	0.0
BTN3A2	na	0.0	0.0	0.0	0.0	0.0	0.0	0.0
BTN2A2	na	0.0	0.0	0.0	0.0	0.0	0.0	0.0
BTN3A1	na	0.0	0.0	0.0	0.0	0.0	0.0	0.0
BTN3A3	na	0.0	0.0	0.0	0.0	0.0	0.0	0.0
BTN2A1	na	0.0	0.0	0.0	0.0	0.0	0.0	0.0
HCG11	na	0.0	0.0	0.0	0.0	0.0	0.0	0.0
ABT1	na	0.0	0.0	0.0	0.0	0.0	0.0	0.0
ZNF322	na	0.0	0.0	0.0	0.0	0.0	0.0	0.0
AL513548.1	na	0.0	0.0	0.0	0.0	0.0	0.0	0.0
LINC00240	na	0.0	0.0	0.0	0.0	0.0	0.0	0.0
AL021807.1	na	0.0	0.0	0.0	0.0	0.0	0.0	0.0
HIST1H2BJ	na	0.0	0.0	0.0	0.0	0.0	0.0	0.0
HIST1H2AG	na	0.0	0.0	0.0	0.0	0.0	0.0	0.0
HIST1H2BK	na	0.0	0.0	0.0	0.0	0.0	0.0	0.0
ZNF184	na	0.0	0.0	0.0	0.0	0.0	0.0	0.0
HIST1H2AI	na	0.0	0.0	0.0	0.0	0.0	0.0	0.0
HIST1H3H	na	0.0	0.0	0.0	0.0	0.0	0.0	0.0
HIST1H2AJ	na	0.0	0.0	0.0	0.0	0.0	0.0	0.0
HIST1H4J	na	0.0	0.0	0.0	0.0	0.0	0.0	0.0
HIST1H2BN	na	0.0	0.0	0.0	0.0	0.0	0.0	0.0
HIST1H1B	na	0.0	0.0	0.0	0.0	0.0	0.0	0.0
AL121944.1	na	0.0	0.0	0.0	0.0	0.0	0.0	0.0
ZNF165	na	0.0	0.0	0.0	0.0	0.0	0.0	0.0
ZSCAN16-AS1	na	0.0	0.0	0.0	0.0	0.0	0.0	0.0
ZSCAN16	na	0.0	0.0	0.0	0.0	0.0	0.0	0.0
ZKSCAN8	na	0.0	0.0	0.0	0.0	0.0	0.0	0.0
ZSCAN9	na	0.0	0.0	0.0	0.0	0.0	0.0	0.0
ZKSCAN4	na	0.0	0.0	0.0	0.0	0.0	0.0	0.0
ZSCAN26	na	0.0	0.0	0.0	0.0	0.0	0.0	0.0
PGBD1	na	0.0	0.0	0.0	0.0	0.0	0.0	0.0
ZSCAN31	na	0.0	0.0	0.0	0.0	0.0	0.0	0.0
ZKSCAN3	na	0.0	0.0	0.0	0.0	0.0	0.0	0.0
ZSCAN12	na	0.0	0.0	0.0	0.0	0.0	0.0	0.0
TRIM27	na	0.0	0.0	0.0	0.0	0.0	0.0	0.0
UBD	na	0.0	0.0	0.0	0.0	0.0	0.0	0.0
GABBR1	na	0.0	0.0	0.0	0.0	0.0	0.0	0.0
ZFP57	na	0.0	0.0	0.0	0.0	0.0	0.0	0.0
HLA-F	na	0.0	0.0	0.0	0.0	0.0	0.0	0.0
HLA-A	na	0.28448091040267115	0.1661544776286408	0.47852828070936426	0.6233025710745304	0.37324468279984474	0.29878261488744673	0.4142166893804121
ZNRD1	na	0.0	0.0	0.0	0.0	0.0	0.0	0.0
PPP1R11	na	0.0	0.0	0.0	0.0	0.0	0.0	0.0
RNF39	na	0.0	0.0	0.0	0.0	0.0	0.0	0.0
TRIM26	na	0.0	0.0	0.0	0.0	0.0	0.0	0.0
HCG18	na	0.0	0.0	0.0	0.0	0.0	0.0	0.0
TRIM39	na	0.0	0.0	0.0	0.0	0.0	0.0	0.0
RPP21	na	0.0	0.0	0.0	0.0	0.0	0.0	0.0
HLA-E	na	0.0891355382986944	0.023229090941170878	0.18013349118775787	0.19762970565751545	0.12486738551448076	0.08817735611033263	0.11063709648779022
GNL1	na	0.0	0.0	0.0	0.0	0.0	0.0	0.0
PRR3	na	0.0	0.0	0.0	0.0	0.0	0.0	0.0
ABCF1	na	0.0	0.0	0.0	0.0	0.0	0.0	0.0
PPP1R10	na	0.0	0.0	0.0	0.0	0.0	0.0	0.0
MRPS18B	na	0.0	0.0	0.0	0.0	0.0	0.0	0.0
ATAT1	na	0.0	0.0	0.0	0.0	0.0	0.0	0.0
C6orf136	na	0.0	0.0	0.0	0.0	0.0	0.0	0.0
DHX16	na	0.0	0.0	0.0	0.0	0.0	0.0	0.0
PPP1R18	na	0.0	0.0	0.0	0.0	0.0	0.0	0.0
NRM	na	0.0	0.0	0.0	0.0	0.0	0.0	0.0
MDC1	na	0.0	0.0	0.0	0.0	0.0	0.0	0.0
TUBB	na	0.19476479120209123	0.08540776665877325	0.3357739112689536	0.3017042661952459	0.2082089831586378	0.12115794028618519	0.2495940294414887
FLOT1	na	0.06866161334804498	8.600803451955802e-17	0.135671345055594	0.13782111042321593	0.09141735424308696	0.040434123293168374	0.06482760122101013
IER3-AS1	na	0.0	0.0	0.0	0.0	0.0	0.0	0.0
IER3	na	0.06949457693764503	7.170663223623898e-14	0.14166824744200374	0.1814797725330948	0.09652790261913557	0.01810978580483032	0.0723660897842847
DDR1	na	0.088543312241274	1.1542557229386117e-22	0.17522569185017467	0.20905838918340092	0.11714327534601347	2.3283214925852665e-20	0.07311810206970305
GTF2H4	na	0.0	0.0	0.0	0.0	0.0	0.0	0.0
VARS2	na	0.0	0.0	0.0	0.0	0.0	0.0	0.0
PSORS1C1	na	0.0	0.0	0.0	0.0	0.0	0.0	0.0
CDSN	na	0.0	0.0	0.0	0.0	0.0	0.0	0.0
CCHCR1	na	0.0	0.0	0.0	0.0	0.0	0.0	0.0
TCF19	na	0.0	0.0	0.0	0.0	0.0	0.0	0.0
HLA-C	na	0.18707550998729555	0.1874266246920035	0.25991774264611	0.42701804151290274	0.23663896950484883	0.2838421406707429	0.2589584865870444
HLA-B	na	0.25651074168770355	0.13055904137842592	0.4980992740095829	0.7150503295205048	0.39310841459584805	0.33569351561805705	0.34921217763100143
MICA	na	0.0	0.0	0.0	0.0	0.0	0.0	0.0
MICB	na	0.0	0.0	0.0	0.0	0.0	0.0	0.0
DDX39B	na	0.0	0.0	0.0	0.0	0.0	0.0	0.0
ATP6V1G2	na	0.0	0.0	0.0	0.0	0.0	0.0	0.0
NFKBIL1	na	0.0	0.0	0.0	0.0	0.0	0.0	0.0
TNF	na	0.0	0.0	0.0	0.0	0.0	0.0	0.0
LTB	na	0.0	0.0	0.0	0.0	0.0	0.0	0.0
LST1	na	0.0	0.0	0.0	0.0	0.0	0.0	0.0
AIF1	na	0.0	0.0	0.0	0.0	0.0	0.0	0.0
PRRC2A	na	0.06608141547504569	0.0020562748932716865	0.11924953304388207	0.13452850516582743	0.07793750325851581	0.023423021875252924	0.05213526276911292
BAG6	na	0.07329223799009277	6.65816981310182e-22	0.1585514292753998	0.1900547793372717	0.10996517673427417	3.888152775782703e-20	0.051381662485773215
APOM	na	0.0	0.0	0.0	0.0	0.0	0.0	0.0
C6orf47	na	0.0	0.0	0.0	0.0	0.0	0.0	0.0
GPANK1	na	0.0	0.0	0.0	0.0	0.0	0.0	0.0
CSNK2B	na	0.09371020127408335	0.018893196433018403	0.1776552628823247	0.2138636658552253	0.11789485114161913	0.047884253388382834	0.08943133460854193
LY6G5C	na	0.0	0.0	0.0	0.0	0.0	0.0	0.0
ABHD16A	na	0.0	0.0	0.0	0.0	0.0	0.0	0.0
DDAH2	na	0.0	0.0	0.0	0.0	0.0	0.0	0.0
CLIC1	na	0.10301294796530167	0.05577508403854516	0.15943115971577296	0.19978119297670185	0.11718885406919488	0.09709885422372484	0.143501347602122
VARS	na	0.0	0.0	0.0	0.0	0.0	0.0	0.0
LSM2	na	0.0	0.0	0.0	0.0	0.0	0.0	0.0
HSPA1L	na	0.0	0.0	0.0	0.0	0.0	0.0	0.0
HSPA1A	na	0.18119278240123693	0.12544401470169814	0.32554649612336534	0.13868340784581762	0.18463984096349698	0.17368155785591918	0.3695372047338801
HSPA1B	na	0.10202210829865958	0.07079075264037706	0.13864294411934816	0.0800057319119717	0.08009244672938963	0.07116809252222991	0.14384661392176598
C6orf48	na	0.0	0.0	0.0	0.0	0.0	0.0	0.0
NEU1	na	0.0	0.0	0.0	0.0	0.0	0.0	0.0
SLC44A4	na	0.0	0.0	0.0	0.0	0.0	0.0	0.0
EHMT2	na	0.0	0.0	0.0	0.0	0.0	0.0	0.0
C2	na	0.0	0.0	0.0	0.0	0.0	0.0	0.0
CFB	na	0.0	0.0	0.0	0.0	0.0	0.0	0.0
NELFE	na	0.07400127759627595	1.3921279334876688e-14	0.120618149675614	0.13916196341270595	0.08007353755308182	0.007527008063202756	0.034752783127713044
SKIV2L	na	0.0	0.0	0.0	0.0	0.0	0.0	0.0
DXO	na	0.0	0.0	0.0	0.0	0.0	0.0	0.0
STK19	na	0.0	0.0	0.0	0.0	0.0	0.0	0.0
CYP21A2	na	0.0	0.0	0.0	0.0	0.0	0.0	0.0
TNXB	na	0.0	0.0	0.0	0.0	0.0	0.0	0.0
ATF6B	na	0.0	0.0	0.0	0.0	0.0	0.0	0.0
FKBPL	na	0.0	0.0	0.0	0.0	0.0	0.0	0.0
PRRT1	na	0.0	0.0	0.0	0.0	0.0	0.0	0.0
PPT2	na	0.0	0.0	0.0	0.0	0.0	0.0	0.0
AGPAT1	na	0.0	0.0	0.0	0.0	0.0	0.0	0.0
RNF5	na	0.0	0.0	0.0	0.0	0.0	0.0	0.0
AGER	na	0.0	0.0	0.0	0.0	0.0	0.0	0.0
PBX2	na	0.0	0.0	0.0	0.0	0.0	0.0	0.0
GPSM3	na	0.0	0.0	0.0	0.0	0.0	0.0	0.0
NOTCH4	na	0.0	0.0	0.0	0.0	0.0	0.0	0.0
HLA-DRA	na	0.08164258753535023	0.14856904084206343	0.14831143480400563	0.2235183118944346	0.15337098812320685	0.2119356922384738	0.20994599986758558
HLA-DRB5	na	0.0	0.0	0.0	0.0	0.0	0.0	0.0
HLA-DRB1	na	0.0939154137318588	0.12123656231171777	0.0873375634412177	0.1696763345943859	0.11813228715631151	0.16999104900518483	0.1407823036139547
HLA-DQA1	na	0.0	0.0	0.0	0.0	0.0	0.0	0.0
HLA-DQB1	na	0.0	0.0	0.0	0.0	0.0	0.0	0.0
HLA-DQA2	na	0.0	0.0	0.0	0.0	0.0	0.0	0.0
HLA-DQB2	na	0.0	0.0	0.0	0.0	0.0	0.0	0.0
HLA-DOB	na	0.0	0.0	0.0	0.0	0.0	0.0	0.0
TAP2	na	0.0	0.0	0.0	0.0	0.0	0.0	0.0
PSMB8	na	0.0	0.0	0.0	0.0	0.0	0.0	0.0
PSMB8-AS1	na	0.0	0.0	0.0	0.0	0.0	0.0	0.0
PSMB9	na	0.0	0.0	0.0	0.0	0.0	0.0	0.0
TAP1	na	0.0	0.0	0.0	0.0	0.0	0.0	0.0
HLA-DMB	na	0.0	0.0	0.0	0.0	0.0	0.0	0.0
HLA-DMA	na	0.0	0.0	0.0	0.0	0.0	0.0	0.0
BRD2	na	0.039647152134868836	5.315985678756225e-19	0.10683730998827716	0.14482875370988577	0.07771307063912973	0.0029430309066005426	0.06526676572659547
HLA-DOA	na	0.0	0.0	0.0	0.0	0.0	0.0	0.0
HLA-DPA1	na	0.08130367493014184	0.07033903068881708	0.10916495667187097	0.15971023051442707	0.10224155631531949	0.12230100740705245	0.113122348911288
HLA-DPB1	na	0.0	0.0	0.0	0.0	0.0	0.0	0.0
RXRB	na	0.0	0.0	0.0	0.0	0.0	0.0	0.0
SLC39A7	na	0.0	0.0	0.0	0.0	0.0	0.0	0.0
HSD17B8	na	0.0	0.0	0.0	0.0	0.0	0.0	0.0
RING1	na	0.0	0.0	0.0	0.0	0.0	0.0	0.0
VPS52	na	0.0	0.0	0.0	0.0	0.0	0.0	0.0
RPS18	na	1.533925641702799	2.889760657697774	1.184447813528234	0.5159573797981256	1.134766578072696	2.189941989380223	3.306501504816226
B3GALT4	na	0.0	0.0	0.0	0.0	0.0	0.0	0.0
WDR46	na	0.0	0.0	0.0	0.0	0.0	0.0	0.0
PFDN6	na	0.0	0.0	0.0	0.0	0.0	0.0	0.0
RGL2	na	0.050943893580324646	8.587176468204846e-17	0.160053941132011	0.18335734093030795	0.10457121658558106	1.7336628112286518e-16	0.031093406950318873
TAPBP	na	0.07478149143418623	3.579530987225686e-29	0.16173927085850348	0.19864107985933624	0.11211593292039927	4.9737452579321503e-20	0.046715797422767706
ZBTB22	na	0.0	0.0	0.0	0.0	0.0	0.0	0.0
DAXX	na	0.0	0.0	0.0	0.0	0.0	0.0	0.0
KIFC1	na	0.0	0.0	0.0	0.0	0.0	0.0	0.0
PHF1	na	0.0	0.0	0.0	0.0	0.0	0.0	0.0
CUTA	na	0.08263400296074933	0.016621331281011086	0.1490280219307653	0.16220602925814614	0.10402449537481812	0.05187113743332443	0.0917859264179854
SYNGAP1	na	0.0	0.0	0.0	0.0	0.0	0.0	0.0
ZBTB9	na	0.0	0.0	0.0	0.0	0.0	0.0	0.0
BAK1	na	0.0	0.0	0.0	0.0	0.0	0.0	0.0
ITPR3	na	0.0	0.0	0.0	0.0	0.0	0.0	0.0
UQCC2	na	0.09476298036096201	0.05144018451896317	0.12597203360556683	0.13862737479956785	0.08779762227522608	0.08969959770635916	0.09394373406304884
LEMD2	na	0.0	0.0	0.0	0.0	0.0	0.0	0.0
GRM4	na	0.0	0.0	0.0	0.0	0.0	0.0	0.0
HMGA1	na	0.10308065456810166	2.6395077629416077e-21	0.17219285513144136	0.22725787620593182	0.11383434719620039	7.624725740358781e-16	0.05083124096823748
SMIM29	na	0.0	0.0	0.0	0.0	0.0	0.0	0.0
NUDT3	na	0.0	0.0	0.0	0.0	0.0	0.0	0.0
RPS10	na	0.5123627527034488	0.7535646838316931	0.40086232663687354	0.8822331892051228	0.5037507574368405	0.651102999797648	0.6937348816028717
PACSIN1	na	0.0	0.0	0.0	0.0	0.0	0.0	0.0
SPDEF	na	0.11122632012646026	1.9954566470165976e-18	0.17503195383461662	0.23103961195057654	0.12197829899488133	0.03836954788628418	0.08814313773578158
C6orf106	na	0.0	0.0	0.0	0.0	0.0	0.0	0.0
AL451165.2	na	0.0	0.0	0.0	0.0	0.0	0.0	0.0
SNRPC	na	0.0753498162265856	0.012777170829900507	0.11743442224599909	0.1534287225028413	0.08813603799351111	0.0435344958837648	0.08195270356140072
UHRF1BP1	na	0.0	0.0	0.0	0.0	0.0	0.0	0.0
TAF11	na	0.0	0.0	0.0	0.0	0.0	0.0	0.0
ANKS1A	na	0.0	0.0	0.0	0.0	0.0	0.0	0.0
SCUBE3	na	0.0	0.0	0.0	0.0	0.0	0.0	0.0
ZNF76	na	0.0	0.0	0.0	0.0	0.0	0.0	0.0
DEF6	na	0.0	0.0	0.0	0.0	0.0	0.0	0.0
PPARD	na	0.0	0.0	0.0	0.0	0.0	0.0	0.0
FANCE	na	0.0	0.0	0.0	0.0	0.0	0.0	0.0
RPL10A	na	0.420942478652445	0.6236832035020208	0.21891268424943477	0.39877090832761486	0.28681479689537803	0.4890585795726681	0.5899805703867881
TEAD3	na	0.0	0.0	0.0	0.0	0.0	0.0	0.0
FKBP5	na	0.0	0.0	0.0	0.0	0.0	0.0	0.0
CLPSL2	na	0.0	0.0	0.0	0.0	0.0	0.0	0.0
CLPSL1	na	0.0	0.0	0.0	0.0	0.0	0.0	0.0
LHFPL5	na	0.0	0.0	0.0	0.0	0.0	0.0	0.0
SRPK1	na	0.0	0.0	0.0	0.0	0.0	0.0	0.0
MAPK14	na	0.0	0.0	0.0	0.0	0.0	0.0	0.0
MAPK13	na	0.0	0.0	0.0	0.0	0.0	0.0	0.0
BRPF3	na	0.0	0.0	0.0	0.0	0.0	0.0	0.0
ETV7	na	0.0	0.0	0.0	0.0	0.0	0.0	0.0
KCTD20	na	0.0	0.0	0.0	0.0	0.0	0.0	0.0
STK38	na	0.0	0.0	0.0	0.0	0.0	0.0	0.0
SRSF3	na	0.1004607775221792	0.010088590404466946	0.17982283415745726	0.23074762215324218	0.12485911466600898	0.03827752886863593	0.09273555524507622
CDKN1A	na	0.0	0.0	0.0	0.0	0.0	0.0	0.0
CPNE5	na	0.0	0.0	0.0	0.0	0.0	0.0	0.0
PPIL1	na	0.0	0.0	0.0	0.0	0.0	0.0	0.0
C6orf89	na	0.0	0.0	0.0	0.0	0.0	0.0	0.0
MTCH1	na	0.09308786823863151	0.013686685201829113	0.1428387839265144	0.1668519202373594	0.09936461727751382	0.060061141682037196	0.0827886018489156
FGD2	na	0.0	0.0	0.0	0.0	0.0	0.0	0.0
PIM1	na	0.0	0.0	0.0	0.0	0.0	0.0	0.0
TBC1D22B	na	0.0	0.0	0.0	0.0	0.0	0.0	0.0
RNF8	na	0.0	0.0	0.0	0.0	0.0	0.0	0.0
CMTR1	na	0.0	0.0	0.0	0.0	0.0	0.0	0.0
CCDC167	na	0.0865759340040045	0.0364024167618058	0.11094346278270183	0.12791557067377482	0.08305086759497515	0.05914339522408125	0.08739564212910668
ZFAND3	na	0.0	0.0	0.0	0.0	0.0	0.0	0.0
BTBD9	na	0.0	0.0	0.0	0.0	0.0	0.0	0.0
GLO1	na	0.06995577941363988	0.024823273881548175	0.1147993588231513	0.13103602480762608	0.08006074866111428	0.04639708497999729	0.0886658428450029
SAYSD1	na	0.0	0.0	0.0	0.0	0.0	0.0	0.0
KCNK17	na	0.0	0.0	0.0	0.0	0.0	0.0	0.0
DAAM2	na	0.0	0.0	0.0	0.0	0.0	0.0	0.0
MOCS1	na	0.0	0.0	0.0	0.0	0.0	0.0	0.0
LRFN2	na	0.0	0.0	0.0	0.0	0.0	0.0	0.0
OARD1	na	0.0	0.0	0.0	0.0	0.0	0.0	0.0
NFYA	na	0.0	0.0	0.0	0.0	0.0	0.0	0.0
TREM2	na	0.0	0.0	0.0	0.0	0.0	0.0	0.0
TREM1	na	0.0	0.0	0.0	0.0	0.0	0.0	0.0
FOXP4-AS1	na	0.0	0.0	0.0	0.0	0.0	0.0	0.0
FOXP4	na	0.0	0.0	0.0	0.0	0.0	0.0	0.0
MDFI	na	0.0	0.0	0.0	0.0	0.0	0.0	0.0
TFEB	na	0.0	0.0	0.0	0.0	0.0	0.0	0.0
FRS3	na	0.0	0.0	0.0	0.0	0.0	0.0	0.0
AL365205.1	na	0.0	0.0	0.0	0.0	0.0	0.0	0.0
USP49	na	0.0	0.0	0.0	0.0	0.0	0.0	0.0
MED20	na	0.0	0.0	0.0	0.0	0.0	0.0	0.0
BYSL	na	0.0	0.0	0.0	0.0	0.0	0.0	0.0
CCND3	na	0.0	0.0	0.0	0.0	0.0	0.0	0.0
TAF8	na	0.0	0.0	0.0	0.0	0.0	0.0	0.0
AL512274.1	na	0.0	0.0	0.0	0.0	0.0	0.0	0.0
C6orf132	na	0.0	0.0	0.0	0.0	0.0	0.0	0.0
MRPS10	na	0.0	0.0	0.0	0.0	0.0	0.0	0.0
TRERF1	na	0.0	0.0	0.0	0.0	0.0	0.0	0.0
UBR2	na	0.0	0.0	0.0	0.0	0.0	0.0	0.0
TBCC	na	0.0	0.0	0.0	0.0	0.0	0.0	0.0
BICRAL	na	0.0	0.0	0.0	0.0	0.0	0.0	0.0
RPL7L1	na	0.0	0.0	0.0	0.0	0.0	0.0	0.0
C6orf226	na	0.0	0.0	0.0	0.0	0.0	0.0	0.0
CNPY3	na	0.0	0.0	0.0	0.0	0.0	0.0	0.0
GNMT	na	0.0	0.0	0.0	0.0	0.0	0.0	0.0
PEX6	na	0.0	0.0	0.0	0.0	0.0	0.0	0.0
PPP2R5D	na	0.0	0.0	0.0	0.0	0.0	0.0	0.0
MEA1	na	0.05416210436140193	0.0031630289693326034	0.10479445999561339	0.12609285546019922	0.06972656855868714	0.03423763493732662	0.07041227764441493
KLHDC3	na	0.0	0.0	0.0	0.0	0.0	0.0	0.0
RRP36	na	0.0	0.0	0.0	0.0	0.0	0.0	0.0
CUL7	na	0.0	0.0	0.0	0.0	0.0	0.0	0.0
KLC4	na	0.0	0.0	0.0	0.0	0.0	0.0	0.0
MRPL2	na	0.0	0.0	0.0	0.0	0.0	0.0	0.0
PTK7	na	0.0	0.0	0.0	0.0	0.0	0.0	0.0
SRF	na	0.0	0.0	0.0	0.0	0.0	0.0	0.0
CUL9	na	0.0	0.0	0.0	0.0	0.0	0.0	0.0
DNPH1	na	0.0	0.0	0.0	0.0	0.0	0.0	0.0
TTBK1	na	0.0	0.0	0.0	0.0	0.0	0.0	0.0
ZNF318	na	0.0	0.0	0.0	0.0	0.0	0.0	0.0
ABCC10	na	0.0	0.0	0.0	0.0	0.0	0.0	0.0
TJAP1	na	0.0	0.0	0.0	0.0	0.0	0.0	0.0
LRRC73	na	0.0	0.0	0.0	0.0	0.0	0.0	0.0
POLR1C	na	0.0	0.0	0.0	0.0	0.0	0.0	0.0
YIPF3	na	0.06291927559238077	9.477656128460729e-21	0.12242673813792597	0.15991352025984254	0.08528557123864179	0.008572187289272424	0.05941508769941228
XPO5	na	0.0	0.0	0.0	0.0	0.0	0.0	0.0
POLH	na	0.0	0.0	0.0	0.0	0.0	0.0	0.0
GTPBP2	na	0.0	0.0	0.0	0.0	0.0	0.0	0.0
MAD2L1BP	na	0.0	0.0	0.0	0.0	0.0	0.0	0.0
MRPS18A	na	0.0	0.0	0.0	0.0	0.0	0.0	0.0
VEGFA	na	0.0	0.0	0.0	0.0	0.0	0.0	0.0
AL109615.3	na	0.0	0.0	0.0	0.0	0.0	0.0	0.0
MRPL14	na	0.07503030723934175	0.024281105992268126	0.11445111165827772	0.13810370986477205	0.07981497315615009	0.03441632173141851	0.051168008899098866
TMEM63B	na	0.0	0.0	0.0	0.0	0.0	0.0	0.0
MYMX	na	0.0	0.0	0.0	0.0	0.0	0.0	0.0
SLC29A1	na	0.07192120014030817	1.1547569669248376e-18	0.15709004500894877	0.1532589851387301	0.0958408729703112	9.893527107395371e-18	0.008130351092383886
HSP90AB1	na	0.28904032284229547	0.2143078745211626	0.4809948608724993	0.5239604512077916	0.3443280082585392	0.26871037035055706	0.41780557762217835
SLC35B2	na	0.0	0.0	0.0	0.0	0.0	0.0	0.0
NFKBIE	na	0.0	0.0	0.0	0.0	0.0	0.0	0.0
AARS2	na	0.0	0.0	0.0	0.0	0.0	0.0	0.0
CDC5L	na	0.0	0.0	0.0	0.0	0.0	0.0	0.0
SUPT3H	na	0.0	0.0	0.0	0.0	0.0	0.0	0.0
RUNX2	na	0.0	0.0	0.0	0.0	0.0	0.0	0.0
CLIC5	na	0.0	0.0	0.0	0.0	0.0	0.0	0.0
ENPP4	na	0.0	0.0	0.0	0.0	0.0	0.0	0.0
ENPP5	na	0.0	0.0	0.0	0.0	0.0	0.0	0.0
RCAN2	na	0.0	0.0	0.0	0.0	0.0	0.0	0.0
PLA2G7	na	0.0	0.0	0.0	0.0	0.0	0.0	0.0
ADGRF5	na	0.0	0.0	0.0	0.0	0.0	0.0	0.0
TNFRSF21	na	0.0	0.0	0.0	0.0	0.0	0.0	0.0
AL355353.1	na	0.0	0.0	0.0	0.0	0.0	0.0	0.0
CD2AP	na	0.0	0.0	0.0	0.0	0.0	0.0	0.0
MUT	na	0.0	0.0	0.0	0.0	0.0	0.0	0.0
CENPQ	na	0.0	0.0	0.0	0.0	0.0	0.0	0.0
C6orf141	na	0.0	0.0	0.0	0.0	0.0	0.0	0.0
TFAP2B	na	0.0	0.0	0.0	0.0	0.0	0.0	0.0
MCM3	na	0.0	0.0	0.0	0.0	0.0	0.0	0.0
PAQR8	na	0.0	0.0	0.0	0.0	0.0	0.0	0.0
EFHC1	na	0.0	0.0	0.0	0.0	0.0	0.0	0.0
TRAM2	na	0.0	0.0	0.0	0.0	0.0	0.0	0.0
TRAM2-AS1	na	0.0	0.0	0.0	0.0	0.0	0.0	0.0
TMEM14A	na	0.0	0.0	0.0	0.0	0.0	0.0	0.0
GSTA2	na	0.0	0.0	0.0	0.0	0.0	0.0	0.0
GSTA1	na	0.0	0.0	0.0	0.0	0.0	0.0	0.0
GSTA4	na	0.0	0.0	0.0	0.0	0.0	0.0	0.0
ICK	na	0.0	0.0	0.0	0.0	0.0	0.0	0.0
FBXO9	na	0.0	0.0	0.0	0.0	0.0	0.0	0.0
ELOVL5	na	0.07464316558067657	0.0054374075577913695	0.10124164852648825	0.1371994545703436	0.07287231791809531	0.051989945508284965	0.07397691487611162
GCLC	na	0.0	0.0	0.0	0.0	0.0	0.0	0.0
LRRC1	na	0.0	0.0	0.0	0.0	0.0	0.0	0.0
FAM83B	na	0.0	0.0	0.0	0.0	0.0	0.0	0.0
DST	na	0.0	0.0	0.0	0.0	0.0	0.0	0.0
KIAA1586	na	0.0	0.0	0.0	0.0	0.0	0.0	0.0
ZNF451	na	0.0	0.0	0.0	0.0	0.0	0.0	0.0
BAG2	na	0.0	0.0	0.0	0.0	0.0	0.0	0.0
RAB23	na	0.0	0.0	0.0	0.0	0.0	0.0	0.0
PRIM2	na	0.0	0.0	0.0	0.0	0.0	0.0	0.0
AL021368.2	na	0.0	0.0	0.0	0.0	0.0	0.0	0.0
PTP4A1	na	0.04880385230563013	3.3115380492710216e-13	0.11208685850597609	0.15235395358918813	0.08446417070309496	0.05180632794599218	0.05013917672425864
PHF3	na	0.0	0.0	0.0	0.0	0.0	0.0	0.0
LMBRD1	na	0.0	0.0	0.0	0.0	0.0	0.0	0.0
FAM135A	na	0.0	0.0	0.0	0.0	0.0	0.0	0.0
SDHAF4	na	0.0	0.0	0.0	0.0	0.0	0.0	0.0
SMAP1	na	0.0	0.0	0.0	0.0	0.0	0.0	0.0
B3GAT2	na	0.0	0.0	0.0	0.0	0.0	0.0	0.0
OGFRL1	na	0.0	0.0	0.0	0.0	0.0	0.0	0.0
CGAS	na	0.0	0.0	0.0	0.0	0.0	0.0	0.0
MTO1	na	0.0	0.0	0.0	0.0	0.0	0.0	0.0
EEF1A1	na	0.9982848931630787	0.9222929931290037	1.8340465581369725	2.214238651902656	1.3481442162994375	1.0836764243248527	1.6663174482313043
SLC17A5	na	0.0	0.0	0.0	0.0	0.0	0.0	0.0
CD109	na	0.0	0.0	0.0	0.0	0.0	0.0	0.0
COL12A1	na	0.059281510890737375	0.03923000074456369	0.10482996153747073	0.11192301836975231	0.08230363536721468	0.06797496867585728	0.06386857472182293
COX7A2	na	0.21423262721681094	0.2824511709098568	0.1775454267050048	0.35163078825984584	0.19907445574990956	0.21766131080825096	0.2727638042403797
TMEM30A	na	0.0	0.0	0.0	0.0	0.0	0.0	0.0
FILIP1	na	0.0	0.0	0.0	0.0	0.0	0.0	0.0
SENP6	na	0.0	0.0	0.0	0.0	0.0	0.0	0.0
MYO6	na	0.07336914099812401	3.36037942710165e-19	0.16097339609325478	0.17254112009426112	0.10116715299321533	3.8216634656481715e-17	0.01849904856741453
AL591030.1	na	0.0	0.0	0.0	0.0	0.0	0.0	0.0
IRAK1BP1	na	0.0	0.0	0.0	0.0	0.0	0.0	0.0
PHIP	na	0.0	0.0	0.0	0.0	0.0	0.0	0.0
HMGN3	na	0.07028205775578103	2.626313809437956e-13	0.12762893756494215	0.15287356557145412	0.08792274491114976	0.03185183794850359	0.050876204014956995
HMGN3-AS1	na	0.0	0.0	0.0	0.0	0.0	0.0	0.0
LCA5	na	0.0	0.0	0.0	0.0	0.0	0.0	0.0
SH3BGRL2	na	0.0	0.0	0.0	0.0	0.0	0.0	0.0
TTK	na	0.0	0.0	0.0	0.0	0.0	0.0	0.0
BCKDHB	na	0.0	0.0	0.0	0.0	0.0	0.0	0.0
AL359715.3	na	0.0	0.0	0.0	0.0	0.0	0.0	0.0
AL359715.1	na	0.0	0.0	0.0	0.0	0.0	0.0	0.0
TENT5A	na	0.0	0.0	0.0	0.0	0.0	0.0	0.0
LINC02542	na	0.0	0.0	0.0	0.0	0.0	0.0	0.0
IBTK	na	0.0	0.0	0.0	0.0	0.0	0.0	0.0
TPBG	na	0.0	0.0	0.0	0.0	0.0	0.0	0.0
UBE3D	na	0.0	0.0	0.0	0.0	0.0	0.0	0.0
DOPEY1	na	0.0	0.0	0.0	0.0	0.0	0.0	0.0
PGM3	na	0.0	0.0	0.0	0.0	0.0	0.0	0.0
RWDD2A	na	0.0	0.0	0.0	0.0	0.0	0.0	0.0
ME1	na	0.0	0.0	0.0	0.0	0.0	0.0	0.0
CYB5R4	na	0.0	0.0	0.0	0.0	0.0	0.0	0.0
CEP162	na	0.0	0.0	0.0	0.0	0.0	0.0	0.0
TBX18	na	0.0	0.0	0.0	0.0	0.0	0.0	0.0
NT5E	na	0.0	0.0	0.0	0.0	0.0	0.0	0.0
SNX14	na	0.0	0.0	0.0	0.0	0.0	0.0	0.0
SYNCRIP	na	0.06038748362473854	4.2121941891548455e-19	0.12917980329800044	0.1529206204505485	0.08595057057300666	0.010977698329368818	0.03616816469288572
ZNF292	na	0.0	0.0	0.0	0.0	0.0	0.0	0.0
SMIM8	na	0.0	0.0	0.0	0.0	0.0	0.0	0.0
CFAP206	na	0.0	0.0	0.0	0.0	0.0	0.0	0.0
SLC35A1	na	0.0	0.0	0.0	0.0	0.0	0.0	0.0
RARS2	na	0.0	0.0	0.0	0.0	0.0	0.0	0.0
ORC3	na	0.0	0.0	0.0	0.0	0.0	0.0	0.0
AKIRIN2	na	0.0	0.0	0.0	0.0	0.0	0.0	0.0
RNGTT	na	0.0	0.0	0.0	0.0	0.0	0.0	0.0
PNRC1	na	0.04606692570995283	8.869394950484229e-15	0.1191172846380861	0.12912973083172313	0.07429769953254475	0.01440225494771036	0.05175425961981428
PM20D2	na	0.0	0.0	0.0	0.0	0.0	0.0	0.0
UBE2J1	na	0.0	0.0	0.0	0.0	0.0	0.0	0.0
RRAGD	na	0.0	0.0	0.0	0.0	0.0	0.0	0.0
ANKRD6	na	0.0	0.0	0.0	0.0	0.0	0.0	0.0
LYRM2	na	0.0	0.0	0.0	0.0	0.0	0.0	0.0
MDN1	na	0.0	0.0	0.0	0.0	0.0	0.0	0.0
CASP8AP2	na	0.0	0.0	0.0	0.0	0.0	0.0	0.0
MAP3K7	na	0.0	0.0	0.0	0.0	0.0	0.0	0.0
MANEA	na	0.0	0.0	0.0	0.0	0.0	0.0	0.0
FUT9	na	0.0	0.0	0.0	0.0	0.0	0.0	0.0
UFL1	na	0.0	0.0	0.0	0.0	0.0	0.0	0.0
NDUFAF4	na	0.0	0.0	0.0	0.0	0.0	0.0	0.0
MMS22L	na	0.0	0.0	0.0	0.0	0.0	0.0	0.0
FBXL4	na	0.0	0.0	0.0	0.0	0.0	0.0	0.0
FAXC	na	0.0	0.0	0.0	0.0	0.0	0.0	0.0
COQ3	na	0.0	0.0	0.0	0.0	0.0	0.0	0.0
PNISR	na	0.0	0.0	0.0	0.0	0.0	0.0	0.0
USP45	na	0.0	0.0	0.0	0.0	0.0	0.0	0.0
TSTD3	na	0.0	0.0	0.0	0.0	0.0	0.0	0.0
CCNC	na	0.0	0.0	0.0	0.0	0.0	0.0	0.0
ASCC3	na	0.0	0.0	0.0	0.0	0.0	0.0	0.0
AL133338.1	na	0.0	0.0	0.0	0.0	0.0	0.0	0.0
HACE1	na	0.0	0.0	0.0	0.0	0.0	0.0	0.0
BVES	na	0.0	0.0	0.0	0.0	0.0	0.0	0.0
PREP	na	0.0	0.0	0.0	0.0	0.0	0.0	0.0
ATG5	na	0.0	0.0	0.0	0.0	0.0	0.0	0.0
PRDM1	na	0.0	0.0	0.0	0.0	0.0	0.0	0.0
CRYBG1	na	0.0	0.0	0.0	0.0	0.0	0.0	0.0
RTN4IP1	na	0.0	0.0	0.0	0.0	0.0	0.0	0.0
QRSL1	na	0.0	0.0	0.0	0.0	0.0	0.0	0.0
CD24	na	0.9337025448972707	0.345722558262945	1.739683945514383	2.8665868143026265	1.3663367447749315	1.0216872395924543	0.9346599114066313
C6orf203	na	0.0	0.0	0.0	0.0	0.0	0.0	0.0
BEND3	na	0.0	0.0	0.0	0.0	0.0	0.0	0.0
PDSS2	na	0.0	0.0	0.0	0.0	0.0	0.0	0.0
SEC63	na	0.07903439404531044	1.7588291281513877e-23	0.129239116222766	0.12962481727917463	0.0885898654747608	0.02830088445380298	0.01545922126041373
AL024507.2	na	0.0	0.0	0.0	0.0	0.0	0.0	0.0
OSTM1	na	0.0	0.0	0.0	0.0	0.0	0.0	0.0
SNX3	na	0.0937480476870745	0.11793232199967237	0.11698367366138027	0.20053121310194186	0.11628940836426874	0.15522156981761348	0.10395019922306872
AFG1L	na	0.0	0.0	0.0	0.0	0.0	0.0	0.0
FOXO3	na	0.06850066072674531	8.949117224122758e-18	0.1210871245871977	0.15805902760143503	0.08843456402080406	0.04286139076274966	0.03368429044490325
ARMC2	na	0.0	0.0	0.0	0.0	0.0	0.0	0.0
SESN1	na	0.0	0.0	0.0	0.0	0.0	0.0	0.0
CEP57L1	na	0.0	0.0	0.0	0.0	0.0	0.0	0.0
CD164	na	0.10332677973335466	0.09324375578274686	0.1426396936978413	0.31582371049780855	0.14472606583973296	0.17108391949891977	0.12132582916665122
AL359711.2	na	0.0	0.0	0.0	0.0	0.0	0.0	0.0
PPIL6	na	0.0	0.0	0.0	0.0	0.0	0.0	0.0
SMPD2	na	0.0	0.0	0.0	0.0	0.0	0.0	0.0
MICAL1	na	0.0	0.0	0.0	0.0	0.0	0.0	0.0
ZBTB24	na	0.0	0.0	0.0	0.0	0.0	0.0	0.0
AK9	na	0.0	0.0	0.0	0.0	0.0	0.0	0.0
FIG4	na	0.0	0.0	0.0	0.0	0.0	0.0	0.0
WASF1	na	0.0	0.0	0.0	0.0	0.0	0.0	0.0
CDC40	na	0.0	0.0	0.0	0.0	0.0	0.0	0.0
DDO	na	0.0	0.0	0.0	0.0	0.0	0.0	0.0
CDK19	na	0.0	0.0	0.0	0.0	0.0	0.0	0.0
AMD1	na	0.0	0.0	0.0	0.0	0.0	0.0	0.0
GTF3C6	na	0.09581096097557043	0.0352362984444503	0.14113117757974997	0.19319085988270193	0.1044848017132931	0.05848743585433077	0.07827131375554877
RPF2	na	0.0	0.0	0.0	0.0	0.0	0.0	0.0
SLC16A10	na	0.0	0.0	0.0	0.0	0.0	0.0	0.0
MFSD4B	na	0.0	0.0	0.0	0.0	0.0	0.0	0.0
AL080317.1	na	0.0	0.0	0.0	0.0	0.0	0.0	0.0
REV3L	na	0.0	0.0	0.0	0.0	0.0	0.0	0.0
AL080317.3	na	0.0	0.0	0.0	0.0	0.0	0.0	0.0
TRAF3IP2-AS1	na	0.0	0.0	0.0	0.0	0.0	0.0	0.0
TRAF3IP2	na	0.0	0.0	0.0	0.0	0.0	0.0	0.0
FYN	na	0.0	0.0	0.0	0.0	0.0	0.0	0.0
TUBE1	na	0.0	0.0	0.0	0.0	0.0	0.0	0.0
FAM229B	na	0.0	0.0	0.0	0.0	0.0	0.0	0.0
LAMA4	na	0.0	0.0	0.0	0.0	0.0	0.0	0.0
MARCKS	na	0.20366687008241965	0.10448515506029961	0.39010224589923337	0.36197408051992297	0.2443261782086437	0.1577008755728872	0.34704639154251515
HDAC2	na	0.0876641916912668	0.013243501445563691	0.1594518907787804	0.20357686931519056	0.11268956514091844	0.06653833875933442	0.09248837606151206
FRK	na	0.0	0.0	0.0	0.0	0.0	0.0	0.0
NT5DC1	na	0.0	0.0	0.0	0.0	0.0	0.0	0.0
COL10A1	na	0.0	0.0	0.0	0.0	0.0	0.0	0.0
TSPYL4	na	0.0	0.0	0.0	0.0	0.0	0.0	0.0
DSE	na	0.0	0.0	0.0	0.0	0.0	0.0	0.0
TSPYL1	na	0.07567794412787496	1.500807872182975e-26	0.19742250389718946	0.2138928282179525	0.12197608253934761	2.306755504611074e-24	0.052842319568762466
CALHM6	na	0.0	0.0	0.0	0.0	0.0	0.0	0.0
CALHM5	na	0.0	0.0	0.0	0.0	0.0	0.0	0.0
RWDD1	na	0.0	0.0	0.0	0.0	0.0	0.0	0.0
ZUP1	na	0.0	0.0	0.0	0.0	0.0	0.0	0.0
KPNA5	na	0.0	0.0	0.0	0.0	0.0	0.0	0.0
DCBLD1	na	0.0	0.0	0.0	0.0	0.0	0.0	0.0
GOPC	na	0.0	0.0	0.0	0.0	0.0	0.0	0.0
NUS1	na	0.0	0.0	0.0	0.0	0.0	0.0	0.0
CEP85L	na	0.0	0.0	0.0	0.0	0.0	0.0	0.0
PLN	na	0.0	0.0	0.0	0.0	0.0	0.0	0.0
MCM9	na	0.0	0.0	0.0	0.0	0.0	0.0	0.0
ASF1A	na	0.0	0.0	0.0	0.0	0.0	0.0	0.0
FAM184A	na	0.0	0.0	0.0	0.0	0.0	0.0	0.0
MAN1A1	na	0.0	0.0	0.0	0.0	0.0	0.0	0.0
TBC1D32	na	0.0	0.0	0.0	0.0	0.0	0.0	0.0
GJA1	na	0.0	0.0	0.0	0.0	0.0	0.0	0.0
HSF2	na	0.0	0.0	0.0	0.0	0.0	0.0	0.0
SERINC1	na	0.1003660003258491	1.3857894114082556e-15	0.16086842020237851	0.1734749889913188	0.10431259880890979	0.044645337074077134	0.055562990844830934
PKIB	na	0.0	0.0	0.0	0.0	0.0	0.0	0.0
SMPDL3A	na	0.0	0.0	0.0	0.0	0.0	0.0	0.0
RNF217	na	0.0	0.0	0.0	0.0	0.0	0.0	0.0
TPD52L1	na	0.07052647376874194	0.022356205164691244	0.09269926312021777	0.12334807942844687	0.06934333753098694	0.05659127045172536	0.07657502524875903
HDDC2	na	0.06338550685692543	0.006983231283714899	0.10301588758568256	0.1472004489375502	0.07840195482109164	0.03663457572001581	0.0658627260322287
HEY2	na	0.0	0.0	0.0	0.0	0.0	0.0	0.0
NCOA7	na	0.0	0.0	0.0	0.0	0.0	0.0	0.0
HINT3	na	0.0	0.0	0.0	0.0	0.0	0.0	0.0
TRMT11	na	0.0	0.0	0.0	0.0	0.0	0.0	0.0
CENPW	na	0.0	0.0	0.0	0.0	0.0	0.0	0.0
RNF146	na	0.0	0.0	0.0	0.0	0.0	0.0	0.0
ECHDC1	na	0.0	0.0	0.0	0.0	0.0	0.0	0.0
PTPRK	na	0.0721569252046373	3.9827705797820114e-18	0.14246473100385496	0.17785979630604046	0.0880723419081013	0.026223920164810108	0.06752320699984027
LAMA2	na	0.0	0.0	0.0	0.0	0.0	0.0	0.0
ARHGAP18	na	0.06247019872031581	1.5677497839397334e-16	0.11315040460025387	0.1541561822330494	0.08611893541735022	0.005093938955071316	0.03694651143627059
L3MBTL3	na	0.0	0.0	0.0	0.0	0.0	0.0	0.0
TMEM200A	na	0.0	0.0	0.0	0.0	0.0	0.0	0.0
EPB41L2	na	0.0	0.0	0.0	0.0	0.0	0.0	0.0
AKAP7	na	0.0	0.0	0.0	0.0	0.0	0.0	0.0
MED23	na	0.0	0.0	0.0	0.0	0.0	0.0	0.0
ENPP3	na	0.0	0.0	0.0	0.0	0.0	0.0	0.0
ENPP1	na	0.06105826614257276	6.384030424900187e-25	0.153066956765771	0.1559366104555893	0.10106443380188898	1.4506154926830208e-23	0.026133770304852023
CTGF	na	0.06451782978333534	0.03349160709825842	0.1657383648355569	0.18244561482846355	0.12262928265313183	0.10390354342435797	0.11832276515339854
MOXD1	na	0.0	0.0	0.0	0.0	0.0	0.0	0.0
STX7	na	0.0	0.0	0.0	0.0	0.0	0.0	0.0
VNN3	na	0.0	0.0	0.0	0.0	0.0	0.0	0.0
VNN2	na	0.0	0.0	0.0	0.0	0.0	0.0	0.0
SLC18B1	na	0.0	0.0	0.0	0.0	0.0	0.0	0.0
RPS12	na	1.889180532567395	2.9502991760705135	1.1576274124194452	2.864823418801702	1.6024509997777392	2.232256126806873	2.713503563672866
TBPL1	na	0.0	0.0	0.0	0.0	0.0	0.0	0.0
SGK1	na	0.0	0.0	0.0	0.0	0.0	0.0	0.0
ALDH8A1	na	0.0	0.0	0.0	0.0	0.0	0.0	0.0
HBS1L	na	0.0	0.0	0.0	0.0	0.0	0.0	0.0
MYB	na	0.061546811094509185	1.9944608707989452e-21	0.14241229483199505	0.15823177848817274	0.0965928237446182	5.146541085526097e-17	0.01608978153339622
AHI1	na	0.0	0.0	0.0	0.0	0.0	0.0	0.0
MTFR2	na	0.0	0.0	0.0	0.0	0.0	0.0	0.0
BCLAF1	na	0.05909347098382384	3.2979547558351724e-16	0.1396389574701648	0.15832719203631554	0.08888498957298732	0.008355549164825032	0.04460595735675399
AL023284.4	na	0.0	0.0	0.0	0.0	0.0	0.0	0.0
MAP7	na	0.0	0.0	0.0	0.0	0.0	0.0	0.0
AL024508.2	na	0.0	0.0	0.0	0.0	0.0	0.0	0.0
MAP3K5	na	0.0	0.0	0.0	0.0	0.0	0.0	0.0
PEX7	na	0.0	0.0	0.0	0.0	0.0	0.0	0.0
IL20RA	na	0.07049685889629437	1.7797403919173966e-15	0.16879856436238427	0.19572883882687572	0.11411351488003667	1.705069885476583e-14	0.05660176378798422
IFNGR1	na	0.0	0.0	0.0	0.0	0.0	0.0	0.0
AL356234.2	na	0.0	0.0	0.0	0.0	0.0	0.0	0.0
TNFAIP3	na	0.0	0.0	0.0	0.0	0.0	0.0	0.0
PERP	na	0.2923775262951132	0.16970911349548376	0.5111530029626545	0.3755251406966496	0.3087486005029211	0.13965843517793552	0.4681513143583728
ARFGEF3	na	0.09030262593344547	5.189841035704575e-21	0.16315508428659206	0.20579735941463512	0.11460913550985784	1.5106639529645961e-15	0.05364176501382737
HEBP2	na	0.09347448631188811	0.06075466675821067	0.19734645068587953	0.18943721629442242	0.13256482365454372	0.1141042965447037	0.18124882129019643
NHSL1	na	0.0	0.0	0.0	0.0	0.0	0.0	0.0
AL590617.2	na	0.0	0.0	0.0	0.0	0.0	0.0	0.0
GVQW2	na	0.0	0.0	0.0	0.0	0.0	0.0	0.0
CCDC28A	na	0.0	0.0	0.0	0.0	0.0	0.0	0.0
REPS1	na	0.0	0.0	0.0	0.0	0.0	0.0	0.0
ABRACL	na	0.11632163160036264	0.06046936962900243	0.1805740667490638	0.1899780518795205	0.11725445132549979	0.08503239721112471	0.1594259137410566
HECA	na	0.0	0.0	0.0	0.0	0.0	0.0	0.0
TXLNB	na	0.0	0.0	0.0	0.0	0.0	0.0	0.0
CITED2	na	0.0	0.0	0.0	0.0	0.0	0.0	0.0
AL035446.1	na	0.0	0.0	0.0	0.0	0.0	0.0	0.0
VTA1	na	0.0	0.0	0.0	0.0	0.0	0.0	0.0
ADGRG6	na	0.0	0.0	0.0	0.0	0.0	0.0	0.0
HIVEP2	na	0.0	0.0	0.0	0.0	0.0	0.0	0.0
AIG1	na	0.0	0.0	0.0	0.0	0.0	0.0	0.0
ADAT2	na	0.0	0.0	0.0	0.0	0.0	0.0	0.0
PEX3	na	0.0	0.0	0.0	0.0	0.0	0.0	0.0
FUCA2	na	0.08558194594077832	0.004477944097483863	0.12425098445163513	0.14328127129076676	0.08406211952441144	0.030995614855887917	0.04583206885035532
PHACTR2	na	0.0	0.0	0.0	0.0	0.0	0.0	0.0
LTV1	na	0.0	0.0	0.0	0.0	0.0	0.0	0.0
PLAGL1	na	0.0	0.0	0.0	0.0	0.0	0.0	0.0
SF3B5	na	0.1386051798109679	0.06103954184239765	0.1468528852366299	0.22190515335642014	0.12064696904308743	0.09794070285214215	0.12351941255540959
STX11	na	0.0	0.0	0.0	0.0	0.0	0.0	0.0
UTRN	na	0.0	0.0	0.0	0.0	0.0	0.0	0.0
EPM2A	na	0.0	0.0	0.0	0.0	0.0	0.0	0.0
FBXO30	na	0.0	0.0	0.0	0.0	0.0	0.0	0.0
AL356599.1	na	0.0	0.0	0.0	0.0	0.0	0.0	0.0
SHPRH	na	0.0	0.0	0.0	0.0	0.0	0.0	0.0
RAB32	na	0.0	0.0	0.0	0.0	0.0	0.0	0.0
STXBP5	na	0.0	0.0	0.0	0.0	0.0	0.0	0.0
SASH1	na	0.0	0.0	0.0	0.0	0.0	0.0	0.0
UST	na	0.0	0.0	0.0	0.0	0.0	0.0	0.0
TAB2	na	0.0	0.0	0.0	0.0	0.0	0.0	0.0
ZC3H12D	na	0.0	0.0	0.0	0.0	0.0	0.0	0.0
PPIL4	na	0.0	0.0	0.0	0.0	0.0	0.0	0.0
GINM1	na	0.0	0.0	0.0	0.0	0.0	0.0	0.0
KATNA1	na	0.0	0.0	0.0	0.0	0.0	0.0	0.0
LATS1	na	0.0	0.0	0.0	0.0	0.0	0.0	0.0
AL358852.1	na	0.0	0.0	0.0	0.0	0.0	0.0	0.0
NUP43	na	0.0	0.0	0.0	0.0	0.0	0.0	0.0
PCMT1	na	0.07490205656809568	5.354949181405226e-21	0.14308548755084097	0.20562913639897032	0.10474011143448754	0.028818779817438463	0.07267108826768758
LRP11	na	0.0	0.0	0.0	0.0	0.0	0.0	0.0
AL355312.4	na	0.0	0.0	0.0	0.0	0.0	0.0	0.0
ULBP2	na	0.0	0.0	0.0	0.0	0.0	0.0	0.0
IYD	na	0.0	0.0	0.0	0.0	0.0	0.0	0.0
PLEKHG1	na	0.0	0.0	0.0	0.0	0.0	0.0	0.0
MTHFD1L	na	0.0	0.0	0.0	0.0	0.0	0.0	0.0
AKAP12	na	0.0	0.0	0.0	0.0	0.0	0.0	0.0
ZBTB2	na	0.0	0.0	0.0	0.0	0.0	0.0	0.0
RMND1	na	0.0	0.0	0.0	0.0	0.0	0.0	0.0
ARMT1	na	0.0	0.0	0.0	0.0	0.0	0.0	0.0
CCDC170	na	0.0	0.0	0.0	0.0	0.0	0.0	0.0
ESR1	na	0.0	0.0	0.0	0.0	0.0	0.0	0.0
SYNE1	na	0.0	0.0	0.0	0.0	0.0	0.0	0.0
MYCT1	na	0.0	0.0	0.0	0.0	0.0	0.0	0.0
FBXO5	na	0.0	0.0	0.0	0.0	0.0	0.0	0.0
MTRF1L	na	0.0	0.0	0.0	0.0	0.0	0.0	0.0
CNKSR3	na	0.0	0.0	0.0	0.0	0.0	0.0	0.0
SCAF8	na	0.0	0.0	0.0	0.0	0.0	0.0	0.0
TIAM2	na	0.0	0.0	0.0	0.0	0.0	0.0	0.0
AL596202.1	na	0.0	0.0	0.0	0.0	0.0	0.0	0.0
TFB1M	na	0.0	0.0	0.0	0.0	0.0	0.0	0.0
ARID1B	na	0.0	0.0	0.0	0.0	0.0	0.0	0.0
TMEM242	na	0.0	0.0	0.0	0.0	0.0	0.0	0.0
ZDHHC14	na	0.0	0.0	0.0	0.0	0.0	0.0	0.0
SNX9	na	0.0	0.0	0.0	0.0	0.0	0.0	0.0
SYNJ2	na	0.0	0.0	0.0	0.0	0.0	0.0	0.0
SERAC1	na	0.0	0.0	0.0	0.0	0.0	0.0	0.0
GTF2H5	na	0.07371172264142825	0.03365346439344221	0.10605078809044748	0.13600532244495644	0.08440935127499126	0.04702076843854381	0.07028870310838616
TULP4	na	0.0	0.0	0.0	0.0	0.0	0.0	0.0
TMEM181	na	0.0	0.0	0.0	0.0	0.0	0.0	0.0
DYNLT1	na	0.15551067046558906	0.08617290862892868	0.1467735366411983	0.2264700810322037	0.1277917553012271	0.11874189993715767	0.1545242844863179
SYTL3	na	0.0	0.0	0.0	0.0	0.0	0.0	0.0
EZR	na	0.18125819763485723	3.707678070296183e-18	0.48853033835147736	0.4661283325474628	0.25761737922434996	5.126599828908975e-17	0.11620317618383988
AL627422.2	na	0.0	0.0	0.0	0.0	0.0	0.0	0.0
C6orf99	na	0.0	0.0	0.0	0.0	0.0	0.0	0.0
RSPH3	na	0.0	0.0	0.0	0.0	0.0	0.0	0.0
TAGAP	na	0.0	0.0	0.0	0.0	0.0	0.0	0.0
FNDC1	na	0.0	0.0	0.0	0.0	0.0	0.0	0.0
SOD2	na	0.0	0.0	0.0	0.0	0.0	0.0	0.0
WTAP	na	0.0	0.0	0.0	0.0	0.0	0.0	0.0
ACAT2	na	0.0	0.0	0.0	0.0	0.0	0.0	0.0
TCP1	na	0.09369364873345679	0.06464159983862242	0.14670544136230484	0.18992053361992747	0.11169601806710339	0.0863727321186639	0.14188127968566053
MRPL18	na	0.06293776763797289	0.02881250219463509	0.09886970371311395	0.13705621501773763	0.07191130294144693	0.04641926391558876	0.07901023086782538
IGF2R	na	0.053639053831429036	3.865369114615817e-16	0.12368511262343598	0.14449068041634383	0.08422359156234532	0.017154202100308515	0.048635627569799326
SLC22A1	na	0.0	0.0	0.0	0.0	0.0	0.0	0.0
AL139393.2	na	0.0	0.0	0.0	0.0	0.0	0.0	0.0
MAP3K4	na	0.0	0.0	0.0	0.0	0.0	0.0	0.0
AGPAT4	na	0.0	0.0	0.0	0.0	0.0	0.0	0.0
QKI	na	0.0	0.0	0.0	0.0	0.0	0.0	0.0
PDE10A	na	0.0	0.0	0.0	0.0	0.0	0.0	0.0
SFT2D1	na	0.0	0.0	0.0	0.0	0.0	0.0	0.0
MPC1	na	0.0	0.0	0.0	0.0	0.0	0.0	0.0
RPS6KA2	na	0.0	0.0	0.0	0.0	0.0	0.0	0.0
AL159163.1	na	0.0	0.0	0.0	0.0	0.0	0.0	0.0
RNASET2	na	0.08149922753529684	1.754153679889143e-13	0.13898584624796365	0.156706560386151	0.09330336936275935	0.03090298725413459	0.06849834559766305
FGFR1OP	na	0.0	0.0	0.0	0.0	0.0	0.0	0.0
CCR6	na	0.0	0.0	0.0	0.0	0.0	0.0	0.0
LINC01558	na	0.0	0.0	0.0	0.0	0.0	0.0	0.0
AL009178.2	na	0.0	0.0	0.0	0.0	0.0	0.0	0.0
AL009178.3	na	0.0	0.0	0.0	0.0	0.0	0.0	0.0
AFDN-DT	na	0.0	0.0	0.0	0.0	0.0	0.0	0.0
AFDN	na	0.0	0.0	0.0	0.0	0.0	0.0	0.0
SMOC2	na	0.0	0.0	0.0	0.0	0.0	0.0	0.0
LINC01615	na	0.0	0.0	0.0	0.0	0.0	0.0	0.0
LINC02544	na	0.0	0.0	0.0	0.0	0.0	0.0	0.0
THBS2	na	0.0	0.0	0.0	0.0	0.0	0.0	0.0
WDR27	na	0.0	0.0	0.0	0.0	0.0	0.0	0.0
C6orf120	na	0.0	0.0	0.0	0.0	0.0	0.0	0.0
PHF10	na	0.0	0.0	0.0	0.0	0.0	0.0	0.0
AL354892.2	na	0.0	0.0	0.0	0.0	0.0	0.0	0.0
TCTE3	na	0.0	0.0	0.0	0.0	0.0	0.0	0.0
ERMARD	na	0.0	0.0	0.0	0.0	0.0	0.0	0.0
DLL1	na	0.0	0.0	0.0	0.0	0.0	0.0	0.0
FAM120B	na	0.0	0.0	0.0	0.0	0.0	0.0	0.0
PSMB1	na	0.1280799120531318	0.07449936047097276	0.20147993010242127	0.26942060974241766	0.16524795548611537	0.10262602024920704	0.1845270908376816
TBP	na	0.0	0.0	0.0	0.0	0.0	0.0	0.0
PDCD2	na	0.0	0.0	0.0	0.0	0.0	0.0	0.0
AC093627.4	na	0.0	0.0	0.0	0.0	0.0	0.0	0.0
FAM20C	na	0.0	0.0	0.0	0.0	0.0	0.0	0.0
PDGFA	na	0.0	0.0	0.0	0.0	0.0	0.0	0.0
PRKAR1B	na	0.0	0.0	0.0	0.0	0.0	0.0	0.0
AC147651.4	na	0.0	0.0	0.0	0.0	0.0	0.0	0.0
DNAAF5	na	0.0	0.0	0.0	0.0	0.0	0.0	0.0
SUN1	na	0.0	0.0	0.0	0.0	0.0	0.0	0.0
GET4	na	0.0	0.0	0.0	0.0	0.0	0.0	0.0
ADAP1	na	0.0	0.0	0.0	0.0	0.0	0.0	0.0
COX19	na	0.0	0.0	0.0	0.0	0.0	0.0	0.0
C7orf50	na	0.0720299204079788	0.010435455714752158	0.12022830751564946	0.14619399084473642	0.08462588608244423	0.006265811750575256	0.036775735879895625
GPR146	na	0.0	0.0	0.0	0.0	0.0	0.0	0.0
GPER1	na	0.0	0.0	0.0	0.0	0.0	0.0	0.0
ZFAND2A	na	0.0	0.0	0.0	0.0	0.0	0.0	0.0
AC091729.3	na	0.0	0.0	0.0	0.0	0.0	0.0	0.0
MICALL2	na	0.0	0.0	0.0	0.0	0.0	0.0	0.0
AC102953.2	na	0.0	0.0	0.0	0.0	0.0	0.0	0.0
INTS1	na	0.06167195115745011	1.512676076008486e-15	0.1574293447804775	0.16507350525523876	0.10223887967581373	9.439019257308544e-15	0.02248555083101714
MAFK	na	0.0	0.0	0.0	0.0	0.0	0.0	0.0
TMEM184A	na	0.0	0.0	0.0	0.0	0.0	0.0	0.0
PSMG3	na	0.0	0.0	0.0	0.0	0.0	0.0	0.0
PSMG3-AS1	na	0.0	0.0	0.0	0.0	0.0	0.0	0.0
ELFN1	na	0.0	0.0	0.0	0.0	0.0	0.0	0.0
ELFN1-AS1	na	0.0	0.0	0.0	0.0	0.0	0.0	0.0
MAD1L1	na	0.0	0.0	0.0	0.0	0.0	0.0	0.0
MRM2	na	0.0	0.0	0.0	0.0	0.0	0.0	0.0
NUDT1	na	0.0	0.0	0.0	0.0	0.0	0.0	0.0
SNX8	na	0.0	0.0	0.0	0.0	0.0	0.0	0.0
EIF3B	na	0.07820841633368801	1.2963643611662445e-26	0.18157593045817488	0.21662513499757635	0.1134179469304104	1.631399076457556e-17	0.06605174211311643
CHST12	na	0.0	0.0	0.0	0.0	0.0	0.0	0.0
LFNG	na	0.023397763089731672	1.605781592840735e-25	0.2807045666592486	0.24062667220369158	0.14536772194066047	1.4569472058526867e-25	8.633332520829967e-21
BRAT1	na	0.0	0.0	0.0	0.0	0.0	0.0	0.0
IQCE	na	0.0	0.0	0.0	0.0	0.0	0.0	0.0
TTYH3	na	0.0	0.0	0.0	0.0	0.0	0.0	0.0
GNA12	na	0.0	0.0	0.0	0.0	0.0	0.0	0.0
CARD11	na	0.0	0.0	0.0	0.0	0.0	0.0	0.0
SDK1	na	0.0	0.0	0.0	0.0	0.0	0.0	0.0
FOXK1	na	0.0	0.0	0.0	0.0	0.0	0.0	0.0
AP5Z1	na	0.0	0.0	0.0	0.0	0.0	0.0	0.0
RADIL	na	0.0	0.0	0.0	0.0	0.0	0.0	0.0
RBAK	na	0.0	0.0	0.0	0.0	0.0	0.0	0.0
WIPI2	na	0.0	0.0	0.0	0.0	0.0	0.0	0.0
SLC29A4	na	0.0	0.0	0.0	0.0	0.0	0.0	0.0
TNRC18	na	0.0	0.0	0.0	0.0	0.0	0.0	0.0
AC092171.4	na	0.0	0.0	0.0	0.0	0.0	0.0	0.0
AC092171.3	na	0.0	0.0	0.0	0.0	0.0	0.0	0.0
AC092171.5	na	0.0	0.0	0.0	0.0	0.0	0.0	0.0
FBXL18	na	0.0	0.0	0.0	0.0	0.0	0.0	0.0
ACTB	na	1.3869398403034492	0.9893265688356342	2.1592388339006003	1.4733884883113182	1.3194777937038042	1.0669661277243006	2.2778146016414125
FSCN1	na	0.0	0.0	0.0	0.0	0.0	0.0	0.0
RNF216	na	0.0	0.0	0.0	0.0	0.0	0.0	0.0
CCZ1	na	0.0	0.0	0.0	0.0	0.0	0.0	0.0
PMS2	na	0.0	0.0	0.0	0.0	0.0	0.0	0.0
AIMP2	na	0.0	0.0	0.0	0.0	0.0	0.0	0.0
EIF2AK1	na	0.06765831455904545	1.377640391197371e-20	0.1347565908532834	0.15816457198185777	0.08472524442087923	0.005580172535998751	0.03942941278795213
USP42	na	0.0	0.0	0.0	0.0	0.0	0.0	0.0
CYTH3	na	0.0	0.0	0.0	0.0	0.0	0.0	0.0
FAM220A	na	0.0	0.0	0.0	0.0	0.0	0.0	0.0
RAC1	na	0.10844494708382055	0.043414913246352285	0.19379468710790781	0.18870686457610295	0.12608428373102956	0.0722046321033595	0.14259001606692828
DAGLB	na	0.0	0.0	0.0	0.0	0.0	0.0	0.0
KDELR2	na	0.12960375011386452	1.5840528925229654e-23	0.23225708324373734	0.2972245237764359	0.15948738745479268	0.013600305811398839	0.10258557754711302
ZDHHC4	na	0.0	0.0	0.0	0.0	0.0	0.0	0.0
C7orf26	na	0.0	0.0	0.0	0.0	0.0	0.0	0.0
ZNF316	na	0.0	0.0	0.0	0.0	0.0	0.0	0.0
ZNF12	na	0.0	0.0	0.0	0.0	0.0	0.0	0.0
CCZ1B	na	0.0	0.0	0.0	0.0	0.0	0.0	0.0
C1GALT1	na	0.0	0.0	0.0	0.0	0.0	0.0	0.0
COL28A1	na	0.0	0.0	0.0	0.0	0.0	0.0	0.0
AC004982.1	na	0.0	0.0	0.0	0.0	0.0	0.0	0.0
AC004982.2	na	0.0	0.0	0.0	0.0	0.0	0.0	0.0
MIOS	na	0.0	0.0	0.0	0.0	0.0	0.0	0.0
RPA3	na	0.05293364969906675	0.03647557703858843	0.10950713909010246	0.12036417765667227	0.07948602226471772	0.03770784723918331	0.06292170118079289
UMAD1	na	0.0	0.0	0.0	0.0	0.0	0.0	0.0
GLCCI1	na	0.0	0.0	0.0	0.0	0.0	0.0	0.0
ICA1	na	0.0	0.0	0.0	0.0	0.0	0.0	0.0
AC007009.1	na	0.0	0.0	0.0	0.0	0.0	0.0	0.0
NXPH1	na	0.0	0.0	0.0	0.0	0.0	0.0	0.0
NDUFA4	na	0.2169417523133292	0.4051108958616558	0.17581903502364418	0.22041241023035643	0.1912379830947647	0.2893489140728042	0.3702499929019506
PHF14	na	0.0	0.0	0.0	0.0	0.0	0.0	0.0
TMEM106B	na	0.0	0.0	0.0	0.0	0.0	0.0	0.0
SCIN	na	0.0	0.0	0.0	0.0	0.0	0.0	0.0
ARL4A	na	0.0	0.0	0.0	0.0	0.0	0.0	0.0
ETV1	na	0.0	0.0	0.0	0.0	0.0	0.0	0.0
ISPD	na	0.0	0.0	0.0	0.0	0.0	0.0	0.0
ANKMY2	na	0.0	0.0	0.0	0.0	0.0	0.0	0.0
BZW2	na	0.0	0.0	0.0	0.0	0.0	0.0	0.0
TSPAN13	na	0.07557574674496294	0.007123608783798278	0.13684204914710388	0.1783431309015462	0.09326936930874483	0.02629042502197805	0.07735573194450433
AGR2	na	0.11220262871660669	0.00368477439726842	0.1766696587982773	0.2494569907381426	0.12366332746349773	0.019943670094748477	0.08122190563528905
AGR3	na	0.0	0.0	0.0	0.0	0.0	0.0	0.0
AHR	na	0.0	0.0	0.0	0.0	0.0	0.0	0.0
AC073332.1	na	0.0	0.0	0.0	0.0	0.0	0.0	0.0
SNX13	na	0.0	0.0	0.0	0.0	0.0	0.0	0.0
HDAC9	na	0.0	0.0	0.0	0.0	0.0	0.0	0.0
TWIST1	na	0.0	0.0	0.0	0.0	0.0	0.0	0.0
TWISTNB	na	0.0	0.0	0.0	0.0	0.0	0.0	0.0
MACC1	na	0.0	0.0	0.0	0.0	0.0	0.0	0.0
AC004130.1	na	0.0	0.0	0.0	0.0	0.0	0.0	0.0
ITGB8	na	0.0	0.0	0.0	0.0	0.0	0.0	0.0
SP4	na	0.0	0.0	0.0	0.0	0.0	0.0	0.0
CDCA7L	na	0.0	0.0	0.0	0.0	0.0	0.0	0.0
RAPGEF5	na	0.0	0.0	0.0	0.0	0.0	0.0	0.0
IL6	na	0.0	0.0	0.0	0.0	0.0	0.0	0.0
TOMM7	na	0.27824453848440045	0.3613746187277981	0.23990307954204107	0.3168221073220877	0.23395562383531474	0.2784086694883495	0.4054127488880585
FAM126A	na	0.0	0.0	0.0	0.0	0.0	0.0	0.0
KLHL7	na	0.0	0.0	0.0	0.0	0.0	0.0	0.0
NUPL2	na	0.0	0.0	0.0	0.0	0.0	0.0	0.0
GPNMB	na	0.0	0.0	0.0	0.0	0.0	0.0	0.0
MALSU1	na	0.0	0.0	0.0	0.0	0.0	0.0	0.0
TRA2A	na	0.0	0.0	0.0	0.0	0.0	0.0	0.0
CCDC126	na	0.0	0.0	0.0	0.0	0.0	0.0	0.0
FAM221A	na	0.0	0.0	0.0	0.0	0.0	0.0	0.0
STK31	na	0.0	0.0	0.0	0.0	0.0	0.0	0.0
MPP6	na	0.0	0.0	0.0	0.0	0.0	0.0	0.0
GSDME	na	0.0	0.0	0.0	0.0	0.0	0.0	0.0
OSBPL3	na	0.0	0.0	0.0	0.0	0.0	0.0	0.0
CYCS	na	0.09876718354675743	0.04653248572080283	0.12388644485870073	0.15496142435580398	0.09155097797698616	0.05061234383113181	0.10973906154688574
NFE2L3	na	0.0	0.0	0.0	0.0	0.0	0.0	0.0
AC004520.1	na	0.0	0.0	0.0	0.0	0.0	0.0	0.0
HNRNPA2B1	na	0.22094145733794757	0.11035731983376337	0.4176111811984451	0.4221955804174687	0.27786699005863774	0.1786059584177539	0.31472215899853884
CBX3	na	0.08247788831218686	0.04026456025840717	0.1256188320769224	0.1396360091397153	0.08667141492446102	0.07485468491048576	0.09793809171480418
SNX10	na	0.0	0.0	0.0	0.0	0.0	0.0	0.0
SKAP2	na	0.0	0.0	0.0	0.0	0.0	0.0	0.0
HOTAIRM1	na	0.0	0.0	0.0	0.0	0.0	0.0	0.0
HIBADH	na	0.0	0.0	0.0	0.0	0.0	0.0	0.0
TAX1BP1	na	0.0	0.0	0.0	0.0	0.0	0.0	0.0
JAZF1	na	0.0	0.0	0.0	0.0	0.0	0.0	0.0
CREB5	na	0.0	0.0	0.0	0.0	0.0	0.0	0.0
TRIL	na	0.0	0.0	0.0	0.0	0.0	0.0	0.0
AC005162.3	na	0.0	0.0	0.0	0.0	0.0	0.0	0.0
CPVL	na	0.0	0.0	0.0	0.0	0.0	0.0	0.0
PRR15	na	0.0	0.0	0.0	0.0	0.0	0.0	0.0
SCRN1	na	0.0	0.0	0.0	0.0	0.0	0.0	0.0
FKBP14	na	0.0	0.0	0.0	0.0	0.0	0.0	0.0
PLEKHA8	na	0.0	0.0	0.0	0.0	0.0	0.0	0.0
MTURN	na	0.0	0.0	0.0	0.0	0.0	0.0	0.0
ZNRF2	na	0.0	0.0	0.0	0.0	0.0	0.0	0.0
LINC01176	na	0.0	0.0	0.0	0.0	0.0	0.0	0.0
NOD1	na	0.0	0.0	0.0	0.0	0.0	0.0	0.0
GGCT	na	0.05603202634181932	5.098795803877303e-16	0.1190260596042869	0.13947645410529244	0.08396303572637866	0.04985305383899124	0.07316910211555898
GARS	na	0.0	0.0	0.0	0.0	0.0	0.0	0.0
INMT	na	0.0	0.0	0.0	0.0	0.0	0.0	0.0
MINDY4	na	0.0	0.0	0.0	0.0	0.0	0.0	0.0
AQP1	na	0.0	0.0	0.0	0.0	0.0	0.0	0.0
LSM5	na	0.057802187835226275	0.02036232689246092	0.1181205435220254	0.11473353424592742	0.07415950315706878	0.0453028653025604	0.04644427550958943
AVL9	na	0.0	0.0	0.0	0.0	0.0	0.0	0.0
KBTBD2	na	0.0	0.0	0.0	0.0	0.0	0.0	0.0
FKBP9	na	0.0	0.0	0.0	0.0	0.0	0.0	0.0
NT5C3A	na	0.0	0.0	0.0	0.0	0.0	0.0	0.0
RP9	na	0.0	0.0	0.0	0.0	0.0	0.0	0.0
BBS9	na	0.0	0.0	0.0	0.0	0.0	0.0	0.0
DPY19L1	na	0.0	0.0	0.0	0.0	0.0	0.0	0.0
HERPUD2	na	0.0	0.0	0.0	0.0	0.0	0.0	0.0
AC018647.2	na	0.0	0.0	0.0	0.0	0.0	0.0	0.0
SEPT7	na	0.06132992080291812	3.407573764586465e-21	0.11357686883643525	0.1383506888676514	0.07418903617672183	0.01721473924316326	0.0529241954682145
EEPD1	na	0.0	0.0	0.0	0.0	0.0	0.0	0.0
KIAA0895	na	0.0	0.0	0.0	0.0	0.0	0.0	0.0
ANLN	na	0.0	0.0	0.0	0.0	0.0	0.0	0.0
AOAH	na	0.0	0.0	0.0	0.0	0.0	0.0	0.0
ELMO1	na	0.0	0.0	0.0	0.0	0.0	0.0	0.0
EPDR1	na	0.0	0.0	0.0	0.0	0.0	0.0	0.0
SFRP4	na	0.0	0.0	0.0	0.0	0.0	0.0	0.0
STARD3NL	na	0.0	0.0	0.0	0.0	0.0	0.0	0.0
VPS41	na	0.0	0.0	0.0	0.0	0.0	0.0	0.0
YAE1D1	na	0.0	0.0	0.0	0.0	0.0	0.0	0.0
RALA	na	0.0	0.0	0.0	0.0	0.0	0.0	0.0
CDK13	na	0.0	0.0	0.0	0.0	0.0	0.0	0.0
MPLKIP	na	0.0	0.0	0.0	0.0	0.0	0.0	0.0
SUGCT	na	0.0	0.0	0.0	0.0	0.0	0.0	0.0
INHBA	na	0.0	0.0	0.0	0.0	0.0	0.0	0.0
GLI3	na	0.0	0.0	0.0	0.0	0.0	0.0	0.0
PSMA2	na	0.07118697813573086	0.02317291308940092	0.1129703395539538	0.13540038412925806	0.08336621617527633	0.037378412022657605	0.07281141630106176
MRPL32	na	0.0	0.0	0.0	0.0	0.0	0.0	0.0
STK17A	na	0.0	0.0	0.0	0.0	0.0	0.0	0.0
COA1	na	0.0	0.0	0.0	0.0	0.0	0.0	0.0
BLVRA	na	0.0	0.0	0.0	0.0	0.0	0.0	0.0
MRPS24	na	0.0	0.0	0.0	0.0	0.0	0.0	0.0
URGCP	na	0.0	0.0	0.0	0.0	0.0	0.0	0.0
UBE2D4	na	0.0	0.0	0.0	0.0	0.0	0.0	0.0
AC004951.1	na	0.0	0.0	0.0	0.0	0.0	0.0	0.0
DBNL	na	0.0	0.0	0.0	0.0	0.0	0.0	0.0
POLM	na	0.0	0.0	0.0	0.0	0.0	0.0	0.0
AEBP1	na	0.13782020538614304	0.06877484179327575	0.1980944760428172	0.15826750197293146	0.1394982840657487	0.10252394210981836	0.17019636292623733
POLD2	na	0.054228316077258115	1.521756978140194e-29	0.11679862448928663	0.15515106111461552	0.08882891716772623	2.9073063924388604e-14	0.043383967909861765
YKT6	na	0.0	0.0	0.0	0.0	0.0	0.0	0.0
CAMK2B	na	0.0	0.0	0.0	0.0	0.0	0.0	0.0
NUDCD3	na	0.0	0.0	0.0	0.0	0.0	0.0	0.0
DDX56	na	0.0	0.0	0.0	0.0	0.0	0.0	0.0
TMED4	na	0.0	0.0	0.0	0.0	0.0	0.0	0.0
OGDH	na	0.0	0.0	0.0	0.0	0.0	0.0	0.0
ZMIZ2	na	0.0	0.0	0.0	0.0	0.0	0.0	0.0
PPIA	na	0.5858537285590578	0.7809918450114367	0.6377612776552994	0.5449302997271467	0.49521109361331694	0.6657228356265491	0.9552921879825977
H2AFV	na	0.1016756745152737	0.025022894570886484	0.14879961459462773	0.1798345031203429	0.10538742335389957	0.06327209113828165	0.08394365237905788
PURB	na	0.0	0.0	0.0	0.0	0.0	0.0	0.0
AC004854.2	na	0.0	0.0	0.0	0.0	0.0	0.0	0.0
MYO1G	na	0.0	0.0	0.0	0.0	0.0	0.0	0.0
SNHG15	na	0.0	0.0	0.0	0.0	0.0	0.0	0.0
CCM2	na	0.0	0.0	0.0	0.0	0.0	0.0	0.0
TBRG4	na	0.0	0.0	0.0	0.0	0.0	0.0	0.0
RAMP3	na	0.0	0.0	0.0	0.0	0.0	0.0	0.0
ADCY1	na	0.0	0.0	0.0	0.0	0.0	0.0	0.0
IGFBP3	na	0.0	0.0	0.0	0.0	0.0	0.0	0.0
TNS3	na	0.0	0.0	0.0	0.0	0.0	0.0	0.0
HUS1	na	0.0	0.0	0.0	0.0	0.0	0.0	0.0
PKD1L1	na	0.0	0.0	0.0	0.0	0.0	0.0	0.0
UPP1	na	0.0	0.0	0.0	0.0	0.0	0.0	0.0
IKZF1	na	0.0	0.0	0.0	0.0	0.0	0.0	0.0
FIGNL1	na	0.0	0.0	0.0	0.0	0.0	0.0	0.0
DDC	na	0.0	0.0	0.0	0.0	0.0	0.0	0.0
GRB10	na	0.0	0.0	0.0	0.0	0.0	0.0	0.0
COBL	na	0.0	0.0	0.0	0.0	0.0	0.0	0.0
SEC61G	na	0.18639885925090452	0.18733112462378268	0.19097528665996946	0.3649355429654982	0.19101828647240313	0.13518097459516526	0.23082530381751382
EGFR	na	0.0	0.0	0.0	0.0	0.0	0.0	0.0
LANCL2	na	0.0	0.0	0.0	0.0	0.0	0.0	0.0
VOPP1	na	0.0	0.0	0.0	0.0	0.0	0.0	0.0
ZNF713	na	0.0	0.0	0.0	0.0	0.0	0.0	0.0
NIPSNAP2	na	0.0	0.0	0.0	0.0	0.0	0.0	0.0
MRPS17	na	0.0	0.0	0.0	0.0	0.0	0.0	0.0
PSPH	na	0.0	0.0	0.0	0.0	0.0	0.0	0.0
CCT6A	na	0.07496969858644191	0.018598772735192528	0.14415696268941516	0.17070385486057352	0.10017833370521234	0.05908182508521133	0.09559343248041989
SUMF2	na	0.0	0.0	0.0	0.0	0.0	0.0	0.0
PHKG1	na	0.0	0.0	0.0	0.0	0.0	0.0	0.0
CHCHD2	na	0.37656979666997065	0.3894509785456465	0.399225083801537	0.4353203819977894	0.3152419709114529	0.2978234851973754	0.5063531060415728
NUPR2	na	0.0	0.0	0.0	0.0	0.0	0.0	0.0
ZNF736	na	0.0	0.0	0.0	0.0	0.0	0.0	0.0
ZNF680	na	0.0	0.0	0.0	0.0	0.0	0.0	0.0
ZNF107	na	0.0	0.0	0.0	0.0	0.0	0.0	0.0
ZNF138	na	0.0	0.0	0.0	0.0	0.0	0.0	0.0
ZNF273	na	0.0	0.0	0.0	0.0	0.0	0.0	0.0
ZNF117	na	0.0	0.0	0.0	0.0	0.0	0.0	0.0
ERV3-1	na	0.0	0.0	0.0	0.0	0.0	0.0	0.0
ZNF92	na	0.0	0.0	0.0	0.0	0.0	0.0	0.0
VKORC1L1	na	0.0	0.0	0.0	0.0	0.0	0.0	0.0
GUSB	na	0.0	0.0	0.0	0.0	0.0	0.0	0.0
ASL	na	0.0	0.0	0.0	0.0	0.0	0.0	0.0
CRCP	na	0.0	0.0	0.0	0.0	0.0	0.0	0.0
TPST1	na	0.0	0.0	0.0	0.0	0.0	0.0	0.0
AC008267.5	na	0.0	0.0	0.0	0.0	0.0	0.0	0.0
KCTD7	na	0.0	0.0	0.0	0.0	0.0	0.0	0.0
RABGEF1	na	0.0	0.0	0.0	0.0	0.0	0.0	0.0
AC027644.3	na	0.0	0.0	0.0	0.0	0.0	0.0	0.0
AC073335.2	na	0.0	0.0	0.0	0.0	0.0	0.0	0.0
TMEM248	na	0.057865113343440355	9.775089364678334e-15	0.11947257061507538	0.13840121295862043	0.07964880558514863	0.01686030381997175	0.028194441642855086
SBDS	na	0.0	0.0	0.0	0.0	0.0	0.0	0.0
TYW1	na	0.0	0.0	0.0	0.0	0.0	0.0	0.0
AC006480.2	na	0.0	0.0	0.0	0.0	0.0	0.0	0.0
AUTS2	na	0.0	0.0	0.0	0.0	0.0	0.0	0.0
TYW1B	na	0.0	0.0	0.0	0.0	0.0	0.0	0.0
POM121	na	0.0	0.0	0.0	0.0	0.0	0.0	0.0
NSUN5	na	0.0	0.0	0.0	0.0	0.0	0.0	0.0
BAZ1B	na	0.0	0.0	0.0	0.0	0.0	0.0	0.0
BCL7B	na	0.0	0.0	0.0	0.0	0.0	0.0	0.0
TBL2	na	0.0	0.0	0.0	0.0	0.0	0.0	0.0
VPS37D	na	0.0	0.0	0.0	0.0	0.0	0.0	0.0
DNAJC30	na	0.0	0.0	0.0	0.0	0.0	0.0	0.0
BUD23	na	0.0771957726588062	0.005298494961304185	0.12386307624322009	0.12766314341536172	0.07876522488784671	0.07314757095422879	0.0536753649300274
STX1A	na	0.0	0.0	0.0	0.0	0.0	0.0	0.0
ABHD11	na	0.06022182848695852	0.003420509666216609	0.11446894631644527	0.12898096450283233	0.07356400248332978	0.046220733555206436	0.05448110101138029
CLDN3	na	0.162274321909589	0.020566242886929813	0.21903544881551298	0.3363601403893891	0.17745680539661993	0.0985404771191757	0.12098128912315224
CLDN4	na	0.11486682359858998	0.05987713489738533	0.18438115494488777	0.2461165425057633	0.13969104471696642	0.11091636622093601	0.14212402469523186
METTL27	na	0.0	0.0	0.0	0.0	0.0	0.0	0.0
ELN	na	0.0	0.0	0.0	0.0	0.0	0.0	0.0
LIMK1	na	0.0	0.0	0.0	0.0	0.0	0.0	0.0
EIF4H	na	0.08139227706437176	0.0117263083554606	0.11951081516510625	0.14600608909484392	0.08415001544300725	0.06570918328857554	0.06556404136154352
LAT2	na	0.0	0.0	0.0	0.0	0.0	0.0	0.0
RFC2	na	0.0	0.0	0.0	0.0	0.0	0.0	0.0
CLIP2	na	0.0	0.0	0.0	0.0	0.0	0.0	0.0
GTF2IRD1	na	0.0	0.0	0.0	0.0	0.0	0.0	0.0
GTF2I	na	0.13442142107371843	1.2250360694977076e-19	0.2735352446895574	0.37064756165379237	0.18412678742783684	0.043328816778236516	0.09976584942618567
NCF1	na	0.0	0.0	0.0	0.0	0.0	0.0	0.0
GTF2IRD2	na	0.0	0.0	0.0	0.0	0.0	0.0	0.0
RCC1L	na	0.0	0.0	0.0	0.0	0.0	0.0	0.0
GTF2IRD2B	na	0.0	0.0	0.0	0.0	0.0	0.0	0.0
TRIM73	na	0.0	0.0	0.0	0.0	0.0	0.0	0.0
POM121C	na	0.0	0.0	0.0	0.0	0.0	0.0	0.0
HIP1	na	0.0	0.0	0.0	0.0	0.0	0.0	0.0
RHBDD2	na	0.0	0.0	0.0	0.0	0.0	0.0	0.0
POR	na	0.0	0.0	0.0	0.0	0.0	0.0	0.0
TMEM120A	na	0.0	0.0	0.0	0.0	0.0	0.0	0.0
STYXL1	na	0.0	0.0	0.0	0.0	0.0	0.0	0.0
MDH2	na	0.08714856653448623	0.057472458404466235	0.11725475022395011	0.14315907761186739	0.08737925204548269	0.07808011752889228	0.09711404055961172
HSPB1	na	0.6199780471629489	0.6780071762427526	0.7773826039779945	0.9828575277892695	0.6620886921844341	0.7192828093249442	1.0623467112407405
YWHAG	na	0.06213959513760162	4.103753002877767e-17	0.12705661783971112	0.13685670725107618	0.08458974659360848	0.03204248943677548	0.05015990703374224
ZP3	na	0.0	0.0	0.0	0.0	0.0	0.0	0.0
DTX2	na	0.0	0.0	0.0	0.0	0.0	0.0	0.0
POMZP3	na	0.0	0.0	0.0	0.0	0.0	0.0	0.0
CCDC146	na	0.0	0.0	0.0	0.0	0.0	0.0	0.0
FGL2	na	0.0	0.0	0.0	0.0	0.0	0.0	0.0
GSAP	na	0.0	0.0	0.0	0.0	0.0	0.0	0.0
PTPN12	na	0.0	0.0	0.0	0.0	0.0	0.0	0.0
APTR	na	0.0	0.0	0.0	0.0	0.0	0.0	0.0
RSBN1L	na	0.0	0.0	0.0	0.0	0.0	0.0	0.0
TMEM60	na	0.0	0.0	0.0	0.0	0.0	0.0	0.0
PHTF2	na	0.0	0.0	0.0	0.0	0.0	0.0	0.0
MAGI2	na	0.0	0.0	0.0	0.0	0.0	0.0	0.0
GNAI1	na	0.0	0.0	0.0	0.0	0.0	0.0	0.0
CD36	na	0.0	0.0	0.0	0.0	0.0	0.0	0.0
SEMA3C	na	0.0	0.0	0.0	0.0	0.0	0.0	0.0
HGF	na	0.0	0.0	0.0	0.0	0.0	0.0	0.0
CACNA2D1	na	0.0	0.0	0.0	0.0	0.0	0.0	0.0
PCLO	na	0.0	0.0	0.0	0.0	0.0	0.0	0.0
SEMA3E	na	0.0	0.0	0.0	0.0	0.0	0.0	0.0
AC005009.1	na	0.0	0.0	0.0	0.0	0.0	0.0	0.0
KIAA1324L	na	0.0	0.0	0.0	0.0	0.0	0.0	0.0
AC005076.1	na	0.0	0.0	0.0	0.0	0.0	0.0	0.0
DMTF1	na	0.0	0.0	0.0	0.0	0.0	0.0	0.0
TMEM243	na	0.0	0.0	0.0	0.0	0.0	0.0	0.0
TP53TG1	na	0.0	0.0	0.0	0.0	0.0	0.0	0.0
CROT	na	0.0	0.0	0.0	0.0	0.0	0.0	0.0
SLC25A40	na	0.0	0.0	0.0	0.0	0.0	0.0	0.0
DBF4	na	0.0	0.0	0.0	0.0	0.0	0.0	0.0
ADAM22	na	0.0	0.0	0.0	0.0	0.0	0.0	0.0
SRI	na	0.0	0.0	0.0	0.0	0.0	0.0	0.0
STEAP1	na	0.0	0.0	0.0	0.0	0.0	0.0	0.0
STEAP2	na	0.0	0.0	0.0	0.0	0.0	0.0	0.0
CFAP69	na	0.0	0.0	0.0	0.0	0.0	0.0	0.0
GTPBP10	na	0.0	0.0	0.0	0.0	0.0	0.0	0.0
CLDN12	na	0.0	0.0	0.0	0.0	0.0	0.0	0.0
CDK14	na	0.0	0.0	0.0	0.0	0.0	0.0	0.0
FZD1	na	0.0	0.0	0.0	0.0	0.0	0.0	0.0
MTERF1	na	0.0	0.0	0.0	0.0	0.0	0.0	0.0
AKAP9	na	0.0	0.0	0.0	0.0	0.0	0.0	0.0
CYP51A1	na	0.0	0.0	0.0	0.0	0.0	0.0	0.0
KRIT1	na	0.0	0.0	0.0	0.0	0.0	0.0	0.0
ANKIB1	na	0.0	0.0	0.0	0.0	0.0	0.0	0.0
GATAD1	na	0.0	0.0	0.0	0.0	0.0	0.0	0.0
PEX1	na	0.0	0.0	0.0	0.0	0.0	0.0	0.0
RBM48	na	0.0	0.0	0.0	0.0	0.0	0.0	0.0
FAM133B	na	0.0	0.0	0.0	0.0	0.0	0.0	0.0
CDK6	na	0.0	0.0	0.0	0.0	0.0	0.0	0.0
SAMD9	na	0.0	0.0	0.0	0.0	0.0	0.0	0.0
SAMD9L	na	0.0	0.0	0.0	0.0	0.0	0.0	0.0
VPS50	na	0.0	0.0	0.0	0.0	0.0	0.0	0.0
GNGT1	na	0.0	0.0	0.0	0.0	0.0	0.0	0.0
GNG11	na	0.0	0.0	0.0	0.0	0.0	0.0	0.0
BET1	na	0.0	0.0	0.0	0.0	0.0	0.0	0.0
COL1A2	na	0.3276223430760982	0.31229628664703574	0.3835697139913809	0.47861053019827904	0.349520532019567	0.33713434301029055	0.4649124949772574
CASD1	na	0.0	0.0	0.0	0.0	0.0	0.0	0.0
SGCE	na	0.0	0.0	0.0	0.0	0.0	0.0	0.0
PEG10	na	0.08748189654333849	0.017146390320040946	0.12750670674025263	0.1409570602452822	0.08889763799865534	0.043917354241512274	0.07402660231166816
PPP1R9A	na	0.0	0.0	0.0	0.0	0.0	0.0	0.0
PON1	na	0.0	0.0	0.0	0.0	0.0	0.0	0.0
PON3	na	0.0	0.0	0.0	0.0	0.0	0.0	0.0
PON2	na	0.0	0.0	0.0	0.0	0.0	0.0	0.0
PDK4	na	0.0	0.0	0.0	0.0	0.0	0.0	0.0
SLC25A13	na	0.0	0.0	0.0	0.0	0.0	0.0	0.0
SEM1	na	0.09794248267264512	0.09623184053628259	0.11552787671675115	0.20003305224939427	0.10941109884674786	0.12386063549832527	0.11191875548419793
DLX5	na	0.0	0.0	0.0	0.0	0.0	0.0	0.0
SDHAF3	na	0.0	0.0	0.0	0.0	0.0	0.0	0.0
ASNS	na	0.0	0.0	0.0	0.0	0.0	0.0	0.0
LMTK2	na	0.0	0.0	0.0	0.0	0.0	0.0	0.0
TECPR1	na	0.0	0.0	0.0	0.0	0.0	0.0	0.0
BRI3	na	0.0	0.0	0.0	0.0	0.0	0.0	0.0
BAIAP2L1	na	0.0	0.0	0.0	0.0	0.0	0.0	0.0
TRRAP	na	0.0	0.0	0.0	0.0	0.0	0.0	0.0
SMURF1	na	0.0	0.0	0.0	0.0	0.0	0.0	0.0
ARPC1A	na	0.06823616541330185	0.002628266418108105	0.11849947528874728	0.17119812953278135	0.09313989345956583	0.05767487077469262	0.05827994559085638
ARPC1B	na	0.0654480307155557	0.022185286413248437	0.13135470552114076	0.19700393723101925	0.10371437036117952	0.10431895210548818	0.09365297662365742
PDAP1	na	0.07525057256109619	0.004725990770245231	0.11740440796551116	0.15284924018509377	0.08601599566067042	0.05169026471553858	0.06428177502656315
BUD31	na	0.06450519351017517	0.020078133259262356	0.11768119341236262	0.14823429998135101	0.08310674923652443	0.06260684643750873	0.07216069302980273
PTCD1	na	0.0	0.0	0.0	0.0	0.0	0.0	0.0
CPSF4	na	0.0	0.0	0.0	0.0	0.0	0.0	0.0
ATP5MF	na	0.2850122302338038	0.459757721968557	0.19255354442439598	0.34825791914702087	0.24598669067548562	0.4331714877533837	0.3971699266796524
ZNF789	na	0.0	0.0	0.0	0.0	0.0	0.0	0.0
ZNF394	na	0.0	0.0	0.0	0.0	0.0	0.0	0.0
ZKSCAN5	na	0.0	0.0	0.0	0.0	0.0	0.0	0.0
FAM200A	na	0.0	0.0	0.0	0.0	0.0	0.0	0.0
ZNF655	na	0.0	0.0	0.0	0.0	0.0	0.0	0.0
ZSCAN25	na	0.0	0.0	0.0	0.0	0.0	0.0	0.0
CYP3A5	na	0.0	0.0	0.0	0.0	0.0	0.0	0.0
TRIM4	na	0.0	0.0	0.0	0.0	0.0	0.0	0.0
GJC3	na	0.0	0.0	0.0	0.0	0.0	0.0	0.0
AZGP1	na	0.15654001164881126	0.056116546454608736	0.2162646156314475	0.3376939861671546	0.19014344832596988	0.14774963109542424	0.15799696148151063
ZKSCAN1	na	0.0	0.0	0.0	0.0	0.0	0.0	0.0
ZSCAN21	na	0.0	0.0	0.0	0.0	0.0	0.0	0.0
ZNF3	na	0.0	0.0	0.0	0.0	0.0	0.0	0.0
COPS6	na	0.0	0.0	0.0	0.0	0.0	0.0	0.0
MCM7	na	0.0	0.0	0.0	0.0	0.0	0.0	0.0
AP4M1	na	0.0	0.0	0.0	0.0	0.0	0.0	0.0
TAF6	na	0.0	0.0	0.0	0.0	0.0	0.0	0.0
CNPY4	na	0.0	0.0	0.0	0.0	0.0	0.0	0.0
MBLAC1	na	0.0	0.0	0.0	0.0	0.0	0.0	0.0
LAMTOR4	na	0.08942218326415155	0.03849429550312048	0.14151050862174552	0.18852503196534043	0.10650575926513903	0.07952701098608925	0.06650852417972057
C7orf43	na	0.0	0.0	0.0	0.0	0.0	0.0	0.0
GAL3ST4	na	0.0	0.0	0.0	0.0	0.0	0.0	0.0
GPC2	na	0.0	0.0	0.0	0.0	0.0	0.0	0.0
STAG3	na	0.0	0.0	0.0	0.0	0.0	0.0	0.0
CASTOR3	na	0.0	0.0	0.0	0.0	0.0	0.0	0.0
PILRB	na	0.0	0.0	0.0	0.0	0.0	0.0	0.0
PILRA	na	0.0	0.0	0.0	0.0	0.0	0.0	0.0
ZCWPW1	na	0.0	0.0	0.0	0.0	0.0	0.0	0.0
MEPCE	na	0.0	0.0	0.0	0.0	0.0	0.0	0.0
PPP1R35	na	0.0	0.0	0.0	0.0	0.0	0.0	0.0
TSC22D4	na	0.0	0.0	0.0	0.0	0.0	0.0	0.0
AGFG2	na	0.0	0.0	0.0	0.0	0.0	0.0	0.0
SAP25	na	0.0	0.0	0.0	0.0	0.0	0.0	0.0
LRCH4	na	0.0	0.0	0.0	0.0	0.0	0.0	0.0
PCOLCE	na	0.0	0.0	0.0	0.0	0.0	0.0	0.0
MOSPD3	na	0.0	0.0	0.0	0.0	0.0	0.0	0.0
TFR2	na	0.0	0.0	0.0	0.0	0.0	0.0	0.0
GNB2	na	0.11406282616737695	1.7960027685835406e-13	0.18870657620463033	0.2717120238362113	0.13170832815507996	0.06525917744641	0.08673310156830571
GIGYF1	na	0.0	0.0	0.0	0.0	0.0	0.0	0.0
POP7	na	0.0	0.0	0.0	0.0	0.0	0.0	0.0
EPHB4	na	0.05896419257013743	1.1987908968973001e-23	0.19280796028757033	0.21422380413104164	0.11980370923454303	9.309969493072611e-21	0.04114114949912849
SLC12A9	na	0.0	0.0	0.0	0.0	0.0	0.0	0.0
SLC12A9-AS1	na	0.0	0.0	0.0	0.0	0.0	0.0	0.0
TRIP6	na	0.0	0.0	0.0	0.0	0.0	0.0	0.0
SRRT	na	0.0	0.0	0.0	0.0	0.0	0.0	0.0
UFSP1	na	0.0	0.0	0.0	0.0	0.0	0.0	0.0
ACHE	na	0.0	0.0	0.0	0.0	0.0	0.0	0.0
TRIM56	na	0.0	0.0	0.0	0.0	0.0	0.0	0.0
SERPINE1	na	0.0	0.0	0.0	0.0	0.0	0.0	0.0
AP1S1	na	0.0	0.0	0.0	0.0	0.0	0.0	0.0
VGF	na	0.0	0.0	0.0	0.0	0.0	0.0	0.0
PLOD3	na	0.0	0.0	0.0	0.0	0.0	0.0	0.0
ZNHIT1	na	0.088350324846364	0.029753856315228717	0.11739288804354278	0.14284229399458126	0.08143378877864478	0.051285512428934046	0.08249629582690049
CLDN15	na	0.0	0.0	0.0	0.0	0.0	0.0	0.0
FIS1	na	0.0853630566298733	0.040608330107649075	0.11980438868281972	0.1578960544931049	0.08944188805497016	0.08049260148720411	0.08325417469798785
IFT22	na	0.0	0.0	0.0	0.0	0.0	0.0	0.0
CUX1	na	0.0	0.0	0.0	0.0	0.0	0.0	0.0
SH2B2	na	0.0	0.0	0.0	0.0	0.0	0.0	0.0
PRKRIP1	na	0.0	0.0	0.0	0.0	0.0	0.0	0.0
ORAI2	na	0.0	0.0	0.0	0.0	0.0	0.0	0.0
ALKBH4	na	0.0	0.0	0.0	0.0	0.0	0.0	0.0
LRWD1	na	0.0	0.0	0.0	0.0	0.0	0.0	0.0
POLR2J	na	0.06692536830963629	0.08365972894087871	0.10539183426566923	0.12421290228136067	0.09127361944057588	0.12160618411475956	0.10927107416421498
POLR2J3	na	0.0	0.0	0.0	0.0	0.0	0.0	0.0
POLR2J3	na	0.0	0.0	0.0	0.0	0.0	0.0	0.0
RASA4	na	0.0	0.0	0.0	0.0	0.0	0.0	0.0
UPK3BL1	na	0.0	0.0	0.0	0.0	0.0	0.0	0.0
POLR2J2	na	0.0	0.0	0.0	0.0	0.0	0.0	0.0
FAM185A	na	0.0	0.0	0.0	0.0	0.0	0.0	0.0
LRRC17	na	0.0	0.0	0.0	0.0	0.0	0.0	0.0
ARMC10	na	0.0	0.0	0.0	0.0	0.0	0.0	0.0
NAPEPLD	na	0.0	0.0	0.0	0.0	0.0	0.0	0.0
PMPCB	na	0.0	0.0	0.0	0.0	0.0	0.0	0.0
DNAJC2	na	0.0	0.0	0.0	0.0	0.0	0.0	0.0
PSMC2	na	0.0	0.0	0.0	0.0	0.0	0.0	0.0
ORC5	na	0.0	0.0	0.0	0.0	0.0	0.0	0.0
KMT2E-AS1	na	0.0	0.0	0.0	0.0	0.0	0.0	0.0
KMT2E	na	0.0	0.0	0.0	0.0	0.0	0.0	0.0
SRPK2	na	0.0	0.0	0.0	0.0	0.0	0.0	0.0
PUS7	na	0.0	0.0	0.0	0.0	0.0	0.0	0.0
RINT1	na	0.0	0.0	0.0	0.0	0.0	0.0	0.0
AC073073.2	na	0.0	0.0	0.0	0.0	0.0	0.0	0.0
ATXN7L1	na	0.0	0.0	0.0	0.0	0.0	0.0	0.0
SYPL1	na	0.06307443741414917	0.006640987866338953	0.12037477165878646	0.16137489784422954	0.0835589686575137	0.050955801539404245	0.041521425911416714
NAMPT	na	0.0	0.0	0.0	0.0	0.0	0.0	0.0
AC007032.1	na	0.0	0.0	0.0	0.0	0.0	0.0	0.0
CCDC71L	na	0.0	0.0	0.0	0.0	0.0	0.0	0.0
PRKAR2B	na	0.0	0.0	0.0	0.0	0.0	0.0	0.0
HBP1	na	0.07235183821197758	0.0026306143821787117	0.10963932139297121	0.12539885364063075	0.07032166486232862	0.034736923303230104	0.04590590832190682
COG5	na	0.0	0.0	0.0	0.0	0.0	0.0	0.0
DUS4L	na	0.0	0.0	0.0	0.0	0.0	0.0	0.0
BCAP29	na	0.0	0.0	0.0	0.0	0.0	0.0	0.0
AC002467.1	na	0.0	0.0	0.0	0.0	0.0	0.0	0.0
CBLL1	na	0.0	0.0	0.0	0.0	0.0	0.0	0.0
SLC26A3	na	0.0	0.0	0.0	0.0	0.0	0.0	0.0
DLD	na	0.0	0.0	0.0	0.0	0.0	0.0	0.0
LAMB1	na	0.0	0.0	0.0	0.0	0.0	0.0	0.0
NRCAM	na	0.0	0.0	0.0	0.0	0.0	0.0	0.0
PNPLA8	na	0.0	0.0	0.0	0.0	0.0	0.0	0.0
THAP5	na	0.0	0.0	0.0	0.0	0.0	0.0	0.0
DNAJB9	na	0.0	0.0	0.0	0.0	0.0	0.0	0.0
IMMP2L	na	0.0	0.0	0.0	0.0	0.0	0.0	0.0
DOCK4	na	0.0	0.0	0.0	0.0	0.0	0.0	0.0
ZNF277	na	0.0	0.0	0.0	0.0	0.0	0.0	0.0
IFRD1	na	0.0	0.0	0.0	0.0	0.0	0.0	0.0
LSMEM1	na	0.0	0.0	0.0	0.0	0.0	0.0	0.0
TMEM168	na	0.0	0.0	0.0	0.0	0.0	0.0	0.0
BMT2	na	0.0	0.0	0.0	0.0	0.0	0.0	0.0
GPR85	na	0.0	0.0	0.0	0.0	0.0	0.0	0.0
SMIM30	na	0.0	0.0	0.0	0.0	0.0	0.0	0.0
MDFIC	na	0.0	0.0	0.0	0.0	0.0	0.0	0.0
TFEC	na	0.0	0.0	0.0	0.0	0.0	0.0	0.0
TES	na	0.0	0.0	0.0	0.0	0.0	0.0	0.0
CAV2	na	0.0	0.0	0.0	0.0	0.0	0.0	0.0
CAV1	na	0.0	0.0	0.0	0.0	0.0	0.0	0.0
MET	na	0.0	0.0	0.0	0.0	0.0	0.0	0.0
CAPZA2	na	0.060531852976384956	0.016682139501442497	0.10491221013609389	0.10539147165610259	0.07334735693061456	0.05459086031850973	0.06140145884612703
ST7	na	0.0	0.0	0.0	0.0	0.0	0.0	0.0
WNT2	na	0.0	0.0	0.0	0.0	0.0	0.0	0.0
CTTNBP2	na	0.0	0.0	0.0	0.0	0.0	0.0	0.0
LSM8	na	0.07587065756920751	0.024662390856461085	0.09887474580210723	0.13336359583217505	0.06996764238018821	0.045079918043566744	0.0470973695656886
TSPAN12	na	0.0	0.0	0.0	0.0	0.0	0.0	0.0
ING3	na	0.0	0.0	0.0	0.0	0.0	0.0	0.0
CPED1	na	0.0	0.0	0.0	0.0	0.0	0.0	0.0
FAM3C	na	0.0	0.0	0.0	0.0	0.0	0.0	0.0
FEZF1-AS1	na	0.0	0.0	0.0	0.0	0.0	0.0	0.0
CADPS2	na	0.0	0.0	0.0	0.0	0.0	0.0	0.0
IQUB	na	0.0	0.0	0.0	0.0	0.0	0.0	0.0
NDUFA5	na	0.08401613009683953	0.02010454199633244	0.12850018521868706	0.1528684730457892	0.08628074673477637	0.05556117932309012	0.0529264908666863
WASL	na	0.0	0.0	0.0	0.0	0.0	0.0	0.0
AC006333.2	na	0.0	0.0	0.0	0.0	0.0	0.0	0.0
GPR37	na	0.0	0.0	0.0	0.0	0.0	0.0	0.0
POT1	na	0.0	0.0	0.0	0.0	0.0	0.0	0.0
ZNF800	na	0.0	0.0	0.0	0.0	0.0	0.0	0.0
GCC1	na	0.0	0.0	0.0	0.0	0.0	0.0	0.0
ARF5	na	0.0	0.0	0.0	0.0	0.0	0.0	0.0
SND1	na	0.05947145588001592	5.56141345723198e-14	0.10922568391545519	0.13116427464577932	0.073954073653752	0.027085322358074645	0.040078051333680274
LRRC4	na	0.0	0.0	0.0	0.0	0.0	0.0	0.0
RBM28	na	0.0	0.0	0.0	0.0	0.0	0.0	0.0
PRRT4	na	0.0	0.0	0.0	0.0	0.0	0.0	0.0
IMPDH1	na	0.04893120176199451	1.2231392086438043e-21	0.13338121399553152	0.16626498288718658	0.09122914264910538	0.015685385726649965	0.05341163858775823
HILPDA	na	0.0	0.0	0.0	0.0	0.0	0.0	0.0
METTL2B	na	0.0	0.0	0.0	0.0	0.0	0.0	0.0
AC090114.2	na	0.0	0.0	0.0	0.0	0.0	0.0	0.0
AC018638.7	na	0.0	0.0	0.0	0.0	0.0	0.0	0.0
FAM71F2	na	0.0	0.0	0.0	0.0	0.0	0.0	0.0
CALU	na	0.06769576384341754	6.81558221415647e-14	0.1173554002025414	0.14138113742913486	0.08688508661798543	0.010570687224703511	0.03851216061986166
FLNC	na	0.0	0.0	0.0	0.0	0.0	0.0	0.0
KCP	na	0.0	0.0	0.0	0.0	0.0	0.0	0.0
ATP6V1F	na	0.09638470298862696	0.08149658307801874	0.12092173217146367	0.13796540805846144	0.09467463567069152	0.09295944467578413	0.14286563251933002
IRF5	na	0.0	0.0	0.0	0.0	0.0	0.0	0.0
TNPO3	na	0.0	0.0	0.0	0.0	0.0	0.0	0.0
TSPAN33	na	0.0	0.0	0.0	0.0	0.0	0.0	0.0
SMO	na	0.0	0.0	0.0	0.0	0.0	0.0	0.0
AHCYL2	na	0.0	0.0	0.0	0.0	0.0	0.0	0.0
STRIP2	na	0.0	0.0	0.0	0.0	0.0	0.0	0.0
SMKR1	na	0.0	0.0	0.0	0.0	0.0	0.0	0.0
AC078846.1	na	0.0	0.0	0.0	0.0	0.0	0.0	0.0
NRF1	na	0.0	0.0	0.0	0.0	0.0	0.0	0.0
UBE2H	na	0.0	0.0	0.0	0.0	0.0	0.0	0.0
ZC3HC1	na	0.0	0.0	0.0	0.0	0.0	0.0	0.0
KLHDC10	na	0.0	0.0	0.0	0.0	0.0	0.0	0.0
TMEM209	na	0.0	0.0	0.0	0.0	0.0	0.0	0.0
CPA4	na	0.0	0.0	0.0	0.0	0.0	0.0	0.0
CEP41	na	0.0	0.0	0.0	0.0	0.0	0.0	0.0
MEST	na	0.0	0.0	0.0	0.0	0.0	0.0	0.0
COPG2	na	0.0	0.0	0.0	0.0	0.0	0.0	0.0
MKLN1	na	0.0	0.0	0.0	0.0	0.0	0.0	0.0
AC008264.2	na	0.0	0.0	0.0	0.0	0.0	0.0	0.0
PODXL	na	0.0	0.0	0.0	0.0	0.0	0.0	0.0
PLXNA4	na	0.0	0.0	0.0	0.0	0.0	0.0	0.0
CHCHD3	na	0.0	0.0	0.0	0.0	0.0	0.0	0.0
EXOC4	na	0.0	0.0	0.0	0.0	0.0	0.0	0.0
LRGUK	na	0.0	0.0	0.0	0.0	0.0	0.0	0.0
SLC35B4	na	0.0	0.0	0.0	0.0	0.0	0.0	0.0
AKR1B1	na	0.0	0.0	0.0	0.0	0.0	0.0	0.0
AKR1B10	na	0.0	0.0	0.0	0.0	0.0	0.0	0.0
BPGM	na	0.0	0.0	0.0	0.0	0.0	0.0	0.0
CALD1	na	0.0	0.0	0.0	0.0	0.0	0.0	0.0
CYREN	na	0.0	0.0	0.0	0.0	0.0	0.0	0.0
TMEM140	na	0.0	0.0	0.0	0.0	0.0	0.0	0.0
AC083862.2	na	0.0	0.0	0.0	0.0	0.0	0.0	0.0
WDR91	na	0.0	0.0	0.0	0.0	0.0	0.0	0.0
CNOT4	na	0.0	0.0	0.0	0.0	0.0	0.0	0.0
NUP205	na	0.0	0.0	0.0	0.0	0.0	0.0	0.0
STMP1	na	0.06907958045034686	0.022062903133127015	0.10147148189312304	0.12647213894076317	0.07546253706089098	0.05286226872964491	0.06725952863018729
FAM180A	na	0.0	0.0	0.0	0.0	0.0	0.0	0.0
AC015987.1	na	0.0	0.0	0.0	0.0	0.0	0.0	0.0
MTPN	na	0.0	0.0	0.0	0.0	0.0	0.0	0.0
PTN	na	0.0	0.0	0.0	0.0	0.0	0.0	0.0
DGKI	na	0.0	0.0	0.0	0.0	0.0	0.0	0.0
CREB3L2	na	0.0	0.0	0.0	0.0	0.0	0.0	0.0
TRIM24	na	0.0	0.0	0.0	0.0	0.0	0.0	0.0
SVOPL	na	0.0	0.0	0.0	0.0	0.0	0.0	0.0
ATP6V0A4	na	0.0	0.0	0.0	0.0	0.0	0.0	0.0
KIAA1549	na	0.0	0.0	0.0	0.0	0.0	0.0	0.0
ZC3HAV1	na	0.0	0.0	0.0	0.0	0.0	0.0	0.0
TTC26	na	0.0	0.0	0.0	0.0	0.0	0.0	0.0
UBN2	na	0.0	0.0	0.0	0.0	0.0	0.0	0.0
FMC1	na	0.0	0.0	0.0	0.0	0.0	0.0	0.0
LUC7L2	na	0.0	0.0	0.0	0.0	0.0	0.0	0.0
AC083880.1	na	0.0	0.0	0.0	0.0	0.0	0.0	0.0
KLRG2	na	0.0	0.0	0.0	0.0	0.0	0.0	0.0
HIPK2	na	0.0	0.0	0.0	0.0	0.0	0.0	0.0
TBXAS1	na	0.0	0.0	0.0	0.0	0.0	0.0	0.0
PARP12	na	0.0	0.0	0.0	0.0	0.0	0.0	0.0
KDM7A	na	0.0	0.0	0.0	0.0	0.0	0.0	0.0
SLC37A3	na	0.0	0.0	0.0	0.0	0.0	0.0	0.0
MKRN1	na	0.0709589054422418	9.193571286837049e-22	0.13368260317255345	0.13800856381645984	0.07999427850484211	0.02529667047405206	0.03396578246856311
ADCK2	na	0.0	0.0	0.0	0.0	0.0	0.0	0.0
NDUFB2	na	0.2279061225257733	0.1499032574567884	0.19209580325230102	0.3058403644098249	0.18260881195343265	0.16570688462854316	0.2071062796191879
BRAF	na	0.0	0.0	0.0	0.0	0.0	0.0	0.0
MRPS33	na	0.0	0.0	0.0	0.0	0.0	0.0	0.0
TMEM178B	na	0.0	0.0	0.0	0.0	0.0	0.0	0.0
AGK	na	0.0	0.0	0.0	0.0	0.0	0.0	0.0
AC004918.1	na	0.0	0.0	0.0	0.0	0.0	0.0	0.0
KIAA1147	na	0.0	0.0	0.0	0.0	0.0	0.0	0.0
SSBP1	na	0.09081433501943062	0.041941182065603155	0.12507717111426175	0.14839518101268998	0.08516630268915074	0.04954749442260622	0.09757873546360192
CLEC5A	na	0.0	0.0	0.0	0.0	0.0	0.0	0.0
MTRNR2L6	na	0.0	0.0	0.0	0.0	0.0	0.0	0.0
TRBC1	na	0.0	0.0	0.0	0.0	0.0	0.0	0.0
TRBC2	na	0.0	0.0	0.0	0.0	0.0	0.0	0.0
TRPV6	na	0.0	0.0	0.0	0.0	0.0	0.0	0.0
KEL	na	0.0	0.0	0.0	0.0	0.0	0.0	0.0
PIP	na	0.0	0.0	0.0	0.0	0.0	0.0	0.0
GSTK1	na	0.0	0.0	0.0	0.0	0.0	0.0	0.0
TMEM139	na	0.0	0.0	0.0	0.0	0.0	0.0	0.0
CASP2	na	0.0	0.0	0.0	0.0	0.0	0.0	0.0
AC093673.1	na	0.0	0.0	0.0	0.0	0.0	0.0	0.0
ZYX	na	0.0688244168554868	0.004405458534192839	0.10498671443795743	0.1374340525747354	0.08233338747863998	0.04225430956223808	0.07689246205587388
EPHA1	na	0.0	0.0	0.0	0.0	0.0	0.0	0.0
TCAF2	na	0.0	0.0	0.0	0.0	0.0	0.0	0.0
TCAF1	na	0.0	0.0	0.0	0.0	0.0	0.0	0.0
ARHGEF35	na	0.0	0.0	0.0	0.0	0.0	0.0	0.0
ARHGEF5	na	0.0	0.0	0.0	0.0	0.0	0.0	0.0
TPK1	na	0.0	0.0	0.0	0.0	0.0	0.0	0.0
CNTNAP2	na	0.0	0.0	0.0	0.0	0.0	0.0	0.0
AC005229.4	na	0.0	0.0	0.0	0.0	0.0	0.0	0.0
CUL1	na	0.0	0.0	0.0	0.0	0.0	0.0	0.0
EZH2	na	0.0	0.0	0.0	0.0	0.0	0.0	0.0
PDIA4	na	0.06529583201010279	6.556991703000418e-21	0.17292645036113058	0.1583397852223014	0.10553943775712768	9.358291247339103e-20	0.003777133957060126
ZNF786	na	0.0	0.0	0.0	0.0	0.0	0.0	0.0
ZNF425	na	0.0	0.0	0.0	0.0	0.0	0.0	0.0
ZNF398	na	0.0	0.0	0.0	0.0	0.0	0.0	0.0
ZNF282	na	0.0	0.0	0.0	0.0	0.0	0.0	0.0
ZNF212	na	0.0	0.0	0.0	0.0	0.0	0.0	0.0
ZNF783	na	0.0	0.0	0.0	0.0	0.0	0.0	0.0
ZNF777	na	0.0	0.0	0.0	0.0	0.0	0.0	0.0
ZNF746	na	0.0	0.0	0.0	0.0	0.0	0.0	0.0
KRBA1	na	0.0	0.0	0.0	0.0	0.0	0.0	0.0
ZNF467	na	0.0	0.0	0.0	0.0	0.0	0.0	0.0
SSPO	na	0.0	0.0	0.0	0.0	0.0	0.0	0.0
ZNF862	na	0.0	0.0	0.0	0.0	0.0	0.0	0.0
ATP6V0E2-AS1	na	0.0	0.0	0.0	0.0	0.0	0.0	0.0
ATP6V0E2	na	0.061731233994200045	2.3807518187240573e-21	0.12668630282192103	0.1558154230121633	0.07929892697933512	0.020671993338745823	0.05828137712950815
ACTR3C	na	0.0	0.0	0.0	0.0	0.0	0.0	0.0
LRRC61	na	0.0	0.0	0.0	0.0	0.0	0.0	0.0
ZBED6CL	na	0.0	0.0	0.0	0.0	0.0	0.0	0.0
RARRES2	na	0.0	0.0	0.0	0.0	0.0	0.0	0.0
REPIN1	na	0.06928076599592253	6.450003520746691e-15	0.15275352824280156	0.1716636366480431	0.09815298971812167	0.0011433678090046486	0.048057860294218206
ZNF775	na	0.0	0.0	0.0	0.0	0.0	0.0	0.0
AC073111.5	na	0.0	0.0	0.0	0.0	0.0	0.0	0.0
GIMAP8	na	0.0	0.0	0.0	0.0	0.0	0.0	0.0
GIMAP7	na	0.0	0.0	0.0	0.0	0.0	0.0	0.0
GIMAP4	na	0.0	0.0	0.0	0.0	0.0	0.0	0.0
GIMAP6	na	0.0	0.0	0.0	0.0	0.0	0.0	0.0
GIMAP2	na	0.0	0.0	0.0	0.0	0.0	0.0	0.0
GIMAP1	na	0.0	0.0	0.0	0.0	0.0	0.0	0.0
TMEM176B	na	0.0	0.0	0.0	0.0	0.0	0.0	0.0
TMEM176A	na	0.0	0.0	0.0	0.0	0.0	0.0	0.0
KCNH2	na	0.0	0.0	0.0	0.0	0.0	0.0	0.0
NOS3	na	0.0	0.0	0.0	0.0	0.0	0.0	0.0
ATG9B	na	0.0	0.0	0.0	0.0	0.0	0.0	0.0
ABCB8	na	0.0	0.0	0.0	0.0	0.0	0.0	0.0
ASIC3	na	0.0	0.0	0.0	0.0	0.0	0.0	0.0
CDK5	na	0.0	0.0	0.0	0.0	0.0	0.0	0.0
SLC4A2	na	0.0	0.0	0.0	0.0	0.0	0.0	0.0
FASTK	na	0.0	0.0	0.0	0.0	0.0	0.0	0.0
TMUB1	na	0.0	0.0	0.0	0.0	0.0	0.0	0.0
AGAP3	na	0.0	0.0	0.0	0.0	0.0	0.0	0.0
ABCF2	na	0.0	0.0	0.0	0.0	0.0	0.0	0.0
CHPF2	na	0.0	0.0	0.0	0.0	0.0	0.0	0.0
SMARCD3	na	0.0	0.0	0.0	0.0	0.0	0.0	0.0
AC021097.1	na	0.0	0.0	0.0	0.0	0.0	0.0	0.0
NUB1	na	0.0	0.0	0.0	0.0	0.0	0.0	0.0
RHEB	na	0.0	0.0	0.0	0.0	0.0	0.0	0.0
PRKAG2	na	0.0	0.0	0.0	0.0	0.0	0.0	0.0
PRKAG2-AS1	na	0.0	0.0	0.0	0.0	0.0	0.0	0.0
GALNT11	na	0.0	0.0	0.0	0.0	0.0	0.0	0.0
KMT2C	na	0.0	0.0	0.0	0.0	0.0	0.0	0.0
LINC01003	na	0.0	0.0	0.0	0.0	0.0	0.0	0.0
XRCC2	na	0.0	0.0	0.0	0.0	0.0	0.0	0.0
ACTR3B	na	0.0	0.0	0.0	0.0	0.0	0.0	0.0
PAXIP1-AS2	na	0.0	0.0	0.0	0.0	0.0	0.0	0.0
PAXIP1	na	0.0	0.0	0.0	0.0	0.0	0.0	0.0
PAXIP1-AS1	na	0.0	0.0	0.0	0.0	0.0	0.0	0.0
AC144652.1	na	0.0	0.0	0.0	0.0	0.0	0.0	0.0
INSIG1	na	0.0	0.0	0.0	0.0	0.0	0.0	0.0
EN2	na	0.0	0.0	0.0	0.0	0.0	0.0	0.0
AC009403.1	na	0.0	0.0	0.0	0.0	0.0	0.0	0.0
RBM33	na	0.0	0.0	0.0	0.0	0.0	0.0	0.0
LINC01006	na	0.0	0.0	0.0	0.0	0.0	0.0	0.0
LMBR1	na	0.0	0.0	0.0	0.0	0.0	0.0	0.0
NOM1	na	0.0	0.0	0.0	0.0	0.0	0.0	0.0
MNX1	na	0.0	0.0	0.0	0.0	0.0	0.0	0.0
MNX1-AS2	na	0.0	0.0	0.0	0.0	0.0	0.0	0.0
MNX1-AS1	na	0.0	0.0	0.0	0.0	0.0	0.0	0.0
UBE3C	na	0.0	0.0	0.0	0.0	0.0	0.0	0.0
DNAJB6	na	0.05574665668239615	1.49330995558973e-14	0.12076663093298151	0.13636944029448797	0.0838267155810971	0.014931293864123382	0.04857498852001351
PTPRN2	na	0.0	0.0	0.0	0.0	0.0	0.0	0.0
NCAPG2	na	0.0	0.0	0.0	0.0	0.0	0.0	0.0
ESYT2	na	0.0	0.0	0.0	0.0	0.0	0.0	0.0
WDR60	na	0.0	0.0	0.0	0.0	0.0	0.0	0.0
PLCXD1	na	0.0	0.0	0.0	0.0	0.0	0.0	0.0
GTPBP6	na	0.0	0.0	0.0	0.0	0.0	0.0	0.0
LINC00685	na	0.0	0.0	0.0	0.0	0.0	0.0	0.0
PPP2R3B	na	0.0	0.0	0.0	0.0	0.0	0.0	0.0
CSF2RA	na	0.0	0.0	0.0	0.0	0.0	0.0	0.0
IL3RA	na	0.0	0.0	0.0	0.0	0.0	0.0	0.0
SLC25A6	na	0.19361846268479696	0.11880574780387235	0.29649811341820714	0.26932264767612635	0.1951301134135929	0.13377880112491616	0.3006840781774102
ASMTL-AS1	na	0.0	0.0	0.0	0.0	0.0	0.0	0.0
ASMTL	na	0.0	0.0	0.0	0.0	0.0	0.0	0.0
P2RY8	na	0.0	0.0	0.0	0.0	0.0	0.0	0.0
AKAP17A	na	0.0	0.0	0.0	0.0	0.0	0.0	0.0
DHRSX	na	0.0	0.0	0.0	0.0	0.0	0.0	0.0
ZBED1	na	0.0	0.0	0.0	0.0	0.0	0.0	0.0
CD99	na	0.08658914515122922	0.03302049648690856	0.10530342702626283	0.14479845896420263	0.0867818968468113	0.04757574593703241	0.07794147962423005
GYG2	na	0.0	0.0	0.0	0.0	0.0	0.0	0.0
ARSD	na	0.0	0.0	0.0	0.0	0.0	0.0	0.0
MXRA5	na	0.0	0.0	0.0	0.0	0.0	0.0	0.0
PRKX	na	0.0	0.0	0.0	0.0	0.0	0.0	0.0
BX890604.1	na	0.0	0.0	0.0	0.0	0.0	0.0	0.0
PUDP	na	0.0	0.0	0.0	0.0	0.0	0.0	0.0
STS	na	0.0	0.0	0.0	0.0	0.0	0.0	0.0
PNPLA4	na	0.0	0.0	0.0	0.0	0.0	0.0	0.0
ANOS1	na	0.0	0.0	0.0	0.0	0.0	0.0	0.0
TBL1X	na	0.0	0.0	0.0	0.0	0.0	0.0	0.0
GPR143	na	0.0	0.0	0.0	0.0	0.0	0.0	0.0
SHROOM2	na	0.0	0.0	0.0	0.0	0.0	0.0	0.0
WWC3	na	0.0	0.0	0.0	0.0	0.0	0.0	0.0
HCCS	na	0.0	0.0	0.0	0.0	0.0	0.0	0.0
ARHGAP6	na	0.0	0.0	0.0	0.0	0.0	0.0	0.0
MSL3	na	0.0	0.0	0.0	0.0	0.0	0.0	0.0
FRMPD4	na	0.0	0.0	0.0	0.0	0.0	0.0	0.0
PRPS2	na	0.0	0.0	0.0	0.0	0.0	0.0	0.0
TLR7	na	0.0	0.0	0.0	0.0	0.0	0.0	0.0
TMSB4X	na	0.5913843362911021	0.8915023362053011	0.7500603531110743	0.45665443844018155	0.5622000138190104	0.8063895125311035	1.2157811778077374
TCEANC	na	0.0	0.0	0.0	0.0	0.0	0.0	0.0
RAB9A	na	0.0	0.0	0.0	0.0	0.0	0.0	0.0
TRAPPC2	na	0.0	0.0	0.0	0.0	0.0	0.0	0.0
OFD1	na	0.0	0.0	0.0	0.0	0.0	0.0	0.0
GEMIN8	na	0.0	0.0	0.0	0.0	0.0	0.0	0.0
FANCB	na	0.0	0.0	0.0	0.0	0.0	0.0	0.0
MOSPD2	na	0.0	0.0	0.0	0.0	0.0	0.0	0.0
ASB9	na	0.0	0.0	0.0	0.0	0.0	0.0	0.0
PIGA	na	0.0	0.0	0.0	0.0	0.0	0.0	0.0
PIR	na	0.0	0.0	0.0	0.0	0.0	0.0	0.0
CA5B	na	0.0	0.0	0.0	0.0	0.0	0.0	0.0
ZRSR2	na	0.0	0.0	0.0	0.0	0.0	0.0	0.0
AP1S2	na	0.0	0.0	0.0	0.0	0.0	0.0	0.0
CTPS2	na	0.0	0.0	0.0	0.0	0.0	0.0	0.0
SYAP1	na	0.053287891897001415	6.0449614702823965e-15	0.1197688314731803	0.12428148530568156	0.08295892670937517	0.04314537636782414	0.055046001301175956
TXLNG	na	0.0	0.0	0.0	0.0	0.0	0.0	0.0
RBBP7	na	0.0	0.0	0.0	0.0	0.0	0.0	0.0
REPS2	na	0.0	0.0	0.0	0.0	0.0	0.0	0.0
NHS	na	0.0	0.0	0.0	0.0	0.0	0.0	0.0
SCML1	na	0.0	0.0	0.0	0.0	0.0	0.0	0.0
RAI2	na	0.0	0.0	0.0	0.0	0.0	0.0	0.0
SCML2	na	0.0	0.0	0.0	0.0	0.0	0.0	0.0
CDKL5	na	0.0	0.0	0.0	0.0	0.0	0.0	0.0
PHKA2	na	0.0	0.0	0.0	0.0	0.0	0.0	0.0
PDHA1	na	0.0	0.0	0.0	0.0	0.0	0.0	0.0
SH3KBP1	na	0.0	0.0	0.0	0.0	0.0	0.0	0.0
BCLAF3	na	0.0	0.0	0.0	0.0	0.0	0.0	0.0
EIF1AX	na	0.05155822848097371	0.0077063330159536985	0.1150404355684523	0.12292136861536088	0.07231471231913045	0.03550649897549169	0.05878493633731889
RPS6KA3	na	0.0	0.0	0.0	0.0	0.0	0.0	0.0
MBTPS2	na	0.0	0.0	0.0	0.0	0.0	0.0	0.0
YY2	na	0.0	0.0	0.0	0.0	0.0	0.0	0.0
SMS	na	0.054680177623726484	0.0027280081505838332	0.11067292124568202	0.12579718144131796	0.07949188581299405	0.045884207798189296	0.06523317318625635
PHEX	na	0.0	0.0	0.0	0.0	0.0	0.0	0.0
PRDX4	na	0.0	0.0	0.0	0.0	0.0	0.0	0.0
ACOT9	na	0.0	0.0	0.0	0.0	0.0	0.0	0.0
SAT1	na	0.08425949261078874	0.06163867000910255	0.14190758350452942	0.2100396961047071	0.12315696864444327	0.101951038270729	0.12585262708534078
APOO	na	0.0	0.0	0.0	0.0	0.0	0.0	0.0
KLHL15	na	0.0	0.0	0.0	0.0	0.0	0.0	0.0
EIF2S3	na	0.0	0.0	0.0	0.0	0.0	0.0	0.0
ZFX	na	0.0	0.0	0.0	0.0	0.0	0.0	0.0
PDK3	na	0.0	0.0	0.0	0.0	0.0	0.0	0.0
POLA1	na	0.0	0.0	0.0	0.0	0.0	0.0	0.0
ARX	na	0.0	0.0	0.0	0.0	0.0	0.0	0.0
GK	na	0.0	0.0	0.0	0.0	0.0	0.0	0.0
TAB3	na	0.0	0.0	0.0	0.0	0.0	0.0	0.0
DMD	na	0.0	0.0	0.0	0.0	0.0	0.0	0.0
TMEM47	na	0.0	0.0	0.0	0.0	0.0	0.0	0.0
XK	na	0.0	0.0	0.0	0.0	0.0	0.0	0.0
CYBB	na	0.0	0.0	0.0	0.0	0.0	0.0	0.0
DYNLT3	na	0.0	0.0	0.0	0.0	0.0	0.0	0.0
SYTL5	na	0.0	0.0	0.0	0.0	0.0	0.0	0.0
SRPX	na	0.0	0.0	0.0	0.0	0.0	0.0	0.0
RPGR	na	0.0	0.0	0.0	0.0	0.0	0.0	0.0
TSPAN7	na	0.0	0.0	0.0	0.0	0.0	0.0	0.0
MID1IP1	na	0.0	0.0	0.0	0.0	0.0	0.0	0.0
AC092198.1	na	0.0	0.0	0.0	0.0	0.0	0.0	0.0
BCOR	na	0.0	0.0	0.0	0.0	0.0	0.0	0.0
ATP6AP2	na	0.07323503498083776	4.417590776978906e-22	0.1274332683405918	0.1774524801685458	0.09435365575037316	0.03415618357397216	0.0541762091195196
CXorf38	na	0.0	0.0	0.0	0.0	0.0	0.0	0.0
MED14	na	0.0	0.0	0.0	0.0	0.0	0.0	0.0
USP9X	na	0.06313241698367701	0.004612181586504527	0.1280848391989389	0.1322146776747604	0.08065649550445333	0.047875533921206304	0.04029020245662197
DDX3X	na	0.04571010799110329	6.156208746507099e-19	0.1782613233387503	0.20596710354145928	0.11516240976826636	1.1344734260346867e-13	0.03735970236828631
CASK	na	0.0	0.0	0.0	0.0	0.0	0.0	0.0
GPR34	na	0.0	0.0	0.0	0.0	0.0	0.0	0.0
GPR82	na	0.0	0.0	0.0	0.0	0.0	0.0	0.0
MAOA	na	0.0	0.0	0.0	0.0	0.0	0.0	0.0
MAOB	na	0.0	0.0	0.0	0.0	0.0	0.0	0.0
EFHC2	na	0.0	0.0	0.0	0.0	0.0	0.0	0.0
FUNDC1	na	0.0	0.0	0.0	0.0	0.0	0.0	0.0
KDM6A	na	0.0	0.0	0.0	0.0	0.0	0.0	0.0
CXorf36	na	0.0	0.0	0.0	0.0	0.0	0.0	0.0
KRBOX4	na	0.0	0.0	0.0	0.0	0.0	0.0	0.0
ZNF674	na	0.0	0.0	0.0	0.0	0.0	0.0	0.0
ZNF674-AS1	na	0.0	0.0	0.0	0.0	0.0	0.0	0.0
CHST7	na	0.0	0.0	0.0	0.0	0.0	0.0	0.0
SLC9A7	na	0.0	0.0	0.0	0.0	0.0	0.0	0.0
RP2	na	0.0	0.0	0.0	0.0	0.0	0.0	0.0
JADE3	na	0.0	0.0	0.0	0.0	0.0	0.0	0.0
NDUFB11	na	0.20420325281015436	0.24208558613759446	0.20907169240004692	0.337484405129594	0.2010974960215274	0.2442913048913756	0.2876002880626409
RBM10	na	0.06441531850482753	1.5096135320375045e-25	0.13968407704489536	0.1551300547359969	0.09881312976472083	8.767410097071716e-21	0.017817773895181622
UBA1	na	0.10124760781947739	0.004659618558295589	0.1860390932166579	0.22744113913084102	0.12853424228111787	0.06848469850977552	0.11030196694364076
CDK16	na	0.05521971639570226	2.8059618315643104e-23	0.14425765544709748	0.15445148765387917	0.09070229382789756	0.028189575774254513	0.03644051633633732
USP11	na	0.0	0.0	0.0	0.0	0.0	0.0	0.0
ZNF41	na	0.0	0.0	0.0	0.0	0.0	0.0	0.0
LINC01560	na	0.0	0.0	0.0	0.0	0.0	0.0	0.0
ARAF	na	0.0	0.0	0.0	0.0	0.0	0.0	0.0
TIMP1	na	0.12105360619046933	0.14431342757544488	0.15518753528057616	0.22856768319065623	0.145408915747866	0.20974367207162653	0.16983806085815822
ELK1	na	0.0	0.0	0.0	0.0	0.0	0.0	0.0
UXT	na	0.06377448140925863	0.06294250331761578	0.0875163194900551	0.14959052512990564	0.07448215275717805	0.061965233243001495	0.0706686171013252
ZNF81	na	0.0	0.0	0.0	0.0	0.0	0.0	0.0
ZNF182	na	0.0	0.0	0.0	0.0	0.0	0.0	0.0
ZNF630	na	0.0	0.0	0.0	0.0	0.0	0.0	0.0
SLC38A5	na	0.0	0.0	0.0	0.0	0.0	0.0	0.0
FTSJ1	na	0.0	0.0	0.0	0.0	0.0	0.0	0.0
PORCN	na	0.0	0.0	0.0	0.0	0.0	0.0	0.0
EBP	na	0.0857951293301677	1.1583965593905607e-16	0.1241202345007109	0.1543615907165327	0.08594094941252804	0.039317844070010634	0.037583916865177924
TBC1D25	na	0.0	0.0	0.0	0.0	0.0	0.0	0.0
RBM3	na	0.09643757172532676	0.036608880425007276	0.19891579858501005	0.20712278396943623	0.13224081543035102	0.062310653055316426	0.16103622145922436
WDR13	na	0.0	0.0	0.0	0.0	0.0	0.0	0.0
WAS	na	0.0	0.0	0.0	0.0	0.0	0.0	0.0
SUV39H1	na	0.0	0.0	0.0	0.0	0.0	0.0	0.0
GLOD5	na	0.0	0.0	0.0	0.0	0.0	0.0	0.0
HDAC6	na	0.0	0.0	0.0	0.0	0.0	0.0	0.0
PCSK1N	na	0.0	0.0	0.0	0.0	0.0	0.0	0.0
TIMM17B	na	0.08598859216589701	0.0252543798732168	0.12206802004203976	0.19289704605908564	0.1020096713476801	0.06688226594206062	0.09244836623609338
PQBP1	na	0.0	0.0	0.0	0.0	0.0	0.0	0.0
SLC35A2	na	0.0	0.0	0.0	0.0	0.0	0.0	0.0
PIM2	na	0.0	0.0	0.0	0.0	0.0	0.0	0.0
OTUD5	na	0.0	0.0	0.0	0.0	0.0	0.0	0.0
KCND1	na	0.0	0.0	0.0	0.0	0.0	0.0	0.0
GRIPAP1	na	0.0	0.0	0.0	0.0	0.0	0.0	0.0
TFE3	na	0.0	0.0	0.0	0.0	0.0	0.0	0.0
CCDC120	na	0.0	0.0	0.0	0.0	0.0	0.0	0.0
PRAF2	na	0.0	0.0	0.0	0.0	0.0	0.0	0.0
WDR45	na	0.0	0.0	0.0	0.0	0.0	0.0	0.0
GPKOW	na	0.0	0.0	0.0	0.0	0.0	0.0	0.0
MAGIX	na	0.0	0.0	0.0	0.0	0.0	0.0	0.0
PLP2	na	0.07611966980882261	0.05431904189564767	0.08190952878991184	0.13750113323585172	0.07820707077053772	0.07766109609304357	0.08018602832567638
PRICKLE3	na	0.0	0.0	0.0	0.0	0.0	0.0	0.0
SYP	na	0.0	0.0	0.0	0.0	0.0	0.0	0.0
CACNA1F	na	0.0	0.0	0.0	0.0	0.0	0.0	0.0
CCDC22	na	0.0	0.0	0.0	0.0	0.0	0.0	0.0
FOXP3	na	0.0	0.0	0.0	0.0	0.0	0.0	0.0
PPP1R3F	na	0.0	0.0	0.0	0.0	0.0	0.0	0.0
USP27X	na	0.0	0.0	0.0	0.0	0.0	0.0	0.0
CLCN5	na	0.0	0.0	0.0	0.0	0.0	0.0	0.0
SHROOM4	na	0.0	0.0	0.0	0.0	0.0	0.0	0.0
NUDT11	na	0.0	0.0	0.0	0.0	0.0	0.0	0.0
GSPT2	na	0.0	0.0	0.0	0.0	0.0	0.0	0.0
MAGED1	na	0.08700871026467563	4.757593561154925e-19	0.23116186328884744	0.35180190117750504	0.16366660155575738	0.009985621619329773	0.09067820266200043
GPR173	na	0.0	0.0	0.0	0.0	0.0	0.0	0.0
TSPYL2	na	0.0	0.0	0.0	0.0	0.0	0.0	0.0
KANTR	na	0.0	0.0	0.0	0.0	0.0	0.0	0.0
KDM5C	na	0.0	0.0	0.0	0.0	0.0	0.0	0.0
IQSEC2	na	0.0	0.0	0.0	0.0	0.0	0.0	0.0
SMC1A	na	0.05529356059029201	1.8158432795320502e-16	0.12424508263360685	0.17748678932516387	0.09242443861656433	0.017766782709682228	0.04704996518062151
RIBC1	na	0.0	0.0	0.0	0.0	0.0	0.0	0.0
HSD17B10	na	0.08837956815203797	0.020278141560020457	0.09719723753362663	0.12476446598342567	0.07116276222196734	0.048585409833329776	0.071015586626413
HUWE1	na	0.0	0.0	0.0	0.0	0.0	0.0	0.0
PHF8	na	0.0	0.0	0.0	0.0	0.0	0.0	0.0
FAM120C	na	0.0	0.0	0.0	0.0	0.0	0.0	0.0
WNK3	na	0.0	0.0	0.0	0.0	0.0	0.0	0.0
TSR2	na	0.0	0.0	0.0	0.0	0.0	0.0	0.0
FGD1	na	0.0	0.0	0.0	0.0	0.0	0.0	0.0
GNL3L	na	0.0	0.0	0.0	0.0	0.0	0.0	0.0
ITIH6	na	0.0	0.0	0.0	0.0	0.0	0.0	0.0
MAGED2	na	0.14853703091526926	0.0545092653733817	0.21722314251928718	0.35195246965064503	0.17546018258702503	0.10774164693058108	0.15444143204798932
TRO	na	0.0	0.0	0.0	0.0	0.0	0.0	0.0
APEX2	na	0.0	0.0	0.0	0.0	0.0	0.0	0.0
FAM104B	na	0.0	0.0	0.0	0.0	0.0	0.0	0.0
MTRNR2L10	na	0.0	0.0	0.0	0.0	0.0	0.0	0.0
MAGEH1	na	0.0	0.0	0.0	0.0	0.0	0.0	0.0
USP51	na	0.0	0.0	0.0	0.0	0.0	0.0	0.0
RRAGB	na	0.0	0.0	0.0	0.0	0.0	0.0	0.0
AL445472.1	na	0.0	0.0	0.0	0.0	0.0	0.0	0.0
KLF8	na	0.0	0.0	0.0	0.0	0.0	0.0	0.0
UBQLN2	na	0.0	0.0	0.0	0.0	0.0	0.0	0.0
NBDY	na	0.0	0.0	0.0	0.0	0.0	0.0	0.0
SPIN3	na	0.0	0.0	0.0	0.0	0.0	0.0	0.0
SPIN2B	na	0.0	0.0	0.0	0.0	0.0	0.0	0.0
FAAH2	na	0.0	0.0	0.0	0.0	0.0	0.0	0.0
ZXDB	na	0.0	0.0	0.0	0.0	0.0	0.0	0.0
ZXDA	na	0.0	0.0	0.0	0.0	0.0	0.0	0.0
SPIN4	na	0.0	0.0	0.0	0.0	0.0	0.0	0.0
ARHGEF9	na	0.0	0.0	0.0	0.0	0.0	0.0	0.0
AMER1	na	0.0	0.0	0.0	0.0	0.0	0.0	0.0
LAS1L	na	0.0	0.0	0.0	0.0	0.0	0.0	0.0
MSN	na	0.0	0.0	0.0	0.0	0.0	0.0	0.0
VSIG4	na	0.0	0.0	0.0	0.0	0.0	0.0	0.0
HEPH	na	0.0	0.0	0.0	0.0	0.0	0.0	0.0
AR	na	0.0	0.0	0.0	0.0	0.0	0.0	0.0
YIPF6	na	0.0	0.0	0.0	0.0	0.0	0.0	0.0
STARD8	na	0.0	0.0	0.0	0.0	0.0	0.0	0.0
EFNB1	na	0.0	0.0	0.0	0.0	0.0	0.0	0.0
PJA1	na	0.0	0.0	0.0	0.0	0.0	0.0	0.0
FAM155B	na	0.0	0.0	0.0	0.0	0.0	0.0	0.0
IGBP1	na	0.0	0.0	0.0	0.0	0.0	0.0	0.0
PDZD11	na	0.0	0.0	0.0	0.0	0.0	0.0	0.0
KIF4A	na	0.0	0.0	0.0	0.0	0.0	0.0	0.0
DLG3	na	0.0	0.0	0.0	0.0	0.0	0.0	0.0
DLG3-AS1	na	0.0	0.0	0.0	0.0	0.0	0.0	0.0
SNX12	na	0.0	0.0	0.0	0.0	0.0	0.0	0.0
FOXO4	na	0.0	0.0	0.0	0.0	0.0	0.0	0.0
IL2RG	na	0.0	0.0	0.0	0.0	0.0	0.0	0.0
MED12	na	0.0	0.0	0.0	0.0	0.0	0.0	0.0
NLGN3	na	0.0	0.0	0.0	0.0	0.0	0.0	0.0
GJB1	na	0.0	0.0	0.0	0.0	0.0	0.0	0.0
ZMYM3	na	0.0	0.0	0.0	0.0	0.0	0.0	0.0
NONO	na	0.12057547355728657	9.196309843679234e-14	0.19572392229738814	0.24872602133921531	0.13441439063484073	0.025180650021006182	0.09076677285870736
TAF1	na	0.0	0.0	0.0	0.0	0.0	0.0	0.0
OGT	na	0.0	0.0	0.0	0.0	0.0	0.0	0.0
CXCR3	na	0.0	0.0	0.0	0.0	0.0	0.0	0.0
NHSL2	na	0.0	0.0	0.0	0.0	0.0	0.0	0.0
RTL5	na	0.0	0.0	0.0	0.0	0.0	0.0	0.0
PIN4	na	0.08145800068783578	0.020323665764577167	0.12213028988806715	0.14693682819662388	0.08502735552672369	0.04407361594315058	0.08906037338299534
ERCC6L	na	0.0	0.0	0.0	0.0	0.0	0.0	0.0
RPS4X	na	0.7297521248041645	0.9281272136767557	0.8386593360309269	0.7912296194593971	0.6646551279839737	0.6766651620367844	1.2612714758723695
CITED1	na	0.0	0.0	0.0	0.0	0.0	0.0	0.0
HDAC8	na	0.0	0.0	0.0	0.0	0.0	0.0	0.0
PHKA1	na	0.0	0.0	0.0	0.0	0.0	0.0	0.0
CHIC1	na	0.0	0.0	0.0	0.0	0.0	0.0	0.0
TSIX	na	0.0	0.0	0.0	0.0	0.0	0.0	0.0
XIST	na	0.06083550594042642	4.2363402665506904e-17	0.2117373797915195	0.2004441900661637	0.12723759490682734	2.3601100612971378e-17	0.013154953838739668
JPX	na	0.0	0.0	0.0	0.0	0.0	0.0	0.0
FTX	na	0.0	0.0	0.0	0.0	0.0	0.0	0.0
SLC16A2	na	0.0	0.0	0.0	0.0	0.0	0.0	0.0
RLIM	na	0.0	0.0	0.0	0.0	0.0	0.0	0.0
NEXMIF	na	0.0	0.0	0.0	0.0	0.0	0.0	0.0
ABCB7	na	0.0	0.0	0.0	0.0	0.0	0.0	0.0
UPRT	na	0.0	0.0	0.0	0.0	0.0	0.0	0.0
ZDHHC15	na	0.0	0.0	0.0	0.0	0.0	0.0	0.0
PBDC1	na	0.0	0.0	0.0	0.0	0.0	0.0	0.0
MAGEE1	na	0.0	0.0	0.0	0.0	0.0	0.0	0.0
ATRX	na	0.0	0.0	0.0	0.0	0.0	0.0	0.0
MAGT1	na	0.0	0.0	0.0	0.0	0.0	0.0	0.0
COX7B	na	0.22886439006877557	0.3295578878647563	0.1742690485545956	0.20584099310110143	0.18157771823386992	0.2238429270627389	0.3345642975281073
ATP7A	na	0.0	0.0	0.0	0.0	0.0	0.0	0.0
PGK1	na	0.25411770467030026	0.033907196402596096	0.43206929825664936	0.6343893823869345	0.33133246516775344	0.17122070330158723	0.27592103643956045
TAF9B	na	0.0	0.0	0.0	0.0	0.0	0.0	0.0
CYSLTR1	na	0.0	0.0	0.0	0.0	0.0	0.0	0.0
P2RY10	na	0.0	0.0	0.0	0.0	0.0	0.0	0.0
ITM2A	na	0.0	0.0	0.0	0.0	0.0	0.0	0.0
BRWD3	na	0.0	0.0	0.0	0.0	0.0	0.0	0.0
HMGN5	na	0.0	0.0	0.0	0.0	0.0	0.0	0.0
SH3BGRL	na	0.11924015376965126	0.0465953046483827	0.14645629758325657	0.14334088171681147	0.10124245297168619	0.06252216503894273	0.1346547526439659
RPS6KA6	na	0.0	0.0	0.0	0.0	0.0	0.0	0.0
HDX	na	0.0	0.0	0.0	0.0	0.0	0.0	0.0
APOOL	na	0.0	0.0	0.0	0.0	0.0	0.0	0.0
ZNF711	na	0.0	0.0	0.0	0.0	0.0	0.0	0.0
POF1B	na	0.0	0.0	0.0	0.0	0.0	0.0	0.0
CHM	na	0.0	0.0	0.0	0.0	0.0	0.0	0.0
DIAPH2	na	0.0	0.0	0.0	0.0	0.0	0.0	0.0
TSPAN6	na	0.0	0.0	0.0	0.0	0.0	0.0	0.0
SRPX2	na	0.0	0.0	0.0	0.0	0.0	0.0	0.0
SYTL4	na	0.0	0.0	0.0	0.0	0.0	0.0	0.0
CSTF2	na	0.0	0.0	0.0	0.0	0.0	0.0	0.0
XKRX	na	0.0	0.0	0.0	0.0	0.0	0.0	0.0
TRMT2B	na	0.0	0.0	0.0	0.0	0.0	0.0	0.0
CENPI	na	0.0	0.0	0.0	0.0	0.0	0.0	0.0
TIMM8A	na	0.0	0.0	0.0	0.0	0.0	0.0	0.0
BTK	na	0.0	0.0	0.0	0.0	0.0	0.0	0.0
RPL36A	na	0.5090489277715	0.7798324124346866	0.5378152460624577	0.34173090948904045	0.44573957043733736	0.764280297931939	0.9884553940377849
GLA	na	0.0	0.0	0.0	0.0	0.0	0.0	0.0
HNRNPH2	na	0.04766366332863602	3.816628987600594e-15	0.14247006605715182	0.15321403336768374	0.09403390266124291	0.029008964873199393	0.06111500755247517
ARMCX4	na	0.0	0.0	0.0	0.0	0.0	0.0	0.0
ARMCX1	na	0.0	0.0	0.0	0.0	0.0	0.0	0.0
ARMCX6	na	0.0	0.0	0.0	0.0	0.0	0.0	0.0
ARMCX3	na	0.0	0.0	0.0	0.0	0.0	0.0	0.0
ARMCX2	na	0.0	0.0	0.0	0.0	0.0	0.0	0.0
ZMAT1	na	0.0	0.0	0.0	0.0	0.0	0.0	0.0
BEX5	na	0.0	0.0	0.0	0.0	0.0	0.0	0.0
TMSB15A	na	0.0	0.0	0.0	0.0	0.0	0.0	0.0
ARMCX5	na	0.0	0.0	0.0	0.0	0.0	0.0	0.0
GPRASP2	na	0.0	0.0	0.0	0.0	0.0	0.0	0.0
BHLHB9	na	0.0	0.0	0.0	0.0	0.0	0.0	0.0
BEX4	na	0.0	0.0	0.0	0.0	0.0	0.0	0.0
TCEAL8	na	0.0	0.0	0.0	0.0	0.0	0.0	0.0
BEX2	na	0.0	0.0	0.0	0.0	0.0	0.0	0.0
TCEAL9	na	0.0	0.0	0.0	0.0	0.0	0.0	0.0
BEX3	na	0.0	0.0	0.0	0.0	0.0	0.0	0.0
TCEAL4	na	0.05549216841657186	1.48451182017693e-13	0.13324565110327435	0.1468247251507671	0.08698498205185101	0.0010916772649206584	0.05578463191321308
TCEAL3	na	0.0	0.0	0.0	0.0	0.0	0.0	0.0
TCEAL1	na	0.0	0.0	0.0	0.0	0.0	0.0	0.0
MORF4L2	na	0.11642448984953199	1.4818846996344864e-13	0.2329655371458446	0.26585554887303114	0.14931219781493352	0.03101330234340221	0.12153092335256824
TMEM31	na	0.0	0.0	0.0	0.0	0.0	0.0	0.0
RAB9B	na	0.0	0.0	0.0	0.0	0.0	0.0	0.0
TMSB15B	na	0.0	0.0	0.0	0.0	0.0	0.0	0.0
TMSB15B	na	0.0	0.0	0.0	0.0	0.0	0.0	0.0
SLC25A53	na	0.0	0.0	0.0	0.0	0.0	0.0	0.0
ZCCHC18	na	0.0	0.0	0.0	0.0	0.0	0.0	0.0
FAM199X	na	0.0	0.0	0.0	0.0	0.0	0.0	0.0
RNF128	na	0.0	0.0	0.0	0.0	0.0	0.0	0.0
TBC1D8B	na	0.0	0.0	0.0	0.0	0.0	0.0	0.0
MORC4	na	0.0	0.0	0.0	0.0	0.0	0.0	0.0
RBM41	na	0.0	0.0	0.0	0.0	0.0	0.0	0.0
NUP62CL	na	0.0	0.0	0.0	0.0	0.0	0.0	0.0
FRMPD3	na	0.0	0.0	0.0	0.0	0.0	0.0	0.0
PRPS1	na	0.0	0.0	0.0	0.0	0.0	0.0	0.0
TSC22D3	na	0.06501072202334401	3.083735344184116e-22	0.15436992688317194	0.1645598482626044	0.09895097799179767	1.011455527945284e-17	0.02423987828010986
MID2	na	0.0	0.0	0.0	0.0	0.0	0.0	0.0
PSMD10	na	0.0	0.0	0.0	0.0	0.0	0.0	0.0
ATG4A	na	0.0	0.0	0.0	0.0	0.0	0.0	0.0
COL4A5	na	0.0	0.0	0.0	0.0	0.0	0.0	0.0
NXT2	na	0.0	0.0	0.0	0.0	0.0	0.0	0.0
ACSL4	na	0.0	0.0	0.0	0.0	0.0	0.0	0.0
TMEM164	na	0.0	0.0	0.0	0.0	0.0	0.0	0.0
AMMECR1	na	0.0	0.0	0.0	0.0	0.0	0.0	0.0
CAPN6	na	0.0	0.0	0.0	0.0	0.0	0.0	0.0
DCX	na	0.0	0.0	0.0	0.0	0.0	0.0	0.0
ALG13	na	0.0	0.0	0.0	0.0	0.0	0.0	0.0
AMOT	na	0.0	0.0	0.0	0.0	0.0	0.0	0.0
PLS3	na	0.0	0.0	0.0	0.0	0.0	0.0	0.0
KLHL13	na	0.0	0.0	0.0	0.0	0.0	0.0	0.0
WDR44	na	0.0	0.0	0.0	0.0	0.0	0.0	0.0
DOCK11	na	0.0	0.0	0.0	0.0	0.0	0.0	0.0
IL13RA1	na	0.055955566271038384	4.053671099366681e-17	0.1171053174346658	0.12709629992608734	0.07691718379372782	0.016467808298424945	0.04710839706844578
PGRMC1	na	0.09253478901489184	1.2182540770476964e-21	0.1440855590138374	0.2090484202963101	0.1132543131688047	0.03832773770971393	0.06580874279036401
SLC25A43	na	0.0	0.0	0.0	0.0	0.0	0.0	0.0
SLC25A5	na	0.11293322310983687	0.16536842076388694	0.12640628043588037	0.24812297480745107	0.13680752939250665	0.1452767192352293	0.17231971633269658
CXorf56	na	0.0	0.0	0.0	0.0	0.0	0.0	0.0
UBE2A	na	0.0	0.0	0.0	0.0	0.0	0.0	0.0
NKRF	na	0.0	0.0	0.0	0.0	0.0	0.0	0.0
SEPT6	na	0.0	0.0	0.0	0.0	0.0	0.0	0.0
SOWAHD	na	0.0	0.0	0.0	0.0	0.0	0.0	0.0
RPL39	na	1.7118216603810108	3.6658143194055537	1.1027212399161066	0.7083955025702938	1.2869197701763517	2.799641122894736	3.5971276706747615
UPF3B	na	0.0	0.0	0.0	0.0	0.0	0.0	0.0
RNF113A	na	0.0	0.0	0.0	0.0	0.0	0.0	0.0
NDUFA1	na	0.20337123929885512	0.20113224778350036	0.23961560330685347	0.28689785175039084	0.19596971443509906	0.16696584951114316	0.29335408531359636
AKAP14	na	0.0	0.0	0.0	0.0	0.0	0.0	0.0
NKAP	na	0.0	0.0	0.0	0.0	0.0	0.0	0.0
ZBTB33	na	0.0	0.0	0.0	0.0	0.0	0.0	0.0
TMEM255A	na	0.0	0.0	0.0	0.0	0.0	0.0	0.0
LAMP2	na	0.06986105652829439	8.842260248984962e-20	0.14151698234821858	0.1544576035461819	0.09345895245092448	0.027444813399887063	0.05314559478193953
CUL4B	na	0.0	0.0	0.0	0.0	0.0	0.0	0.0
MCTS1	na	0.07254791796069732	0.0014497363433753668	0.10882767432883267	0.12689630029473783	0.07487700349283223	0.0450631125867408	0.06820989185486154
C1GALT1C1	na	0.0	0.0	0.0	0.0	0.0	0.0	0.0
THOC2	na	0.0	0.0	0.0	0.0	0.0	0.0	0.0
XIAP	na	0.0	0.0	0.0	0.0	0.0	0.0	0.0
AL121601.1	na	0.0	0.0	0.0	0.0	0.0	0.0	0.0
STAG2	na	0.0	0.0	0.0	0.0	0.0	0.0	0.0
SMARCA1	na	0.0	0.0	0.0	0.0	0.0	0.0	0.0
OCRL	na	0.0	0.0	0.0	0.0	0.0	0.0	0.0
APLN	na	0.0	0.0	0.0	0.0	0.0	0.0	0.0
SASH3	na	0.0	0.0	0.0	0.0	0.0	0.0	0.0
ZDHHC9	na	0.0	0.0	0.0	0.0	0.0	0.0	0.0
UTP14A	na	0.0	0.0	0.0	0.0	0.0	0.0	0.0
BCORL1	na	0.0	0.0	0.0	0.0	0.0	0.0	0.0
ELF4	na	0.0	0.0	0.0	0.0	0.0	0.0	0.0
AIFM1	na	0.0	0.0	0.0	0.0	0.0	0.0	0.0
ZNF280C	na	0.0	0.0	0.0	0.0	0.0	0.0	0.0
SLC25A14	na	0.0	0.0	0.0	0.0	0.0	0.0	0.0
RBMX2	na	0.0	0.0	0.0	0.0	0.0	0.0	0.0
ENOX2	na	0.0	0.0	0.0	0.0	0.0	0.0	0.0
FIRRE	na	0.0	0.0	0.0	0.0	0.0	0.0	0.0
STK26	na	0.0	0.0	0.0	0.0	0.0	0.0	0.0
RAP2C	na	0.0	0.0	0.0	0.0	0.0	0.0	0.0
RAP2C-AS1	na	0.0	0.0	0.0	0.0	0.0	0.0	0.0
MBNL3	na	0.0	0.0	0.0	0.0	0.0	0.0	0.0
HS6ST2	na	0.0	0.0	0.0	0.0	0.0	0.0	0.0
GPC4	na	0.0	0.0	0.0	0.0	0.0	0.0	0.0
GPC3	na	0.0	0.0	0.0	0.0	0.0	0.0	0.0
CCDC160	na	0.0	0.0	0.0	0.0	0.0	0.0	0.0
PHF6	na	0.0	0.0	0.0	0.0	0.0	0.0	0.0
HPRT1	na	0.0	0.0	0.0	0.0	0.0	0.0	0.0
FAM122B	na	0.0	0.0	0.0	0.0	0.0	0.0	0.0
FAM122C	na	0.0	0.0	0.0	0.0	0.0	0.0	0.0
MOSPD1	na	0.0	0.0	0.0	0.0	0.0	0.0	0.0
SMIM10	na	0.0	0.0	0.0	0.0	0.0	0.0	0.0
RTL8B	na	0.0	0.0	0.0	0.0	0.0	0.0	0.0
RTL8C	na	0.06662639852484054	0.0072911953572877735	0.11249222644978794	0.14400277527365304	0.0805798982272349	0.004922833953120207	0.06426824691204468
RTL8A	na	0.07183411058954613	0.022260453799464966	0.10583203756833066	0.14609539146199826	0.08114965266051023	0.016911725098807142	0.07158810755476132
ZNF75D	na	0.0	0.0	0.0	0.0	0.0	0.0	0.0
ZNF449	na	0.0	0.0	0.0	0.0	0.0	0.0	0.0
INTS6L	na	0.0	0.0	0.0	0.0	0.0	0.0	0.0
MMGT1	na	0.0	0.0	0.0	0.0	0.0	0.0	0.0
SLC9A6	na	0.0	0.0	0.0	0.0	0.0	0.0	0.0
FHL1	na	0.0	0.0	0.0	0.0	0.0	0.0	0.0
MAP7D3	na	0.0	0.0	0.0	0.0	0.0	0.0	0.0
HTATSF1	na	0.0	0.0	0.0	0.0	0.0	0.0	0.0
ARHGEF6	na	0.0	0.0	0.0	0.0	0.0	0.0	0.0
RBMX	na	0.06855523672647092	0.005319156472065917	0.12523774636827398	0.15090151619868894	0.08349540346868556	0.03550736469608975	0.06148372269145577
FGF13	na	0.0	0.0	0.0	0.0	0.0	0.0	0.0
ATP11C	na	0.0	0.0	0.0	0.0	0.0	0.0	0.0
LDOC1	na	0.0	0.0	0.0	0.0	0.0	0.0	0.0
FMR1	na	0.0	0.0	0.0	0.0	0.0	0.0	0.0
IDS	na	0.0	0.0	0.0	0.0	0.0	0.0	0.0
LINC00893	na	0.0	0.0	0.0	0.0	0.0	0.0	0.0
CXorf40A	na	0.0	0.0	0.0	0.0	0.0	0.0	0.0
TMEM185A	na	0.0	0.0	0.0	0.0	0.0	0.0	0.0
CXorf40B	na	0.0	0.0	0.0	0.0	0.0	0.0	0.0
MAMLD1	na	0.0	0.0	0.0	0.0	0.0	0.0	0.0
MTM1	na	0.0	0.0	0.0	0.0	0.0	0.0	0.0
MTMR1	na	0.0	0.0	0.0	0.0	0.0	0.0	0.0
CD99L2	na	0.0	0.0	0.0	0.0	0.0	0.0	0.0
HMGB3	na	0.05821589432645322	1.0501278336537544e-15	0.12906379006438598	0.15341255338295623	0.0860239975585305	0.016537367126888476	0.04898283262978984
VMA21	na	0.0	0.0	0.0	0.0	0.0	0.0	0.0
PRRG3	na	0.0	0.0	0.0	0.0	0.0	0.0	0.0
MAGEA3	na	0.0	0.0	0.0	0.0	0.0	0.0	0.0
MAGEA6	na	0.0	0.0	0.0	0.0	0.0	0.0	0.0
CETN2	na	0.05359793517010732	0.011546813345625268	0.10205904330969896	0.11352189049362509	0.07265778169050181	0.05520259503341047	0.07727241255369455
NSDHL	na	0.0	0.0	0.0	0.0	0.0	0.0	0.0
ZNF185	na	0.0	0.0	0.0	0.0	0.0	0.0	0.0
PNMA6A	na	0.0	0.0	0.0	0.0	0.0	0.0	0.0
MAGEA1	na	0.0	0.0	0.0	0.0	0.0	0.0	0.0
ZNF275	na	0.0	0.0	0.0	0.0	0.0	0.0	0.0
HAUS7	na	0.0	0.0	0.0	0.0	0.0	0.0	0.0
BGN	na	0.08705590916392209	0.0572154956266506	0.1568049635601779	0.12491808237265388	0.10930175626779194	0.0859569698975246	0.1333578171150261
CCNQ	na	0.0	0.0	0.0	0.0	0.0	0.0	0.0
DUSP9	na	0.0	0.0	0.0	0.0	0.0	0.0	0.0
PNCK	na	0.0	0.0	0.0	0.0	0.0	0.0	0.0
SLC6A8	na	0.0	0.0	0.0	0.0	0.0	0.0	0.0
BCAP31	na	0.13630814452375248	5.816303109604925e-21	0.22153577873199254	0.2775571449263066	0.1482831040074744	0.057012028885125125	0.11094983900914802
ABCD1	na	0.0	0.0	0.0	0.0	0.0	0.0	0.0
SRPK3	na	0.0	0.0	0.0	0.0	0.0	0.0	0.0
IDH3G	na	0.07401918603400137	0.006196417522336907	0.1151646529601686	0.12568803715060184	0.07369312586469041	0.013676399601566273	0.07137640421550626
SSR4	na	0.27097371364968104	0.302224663472358	0.2919711402940868	0.3681524053494	0.25666923279765247	0.23061343701431208	0.4222977149882635
PDZD4	na	0.0	0.0	0.0	0.0	0.0	0.0	0.0
L1CAM	na	0.0	0.0	0.0	0.0	0.0	0.0	0.0
ARHGAP4	na	0.0	0.0	0.0	0.0	0.0	0.0	0.0
NAA10	na	0.07706307480747622	0.016512317091378268	0.11577463599848938	0.109455515691145	0.07253327327111125	0.03792051724032115	0.056549787316015
HCFC1	na	0.0	0.0	0.0	0.0	0.0	0.0	0.0
TMEM187	na	0.0	0.0	0.0	0.0	0.0	0.0	0.0
IRAK1	na	0.0	0.0	0.0	0.0	0.0	0.0	0.0
MECP2	na	0.0	0.0	0.0	0.0	0.0	0.0	0.0
FLNA	na	0.07902436830924471	0.0945768876283207	0.10756028151403658	0.12068684352309053	0.09175996261278976	0.13079081961299646	0.13175951369637773
EMD	na	0.0	0.0	0.0	0.0	0.0	0.0	0.0
RPL10	na	0.9557229766258731	1.7650600285402431	0.616573461647055	0.7907271039133703	0.7601532797338189	1.2557801348725237	1.8687876587973566
DNASE1L1	na	0.0	0.0	0.0	0.0	0.0	0.0	0.0
TAZ	na	0.0	0.0	0.0	0.0	0.0	0.0	0.0
AC244090.1	na	0.0	0.0	0.0	0.0	0.0	0.0	0.0
ATP6AP1	na	0.11777823985354421	1.5108512400390605e-13	0.2000870145495651	0.25252091465344195	0.13807245896958917	0.009397584426296901	0.11815169812974873
GDI1	na	0.0647643610963713	6.131776338735993e-15	0.1446053512998834	0.1722432308783986	0.09289571228555796	6.110236118172004e-14	0.04930104169778665
FAM50A	na	0.0	0.0	0.0	0.0	0.0	0.0	0.0
PLXNA3	na	0.0	0.0	0.0	0.0	0.0	0.0	0.0
LAGE3	na	0.052539726706280494	0.005021972628899117	0.1126295771505938	0.13252538211319503	0.07315511159971767	0.037042753156200744	0.06270210574035934
UBL4A	na	0.0	0.0	0.0	0.0	0.0	0.0	0.0
SLC10A3	na	0.0	0.0	0.0	0.0	0.0	0.0	0.0
FAM3A	na	0.0	0.0	0.0	0.0	0.0	0.0	0.0
G6PD	na	0.0	0.0	0.0	0.0	0.0	0.0	0.0
IKBKG	na	0.0	0.0	0.0	0.0	0.0	0.0	0.0
GAB3	na	0.0	0.0	0.0	0.0	0.0	0.0	0.0
DKC1	na	0.0	0.0	0.0	0.0	0.0	0.0	0.0
MPP1	na	0.0	0.0	0.0	0.0	0.0	0.0	0.0
F8	na	0.0	0.0	0.0	0.0	0.0	0.0	0.0
F8A1	na	0.0	0.0	0.0	0.0	0.0	0.0	0.0
FUNDC2	na	0.0	0.0	0.0	0.0	0.0	0.0	0.0
CMC4	na	0.0	0.0	0.0	0.0	0.0	0.0	0.0
BRCC3	na	0.0	0.0	0.0	0.0	0.0	0.0	0.0
VBP1	na	0.0	0.0	0.0	0.0	0.0	0.0	0.0
CLIC2	na	0.0	0.0	0.0	0.0	0.0	0.0	0.0
F8A3	na	0.0	0.0	0.0	0.0	0.0	0.0	0.0
TMLHE	na	0.0	0.0	0.0	0.0	0.0	0.0	0.0
SPRY3	na	0.0	0.0	0.0	0.0	0.0	0.0	0.0
VAMP7	na	0.0	0.0	0.0	0.0	0.0	0.0	0.0
IL9R	na	0.0	0.0	0.0	0.0	0.0	0.0	0.0
FBXO25	na	0.0	0.0	0.0	0.0	0.0	0.0	0.0
TDRP	na	0.0	0.0	0.0	0.0	0.0	0.0	0.0
ERICH1	na	0.0	0.0	0.0	0.0	0.0	0.0	0.0
CLN8	na	0.0	0.0	0.0	0.0	0.0	0.0	0.0
AC100810.1	na	0.0	0.0	0.0	0.0	0.0	0.0	0.0
ARHGEF10	na	0.0	0.0	0.0	0.0	0.0	0.0	0.0
AC016065.1	na	0.0	0.0	0.0	0.0	0.0	0.0	0.0
MCPH1	na	0.0	0.0	0.0	0.0	0.0	0.0	0.0
ANGPT2	na	0.0	0.0	0.0	0.0	0.0	0.0	0.0
AGPAT5	na	0.0	0.0	0.0	0.0	0.0	0.0	0.0
PRAG1	na	0.0	0.0	0.0	0.0	0.0	0.0	0.0
AC103957.2	na	0.0	0.0	0.0	0.0	0.0	0.0	0.0
CLDN23	na	0.0	0.0	0.0	0.0	0.0	0.0	0.0
MFHAS1	na	0.0	0.0	0.0	0.0	0.0	0.0	0.0
ERI1	na	0.0	0.0	0.0	0.0	0.0	0.0	0.0
PPP1R3B	na	0.0	0.0	0.0	0.0	0.0	0.0	0.0
TNKS	na	0.0	0.0	0.0	0.0	0.0	0.0	0.0
MSRA	na	0.0	0.0	0.0	0.0	0.0	0.0	0.0
SOX7	na	0.0	0.0	0.0	0.0	0.0	0.0	0.0
PINX1	na	0.0	0.0	0.0	0.0	0.0	0.0	0.0
XKR6	na	0.0	0.0	0.0	0.0	0.0	0.0	0.0
MTMR9	na	0.0	0.0	0.0	0.0	0.0	0.0	0.0
FAM167A	na	0.0	0.0	0.0	0.0	0.0	0.0	0.0
NEIL2	na	0.0	0.0	0.0	0.0	0.0	0.0	0.0
FDFT1	na	0.06283180576359207	1.3944273916501524e-22	0.11664298703270692	0.14068704196293033	0.07933095829721379	0.02352940057198224	0.05056099934788357
CTSB	na	0.1538614016015898	0.12960023566552678	0.2076101801028757	0.2299061807766132	0.17520748841170028	0.23798760351131026	0.24380832870593883
FAM86B1	na	0.0	0.0	0.0	0.0	0.0	0.0	0.0
LONRF1	na	0.0	0.0	0.0	0.0	0.0	0.0	0.0
DLC1	na	0.0	0.0	0.0	0.0	0.0	0.0	0.0
TUSC3	na	0.0	0.0	0.0	0.0	0.0	0.0	0.0
MSR1	na	0.0	0.0	0.0	0.0	0.0	0.0	0.0
ZDHHC2	na	0.0	0.0	0.0	0.0	0.0	0.0	0.0
CNOT7	na	0.0	0.0	0.0	0.0	0.0	0.0	0.0
VPS37A	na	0.0	0.0	0.0	0.0	0.0	0.0	0.0
SLC7A2	na	0.0	0.0	0.0	0.0	0.0	0.0	0.0
PDGFRL	na	0.0	0.0	0.0	0.0	0.0	0.0	0.0
MTUS1	na	0.0	0.0	0.0	0.0	0.0	0.0	0.0
PCM1	na	0.0	0.0	0.0	0.0	0.0	0.0	0.0
ASAH1	na	0.06845379162013167	0.012750822745471823	0.11859343593129172	0.12729185691927228	0.07996297435385441	0.031061983919881665	0.0637092993145371
NAT1	na	0.0	0.0	0.0	0.0	0.0	0.0	0.0
NAT2	na	0.0	0.0	0.0	0.0	0.0	0.0	0.0
PSD3	na	0.0	0.0	0.0	0.0	0.0	0.0	0.0
SH2D4A	na	0.0	0.0	0.0	0.0	0.0	0.0	0.0
CSGALNACT1	na	0.0	0.0	0.0	0.0	0.0	0.0	0.0
INTS10	na	0.0	0.0	0.0	0.0	0.0	0.0	0.0
LPL	na	0.0	0.0	0.0	0.0	0.0	0.0	0.0
ATP6V1B2	na	0.0	0.0	0.0	0.0	0.0	0.0	0.0
LZTS1	na	0.0	0.0	0.0	0.0	0.0	0.0	0.0
DOK2	na	0.0	0.0	0.0	0.0	0.0	0.0	0.0
XPO7	na	0.0	0.0	0.0	0.0	0.0	0.0	0.0
DMTN	na	0.0	0.0	0.0	0.0	0.0	0.0	0.0
FAM160B2	na	0.0	0.0	0.0	0.0	0.0	0.0	0.0
NUDT18	na	0.0	0.0	0.0	0.0	0.0	0.0	0.0
HR	na	0.0	0.0	0.0	0.0	0.0	0.0	0.0
REEP4	na	0.0	0.0	0.0	0.0	0.0	0.0	0.0
BMP1	na	0.0	0.0	0.0	0.0	0.0	0.0	0.0
POLR3D	na	0.0	0.0	0.0	0.0	0.0	0.0	0.0
SLC39A14	na	0.0	0.0	0.0	0.0	0.0	0.0	0.0
PPP3CC	na	0.0	0.0	0.0	0.0	0.0	0.0	0.0
SORBS3	na	0.0	0.0	0.0	0.0	0.0	0.0	0.0
PDLIM2	na	0.0	0.0	0.0	0.0	0.0	0.0	0.0
C8orf58	na	0.0	0.0	0.0	0.0	0.0	0.0	0.0
CCAR2	na	0.0	0.0	0.0	0.0	0.0	0.0	0.0
BIN3	na	0.0	0.0	0.0	0.0	0.0	0.0	0.0
EGR3	na	0.0	0.0	0.0	0.0	0.0	0.0	0.0
RHOBTB2	na	0.0	0.0	0.0	0.0	0.0	0.0	0.0
TNFRSF10B	na	0.0	0.0	0.0	0.0	0.0	0.0	0.0
TNFRSF10A	na	0.0	0.0	0.0	0.0	0.0	0.0	0.0
CHMP7	na	0.0	0.0	0.0	0.0	0.0	0.0	0.0
R3HCC1	na	0.0	0.0	0.0	0.0	0.0	0.0	0.0
LOXL2	na	0.0	0.0	0.0	0.0	0.0	0.0	0.0
ENTPD4	na	0.0	0.0	0.0	0.0	0.0	0.0	0.0
SLC25A37	na	0.0	0.0	0.0	0.0	0.0	0.0	0.0
NKX3-1	na	0.0	0.0	0.0	0.0	0.0	0.0	0.0
STC1	na	0.0	0.0	0.0	0.0	0.0	0.0	0.0
ADAM28	na	0.0	0.0	0.0	0.0	0.0	0.0	0.0
ADAMDEC1	na	0.0	0.0	0.0	0.0	0.0	0.0	0.0
DOCK5	na	0.0	0.0	0.0	0.0	0.0	0.0	0.0
KCTD9	na	0.0	0.0	0.0	0.0	0.0	0.0	0.0
CDCA2	na	0.0	0.0	0.0	0.0	0.0	0.0	0.0
PPP2R2A	na	0.0	0.0	0.0	0.0	0.0	0.0	0.0
BNIP3L	na	0.0	0.0	0.0	0.0	0.0	0.0	0.0
DPYSL2	na	0.0	0.0	0.0	0.0	0.0	0.0	0.0
TRIM35	na	0.0	0.0	0.0	0.0	0.0	0.0	0.0
PTK2B	na	0.0	0.0	0.0	0.0	0.0	0.0	0.0
EPHX2	na	0.0	0.0	0.0	0.0	0.0	0.0	0.0
CLU	na	0.11604739712588179	0.02133552329270314	0.20030474130412707	0.1951876696732892	0.12377362067362328	0.014560920414353865	0.12374625979133898
SCARA3	na	0.0	0.0	0.0	0.0	0.0	0.0	0.0
CCDC25	na	0.0	0.0	0.0	0.0	0.0	0.0	0.0
ESCO2	na	0.0	0.0	0.0	0.0	0.0	0.0	0.0
PBK	na	0.0	0.0	0.0	0.0	0.0	0.0	0.0
ELP3	na	0.0	0.0	0.0	0.0	0.0	0.0	0.0
ZNF395	na	0.0	0.0	0.0	0.0	0.0	0.0	0.0
FBXO16	na	0.0	0.0	0.0	0.0	0.0	0.0	0.0
FZD3	na	0.0	0.0	0.0	0.0	0.0	0.0	0.0
EXTL3	na	0.0	0.0	0.0	0.0	0.0	0.0	0.0
INTS9	na	0.0	0.0	0.0	0.0	0.0	0.0	0.0
HMBOX1	na	0.0	0.0	0.0	0.0	0.0	0.0	0.0
KIF13B	na	0.0	0.0	0.0	0.0	0.0	0.0	0.0
DUSP4	na	0.0	0.0	0.0	0.0	0.0	0.0	0.0
SARAF	na	0.06258405348166055	1.5992738397433794e-17	0.13808754517518432	0.16150125631742976	0.09118590481638081	0.023021080805852356	0.08429600140044194
LEPROTL1	na	0.0	0.0	0.0	0.0	0.0	0.0	0.0
AC026979.2	na	0.0	0.0	0.0	0.0	0.0	0.0	0.0
DCTN6	na	0.0	0.0	0.0	0.0	0.0	0.0	0.0
RBPMS	na	0.0	0.0	0.0	0.0	0.0	0.0	0.0
GTF2E2	na	0.0	0.0	0.0	0.0	0.0	0.0	0.0
GSR	na	0.0	0.0	0.0	0.0	0.0	0.0	0.0
UBXN8	na	0.0	0.0	0.0	0.0	0.0	0.0	0.0
PPP2CB	na	0.0	0.0	0.0	0.0	0.0	0.0	0.0
WRN	na	0.0	0.0	0.0	0.0	0.0	0.0	0.0
FUT10	na	0.0	0.0	0.0	0.0	0.0	0.0	0.0
TTI2	na	0.0	0.0	0.0	0.0	0.0	0.0	0.0
MAK16	na	0.0	0.0	0.0	0.0	0.0	0.0	0.0
RNF122	na	0.0	0.0	0.0	0.0	0.0	0.0	0.0
AC124067.4	na	0.0	0.0	0.0	0.0	0.0	0.0	0.0
ZNF703	na	0.1058036969485373	7.700527325623096e-20	0.2703943481548646	0.270852394769608	0.1664941642183806	1.9679256153685105e-17	0.12589002138147035
ERLIN2	na	0.0	0.0	0.0	0.0	0.0	0.0	0.0
PLPBP	na	0.0	0.0	0.0	0.0	0.0	0.0	0.0
ADGRA2	na	0.0	0.0	0.0	0.0	0.0	0.0	0.0
BRF2	na	0.0	0.0	0.0	0.0	0.0	0.0	0.0
RAB11FIP1	na	0.0	0.0	0.0	0.0	0.0	0.0	0.0
EIF4EBP1	na	0.10474012695949578	0.036988373795106784	0.1398590546005427	0.1579165341786342	0.10224248356526842	0.051269631662617186	0.10790896090535057
ASH2L	na	0.0	0.0	0.0	0.0	0.0	0.0	0.0
AC084024.3	na	0.0	0.0	0.0	0.0	0.0	0.0	0.0
LSM1	na	0.0	0.0	0.0	0.0	0.0	0.0	0.0
BAG4	na	0.0	0.0	0.0	0.0	0.0	0.0	0.0
DDHD2	na	0.0	0.0	0.0	0.0	0.0	0.0	0.0
PLPP5	na	0.0	0.0	0.0	0.0	0.0	0.0	0.0
NSD3	na	0.0	0.0	0.0	0.0	0.0	0.0	0.0
FGFR1	na	0.0	0.0	0.0	0.0	0.0	0.0	0.0
AC069120.1	na	0.0	0.0	0.0	0.0	0.0	0.0	0.0
TACC1	na	0.0	0.0	0.0	0.0	0.0	0.0	0.0
PLEKHA2	na	0.0	0.0	0.0	0.0	0.0	0.0	0.0
TM2D2	na	0.0	0.0	0.0	0.0	0.0	0.0	0.0
ADAM9	na	0.0	0.0	0.0	0.0	0.0	0.0	0.0
ADAM32	na	0.0	0.0	0.0	0.0	0.0	0.0	0.0
IDO1	na	0.0	0.0	0.0	0.0	0.0	0.0	0.0
TCIM	na	0.0	0.0	0.0	0.0	0.0	0.0	0.0
GOLGA7	na	0.0	0.0	0.0	0.0	0.0	0.0	0.0
GINS4	na	0.0	0.0	0.0	0.0	0.0	0.0	0.0
GPAT4	na	0.0	0.0	0.0	0.0	0.0	0.0	0.0
KAT6A	na	0.0	0.0	0.0	0.0	0.0	0.0	0.0
AP3M2	na	0.0	0.0	0.0	0.0	0.0	0.0	0.0
PLAT	na	0.0	0.0	0.0	0.0	0.0	0.0	0.0
IKBKB	na	0.0	0.0	0.0	0.0	0.0	0.0	0.0
POLB	na	0.0	0.0	0.0	0.0	0.0	0.0	0.0
VDAC3	na	0.08746048273544837	0.022286116571559985	0.11459733564440037	0.11918759850967278	0.0791378976115179	0.05521985692566263	0.05906146453036472
SLC20A2	na	0.0	0.0	0.0	0.0	0.0	0.0	0.0
SMIM19	na	0.0	0.0	0.0	0.0	0.0	0.0	0.0
THAP1	na	0.0	0.0	0.0	0.0	0.0	0.0	0.0
RNF170	na	0.0	0.0	0.0	0.0	0.0	0.0	0.0
HOOK3	na	0.0	0.0	0.0	0.0	0.0	0.0	0.0
FNTA	na	0.0	0.0	0.0	0.0	0.0	0.0	0.0
HGSNAT	na	0.0	0.0	0.0	0.0	0.0	0.0	0.0
SPIDR	na	0.0	0.0	0.0	0.0	0.0	0.0	0.0
CEBPD	na	0.06905040904363562	0.020395089909435435	0.10826237520802146	0.11509031806947032	0.07693699019714582	0.03025761319327961	0.09405006003754215
PRKDC	na	0.04591926285049006	1.1356836022014296e-26	0.13946285607107117	0.1528673009583457	0.09336853779746376	7.480481046033295e-21	0.04182121635095103
MCM4	na	0.0	0.0	0.0	0.0	0.0	0.0	0.0
UBE2V2	na	0.0	0.0	0.0	0.0	0.0	0.0	0.0
SNAI2	na	0.0	0.0	0.0	0.0	0.0	0.0	0.0
PXDNL	na	0.0	0.0	0.0	0.0	0.0	0.0	0.0
PCMTD1	na	0.0	0.0	0.0	0.0	0.0	0.0	0.0
AC064807.1	na	0.0	0.0	0.0	0.0	0.0	0.0	0.0
RB1CC1	na	0.0	0.0	0.0	0.0	0.0	0.0	0.0
AC022034.2	na	0.0	0.0	0.0	0.0	0.0	0.0	0.0
ATP6V1H	na	0.07351556272709409	0.013297770527048692	0.12995767156450122	0.1560081367431326	0.08063757080139151	0.04930933883511419	0.0721737947547898
TCEA1	na	0.07580937848426111	0.004930244854634748	0.10842914862097336	0.13442501059216616	0.07246326987611802	0.040633832854594217	0.0658926992994799
LYPLA1	na	0.09912736832270899	0.025401686222798068	0.14933081073290722	0.1691931081585149	0.09224568860502641	0.02537980292007837	0.11134923045873787
MRPL15	na	0.07441409879900186	1.7314985148280388e-14	0.11469620200790175	0.13365539867985773	0.06945532589686937	0.030904106500621465	0.047273638569250306
SOX17	na	0.0	0.0	0.0	0.0	0.0	0.0	0.0
TMEM68	na	0.0	0.0	0.0	0.0	0.0	0.0	0.0
TGS1	na	0.0	0.0	0.0	0.0	0.0	0.0	0.0
LYN	na	0.0	0.0	0.0	0.0	0.0	0.0	0.0
RPS20	na	0.4073235110501317	0.966000902271318	0.09633233956958323	0.29858645066778394	0.3165828243052854	0.8164487161321257	0.8029397463041228
CHCHD7	na	0.0	0.0	0.0	0.0	0.0	0.0	0.0
IMPAD1	na	0.0	0.0	0.0	0.0	0.0	0.0	0.0
FAM110B	na	0.0	0.0	0.0	0.0	0.0	0.0	0.0
UBXN2B	na	0.0	0.0	0.0	0.0	0.0	0.0	0.0
SDCBP	na	0.0	0.0	0.0	0.0	0.0	0.0	0.0
NSMAF	na	0.0	0.0	0.0	0.0	0.0	0.0	0.0
CA8	na	0.0	0.0	0.0	0.0	0.0	0.0	0.0
RAB2A	na	0.06516463773666202	0.03302815841648977	0.12755623357696386	0.13378393308822487	0.08936206176904984	0.051134649598402	0.09168320566023512
CHD7	na	0.0	0.0	0.0	0.0	0.0	0.0	0.0
ASPH	na	0.04466328162500232	3.060009359117864e-16	0.10684077125363173	0.14691736706775402	0.09064434344049396	0.002000210119788471	0.04597471406614554
GGH	na	0.0	0.0	0.0	0.0	0.0	0.0	0.0
YTHDF3-AS1	na	0.0	0.0	0.0	0.0	0.0	0.0	0.0
YTHDF3	na	0.0	0.0	0.0	0.0	0.0	0.0	0.0
AC011978.2	na	0.0	0.0	0.0	0.0	0.0	0.0	0.0
AC100814.1	na	0.0	0.0	0.0	0.0	0.0	0.0	0.0
ARMC1	na	0.0	0.0	0.0	0.0	0.0	0.0	0.0
MTFR1	na	0.0	0.0	0.0	0.0	0.0	0.0	0.0
AC055822.1	na	0.0	0.0	0.0	0.0	0.0	0.0	0.0
PDE7A	na	0.0	0.0	0.0	0.0	0.0	0.0	0.0
RRS1	na	0.0	0.0	0.0	0.0	0.0	0.0	0.0
ADHFE1	na	0.0	0.0	0.0	0.0	0.0	0.0	0.0
MYBL1	na	0.0	0.0	0.0	0.0	0.0	0.0	0.0
VCPIP1	na	0.0	0.0	0.0	0.0	0.0	0.0	0.0
SGK3	na	0.0	0.0	0.0	0.0	0.0	0.0	0.0
C8orf44	na	0.0	0.0	0.0	0.0	0.0	0.0	0.0
MCMDC2	na	0.0	0.0	0.0	0.0	0.0	0.0	0.0
COPS5	na	0.0	0.0	0.0	0.0	0.0	0.0	0.0
CSPP1	na	0.0	0.0	0.0	0.0	0.0	0.0	0.0
ARFGEF1	na	0.0	0.0	0.0	0.0	0.0	0.0	0.0
CPA6	na	0.0	0.0	0.0	0.0	0.0	0.0	0.0
PREX2	na	0.0	0.0	0.0	0.0	0.0	0.0	0.0
SULF1	na	0.06846181184807232	0.02964506159121146	0.12620582835721675	0.11767246144582731	0.08009229271065202	0.06770584157332386	0.07013585817977691
NCOA2	na	0.0	0.0	0.0	0.0	0.0	0.0	0.0
TRAM1	na	0.0	0.0	0.0	0.0	0.0	0.0	0.0
LACTB2	na	0.0	0.0	0.0	0.0	0.0	0.0	0.0
MSC-AS1	na	0.0	0.0	0.0	0.0	0.0	0.0	0.0
MSC	na	0.0	0.0	0.0	0.0	0.0	0.0	0.0
TRPA1	na	0.0	0.0	0.0	0.0	0.0	0.0	0.0
TERF1	na	0.0	0.0	0.0	0.0	0.0	0.0	0.0
RPL7	na	0.2943870574062376	0.3808635542008613	0.26973409217749006	0.22826652833578975	0.24520832707069523	0.32786119795584534	0.5053998857134441
RDH10	na	0.0	0.0	0.0	0.0	0.0	0.0	0.0
STAU2	na	0.0	0.0	0.0	0.0	0.0	0.0	0.0
UBE2W	na	0.0	0.0	0.0	0.0	0.0	0.0	0.0
ELOC	na	0.07925694355393975	0.06443968828422073	0.09662625358791013	0.11527085483157337	0.07497407720309271	0.05149996591942696	0.07707883453602643
TMEM70	na	0.0	0.0	0.0	0.0	0.0	0.0	0.0
LY96	na	0.0	0.0	0.0	0.0	0.0	0.0	0.0
JPH1	na	0.0	0.0	0.0	0.0	0.0	0.0	0.0
GDAP1	na	0.0	0.0	0.0	0.0	0.0	0.0	0.0
ZFHX4	na	0.0	0.0	0.0	0.0	0.0	0.0	0.0
PEX2	na	0.0	0.0	0.0	0.0	0.0	0.0	0.0
PKIA	na	0.0	0.0	0.0	0.0	0.0	0.0	0.0
ZC2HC1A	na	0.0	0.0	0.0	0.0	0.0	0.0	0.0
STMN2	na	0.0	0.0	0.0	0.0	0.0	0.0	0.0
HEY1	na	0.0	0.0	0.0	0.0	0.0	0.0	0.0
LINC01607	na	0.0	0.0	0.0	0.0	0.0	0.0	0.0
MRPS28	na	0.0	0.0	0.0	0.0	0.0	0.0	0.0
TPD52	na	0.10453690996127558	0.0017419092477232107	0.15441710134742095	0.21617866408560596	0.1134508299373758	0.061340994005600114	0.1002864986837181
AC009812.1	na	0.0	0.0	0.0	0.0	0.0	0.0	0.0
ZBTB10	na	0.0	0.0	0.0	0.0	0.0	0.0	0.0
AC009812.4	na	0.0	0.0	0.0	0.0	0.0	0.0	0.0
ZNF704	na	0.059236827850726516	1.000068946263075e-23	0.14029933980840464	0.16022778826022557	0.0935448196406413	4.5489605484048944e-20	0.03174775158082547
PAG1	na	0.0	0.0	0.0	0.0	0.0	0.0	0.0
FABP5	na	0.0	0.0	0.0	0.0	0.0	0.0	0.0
FABP4	na	0.0	0.0	0.0	0.0	0.0	0.0	0.0
IMPA1	na	0.0	0.0	0.0	0.0	0.0	0.0	0.0
ZFAND1	na	0.0	0.0	0.0	0.0	0.0	0.0	0.0
CHMP4C	na	0.0	0.0	0.0	0.0	0.0	0.0	0.0
SNX16	na	0.0	0.0	0.0	0.0	0.0	0.0	0.0
LRRCC1	na	0.048694814944644595	0.013270361724275485	0.1153108102545593	0.0972978903209234	0.06823609724208755	0.03592801401726144	0.1087510548681012
E2F5	na	0.0	0.0	0.0	0.0	0.0	0.0	0.0
C8orf59	na	0.16532529789055053	0.2861012240151902	0.1332260211916683	0.18827794046945107	0.15330787272946503	0.24820511800691172	0.2918812792517761
CA13	na	0.0	0.0	0.0	0.0	0.0	0.0	0.0
CA3	na	0.0	0.0	0.0	0.0	0.0	0.0	0.0
CA2	na	0.0	0.0	0.0	0.0	0.0	0.0	0.0
AC100801.1	na	0.0	0.0	0.0	0.0	0.0	0.0	0.0
WWP1	na	0.0	0.0	0.0	0.0	0.0	0.0	0.0
RMDN1	na	0.05592751912880435	2.368628310699659e-18	0.10112216693519636	0.13485490936781652	0.07338200277831522	0.0232070528462352	0.055302009088270924
CPNE3	na	0.08038633153321002	3.253900196915273e-17	0.19144782315961503	0.24027790591207052	0.12567773434717094	0.012739748280909912	0.11121668714224629
CNGB3	na	0.0	0.0	0.0	0.0	0.0	0.0	0.0
MMP16	na	0.0	0.0	0.0	0.0	0.0	0.0	0.0
AF117829.1	na	0.0	0.0	0.0	0.0	0.0	0.0	0.0
RIPK2	na	0.0	0.0	0.0	0.0	0.0	0.0	0.0
OSGIN2	na	0.0	0.0	0.0	0.0	0.0	0.0	0.0
NBN	na	0.0	0.0	0.0	0.0	0.0	0.0	0.0
DECR1	na	0.0	0.0	0.0	0.0	0.0	0.0	0.0
TMEM64	na	0.0	0.0	0.0	0.0	0.0	0.0	0.0
PIP4P2	na	0.0	0.0	0.0	0.0	0.0	0.0	0.0
OTUD6B-AS1	na	0.0	0.0	0.0	0.0	0.0	0.0	0.0
OTUD6B	na	0.0	0.0	0.0	0.0	0.0	0.0	0.0
TRIQK	na	0.0	0.0	0.0	0.0	0.0	0.0	0.0
FAM92A	na	0.0	0.0	0.0	0.0	0.0	0.0	0.0
AC120053.1	na	0.0	0.0	0.0	0.0	0.0	0.0	0.0
RBM12B	na	0.0	0.0	0.0	0.0	0.0	0.0	0.0
TMEM67	na	0.0	0.0	0.0	0.0	0.0	0.0	0.0
PDP1	na	0.07556750057991675	0.038383501149194574	0.1492977396615293	0.16136232651757135	0.1030823677793957	0.04585326370246392	0.11214762952732547
GEM	na	0.0	0.0	0.0	0.0	0.0	0.0	0.0
RAD54B	na	0.0	0.0	0.0	0.0	0.0	0.0	0.0
VIRMA	na	0.0	0.0	0.0	0.0	0.0	0.0	0.0
AC108860.2	na	0.0	0.0	0.0	0.0	0.0	0.0	0.0
ESRP1	na	0.06830788856537748	1.0304122465984644e-13	0.12414217171875	0.13379140461830344	0.0778013561073284	0.046465486109837695	0.05365139223871692
DPY19L4	na	0.0	0.0	0.0	0.0	0.0	0.0	0.0
INTS8	na	0.06523165548196591	2.6205044970293264e-19	0.14088914113302586	0.14860055551010648	0.0859011874458269	0.019655865301557048	0.03717479153419781
CCNE2	na	0.0	0.0	0.0	0.0	0.0	0.0	0.0
AC087752.4	na	0.0	0.0	0.0	0.0	0.0	0.0	0.0
NDUFAF6	na	0.0	0.0	0.0	0.0	0.0	0.0	0.0
TP53INP1	na	0.0	0.0	0.0	0.0	0.0	0.0	0.0
MIR3150BHG	na	0.0	0.0	0.0	0.0	0.0	0.0	0.0
PLEKHF2	na	0.0	0.0	0.0	0.0	0.0	0.0	0.0
C8orf37	na	0.0	0.0	0.0	0.0	0.0	0.0	0.0
UQCRB	na	0.24624705388513443	0.4197601174450991	0.21960569453013848	0.2723368054609424	0.23726694162815976	0.3275747701763178	0.4272373068143058
MTERF3	na	0.0	0.0	0.0	0.0	0.0	0.0	0.0
PTDSS1	na	0.0	0.0	0.0	0.0	0.0	0.0	0.0
SDC2	na	0.0	0.0	0.0	0.0	0.0	0.0	0.0
CPQ	na	0.0	0.0	0.0	0.0	0.0	0.0	0.0
TSPYL5	na	0.0	0.0	0.0	0.0	0.0	0.0	0.0
MTDH	na	0.045393256664322354	5.468140606515677e-15	0.11667679985491335	0.12582797746895186	0.07531954015259365	0.033362791085979025	0.059593659128725794
LAPTM4B	na	0.06226760022237668	5.9890383033251634e-24	0.1401434924820284	0.17549585403842846	0.09746187441497356	0.006922321517238762	0.04472280237662443
MATN2	na	0.0	0.0	0.0	0.0	0.0	0.0	0.0
RPL30	na	1.2236810317011069	2.8122316391848377	0.41606511232394205	0.520573666730596	0.8223413677884953	2.1522624734132503	2.4116067949906967
AP003352.1	na	0.0	0.0	0.0	0.0	0.0	0.0	0.0
RIDA	na	0.0	0.0	0.0	0.0	0.0	0.0	0.0
POP1	na	0.0	0.0	0.0	0.0	0.0	0.0	0.0
NIPAL2	na	0.0	0.0	0.0	0.0	0.0	0.0	0.0
STK3	na	0.0	0.0	0.0	0.0	0.0	0.0	0.0
OSR2	na	0.0	0.0	0.0	0.0	0.0	0.0	0.0
AC104986.2	na	0.0	0.0	0.0	0.0	0.0	0.0	0.0
VPS13B	na	0.0	0.0	0.0	0.0	0.0	0.0	0.0
COX6C	na	0.3599646342062764	0.7080571880558746	0.2622199349261078	0.31557164317290126	0.3196980363214217	0.6252774740313849	0.6489729970537721
POLR2K	na	0.09950440417957254	0.11539780240453265	0.0969697169504473	0.14649333195804298	0.09599723049256981	0.11181619645924812	0.1204381264328315
SPAG1	na	0.0	0.0	0.0	0.0	0.0	0.0	0.0
RNF19A	na	0.0	0.0	0.0	0.0	0.0	0.0	0.0
ANKRD46	na	0.0	0.0	0.0	0.0	0.0	0.0	0.0
PABPC1	na	0.34213128223514344	0.5618900830945782	0.40679640418366936	0.30879099980497027	0.3283077178878387	0.5640915951541401	0.6888527463855564
YWHAZ	na	0.1856412824507988	0.13216924944047043	0.2708018594256284	0.32159307845204693	0.19891508564901414	0.18560343907289917	0.2588793464590563
AP003469.4	na	0.0	0.0	0.0	0.0	0.0	0.0	0.0
ZNF706	na	0.056022014723153546	0.05385067727838416	0.10378505442652257	0.13900902829299805	0.07709764603604437	0.0630972123395392	0.09860359201304465
AP001207.3	na	0.0	0.0	0.0	0.0	0.0	0.0	0.0
GRHL2	na	0.0	0.0	0.0	0.0	0.0	0.0	0.0
NCALD	na	0.0	0.0	0.0	0.0	0.0	0.0	0.0
RRM2B	na	0.0	0.0	0.0	0.0	0.0	0.0	0.0
UBR5-AS1	na	0.0	0.0	0.0	0.0	0.0	0.0	0.0
UBR5	na	0.0	0.0	0.0	0.0	0.0	0.0	0.0
KLF10	na	0.0	0.0	0.0	0.0	0.0	0.0	0.0
AZIN1	na	0.07571073116911091	0.016844750966830878	0.12100689530300339	0.13137165056456435	0.07925656429250658	0.06440986882886374	0.07574583194590635
AZIN1-AS1	na	0.0	0.0	0.0	0.0	0.0	0.0	0.0
ATP6V1C1	na	0.0	0.0	0.0	0.0	0.0	0.0	0.0
BAALC	na	0.0	0.0	0.0	0.0	0.0	0.0	0.0
FZD6	na	0.0	0.0	0.0	0.0	0.0	0.0	0.0
CTHRC1	na	0.0	0.0	0.0	0.0	0.0	0.0	0.0
SLC25A32	na	0.0	0.0	0.0	0.0	0.0	0.0	0.0
DCAF13	na	0.0	0.0	0.0	0.0	0.0	0.0	0.0
RIMS2	na	0.0	0.0	0.0	0.0	0.0	0.0	0.0
LRP12	na	0.0	0.0	0.0	0.0	0.0	0.0	0.0
ZFPM2	na	0.0	0.0	0.0	0.0	0.0	0.0	0.0
OXR1	na	0.0	0.0	0.0	0.0	0.0	0.0	0.0
ANGPT1	na	0.0	0.0	0.0	0.0	0.0	0.0	0.0
EIF3E	na	0.08456335015386665	0.04181406784421946	0.10776721850147436	0.132095268060979	0.08035626585546803	0.05793467948910884	0.11036727946709735
EMC2	na	0.0	0.0	0.0	0.0	0.0	0.0	0.0
NUDCD1	na	0.0	0.0	0.0	0.0	0.0	0.0	0.0
ENY2	na	0.09301918870807606	0.07580918082660953	0.1416246545092304	0.13221341566819278	0.09349979860038983	0.08389704642193194	0.11977350618439428
EBAG9	na	0.0	0.0	0.0	0.0	0.0	0.0	0.0
SYBU	na	0.0	0.0	0.0	0.0	0.0	0.0	0.0
TRPS1	na	0.0	0.0	0.0	0.0	0.0	0.0	0.0
EIF3H	na	0.10815360317779611	0.06202035485990607	0.12454338060051286	0.18603725474308652	0.10600917968254693	0.062152940083388876	0.11547331899830257
UTP23	na	0.0	0.0	0.0	0.0	0.0	0.0	0.0
RAD21	na	0.07695383849623136	0.04254148231449017	0.1477387275071927	0.1487610047713457	0.09286175419678477	0.052669767459639694	0.09583365851574664
AARD	na	0.0	0.0	0.0	0.0	0.0	0.0	0.0
SLC30A8	na	0.0	0.0	0.0	0.0	0.0	0.0	0.0
MED30	na	0.0	0.0	0.0	0.0	0.0	0.0	0.0
EXT1	na	0.0	0.0	0.0	0.0	0.0	0.0	0.0
SAMD12	na	0.0	0.0	0.0	0.0	0.0	0.0	0.0
TNFRSF11B	na	0.0	0.0	0.0	0.0	0.0	0.0	0.0
MAL2	na	0.05196764172335047	0.03123960691832444	0.11736865134693954	0.11264823700247698	0.07499210993545927	0.06704139911060882	0.087654535810271
ENPP2	na	0.0	0.0	0.0	0.0	0.0	0.0	0.0
TAF2	na	0.0	0.0	0.0	0.0	0.0	0.0	0.0
DSCC1	na	0.0	0.0	0.0	0.0	0.0	0.0	0.0
DEPTOR	na	0.0	0.0	0.0	0.0	0.0	0.0	0.0
AC091563.1	na	0.0	0.0	0.0	0.0	0.0	0.0	0.0
COL14A1	na	0.0	0.0	0.0	0.0	0.0	0.0	0.0
MRPL13	na	0.0	0.0	0.0	0.0	0.0	0.0	0.0
MTBP	na	0.0	0.0	0.0	0.0	0.0	0.0	0.0
SNTB1	na	0.0	0.0	0.0	0.0	0.0	0.0	0.0
ZHX2	na	0.0	0.0	0.0	0.0	0.0	0.0	0.0
DERL1	na	0.0	0.0	0.0	0.0	0.0	0.0	0.0
TBC1D31	na	0.0	0.0	0.0	0.0	0.0	0.0	0.0
FAM83A	na	0.0	0.0	0.0	0.0	0.0	0.0	0.0
C8orf76	na	0.0	0.0	0.0	0.0	0.0	0.0	0.0
ZHX1-C8orf76	na	0.0	0.0	0.0	0.0	0.0	0.0	0.0
ZHX1	na	0.0	0.0	0.0	0.0	0.0	0.0	0.0
ATAD2	na	0.0	0.0	0.0	0.0	0.0	0.0	0.0
WDYHV1	na	0.0	0.0	0.0	0.0	0.0	0.0	0.0
FBXO32	na	0.0	0.0	0.0	0.0	0.0	0.0	0.0
FAM91A1	na	0.0	0.0	0.0	0.0	0.0	0.0	0.0
TMEM65	na	0.0	0.0	0.0	0.0	0.0	0.0	0.0
TRMT12	na	0.0	0.0	0.0	0.0	0.0	0.0	0.0
RNF139-AS1	na	0.0	0.0	0.0	0.0	0.0	0.0	0.0
RNF139	na	0.0	0.0	0.0	0.0	0.0	0.0	0.0
TATDN1	na	0.0	0.0	0.0	0.0	0.0	0.0	0.0
NDUFB9	na	0.11420492466551818	0.09481190154335083	0.12318161619760178	0.1554213308381653	0.100010665419377	0.08353374200289318	0.12379127549160052
MTSS1	na	0.0	0.0	0.0	0.0	0.0	0.0	0.0
SQLE	na	0.0	0.0	0.0	0.0	0.0	0.0	0.0
WASHC5	na	0.0	0.0	0.0	0.0	0.0	0.0	0.0
NSMCE2	na	0.0	0.0	0.0	0.0	0.0	0.0	0.0
TRIB1	na	0.0	0.0	0.0	0.0	0.0	0.0	0.0
FAM84B	na	0.0	0.0	0.0	0.0	0.0	0.0	0.0
PRNCR1	na	0.0	0.0	0.0	0.0	0.0	0.0	0.0
MYC	na	0.0	0.0	0.0	0.0	0.0	0.0	0.0
PVT1	na	0.0	0.0	0.0	0.0	0.0	0.0	0.0
FAM49B	na	0.0	0.0	0.0	0.0	0.0	0.0	0.0
ASAP1	na	0.0	0.0	0.0	0.0	0.0	0.0	0.0
EFR3A	na	0.0	0.0	0.0	0.0	0.0	0.0	0.0
KCNQ3	na	0.0	0.0	0.0	0.0	0.0	0.0	0.0
LRRC6	na	0.0	0.0	0.0	0.0	0.0	0.0	0.0
TMEM71	na	0.0	0.0	0.0	0.0	0.0	0.0	0.0
PHF20L1	na	0.0	0.0	0.0	0.0	0.0	0.0	0.0
TG	na	0.0	0.0	0.0	0.0	0.0	0.0	0.0
SLA	na	0.0	0.0	0.0	0.0	0.0	0.0	0.0
WISP1	na	0.0	0.0	0.0	0.0	0.0	0.0	0.0
NDRG1	na	0.0	0.0	0.0	0.0	0.0	0.0	0.0
ST3GAL1	na	0.0	0.0	0.0	0.0	0.0	0.0	0.0
AC103706.1	na	0.0	0.0	0.0	0.0	0.0	0.0	0.0
ZFAT	na	0.0	0.0	0.0	0.0	0.0	0.0	0.0
AC083843.3	na	0.0	0.0	0.0	0.0	0.0	0.0	0.0
KHDRBS3	na	0.0	0.0	0.0	0.0	0.0	0.0	0.0
COL22A1	na	0.0	0.0	0.0	0.0	0.0	0.0	0.0
TRAPPC9	na	0.0	0.0	0.0	0.0	0.0	0.0	0.0
CHRAC1	na	0.0	0.0	0.0	0.0	0.0	0.0	0.0
AGO2	na	0.0	0.0	0.0	0.0	0.0	0.0	0.0
ERICD	na	0.0	0.0	0.0	0.0	0.0	0.0	0.0
PTK2	na	0.0	0.0	0.0	0.0	0.0	0.0	0.0
DENND3	na	0.0	0.0	0.0	0.0	0.0	0.0	0.0
SLC45A4	na	0.0	0.0	0.0	0.0	0.0	0.0	0.0
PTP4A3	na	0.0	0.0	0.0	0.0	0.0	0.0	0.0
TSNARE1	na	0.0	0.0	0.0	0.0	0.0	0.0	0.0
JRK	na	0.0	0.0	0.0	0.0	0.0	0.0	0.0
PSCA	na	0.0	0.0	0.0	0.0	0.0	0.0	0.0
THEM6	na	0.0	0.0	0.0	0.0	0.0	0.0	0.0
SLURP1	na	0.0	0.0	0.0	0.0	0.0	0.0	0.0
LYNX1	na	0.0	0.0	0.0	0.0	0.0	0.0	0.0
LY6E	na	0.09937603651773111	0.09420591160512513	0.11347026734610952	0.1660385206147789	0.10621623300943252	0.13368990291834995	0.14765504679858163
LY6H	na	0.0	0.0	0.0	0.0	0.0	0.0	0.0
ZFP41	na	0.0	0.0	0.0	0.0	0.0	0.0	0.0
GLI4	na	0.0	0.0	0.0	0.0	0.0	0.0	0.0
MINCR	na	0.0	0.0	0.0	0.0	0.0	0.0	0.0
ZNF696	na	0.0	0.0	0.0	0.0	0.0	0.0	0.0
TOP1MT	na	0.0	0.0	0.0	0.0	0.0	0.0	0.0
RHPN1-AS1	na	0.0	0.0	0.0	0.0	0.0	0.0	0.0
RHPN1	na	0.0	0.0	0.0	0.0	0.0	0.0	0.0
MAFA	na	0.0	0.0	0.0	0.0	0.0	0.0	0.0
ZC3H3	na	0.0	0.0	0.0	0.0	0.0	0.0	0.0
GSDMD	na	0.0	0.0	0.0	0.0	0.0	0.0	0.0
MROH6	na	0.0	0.0	0.0	0.0	0.0	0.0	0.0
NAPRT	na	0.0	0.0	0.0	0.0	0.0	0.0	0.0
EEF1D	na	0.13687529874987217	0.08215169824495516	0.2017383265396892	0.23374621190016306	0.13751086387800193	0.08997303560766938	0.14901851672277724
TIGD5	na	0.0	0.0	0.0	0.0	0.0	0.0	0.0
PYCR3	na	0.0	0.0	0.0	0.0	0.0	0.0	0.0
TSTA3	na	0.0	0.0	0.0	0.0	0.0	0.0	0.0
ZNF623	na	0.0	0.0	0.0	0.0	0.0	0.0	0.0
ZNF707	na	0.0	0.0	0.0	0.0	0.0	0.0	0.0
MAPK15	na	0.0	0.0	0.0	0.0	0.0	0.0	0.0
FAM83H	na	0.0	0.0	0.0	0.0	0.0	0.0	0.0
IQANK1	na	0.0	0.0	0.0	0.0	0.0	0.0	0.0
SCRIB	na	0.0	0.0	0.0	0.0	0.0	0.0	0.0
PUF60	na	0.04991642971742223	0.0034498864978184953	0.10101775008889216	0.11300844570480635	0.07118578982908501	0.04503548712641623	0.06974666303039842
NRBP2	na	0.0	0.0	0.0	0.0	0.0	0.0	0.0
EPPK1	na	0.0	0.0	0.0	0.0	0.0	0.0	0.0
PLEC	na	0.06394856918052488	6.054984116604784e-13	0.13119300838377385	0.13298492579190244	0.07725596721644473	0.03756590378463608	0.060680512799084825
PARP10	na	0.0	0.0	0.0	0.0	0.0	0.0	0.0
GRINA	na	0.08938339981107885	3.667342959399516e-15	0.1548650218474269	0.1925449684004185	0.10339013928614627	0.0457407657585508	0.07384857076642082
OPLAH	na	0.0	0.0	0.0	0.0	0.0	0.0	0.0
AC109322.1	na	0.0	0.0	0.0	0.0	0.0	0.0	0.0
EXOSC4	na	0.0	0.0	0.0	0.0	0.0	0.0	0.0
GPAA1	na	0.0	0.0	0.0	0.0	0.0	0.0	0.0
CYC1	na	0.07533628634976645	0.017708682165136606	0.11079250952490119	0.11940856447664322	0.07210783957957179	0.042481168238449864	0.08068947725869492
SHARPIN	na	0.0	0.0	0.0	0.0	0.0	0.0	0.0
MAF1	na	0.0	0.0	0.0	0.0	0.0	0.0	0.0
WDR97	na	0.0	0.0	0.0	0.0	0.0	0.0	0.0
HGH1	na	0.0	0.0	0.0	0.0	0.0	0.0	0.0
MROH1	na	0.0	0.0	0.0	0.0	0.0	0.0	0.0
BOP1	na	0.0	0.0	0.0	0.0	0.0	0.0	0.0
SCX	na	0.0	0.0	0.0	0.0	0.0	0.0	0.0
HSF1	na	0.0	0.0	0.0	0.0	0.0	0.0	0.0
DGAT1	na	0.0	0.0	0.0	0.0	0.0	0.0	0.0
SLC52A2	na	0.0	0.0	0.0	0.0	0.0	0.0	0.0
FBXL6	na	0.0	0.0	0.0	0.0	0.0	0.0	0.0
ADCK5	na	0.0	0.0	0.0	0.0	0.0	0.0	0.0
CPSF1	na	0.0	0.0	0.0	0.0	0.0	0.0	0.0
SLC39A4	na	0.0	0.0	0.0	0.0	0.0	0.0	0.0
VPS28	na	0.09554987887785538	0.04019338420466249	0.14008835076151724	0.15182508419546506	0.09033465057711536	0.048840078729209896	0.1297891346172084
TONSL	na	0.0	0.0	0.0	0.0	0.0	0.0	0.0
CYHR1	na	0.0	0.0	0.0	0.0	0.0	0.0	0.0
KIFC2	na	0.0	0.0	0.0	0.0	0.0	0.0	0.0
PPP1R16A	na	0.0	0.0	0.0	0.0	0.0	0.0	0.0
GPT	na	0.0	0.0	0.0	0.0	0.0	0.0	0.0
MFSD3	na	0.0	0.0	0.0	0.0	0.0	0.0	0.0
RECQL4	na	0.0	0.0	0.0	0.0	0.0	0.0	0.0
LRRC14	na	0.0	0.0	0.0	0.0	0.0	0.0	0.0
LRRC24	na	0.0	0.0	0.0	0.0	0.0	0.0	0.0
C8orf82	na	0.0	0.0	0.0	0.0	0.0	0.0	0.0
ARHGAP39	na	0.0	0.0	0.0	0.0	0.0	0.0	0.0
ZNF251	na	0.0	0.0	0.0	0.0	0.0	0.0	0.0
ZNF34	na	0.0	0.0	0.0	0.0	0.0	0.0	0.0
RPL8	na	0.6607257060180584	1.0002093904562666	0.6522474994786596	0.6005714765475143	0.5790153971357264	0.7983601386923141	1.167748869957312
ZNF517	na	0.0	0.0	0.0	0.0	0.0	0.0	0.0
ZNF7	na	0.0	0.0	0.0	0.0	0.0	0.0	0.0
COMMD5	na	0.0	0.0	0.0	0.0	0.0	0.0	0.0
ZNF250	na	0.0	0.0	0.0	0.0	0.0	0.0	0.0
ZNF16	na	0.0	0.0	0.0	0.0	0.0	0.0	0.0
C8orf33	na	0.0	0.0	0.0	0.0	0.0	0.0	0.0
WASHC1	na	0.0	0.0	0.0	0.0	0.0	0.0	0.0
CBWD1	na	0.0	0.0	0.0	0.0	0.0	0.0	0.0
C9orf66	na	0.0	0.0	0.0	0.0	0.0	0.0	0.0
DOCK8	na	0.0	0.0	0.0	0.0	0.0	0.0	0.0
KANK1	na	0.0	0.0	0.0	0.0	0.0	0.0	0.0
SMARCA2	na	0.0	0.0	0.0	0.0	0.0	0.0	0.0
VLDLR-AS1	na	0.0	0.0	0.0	0.0	0.0	0.0	0.0
VLDLR	na	0.0	0.0	0.0	0.0	0.0	0.0	0.0
PUM3	na	0.0	0.0	0.0	0.0	0.0	0.0	0.0
RFX3	na	0.0	0.0	0.0	0.0	0.0	0.0	0.0
GLIS3	na	0.0	0.0	0.0	0.0	0.0	0.0	0.0
SLC1A1	na	0.0	0.0	0.0	0.0	0.0	0.0	0.0
SPATA6L	na	0.0	0.0	0.0	0.0	0.0	0.0	0.0
PLPP6	na	0.0	0.0	0.0	0.0	0.0	0.0	0.0
CDC37L1-DT	na	0.0	0.0	0.0	0.0	0.0	0.0	0.0
CDC37L1	na	0.0	0.0	0.0	0.0	0.0	0.0	0.0
AK3	na	0.0	0.0	0.0	0.0	0.0	0.0	0.0
RCL1	na	0.0	0.0	0.0	0.0	0.0	0.0	0.0
JAK2	na	0.0	0.0	0.0	0.0	0.0	0.0	0.0
PLGRKT	na	0.07977094295783571	0.027240744368566727	0.11410126523148661	0.1054231814279691	0.06798440111825728	0.05127875529622039	0.048144067562254984
CD274	na	0.0	0.0	0.0	0.0	0.0	0.0	0.0
PDCD1LG2	na	0.0	0.0	0.0	0.0	0.0	0.0	0.0
RIC1	na	0.0	0.0	0.0	0.0	0.0	0.0	0.0
ERMP1	na	0.0	0.0	0.0	0.0	0.0	0.0	0.0
KIAA2026	na	0.0	0.0	0.0	0.0	0.0	0.0	0.0
RANBP6	na	0.0	0.0	0.0	0.0	0.0	0.0	0.0
IL33	na	0.0	0.0	0.0	0.0	0.0	0.0	0.0
UHRF2	na	0.0	0.0	0.0	0.0	0.0	0.0	0.0
AL354707.1	na	0.0	0.0	0.0	0.0	0.0	0.0	0.0
KDM4C	na	0.0	0.0	0.0	0.0	0.0	0.0	0.0
DMAC1	na	0.055288330540210893	0.004662319549205764	0.11108757651962158	0.14432120789708228	0.07978646819761209	0.04789096213630479	0.08293935748009795
PTPRD	na	0.0	0.0	0.0	0.0	0.0	0.0	0.0
AL162413.1	na	0.0	0.0	0.0	0.0	0.0	0.0	0.0
TYRP1	na	0.0	0.0	0.0	0.0	0.0	0.0	0.0
LURAP1L	na	0.0	0.0	0.0	0.0	0.0	0.0	0.0
MPDZ	na	0.0	0.0	0.0	0.0	0.0	0.0	0.0
NFIB	na	0.0	0.0	0.0	0.0	0.0	0.0	0.0
AL159169.2	na	0.0	0.0	0.0	0.0	0.0	0.0	0.0
ZDHHC21	na	0.0	0.0	0.0	0.0	0.0	0.0	0.0
TTC39B	na	0.0	0.0	0.0	0.0	0.0	0.0	0.0
SNAPC3	na	0.0	0.0	0.0	0.0	0.0	0.0	0.0
PSIP1	na	0.0	0.0	0.0	0.0	0.0	0.0	0.0
CCDC171	na	0.0	0.0	0.0	0.0	0.0	0.0	0.0
BNC2	na	0.0	0.0	0.0	0.0	0.0	0.0	0.0
CNTLN	na	0.0	0.0	0.0	0.0	0.0	0.0	0.0
ADAMTSL1	na	0.0	0.0	0.0	0.0	0.0	0.0	0.0
RRAGA	na	0.0	0.0	0.0	0.0	0.0	0.0	0.0
HAUS6	na	0.0	0.0	0.0	0.0	0.0	0.0	0.0
PLIN2	na	0.0	0.0	0.0	0.0	0.0	0.0	0.0
DENND4C	na	0.0	0.0	0.0	0.0	0.0	0.0	0.0
AL391834.2	na	0.0	0.0	0.0	0.0	0.0	0.0	0.0
RPS6	na	0.9478114811107434	1.3228859948734175	0.8649381502782275	0.33275627577783606	0.6658715122461908	0.9532959451554179	1.6992292634451434
MLLT3	na	0.0	0.0	0.0	0.0	0.0	0.0	0.0
FOCAD	na	0.0	0.0	0.0	0.0	0.0	0.0	0.0
HACD4	na	0.0	0.0	0.0	0.0	0.0	0.0	0.0
KLHL9	na	0.0	0.0	0.0	0.0	0.0	0.0	0.0
MTAP	na	0.0	0.0	0.0	0.0	0.0	0.0	0.0
CDKN2A	na	0.0	0.0	0.0	0.0	0.0	0.0	0.0
CDKN2B-AS1	na	0.0	0.0	0.0	0.0	0.0	0.0	0.0
CDKN2B	na	0.0	0.0	0.0	0.0	0.0	0.0	0.0
LINC01239	na	0.0	0.0	0.0	0.0	0.0	0.0	0.0
ELAVL2	na	0.0	0.0	0.0	0.0	0.0	0.0	0.0
TUSC1	na	0.0	0.0	0.0	0.0	0.0	0.0	0.0
CAAP1	na	0.0	0.0	0.0	0.0	0.0	0.0	0.0
PLAA	na	0.0	0.0	0.0	0.0	0.0	0.0	0.0
IFT74	na	0.0	0.0	0.0	0.0	0.0	0.0	0.0
TEK	na	0.0	0.0	0.0	0.0	0.0	0.0	0.0
C9orf72	na	0.0	0.0	0.0	0.0	0.0	0.0	0.0
ACO1	na	0.0	0.0	0.0	0.0	0.0	0.0	0.0
DDX58	na	0.0	0.0	0.0	0.0	0.0	0.0	0.0
TOPORS	na	0.0	0.0	0.0	0.0	0.0	0.0	0.0
SMIM27	na	0.0	0.0	0.0	0.0	0.0	0.0	0.0
NDUFB6	na	0.08054710388097418	0.061550143747129214	0.11350061754892742	0.16694176939255634	0.09347860861955563	0.0454490624054466	0.11251683669868431
APTX	na	0.0	0.0	0.0	0.0	0.0	0.0	0.0
DNAJA1	na	0.12473783405669352	0.03692121222041202	0.17130778426455842	0.18499471096704248	0.1148448661260298	0.07959283354676377	0.10437801762622882
SMU1	na	0.0	0.0	0.0	0.0	0.0	0.0	0.0
B4GALT1	na	0.04649880203346231	7.448287190809898e-17	0.136738977424814	0.15755758203826373	0.09155906887933754	2.35074812787596e-14	0.039018281566595876
B4GALT1-AS1	na	0.0	0.0	0.0	0.0	0.0	0.0	0.0
BAG1	na	0.0	0.0	0.0	0.0	0.0	0.0	0.0
CHMP5	na	0.06198975767182182	4.119237182879785e-18	0.12172021705730962	0.1561936971843268	0.08114692916275608	0.01908473744997299	0.06956401737899204
NFX1	na	0.0	0.0	0.0	0.0	0.0	0.0	0.0
AQP3	na	0.0	0.0	0.0	0.0	0.0	0.0	0.0
NOL6	na	0.0	0.0	0.0	0.0	0.0	0.0	0.0
UBE2R2	na	0.060471847593057286	4.932558884398426e-28	0.11669726837419855	0.15073091289075569	0.0842895034300026	1.9787627528503423e-19	0.04795267130098571
UBAP2	na	0.0	0.0	0.0	0.0	0.0	0.0	0.0
DCAF12	na	0.0	0.0	0.0	0.0	0.0	0.0	0.0
UBAP1	na	0.0	0.0	0.0	0.0	0.0	0.0	0.0
KIF24	na	0.0	0.0	0.0	0.0	0.0	0.0	0.0
NUDT2	na	0.0	0.0	0.0	0.0	0.0	0.0	0.0
MYORG	na	0.0	0.0	0.0	0.0	0.0	0.0	0.0
FAM219A	na	0.0	0.0	0.0	0.0	0.0	0.0	0.0
DNAI1	na	0.0	0.0	0.0	0.0	0.0	0.0	0.0
ENHO	na	0.0	0.0	0.0	0.0	0.0	0.0	0.0
RPP25L	na	0.0	0.0	0.0	0.0	0.0	0.0	0.0
DCTN3	na	0.0	0.0	0.0	0.0	0.0	0.0	0.0
SIGMAR1	na	0.0	0.0	0.0	0.0	0.0	0.0	0.0
GALT	na	0.0	0.0	0.0	0.0	0.0	0.0	0.0
IL11RA	na	0.0	0.0	0.0	0.0	0.0	0.0	0.0
AL162231.1	na	0.0	0.0	0.0	0.0	0.0	0.0	0.0
DNAJB5	na	0.0	0.0	0.0	0.0	0.0	0.0	0.0
VCP	na	0.10041412244681186	1.6236394078345545e-15	0.24695478368819776	0.28369299734102094	0.14841862723693475	0.007120216279017886	0.10204158343438494
FANCG	na	0.0	0.0	0.0	0.0	0.0	0.0	0.0
PIGO	na	0.0	0.0	0.0	0.0	0.0	0.0	0.0
STOML2	na	0.0	0.0	0.0	0.0	0.0	0.0	0.0
FAM214B	na	0.0	0.0	0.0	0.0	0.0	0.0	0.0
UNC13B	na	0.0	0.0	0.0	0.0	0.0	0.0	0.0
RUSC2	na	0.0	0.0	0.0	0.0	0.0	0.0	0.0
TESK1	na	0.0	0.0	0.0	0.0	0.0	0.0	0.0
CD72	na	0.0	0.0	0.0	0.0	0.0	0.0	0.0
SIT1	na	0.0	0.0	0.0	0.0	0.0	0.0	0.0
RMRP	na	0.0	0.0	0.0	0.0	0.0	0.0	0.0
CCDC107	na	0.0	0.0	0.0	0.0	0.0	0.0	0.0
ARHGEF39	na	0.0	0.0	0.0	0.0	0.0	0.0	0.0
TPM2	na	0.06889699164570133	0.05508528441862814	0.11586245153709349	0.06990412463373724	0.07041201790185014	0.08247653155353923	0.09101861938703072
TLN1	na	0.0	0.0	0.0	0.0	0.0	0.0	0.0
CREB3	na	0.0	0.0	0.0	0.0	0.0	0.0	0.0
GBA2	na	0.0	0.0	0.0	0.0	0.0	0.0	0.0
RGP1	na	0.0	0.0	0.0	0.0	0.0	0.0	0.0
NPR2	na	0.0	0.0	0.0	0.0	0.0	0.0	0.0
HINT2	na	0.0	0.0	0.0	0.0	0.0	0.0	0.0
TMEM8B	na	0.06896581689921095	5.236126431246088e-19	0.14235507833095365	0.17708410869905203	0.11523489225138499	1.966250660577326e-19	0.018542294964370088
FAM221B	na	0.0	0.0	0.0	0.0	0.0	0.0	0.0
HRCT1	na	0.0	0.0	0.0	0.0	0.0	0.0	0.0
RECK	na	0.0	0.0	0.0	0.0	0.0	0.0	0.0
GLIPR2	na	0.0	0.0	0.0	0.0	0.0	0.0	0.0
CLTA	na	0.1174953213000098	0.024887064481078875	0.16332369516346515	0.21049957335352573	0.11420565701839543	0.0637398236308903	0.11400476720545902
GNE	na	0.0	0.0	0.0	0.0	0.0	0.0	0.0
RNF38	na	0.0	0.0	0.0	0.0	0.0	0.0	0.0
MELK	na	0.0	0.0	0.0	0.0	0.0	0.0	0.0
EBLN3P	na	0.0	0.0	0.0	0.0	0.0	0.0	0.0
ZCCHC7	na	0.0	0.0	0.0	0.0	0.0	0.0	0.0
GRHPR	na	0.057558159329989485	4.1008583153434105e-18	0.1091752130774015	0.13571060634844373	0.08223462124757773	0.02076220894615779	0.050957543124066085
ZBTB5	na	0.0	0.0	0.0	0.0	0.0	0.0	0.0
POLR1E	na	0.0	0.0	0.0	0.0	0.0	0.0	0.0
FBXO10	na	0.0	0.0	0.0	0.0	0.0	0.0	0.0
TOMM5	na	0.0	0.0	0.0	0.0	0.0	0.0	0.0
TRMT10B	na	0.0	0.0	0.0	0.0	0.0	0.0	0.0
EXOSC3	na	0.0	0.0	0.0	0.0	0.0	0.0	0.0
DCAF10	na	0.0	0.0	0.0	0.0	0.0	0.0	0.0
SLC25A51	na	0.0	0.0	0.0	0.0	0.0	0.0	0.0
SHB	na	0.0	0.0	0.0	0.0	0.0	0.0	0.0
ALDH1B1	na	0.0	0.0	0.0	0.0	0.0	0.0	0.0
FAM95C	na	0.0	0.0	0.0	0.0	0.0	0.0	0.0
ANKRD18A	na	0.0	0.0	0.0	0.0	0.0	0.0	0.0
FAM201A	na	0.0	0.0	0.0	0.0	0.0	0.0	0.0
GLIDR	na	0.0	0.0	0.0	0.0	0.0	0.0	0.0
FAM95B1	na	0.0	0.0	0.0	0.0	0.0	0.0	0.0
CBWD6	na	0.0	0.0	0.0	0.0	0.0	0.0	0.0
FAM27C	na	0.0	0.0	0.0	0.0	0.0	0.0	0.0
AL512625.1	na	0.0	0.0	0.0	0.0	0.0	0.0	0.0
CBWD5	na	0.0	0.0	0.0	0.0	0.0	0.0	0.0
ZNF658	na	0.0	0.0	0.0	0.0	0.0	0.0	0.0
CBWD3	na	0.0	0.0	0.0	0.0	0.0	0.0	0.0
PIP5K1B	na	0.0	0.0	0.0	0.0	0.0	0.0	0.0
FAM122A	na	0.0	0.0	0.0	0.0	0.0	0.0	0.0
FXN	na	0.0	0.0	0.0	0.0	0.0	0.0	0.0
TJP2	na	0.0	0.0	0.0	0.0	0.0	0.0	0.0
PTAR1	na	0.0	0.0	0.0	0.0	0.0	0.0	0.0
SMC5	na	0.0	0.0	0.0	0.0	0.0	0.0	0.0
KLF9	na	0.0	0.0	0.0	0.0	0.0	0.0	0.0
CEMIP2	na	0.0	0.0	0.0	0.0	0.0	0.0	0.0
ABHD17B	na	0.0	0.0	0.0	0.0	0.0	0.0	0.0
C9orf85	na	0.0	0.0	0.0	0.0	0.0	0.0	0.0
ZFAND5	na	0.06346603927295644	0.013932019815274307	0.11300329089071942	0.12916159158318202	0.07735672835064562	0.04884136198541663	0.06388662681793322
ALDH1A1	na	0.0	0.0	0.0	0.0	0.0	0.0	0.0
ANXA1	na	0.0	0.0	0.0	0.0	0.0	0.0	0.0
C9orf40	na	0.0	0.0	0.0	0.0	0.0	0.0	0.0
CARNMT1	na	0.0	0.0	0.0	0.0	0.0	0.0	0.0
NMRK1	na	0.0	0.0	0.0	0.0	0.0	0.0	0.0
OSTF1	na	0.0	0.0	0.0	0.0	0.0	0.0	0.0
PCSK5	na	0.0	0.0	0.0	0.0	0.0	0.0	0.0
RFK	na	0.0	0.0	0.0	0.0	0.0	0.0	0.0
GCNT1	na	0.0	0.0	0.0	0.0	0.0	0.0	0.0
PRUNE2	na	0.0	0.0	0.0	0.0	0.0	0.0	0.0
VPS13A	na	0.0	0.0	0.0	0.0	0.0	0.0	0.0
GNA14	na	0.0	0.0	0.0	0.0	0.0	0.0	0.0
GNAQ	na	0.0	0.0	0.0	0.0	0.0	0.0	0.0
CEP78	na	0.0	0.0	0.0	0.0	0.0	0.0	0.0
PSAT1	na	0.0	0.0	0.0	0.0	0.0	0.0	0.0
TLE4	na	0.0	0.0	0.0	0.0	0.0	0.0	0.0
TLE1	na	0.06245511276894288	1.485285417427337e-18	0.12290077097559675	0.1409805090065446	0.07645342583632925	0.04100708251153412	0.06461354764851174
RASEF	na	0.0	0.0	0.0	0.0	0.0	0.0	0.0
IDNK	na	0.0	0.0	0.0	0.0	0.0	0.0	0.0
UBQLN1	na	0.06105386070134102	4.218514886236521e-14	0.1090456077126376	0.13567971822692806	0.07510202553699115	0.020877967334486748	0.04569611022490201
GKAP1	na	0.0	0.0	0.0	0.0	0.0	0.0	0.0
KIF27	na	0.0	0.0	0.0	0.0	0.0	0.0	0.0
C9orf64	na	0.0	0.0	0.0	0.0	0.0	0.0	0.0
HNRNPK	na	0.1839158852035175	0.07136315856374488	0.35543228894306955	0.390712753533986	0.2328084800881026	0.126112334297545	0.24184493035280843
RMI1	na	0.0	0.0	0.0	0.0	0.0	0.0	0.0
SLC28A3	na	0.0	0.0	0.0	0.0	0.0	0.0	0.0
NTRK2	na	0.0	0.0	0.0	0.0	0.0	0.0	0.0
AGTPBP1	na	0.0	0.0	0.0	0.0	0.0	0.0	0.0
NAA35	na	0.0	0.0	0.0	0.0	0.0	0.0	0.0
GOLM1	na	0.0	0.0	0.0	0.0	0.0	0.0	0.0
ISCA1	na	0.0	0.0	0.0	0.0	0.0	0.0	0.0
TUT7	na	0.0	0.0	0.0	0.0	0.0	0.0	0.0
GAS1	na	0.0	0.0	0.0	0.0	0.0	0.0	0.0
DAPK1	na	0.0	0.0	0.0	0.0	0.0	0.0	0.0
CTSL	na	0.05829084960559187	0.004150255958310434	0.11420722031080614	0.11435763581780518	0.07666083505859497	0.08145878673087226	0.08591315366252786
CDK20	na	0.0	0.0	0.0	0.0	0.0	0.0	0.0
SPIN1	na	0.0	0.0	0.0	0.0	0.0	0.0	0.0
C9orf47	na	0.0	0.0	0.0	0.0	0.0	0.0	0.0
S1PR3	na	0.0	0.0	0.0	0.0	0.0	0.0	0.0
SHC3	na	0.0	0.0	0.0	0.0	0.0	0.0	0.0
CKS2	na	0.09694463364086638	0.04567778747130658	0.11829434454462757	0.14613348366875442	0.0866271559874074	0.07463631973816674	0.07026538036835732
SECISBP2	na	0.0	0.0	0.0	0.0	0.0	0.0	0.0
SEMA4D	na	0.0	0.0	0.0	0.0	0.0	0.0	0.0
GADD45G	na	0.0	0.0	0.0	0.0	0.0	0.0	0.0
AL606807.1	na	0.0	0.0	0.0	0.0	0.0	0.0	0.0
LINC01508	na	0.0	0.0	0.0	0.0	0.0	0.0	0.0
SYK	na	0.0	0.0	0.0	0.0	0.0	0.0	0.0
AUH	na	0.0	0.0	0.0	0.0	0.0	0.0	0.0
NFIL3	na	0.0	0.0	0.0	0.0	0.0	0.0	0.0
ROR2	na	0.0	0.0	0.0	0.0	0.0	0.0	0.0
SPTLC1	na	0.0	0.0	0.0	0.0	0.0	0.0	0.0
IARS	na	0.0	0.0	0.0	0.0	0.0	0.0	0.0
NOL8	na	0.0	0.0	0.0	0.0	0.0	0.0	0.0
CENPP	na	0.0	0.0	0.0	0.0	0.0	0.0	0.0
OGN	na	0.0	0.0	0.0	0.0	0.0	0.0	0.0
OMD	na	0.0	0.0	0.0	0.0	0.0	0.0	0.0
ASPN	na	0.0	0.0	0.0	0.0	0.0	0.0	0.0
ECM2	na	0.0	0.0	0.0	0.0	0.0	0.0	0.0
IPPK	na	0.0	0.0	0.0	0.0	0.0	0.0	0.0
BICD2	na	0.0	0.0	0.0	0.0	0.0	0.0	0.0
FGD3	na	0.0	0.0	0.0	0.0	0.0	0.0	0.0
SUSD3	na	0.0	0.0	0.0	0.0	0.0	0.0	0.0
CARD19	na	0.0	0.0	0.0	0.0	0.0	0.0	0.0
NINJ1	na	0.07974659724819937	0.022409911816990064	0.1152420477742875	0.15280591838433014	0.08310038077211485	0.047273185015364746	0.09090074757238881
WNK2	na	0.0	0.0	0.0	0.0	0.0	0.0	0.0
FAM120AOS	na	0.0	0.0	0.0	0.0	0.0	0.0	0.0
FAM120A	na	0.05156300199578346	9.76981754866068e-19	0.12106072739053049	0.13196914996880826	0.08281887387223798	0.038672235693973635	0.04312840022848073
PHF2	na	0.0	0.0	0.0	0.0	0.0	0.0	0.0
PTPDC1	na	0.0	0.0	0.0	0.0	0.0	0.0	0.0
MFSD14B	na	0.0	0.0	0.0	0.0	0.0	0.0	0.0
PCAT7	na	0.0	0.0	0.0	0.0	0.0	0.0	0.0
FBP1	na	0.07206616157318993	2.190310589812766e-15	0.11744206307051688	0.132956552120438	0.08044316009218709	0.03915179620300451	0.03776054344096333
C9orf3	na	0.0	0.0	0.0	0.0	0.0	0.0	0.0
FANCC	na	0.0	0.0	0.0	0.0	0.0	0.0	0.0
PTCH1	na	0.0	0.0	0.0	0.0	0.0	0.0	0.0
LINC00476	na	0.0	0.0	0.0	0.0	0.0	0.0	0.0
ERCC6L2	na	0.0	0.0	0.0	0.0	0.0	0.0	0.0
SLC35D2	na	0.0	0.0	0.0	0.0	0.0	0.0	0.0
ZNF367	na	0.0	0.0	0.0	0.0	0.0	0.0	0.0
HABP4	na	0.0	0.0	0.0	0.0	0.0	0.0	0.0
CDC14B	na	0.0	0.0	0.0	0.0	0.0	0.0	0.0
AAED1	na	0.0	0.0	0.0	0.0	0.0	0.0	0.0
ZNF510	na	0.0	0.0	0.0	0.0	0.0	0.0	0.0
ZNF782	na	0.0	0.0	0.0	0.0	0.0	0.0	0.0
MFSD14C	na	0.0	0.0	0.0	0.0	0.0	0.0	0.0
CTSV	na	0.0	0.0	0.0	0.0	0.0	0.0	0.0
CCDC180	na	0.0	0.0	0.0	0.0	0.0	0.0	0.0
TDRD7	na	0.0	0.0	0.0	0.0	0.0	0.0	0.0
TMOD1	na	0.0	0.0	0.0	0.0	0.0	0.0	0.0
TSTD2	na	0.0	0.0	0.0	0.0	0.0	0.0	0.0
NCBP1	na	0.0	0.0	0.0	0.0	0.0	0.0	0.0
XPA	na	0.0	0.0	0.0	0.0	0.0	0.0	0.0
TRMO	na	0.0	0.0	0.0	0.0	0.0	0.0	0.0
ANP32B	na	0.08121010562839587	0.008967754763393405	0.13910543093704983	0.16249853950512838	0.0920490091410424	0.029820651336406982	0.06551611344565872
NANS	na	0.0589924895042992	4.538385948402493e-14	0.11412939475861639	0.11788789393744004	0.0759757326500441	0.043198497909274915	0.05920916388321809
TRIM14	na	0.0	0.0	0.0	0.0	0.0	0.0	0.0
CORO2A	na	0.0	0.0	0.0	0.0	0.0	0.0	0.0
TBC1D2	na	0.0	0.0	0.0	0.0	0.0	0.0	0.0
ANKS6	na	0.0	0.0	0.0	0.0	0.0	0.0	0.0
GALNT12	na	0.0	0.0	0.0	0.0	0.0	0.0	0.0
COL15A1	na	0.0	0.0	0.0	0.0	0.0	0.0	0.0
TGFBR1	na	0.0	0.0	0.0	0.0	0.0	0.0	0.0
ALG2	na	0.0	0.0	0.0	0.0	0.0	0.0	0.0
SEC61B	na	0.08120134868247354	0.11789731228789241	0.12419535633119369	0.19312591711129676	0.11035273340361983	0.10927611673658706	0.14545299005564682
NR4A3	na	0.0	0.0	0.0	0.0	0.0	0.0	0.0
STX17-AS1	na	0.0	0.0	0.0	0.0	0.0	0.0	0.0
STX17	na	0.0	0.0	0.0	0.0	0.0	0.0	0.0
ERP44	na	0.0	0.0	0.0	0.0	0.0	0.0	0.0
INVS	na	0.0	0.0	0.0	0.0	0.0	0.0	0.0
TEX10	na	0.0	0.0	0.0	0.0	0.0	0.0	0.0
MSANTD3	na	0.0	0.0	0.0	0.0	0.0	0.0	0.0
MRPL50	na	0.0	0.0	0.0	0.0	0.0	0.0	0.0
ZNF189	na	0.0	0.0	0.0	0.0	0.0	0.0	0.0
RNF20	na	0.0	0.0	0.0	0.0	0.0	0.0	0.0
SMC2	na	0.0	0.0	0.0	0.0	0.0	0.0	0.0
NIPSNAP3A	na	0.0	0.0	0.0	0.0	0.0	0.0	0.0
NIPSNAP3B	na	0.0	0.0	0.0	0.0	0.0	0.0	0.0
ABCA1	na	0.0	0.0	0.0	0.0	0.0	0.0	0.0
SLC44A1	na	0.0	0.0	0.0	0.0	0.0	0.0	0.0
FSD1L	na	0.0	0.0	0.0	0.0	0.0	0.0	0.0
FKTN	na	0.0	0.0	0.0	0.0	0.0	0.0	0.0
TMEM38B	na	0.0	0.0	0.0	0.0	0.0	0.0	0.0
ZNF462	na	0.0	0.0	0.0	0.0	0.0	0.0	0.0
RAD23B	na	0.10011927677302208	0.016913084130900015	0.14700650989805011	0.1800546798575157	0.10194976740390167	0.050940395553921665	0.08064242579667334
KLF4	na	0.0	0.0	0.0	0.0	0.0	0.0	0.0
ELP1	na	0.0	0.0	0.0	0.0	0.0	0.0	0.0
FAM206A	na	0.0	0.0	0.0	0.0	0.0	0.0	0.0
CTNNAL1	na	0.0	0.0	0.0	0.0	0.0	0.0	0.0
TMEM245	na	0.0	0.0	0.0	0.0	0.0	0.0	0.0
EPB41L4B	na	0.0	0.0	0.0	0.0	0.0	0.0	0.0
PTPN3	na	0.0	0.0	0.0	0.0	0.0	0.0	0.0
C9orf152	na	0.0	0.0	0.0	0.0	0.0	0.0	0.0
TXN	na	0.3633438652061559	0.6726082814193627	0.272557074065258	0.2805037692382307	0.2922821685183828	0.47995413516291685	0.6815596484321345
SVEP1	na	0.0	0.0	0.0	0.0	0.0	0.0	0.0
LPAR1	na	0.0	0.0	0.0	0.0	0.0	0.0	0.0
ECPAS	na	0.0	0.0	0.0	0.0	0.0	0.0	0.0
PTGR1	na	0.0	0.0	0.0	0.0	0.0	0.0	0.0
DNAJC25	na	0.0	0.0	0.0	0.0	0.0	0.0	0.0
GNG10	na	0.0	0.0	0.0	0.0	0.0	0.0	0.0
UGCG	na	0.0	0.0	0.0	0.0	0.0	0.0	0.0
SUSD1	na	0.0	0.0	0.0	0.0	0.0	0.0	0.0
PTBP3	na	0.0	0.0	0.0	0.0	0.0	0.0	0.0
HSDL2	na	0.0	0.0	0.0	0.0	0.0	0.0	0.0
KIAA1958	na	0.0	0.0	0.0	0.0	0.0	0.0	0.0
INIP	na	0.0	0.0	0.0	0.0	0.0	0.0	0.0
SNX30	na	0.0	0.0	0.0	0.0	0.0	0.0	0.0
ZFP37	na	0.0	0.0	0.0	0.0	0.0	0.0	0.0
FAM225A	na	0.0	0.0	0.0	0.0	0.0	0.0	0.0
SLC31A2	na	0.0	0.0	0.0	0.0	0.0	0.0	0.0
FKBP15	na	0.0	0.0	0.0	0.0	0.0	0.0	0.0
SLC31A1	na	0.06603374066389482	1.381330376045213e-17	0.11763491485827078	0.15863404987429924	0.0869196529288816	0.0005367971777813068	0.038102066203447
CDC26	na	0.0	0.0	0.0	0.0	0.0	0.0	0.0
PRPF4	na	0.0	0.0	0.0	0.0	0.0	0.0	0.0
WDR31	na	0.0	0.0	0.0	0.0	0.0	0.0	0.0
BSPRY	na	0.0	0.0	0.0	0.0	0.0	0.0	0.0
HDHD3	na	0.0	0.0	0.0	0.0	0.0	0.0	0.0
ALAD	na	0.0	0.0	0.0	0.0	0.0	0.0	0.0
POLE3	na	0.0	0.0	0.0	0.0	0.0	0.0	0.0
C9orf43	na	0.0	0.0	0.0	0.0	0.0	0.0	0.0
RGS3	na	0.0	0.0	0.0	0.0	0.0	0.0	0.0
ZNF618	na	0.0	0.0	0.0	0.0	0.0	0.0	0.0
AMBP	na	0.0	0.0	0.0	0.0	0.0	0.0	0.0
KIF12	na	0.0	0.0	0.0	0.0	0.0	0.0	0.0
COL27A1	na	0.0	0.0	0.0	0.0	0.0	0.0	0.0
ORM2	na	0.0	0.0	0.0	0.0	0.0	0.0	0.0
AKNA	na	0.0	0.0	0.0	0.0	0.0	0.0	0.0
WHRN	na	0.0	0.0	0.0	0.0	0.0	0.0	0.0
ATP6V1G1	na	0.1798751303875303	0.2772869502525312	0.1878150818413507	0.25143490678372865	0.18896623555913009	0.2565339253379436	0.3118483869439314
TMEM268	na	0.0	0.0	0.0	0.0	0.0	0.0	0.0
TNFSF15	na	0.0	0.0	0.0	0.0	0.0	0.0	0.0
TNC	na	0.0	0.0	0.0	0.0	0.0	0.0	0.0
PAPPA	na	0.0	0.0	0.0	0.0	0.0	0.0	0.0
ASTN2	na	0.0	0.0	0.0	0.0	0.0	0.0	0.0
TRIM32	na	0.0	0.0	0.0	0.0	0.0	0.0	0.0
TLR4	na	0.0	0.0	0.0	0.0	0.0	0.0	0.0
AL354754.1	na	0.0	0.0	0.0	0.0	0.0	0.0	0.0
BRINP1	na	0.0	0.0	0.0	0.0	0.0	0.0	0.0
CDK5RAP2	na	0.0	0.0	0.0	0.0	0.0	0.0	0.0
MEGF9	na	0.0	0.0	0.0	0.0	0.0	0.0	0.0
FBXW2	na	0.0	0.0	0.0	0.0	0.0	0.0	0.0
PSMD5	na	0.04359771988429072	0.0003554663020969276	0.11883402668369271	0.13062747195745958	0.0758004190808176	0.032375786262431115	0.06290088554867823
PHF19	na	0.0	0.0	0.0	0.0	0.0	0.0	0.0
TRAF1	na	0.0	0.0	0.0	0.0	0.0	0.0	0.0
C5	na	0.0	0.0	0.0	0.0	0.0	0.0	0.0
CNTRL	na	0.0	0.0	0.0	0.0	0.0	0.0	0.0
RAB14	na	0.06811139648233412	0.01570080261719704	0.12326234859538746	0.13647887968695205	0.07748824383382907	0.050385919503892596	0.07050997900449459
GSN	na	0.07237761690334181	0.005532049509056424	0.1235467809015774	0.1365496529476556	0.07305224512254506	0.03669216817285854	0.07323748629058367
STOM	na	0.10360412115906589	0.028866167117078206	0.14767221507535766	0.2231854840570432	0.11735352130587605	0.08065385042140327	0.07525325848361178
DAB2IP	na	0.0	0.0	0.0	0.0	0.0	0.0	0.0
TTLL11	na	0.0	0.0	0.0	0.0	0.0	0.0	0.0
NDUFA8	na	0.07433867005980833	0.03189726338515944	0.11973500389448638	0.13557190543450376	0.07921331406343779	0.05415459122670728	0.08447731533205959
LHX6	na	0.0	0.0	0.0	0.0	0.0	0.0	0.0
RBM18	na	0.0	0.0	0.0	0.0	0.0	0.0	0.0
MRRF	na	0.0	0.0	0.0	0.0	0.0	0.0	0.0
PTGS1	na	0.0	0.0	0.0	0.0	0.0	0.0	0.0
PDCL	na	0.0	0.0	0.0	0.0	0.0	0.0	0.0
RC3H2	na	0.0	0.0	0.0	0.0	0.0	0.0	0.0
ZBTB6	na	0.0	0.0	0.0	0.0	0.0	0.0	0.0
ZBTB26	na	0.0	0.0	0.0	0.0	0.0	0.0	0.0
RABGAP1	na	0.0	0.0	0.0	0.0	0.0	0.0	0.0
STRBP	na	0.0	0.0	0.0	0.0	0.0	0.0	0.0
DENND1A	na	0.0	0.0	0.0	0.0	0.0	0.0	0.0
LHX2	na	0.0	0.0	0.0	0.0	0.0	0.0	0.0
NEK6	na	0.0	0.0	0.0	0.0	0.0	0.0	0.0
PSMB7	na	0.08422880193574282	0.014745140043824191	0.14774077361359308	0.1862216587370423	0.10203642814533127	0.04495208002273335	0.09021281010435214
MIR181A2HG	na	0.0	0.0	0.0	0.0	0.0	0.0	0.0
OLFML2A	na	0.0	0.0	0.0	0.0	0.0	0.0	0.0
RPL35	na	1.2226247038843148	2.1296955416518233	0.7497510902312828	1.0967766247295359	0.9555185113788985	1.8028074320444734	2.119723576597668
ARPC5L	na	0.06654047386066946	0.01219267318626047	0.12395518830737988	0.16531532546666444	0.08851242765709103	0.04461645520753572	0.059233366413505864
GOLGA1	na	0.0	0.0	0.0	0.0	0.0	0.0	0.0
SCAI	na	0.0	0.0	0.0	0.0	0.0	0.0	0.0
PPP6C	na	0.0	0.0	0.0	0.0	0.0	0.0	0.0
RABEPK	na	0.0	0.0	0.0	0.0	0.0	0.0	0.0
HSPA5	na	0.08637772947632423	4.806050009794738e-14	0.17794983049119417	0.21453836254469508	0.11575436124611876	0.026098622788191434	0.058040579819242225
GAPVD1	na	0.0	0.0	0.0	0.0	0.0	0.0	0.0
MAPKAP1	na	0.0	0.0	0.0	0.0	0.0	0.0	0.0
PBX3	na	0.0	0.0	0.0	0.0	0.0	0.0	0.0
MVB12B	na	0.0	0.0	0.0	0.0	0.0	0.0	0.0
AL161908.1	na	0.0	0.0	0.0	0.0	0.0	0.0	0.0
LMX1B	na	0.0	0.0	0.0	0.0	0.0	0.0	0.0
ZBTB43	na	0.0	0.0	0.0	0.0	0.0	0.0	0.0
ZBTB34	na	0.0	0.0	0.0	0.0	0.0	0.0	0.0
RALGPS1	na	0.0	0.0	0.0	0.0	0.0	0.0	0.0
ANGPTL2	na	0.0	0.0	0.0	0.0	0.0	0.0	0.0
GARNL3	na	0.0	0.0	0.0	0.0	0.0	0.0	0.0
SLC2A8	na	0.0	0.0	0.0	0.0	0.0	0.0	0.0
ZNF79	na	0.0	0.0	0.0	0.0	0.0	0.0	0.0
RPL12	na	0.7470441586032321	1.4180180479361584	0.4442449920549033	0.6653684627436293	0.6161063205210756	1.1815615112564524	1.3416957448117646
LRSAM1	na	0.0	0.0	0.0	0.0	0.0	0.0	0.0
FAM129B	na	0.05652927922189573	4.210720101604488e-18	0.14521054216239973	0.17525384875985228	0.09689541213259628	0.022478006484918465	0.06124120012540957
STXBP1	na	0.0	0.0	0.0	0.0	0.0	0.0	0.0
PTRH1	na	0.0	0.0	0.0	0.0	0.0	0.0	0.0
CFAP157	na	0.0	0.0	0.0	0.0	0.0	0.0	0.0
TOR2A	na	0.0	0.0	0.0	0.0	0.0	0.0	0.0
SH2D3C	na	0.0	0.0	0.0	0.0	0.0	0.0	0.0
CDK9	na	0.0	0.0	0.0	0.0	0.0	0.0	0.0
FPGS	na	0.0	0.0	0.0	0.0	0.0	0.0	0.0
ENG	na	0.0	0.0	0.0	0.0	0.0	0.0	0.0
AK1	na	0.0	0.0	0.0	0.0	0.0	0.0	0.0
ST6GALNAC4	na	0.0	0.0	0.0	0.0	0.0	0.0	0.0
PIP5KL1	na	0.0	0.0	0.0	0.0	0.0	0.0	0.0
DPM2	na	0.06480936404574604	3.3050122543591263e-21	0.12155159430800459	0.13497564276799018	0.08165889028511329	0.043037656090732714	0.038582389062439486
FAM102A	na	0.0	0.0	0.0	0.0	0.0	0.0	0.0
NAIF1	na	0.0	0.0	0.0	0.0	0.0	0.0	0.0
SLC25A25	na	0.0	0.0	0.0	0.0	0.0	0.0	0.0
SLC25A25-AS1	na	0.0	0.0	0.0	0.0	0.0	0.0	0.0
PTGES2	na	0.0	0.0	0.0	0.0	0.0	0.0	0.0
LCN2	na	0.13181710260073426	0.1323934241728615	0.18711289244955123	0.1743457802274427	0.13437978998739702	0.11575188660995943	0.2013457268691119
C9orf16	na	0.13137853579919676	0.2287463408274018	0.11687388062896052	0.19784493142149798	0.1403443515169513	0.2629249053665114	0.21708638230218208
CIZ1	na	0.0	0.0	0.0	0.0	0.0	0.0	0.0
DNM1	na	0.0	0.0	0.0	0.0	0.0	0.0	0.0
GOLGA2	na	0.05878508932303158	8.545744480247167e-17	0.1761752283061008	0.17165476470879062	0.108402178529388	2.705058012610278e-16	0.026090644587822415
SWI5	na	0.0	0.0	0.0	0.0	0.0	0.0	0.0
TRUB2	na	0.0	0.0	0.0	0.0	0.0	0.0	0.0
COQ4	na	0.0657623355026181	9.959973806892916e-07	0.12382400148403477	0.15115006922820368	0.08298088465626723	0.026394032938085545	0.05694569252066294
SLC27A4	na	0.0	0.0	0.0	0.0	0.0	0.0	0.0
URM1	na	0.0	0.0	0.0	0.0	0.0	0.0	0.0
CERCAM	na	0.0	0.0	0.0	0.0	0.0	0.0	0.0
ODF2	na	0.0	0.0	0.0	0.0	0.0	0.0	0.0
GLE1	na	0.0	0.0	0.0	0.0	0.0	0.0	0.0
SPTAN1	na	0.054817875926065726	2.787497877919839e-17	0.12380417694555926	0.14691179903641813	0.08527177638184374	0.0017288058400400303	0.030751437864269968
WDR34	na	0.06989451715029088	9.815299061319809e-15	0.1624371555130507	0.2292673209561502	0.12179133974863256	0.0027263034401239336	0.056560201484782094
HMGA1P4	na	0.0	0.0	0.0	0.0	0.0	0.0	0.0
SET	na	0.11616620409881492	0.08815961480662834	0.19837670055023435	0.22335764479938874	0.1368668390585963	0.11929615565402556	0.17490541877249374
PKN3	na	0.0	0.0	0.0	0.0	0.0	0.0	0.0
ZDHHC12	na	0.06625727761929737	0.016432137914529184	0.09780121685645478	0.1306091459952033	0.07483674886542435	0.027456482907529868	0.062039186495929356
AL441992.1	na	0.0	0.0	0.0	0.0	0.0	0.0	0.0
ZER1	na	0.0	0.0	0.0	0.0	0.0	0.0	0.0
TBC1D13	na	0.0	0.0	0.0	0.0	0.0	0.0	0.0
ENDOG	na	0.0	0.0	0.0	0.0	0.0	0.0	0.0
SPOUT1	na	0.0	0.0	0.0	0.0	0.0	0.0	0.0
KYAT1	na	0.0	0.0	0.0	0.0	0.0	0.0	0.0
LRRC8A	na	0.0	0.0	0.0	0.0	0.0	0.0	0.0
DOLK	na	0.0	0.0	0.0	0.0	0.0	0.0	0.0
NUP188	na	0.0	0.0	0.0	0.0	0.0	0.0	0.0
SH3GLB2	na	0.05497408032421353	1.563432878766293e-16	0.11548815894785333	0.14881440772068008	0.08968445308675413	1.1035602004308915e-14	0.053647951662325305
MIGA2	na	0.0	0.0	0.0	0.0	0.0	0.0	0.0
DOLPP1	na	0.0	0.0	0.0	0.0	0.0	0.0	0.0
CRAT	na	0.0	0.0	0.0	0.0	0.0	0.0	0.0
PTPA	na	0.1047375287843818	1.4804851106956552e-14	0.1910637233451753	0.27706478543770374	0.14243968358050432	0.006354038473334531	0.07582462075695616
AL158151.4	na	0.0	0.0	0.0	0.0	0.0	0.0	0.0
IER5L	na	0.06085702526327079	0.010814335893527732	0.12516818018612821	0.14041306642494797	0.0848656376795357	0.013379615303001344	0.06900101778102789
LINC01503	na	0.0	0.0	0.0	0.0	0.0	0.0	0.0
AL353803.2	na	0.0	0.0	0.0	0.0	0.0	0.0	0.0
NTMT1	na	0.0	0.0	0.0	0.0	0.0	0.0	0.0
ASB6	na	0.0	0.0	0.0	0.0	0.0	0.0	0.0
PRRX2	na	0.0	0.0	0.0	0.0	0.0	0.0	0.0
PTGES	na	0.0	0.0	0.0	0.0	0.0	0.0	0.0
TOR1B	na	0.0	0.0	0.0	0.0	0.0	0.0	0.0
TOR1A	na	0.0	0.0	0.0	0.0	0.0	0.0	0.0
C9orf78	na	0.05087329029852436	0.008313891398370122	0.10011193048468302	0.11784762479467473	0.07152561714291632	0.04260270608447932	0.05705530912618541
USP20	na	0.0	0.0	0.0	0.0	0.0	0.0	0.0
FNBP1	na	0.0	0.0	0.0	0.0	0.0	0.0	0.0
GPR107	na	0.0	0.0	0.0	0.0	0.0	0.0	0.0
NCS1	na	0.0	0.0	0.0	0.0	0.0	0.0	0.0
ASS1	na	0.11273840494611413	0.08161566774357809	0.17319608795365535	0.2473739424642492	0.14448925484497357	0.13450746277902928	0.14225018053601457
FUBP3	na	0.0	0.0	0.0	0.0	0.0	0.0	0.0
EXOSC2	na	0.0	0.0	0.0	0.0	0.0	0.0	0.0
ABL1	na	0.0	0.0	0.0	0.0	0.0	0.0	0.0
FIBCD1	na	0.0	0.0	0.0	0.0	0.0	0.0	0.0
AIF1L	na	0.15160080038995968	0.008915787919263292	0.29285356220526976	0.28698208291354166	0.17582349066622824	0.0648125427315735	0.18178224900615425
NUP214	na	0.0	0.0	0.0	0.0	0.0	0.0	0.0
FAM78A	na	0.0	0.0	0.0	0.0	0.0	0.0	0.0
PLPP7	na	0.0	0.0	0.0	0.0	0.0	0.0	0.0
PRRC2B	na	0.0640566712324513	1.363846382878634e-17	0.15222905512956483	0.17617507263084733	0.09901651469689485	8.384078373998976e-16	0.026020941610228915
AL358781.1	na	0.0	0.0	0.0	0.0	0.0	0.0	0.0
POMT1	na	0.0	0.0	0.0	0.0	0.0	0.0	0.0
UCK1	na	0.0	0.0	0.0	0.0	0.0	0.0	0.0
RAPGEF1	na	0.0	0.0	0.0	0.0	0.0	0.0	0.0
MED27	na	0.0	0.0	0.0	0.0	0.0	0.0	0.0
NTNG2	na	0.0	0.0	0.0	0.0	0.0	0.0	0.0
SETX	na	0.0	0.0	0.0	0.0	0.0	0.0	0.0
TTF1	na	0.0	0.0	0.0	0.0	0.0	0.0	0.0
DDX31	na	0.0	0.0	0.0	0.0	0.0	0.0	0.0
GTF3C4	na	0.0	0.0	0.0	0.0	0.0	0.0	0.0
AK8	na	0.0	0.0	0.0	0.0	0.0	0.0	0.0
SPACA9	na	0.0	0.0	0.0	0.0	0.0	0.0	0.0
TSC1	na	0.0	0.0	0.0	0.0	0.0	0.0	0.0
GTF3C5	na	0.0	0.0	0.0	0.0	0.0	0.0	0.0
CEL	na	0.0	0.0	0.0	0.0	0.0	0.0	0.0
RALGDS	na	0.0	0.0	0.0	0.0	0.0	0.0	0.0
GBGT1	na	0.0	0.0	0.0	0.0	0.0	0.0	0.0
SURF6	na	0.0	0.0	0.0	0.0	0.0	0.0	0.0
MED22	na	0.0	0.0	0.0	0.0	0.0	0.0	0.0
RPL7A	na	1.0403520191846298	1.7249198680413447	0.7178957709322022	0.8296015587685504	0.7926068523513112	1.309722264538809	1.750780684312376
SURF1	na	0.07316503540328662	0.007459506024094932	0.11332616333617626	0.13673574146454204	0.08254926715917385	0.07243067406413792	0.06631593746888433
SURF2	na	0.0	0.0	0.0	0.0	0.0	0.0	0.0
SURF4	na	0.0880755888912093	5.750421059098601e-15	0.18343862140767764	0.22010787519559388	0.11652569537817456	0.011647176017919236	0.05486715627732624
STKLD1	na	0.0	0.0	0.0	0.0	0.0	0.0	0.0
REXO4	na	0.0	0.0	0.0	0.0	0.0	0.0	0.0
ADAMTS13	na	0.0	0.0	0.0	0.0	0.0	0.0	0.0
CACFD1	na	0.06337216135282996	4.557287947788431e-16	0.139196845309165	0.15557683352335153	0.08623273724882517	0.008466791999660732	0.019538879589539124
SLC2A6	na	0.0	0.0	0.0	0.0	0.0	0.0	0.0
ADAMTSL2	na	0.0	0.0	0.0	0.0	0.0	0.0	0.0
SARDH	na	0.0	0.0	0.0	0.0	0.0	0.0	0.0
VAV2	na	0.0	0.0	0.0	0.0	0.0	0.0	0.0
BRD3OS	na	0.0	0.0	0.0	0.0	0.0	0.0	0.0
BRD3	na	0.07354105292328521	6.842505981838821e-15	0.1284857116727773	0.1555169151664589	0.09108595798418341	0.0030302570576603394	0.022156417324331896
WDR5	na	0.0	0.0	0.0	0.0	0.0	0.0	0.0
RXRA	na	0.0	0.0	0.0	0.0	0.0	0.0	0.0
COL5A1	na	0.07740124431292292	2.7481685728013596e-19	0.20737079585588994	0.2483854221002406	0.1305307951258621	0.0014539426330138403	0.03342118985197328
FCN2	na	0.0	0.0	0.0	0.0	0.0	0.0	0.0
OLFM1	na	0.0	0.0	0.0	0.0	0.0	0.0	0.0
PPP1R26-AS1	na	0.0	0.0	0.0	0.0	0.0	0.0	0.0
PPP1R26	na	0.0	0.0	0.0	0.0	0.0	0.0	0.0
C9orf116	na	0.0	0.0	0.0	0.0	0.0	0.0	0.0
MRPS2	na	0.0	0.0	0.0	0.0	0.0	0.0	0.0
SOHLH1	na	0.0	0.0	0.0	0.0	0.0	0.0	0.0
KCNT1	na	0.0	0.0	0.0	0.0	0.0	0.0	0.0
CAMSAP1	na	0.0	0.0	0.0	0.0	0.0	0.0	0.0
UBAC1	na	0.04342898173871281	2.4017099026187967e-16	0.19382085226296344	0.1829446482041815	0.11974345667166021	8.00354091614929e-16	0.006111799379337702
NACC2	na	0.0	0.0	0.0	0.0	0.0	0.0	0.0
TMEM250	na	0.0	0.0	0.0	0.0	0.0	0.0	0.0
QSOX2	na	0.0	0.0	0.0	0.0	0.0	0.0	0.0
CCDC187	na	0.0	0.0	0.0	0.0	0.0	0.0	0.0
GPSM1	na	0.0	0.0	0.0	0.0	0.0	0.0	0.0
DNLZ	na	0.0	0.0	0.0	0.0	0.0	0.0	0.0
CARD9	na	0.0	0.0	0.0	0.0	0.0	0.0	0.0
SNAPC4	na	0.0	0.0	0.0	0.0	0.0	0.0	0.0
ENTR1	na	0.0	0.0	0.0	0.0	0.0	0.0	0.0
PMPCA	na	0.07492363724098863	1.0358987072914078e-17	0.1177683014511887	0.14348580986780038	0.08075442392142447	0.0050613937465294806	0.03391568081338407
INPP5E	na	0.0	0.0	0.0	0.0	0.0	0.0	0.0
SEC16A	na	0.10016669628407919	1.7872689105016893e-16	0.17112551613056728	0.25018283369921424	0.1175198260287209	0.028440965267345172	0.057469029510543675
NOTCH1	na	0.0	0.0	0.0	0.0	0.0	0.0	0.0
NALT1	na	0.0	0.0	0.0	0.0	0.0	0.0	0.0
EGFL7	na	0.0	0.0	0.0	0.0	0.0	0.0	0.0
AGPAT2	na	0.06764123165429557	0.005614976117669945	0.10208971482222132	0.1449113323557362	0.08352891775715302	0.09230712297635495	0.07667482683549932
FAM69B	na	0.0	0.0	0.0	0.0	0.0	0.0	0.0
SNHG7	na	0.0	0.0	0.0	0.0	0.0	0.0	0.0
TMEM141	na	0.06435336925477962	0.008070087765456972	0.13501968346855964	0.1983262894887761	0.09719561080640475	0.07024788397794661	0.08474008021123028
CCDC183	na	0.0	0.0	0.0	0.0	0.0	0.0	0.0
RABL6	na	0.08482998753088986	5.130017858107257e-17	0.15892816772358817	0.20032763853514268	0.105949410204159	0.008754261425217352	0.05999763895143543
AJM1	na	0.0	0.0	0.0	0.0	0.0	0.0	0.0
PHPT1	na	0.13337438327835197	0.15193013300588162	0.15440078145515698	0.13804334769438914	0.12052083718778102	0.11251122567522129	0.19024998137950963
MAMDC4	na	0.0	0.0	0.0	0.0	0.0	0.0	0.0
EDF1	na	0.2631612047106487	0.11804191418824792	0.3066063325997179	0.40920333456042746	0.24786962075672606	0.20686355686053326	0.2930254807972589
TRAF2	na	0.0	0.0	0.0	0.0	0.0	0.0	0.0
FBXW5	na	0.0556243575409644	2.1479327880330578e-20	0.14309898256955372	0.16689922634673696	0.10147694969397557	0.033235924716458275	0.05053847457630894
C8G	na	0.0	0.0	0.0	0.0	0.0	0.0	0.0
LCN12	na	0.0	0.0	0.0	0.0	0.0	0.0	0.0
PTGDS	na	0.0	0.0	0.0	0.0	0.0	0.0	0.0
PAXX	na	0.07508439345001726	0.010091471317794636	0.10951304524206916	0.1365377756292471	0.08412714748437342	0.04695331994751457	0.05827269261193338
CLIC3	na	0.0	0.0	0.0	0.0	0.0	0.0	0.0
ABCA2	na	0.0	0.0	0.0	0.0	0.0	0.0	0.0
NPDC1	na	0.08036310269235535	2.4849087212461153e-21	0.1614914413913974	0.1977777257860913	0.11386904384707754	0.043014026539374105	0.0673310201914642
ENTPD2	na	0.0	0.0	0.0	0.0	0.0	0.0	0.0
SAPCD2	na	0.04538267415672025	4.021336793499891e-26	0.17918132036298842	0.17971058469105608	0.11288691179284298	1.2336680152389315e-25	3.269576773957892e-22
UAP1L1	na	0.0	0.0	0.0	0.0	0.0	0.0	0.0
MAN1B1-DT	na	0.0	0.0	0.0	0.0	0.0	0.0	0.0
MAN1B1	na	0.06345581482675752	3.2784964557676624e-24	0.12398234814724253	0.151485597993853	0.09016273520984536	1.7231674655514087e-21	0.022302250320712928
DPP7	na	0.06266112843708908	7.05101724780531e-20	0.12600711849464566	0.15223096786914056	0.09304205664750773	0.0024054894539912415	0.03397868736991204
GRIN1	na	0.0	0.0	0.0	0.0	0.0	0.0	0.0
LRRC26	na	0.046126374918322145	2.8670360739352453e-26	0.16582661267738125	0.19298572983216547	0.11636299051729489	1.45115400857997e-26	8.84280308626195e-21
TMEM210	na	0.0	0.0	0.0	0.0	0.0	0.0	0.0
ANAPC2	na	0.0	0.0	0.0	0.0	0.0	0.0	0.0
SSNA1	na	0.0766146175967559	0.012027526029570041	0.11750068607123236	0.15676795305601596	0.09181694206770181	0.06249838199865961	0.06975783963912115
TPRN	na	0.0	0.0	0.0	0.0	0.0	0.0	0.0
TMEM203	na	0.0	0.0	0.0	0.0	0.0	0.0	0.0
NDOR1	na	0.0	0.0	0.0	0.0	0.0	0.0	0.0
BX255925.3	na	0.0	0.0	0.0	0.0	0.0	0.0	0.0
RNF208	na	0.0	0.0	0.0	0.0	0.0	0.0	0.0
CYSRT1	na	0.0	0.0	0.0	0.0	0.0	0.0	0.0
TUBB4B	na	0.12930475628656793	0.09610847819598631	0.19534868819812568	0.2545563304281284	0.15245101133235892	0.11397059549620375	0.20050233634144782
STPG3-AS1	na	0.0	0.0	0.0	0.0	0.0	0.0	0.0
NELFB	na	0.08103406359362561	4.386933395526159e-20	0.1408715738827809	0.16214140742245484	0.0921121315017914	0.005202515553741216	0.023077821188431238
TOR4A	na	0.0	0.0	0.0	0.0	0.0	0.0	0.0
NRARP	na	0.0	0.0	0.0	0.0	0.0	0.0	0.0
EXD3	na	0.0	0.0	0.0	0.0	0.0	0.0	0.0
NOXA1	na	0.0	0.0	0.0	0.0	0.0	0.0	0.0
ENTPD8	na	0.0	0.0	0.0	0.0	0.0	0.0	0.0
NSMF	na	0.0	0.0	0.0	0.0	0.0	0.0	0.0
PNPLA7	na	0.0	0.0	0.0	0.0	0.0	0.0	0.0
MRPL41	na	0.16814217443719823	0.20029167282461977	0.1713863317768038	0.22045357573196478	0.16553419310065626	0.23993431248708297	0.2524755337684306
DPH7	na	0.0	0.0	0.0	0.0	0.0	0.0	0.0
ZMYND19	na	0.0	0.0	0.0	0.0	0.0	0.0	0.0
ARRDC1	na	0.08836843831190345	4.126020198319569e-17	0.18095888391989556	0.22645973593131577	0.11867593848324065	0.01204784157265799	0.06569406881460467
ARRDC1-AS1	na	0.0	0.0	0.0	0.0	0.0	0.0	0.0
EHMT1	na	0.0	0.0	0.0	0.0	0.0	0.0	0.0
CACNA1B	na	0.0	0.0	0.0	0.0	0.0	0.0	0.0
LINC01001	na	0.0	0.0	0.0	0.0	0.0	0.0	0.0
BET1L	na	0.0	0.0	0.0	0.0	0.0	0.0	0.0
RIC8A	na	0.0	0.0	0.0	0.0	0.0	0.0	0.0
SIRT3	na	0.0	0.0	0.0	0.0	0.0	0.0	0.0
PSMD13	na	0.0	0.0	0.0	0.0	0.0	0.0	0.0
PGGHG	na	0.0	0.0	0.0	0.0	0.0	0.0	0.0
IFITM2	na	0.0	0.0	0.0	0.0	0.0	0.0	0.0
IFITM1	na	0.0	0.0	0.0	0.0	0.0	0.0	0.0
IFITM3	na	0.19244005831446442	0.3454529222152624	0.09309267234957642	0.3150059888382944	0.18455494776225836	0.39350790228826354	0.27288293665332575
B4GALNT4	na	0.0	0.0	0.0	0.0	0.0	0.0	0.0
PKP3	na	0.0	0.0	0.0	0.0	0.0	0.0	0.0
SIGIRR	na	0.06335027657129064	5.444704753140462e-18	0.12703042885606255	0.1510310119602342	0.08613332206421608	0.004857769822162525	0.057392902162804856
ANO9	na	0.0	0.0	0.0	0.0	0.0	0.0	0.0
PTDSS2	na	0.0	0.0	0.0	0.0	0.0	0.0	0.0
RNH1	na	0.0	0.0	0.0	0.0	0.0	0.0	0.0
HRAS	na	0.0	0.0	0.0	0.0	0.0	0.0	0.0
LRRC56	na	0.0	0.0	0.0	0.0	0.0	0.0	0.0
LMNTD2	na	0.0	0.0	0.0	0.0	0.0	0.0	0.0
AP006284.1	na	0.0	0.0	0.0	0.0	0.0	0.0	0.0
RASSF7	na	0.0	0.0	0.0	0.0	0.0	0.0	0.0
MIR210HG	na	0.0	0.0	0.0	0.0	0.0	0.0	0.0
PHRF1	na	0.0	0.0	0.0	0.0	0.0	0.0	0.0
IRF7	na	0.0	0.0	0.0	0.0	0.0	0.0	0.0
SCT	na	0.0	0.0	0.0	0.0	0.0	0.0	0.0
DRD4	na	0.0	0.0	0.0	0.0	0.0	0.0	0.0
DEAF1	na	0.0	0.0	0.0	0.0	0.0	0.0	0.0
EPS8L2	na	0.0	0.0	0.0	0.0	0.0	0.0	0.0
TMEM80	na	0.0	0.0	0.0	0.0	0.0	0.0	0.0
TALDO1	na	0.08313939956824781	0.010880884825963551	0.14078699257362254	0.1718223544761459	0.09722174341251966	0.04458920674445167	0.07311514363123836
GATD1	na	0.0	0.0	0.0	0.0	0.0	0.0	0.0
AP006621.3	na	0.0	0.0	0.0	0.0	0.0	0.0	0.0
SLC25A22	na	0.0	0.0	0.0	0.0	0.0	0.0	0.0
PIDD1	na	0.0	0.0	0.0	0.0	0.0	0.0	0.0
RPLP2	na	0.8952909163699486	1.3984800015200816	0.7726646157342371	0.7566262508961917	0.7509359005202605	1.1711673541942067	1.6017906396209827
PNPLA2	na	0.0	0.0	0.0	0.0	0.0	0.0	0.0
CRACR2B	na	0.0	0.0	0.0	0.0	0.0	0.0	0.0
CD151	na	0.07518597634185971	0.010345841761135004	0.13642048418097522	0.17028292773080267	0.09351434865800906	0.03866601915304095	0.09643425591244505
POLR2L	na	0.21929859195252524	0.24693132515253924	0.1690460464359852	0.2102613060886937	0.16789084667769716	0.2415547008401056	0.312759107538815
TSPAN4	na	0.0	0.0	0.0	0.0	0.0	0.0	0.0
CHID1	na	0.0	0.0	0.0	0.0	0.0	0.0	0.0
AP2A2	na	0.0	0.0	0.0	0.0	0.0	0.0	0.0
MUC2	na	0.0	0.0	0.0	0.0	0.0	0.0	0.0
MUC5B	na	0.09853958427596897	1.4317825429761364e-28	0.5362022517128874	0.5604618254137808	0.3131746748624032	1.6620313196875192e-28	2.231186416423246e-23
TOLLIP	na	0.0	0.0	0.0	0.0	0.0	0.0	0.0
TOLLIP-AS1	na	0.0	0.0	0.0	0.0	0.0	0.0	0.0
BRSK2	na	0.0	0.0	0.0	0.0	0.0	0.0	0.0
MOB2	na	0.0	0.0	0.0	0.0	0.0	0.0	0.0
DUSP8	na	0.0	0.0	0.0	0.0	0.0	0.0	0.0
IFITM10	na	0.0	0.0	0.0	0.0	0.0	0.0	0.0
CTSD	na	0.2732381578147605	0.10712314064362019	0.3573757427625613	0.4539478004118015	0.27470962713919267	0.23644344191688843	0.33393598929934726
TNNI2	na	0.0	0.0	0.0	0.0	0.0	0.0	0.0
LSP1	na	0.0	0.0	0.0	0.0	0.0	0.0	0.0
MRPL23	na	0.0	0.0	0.0	0.0	0.0	0.0	0.0
TH	na	0.0	0.0	0.0	0.0	0.0	0.0	0.0
ASCL2	na	0.0	0.0	0.0	0.0	0.0	0.0	0.0
CD81	na	0.16877635714163605	0.08043058506889346	0.21348415404731122	0.22773572157168762	0.1586493741421158	0.12704603492547	0.22698747909971492
TSSC4	na	0.0	0.0	0.0	0.0	0.0	0.0	0.0
KCNQ1	na	0.0	0.0	0.0	0.0	0.0	0.0	0.0
KCNQ1OT1	na	0.0	0.0	0.0	0.0	0.0	0.0	0.0
CDKN1C	na	0.0	0.0	0.0	0.0	0.0	0.0	0.0
SLC22A18AS	na	0.0	0.0	0.0	0.0	0.0	0.0	0.0
SLC22A18	na	0.0	0.0	0.0	0.0	0.0	0.0	0.0
PHLDA2	na	0.0	0.0	0.0	0.0	0.0	0.0	0.0
NAP1L4	na	0.05900242769503699	6.39006365410595e-18	0.1163523109977661	0.15635014095884486	0.09231788290169109	0.0008676586099843919	0.054105556079632
CARS	na	0.0	0.0	0.0	0.0	0.0	0.0	0.0
OSBPL5	na	0.0	0.0	0.0	0.0	0.0	0.0	0.0
ZNF195	na	0.0	0.0	0.0	0.0	0.0	0.0	0.0
CHRNA10	na	0.0	0.0	0.0	0.0	0.0	0.0	0.0
NUP98	na	0.0	0.0	0.0	0.0	0.0	0.0	0.0
PGAP2	na	0.0	0.0	0.0	0.0	0.0	0.0	0.0
RHOG	na	0.0	0.0	0.0	0.0	0.0	0.0	0.0
STIM1	na	0.0	0.0	0.0	0.0	0.0	0.0	0.0
RRM1	na	0.0	0.0	0.0	0.0	0.0	0.0	0.0
TRIM21	na	0.0	0.0	0.0	0.0	0.0	0.0	0.0
TRIM68	na	0.0	0.0	0.0	0.0	0.0	0.0	0.0
OR51E1	na	0.0	0.0	0.0	0.0	0.0	0.0	0.0
HBB	na	0.0	0.0	0.0	0.0	0.0	0.0	0.0
UBQLNL	na	0.0	0.0	0.0	0.0	0.0	0.0	0.0
TRIM6	na	0.0	0.0	0.0	0.0	0.0	0.0	0.0
TRIM5	na	0.0	0.0	0.0	0.0	0.0	0.0	0.0
TRIM22	na	0.0	0.0	0.0	0.0	0.0	0.0	0.0
FAM160A2	na	0.0	0.0	0.0	0.0	0.0	0.0	0.0
CAVIN3	na	0.0	0.0	0.0	0.0	0.0	0.0	0.0
SMPD1	na	0.0	0.0	0.0	0.0	0.0	0.0	0.0
APBB1	na	0.0	0.0	0.0	0.0	0.0	0.0	0.0
HPX	na	0.0	0.0	0.0	0.0	0.0	0.0	0.0
TRIM3	na	0.0	0.0	0.0	0.0	0.0	0.0	0.0
ARFIP2	na	0.0	0.0	0.0	0.0	0.0	0.0	0.0
TIMM10B	na	0.0	0.0	0.0	0.0	0.0	0.0	0.0
DNHD1	na	0.0	0.0	0.0	0.0	0.0	0.0	0.0
RRP8	na	0.0	0.0	0.0	0.0	0.0	0.0	0.0
ILK	na	0.0	0.0	0.0	0.0	0.0	0.0	0.0
TAF10	na	0.0	0.0	0.0	0.0	0.0	0.0	0.0
TPP1	na	0.0	0.0	0.0	0.0	0.0	0.0	0.0
DCHS1	na	0.0	0.0	0.0	0.0	0.0	0.0	0.0
MRPL17	na	0.0	0.0	0.0	0.0	0.0	0.0	0.0
SYT9	na	0.0	0.0	0.0	0.0	0.0	0.0	0.0
OLFML1	na	0.0	0.0	0.0	0.0	0.0	0.0	0.0
PPFIBP2	na	0.0	0.0	0.0	0.0	0.0	0.0	0.0
CYB5R2	na	0.0	0.0	0.0	0.0	0.0	0.0	0.0
EIF3F	na	0.06020178971762008	0.008458752198598483	0.10122747282471896	0.1177298556225522	0.07019572212143337	0.03675287553535406	0.06254346238634208
RIC3	na	0.0	0.0	0.0	0.0	0.0	0.0	0.0
TRIM66	na	0.0	0.0	0.0	0.0	0.0	0.0	0.0
RPL27A	na	0.3288576011423563	0.49101595285218724	0.3164166305551475	0.3130481894771589	0.2916852671232507	0.43405830874632045	0.6069404210858955
ST5	na	0.0	0.0	0.0	0.0	0.0	0.0	0.0
AKIP1	na	0.0	0.0	0.0	0.0	0.0	0.0	0.0
TMEM9B	na	0.0	0.0	0.0	0.0	0.0	0.0	0.0
NRIP3	na	0.0	0.0	0.0	0.0	0.0	0.0	0.0
SCUBE2	na	0.0	0.0	0.0	0.0	0.0	0.0	0.0
DENND5A	na	0.0	0.0	0.0	0.0	0.0	0.0	0.0
TMEM41B	na	0.0	0.0	0.0	0.0	0.0	0.0	0.0
IPO7	na	0.0	0.0	0.0	0.0	0.0	0.0	0.0
ZNF143	na	0.0	0.0	0.0	0.0	0.0	0.0	0.0
WEE1	na	0.0	0.0	0.0	0.0	0.0	0.0	0.0
SWAP70	na	0.0	0.0	0.0	0.0	0.0	0.0	0.0
SBF2-AS1	na	0.0	0.0	0.0	0.0	0.0	0.0	0.0
SBF2	na	0.0	0.0	0.0	0.0	0.0	0.0	0.0
ADM	na	0.0	0.0	0.0	0.0	0.0	0.0	0.0
AMPD3	na	0.0	0.0	0.0	0.0	0.0	0.0	0.0
MTRNR2L8	na	0.0	0.0	0.0	0.0	0.0	0.0	0.0
RNF141	na	0.0	0.0	0.0	0.0	0.0	0.0	0.0
MRVI1	na	0.0	0.0	0.0	0.0	0.0	0.0	0.0
CTR9	na	0.0	0.0	0.0	0.0	0.0	0.0	0.0
EIF4G2	na	0.11088088930087524	0.05215724216477101	0.17330373980565944	0.21734052095504167	0.12189212100834966	0.08762080386074253	0.1551879817517563
ZBED5	na	0.0	0.0	0.0	0.0	0.0	0.0	0.0
ZBED5-AS1	na	0.0	0.0	0.0	0.0	0.0	0.0	0.0
GALNT18	na	0.0	0.0	0.0	0.0	0.0	0.0	0.0
AC104031.1	na	0.0	0.0	0.0	0.0	0.0	0.0	0.0
USP47	na	0.0	0.0	0.0	0.0	0.0	0.0	0.0
DKK3	na	0.0	0.0	0.0	0.0	0.0	0.0	0.0
MICAL2	na	0.0	0.0	0.0	0.0	0.0	0.0	0.0
PARVA	na	0.0	0.0	0.0	0.0	0.0	0.0	0.0
TEAD1	na	0.0	0.0	0.0	0.0	0.0	0.0	0.0
RASSF10	na	0.0	0.0	0.0	0.0	0.0	0.0	0.0
ARNTL	na	0.0	0.0	0.0	0.0	0.0	0.0	0.0
BTBD10	na	0.0	0.0	0.0	0.0	0.0	0.0	0.0
FAR1	na	0.0	0.0	0.0	0.0	0.0	0.0	0.0
SPON1	na	0.0	0.0	0.0	0.0	0.0	0.0	0.0
RRAS2	na	0.0	0.0	0.0	0.0	0.0	0.0	0.0
COPB1	na	0.0	0.0	0.0	0.0	0.0	0.0	0.0
PSMA1	na	0.04990920916251635	2.0366393589268045e-18	0.12663425416843807	0.14388560546322443	0.07908878026513827	0.022999965390314816	0.055218000509374886
CYP2R1	na	0.0	0.0	0.0	0.0	0.0	0.0	0.0
C11orf58	na	0.08706017683294498	0.005851622668670318	0.1111138771318478	0.118131959755999	0.0664971924083281	0.04188128728069823	0.050551325544853906
PLEKHA7	na	0.0	0.0	0.0	0.0	0.0	0.0	0.0
RPS13	na	0.6113225159484171	0.9711412268011763	0.3616361818984665	0.4939393539343483	0.4262174425127137	0.6900660730979139	0.9242731829473279
PIK3C2A	na	0.0	0.0	0.0	0.0	0.0	0.0	0.0
NUCB2	na	0.0	0.0	0.0	0.0	0.0	0.0	0.0
AC124798.1	na	0.0	0.0	0.0	0.0	0.0	0.0	0.0
KCNJ11	na	0.0	0.0	0.0	0.0	0.0	0.0	0.0
ABCC8	na	0.0	0.0	0.0	0.0	0.0	0.0	0.0
SERGEF	na	0.0	0.0	0.0	0.0	0.0	0.0	0.0
SAAL1	na	0.0	0.0	0.0	0.0	0.0	0.0	0.0
SAA1	na	0.0	0.0	0.0	0.0	0.0	0.0	0.0
HPS5	na	0.0	0.0	0.0	0.0	0.0	0.0	0.0
GTF2H1	na	0.0	0.0	0.0	0.0	0.0	0.0	0.0
LDHA	na	0.11599756759420468	0.10635379695360045	0.18119031971880192	0.27342570951244227	0.15436913073335243	0.15956795391373274	0.2231402610872893
LDHC	na	0.0	0.0	0.0	0.0	0.0	0.0	0.0
TSG101	na	0.0	0.0	0.0	0.0	0.0	0.0	0.0
UEVLD	na	0.0	0.0	0.0	0.0	0.0	0.0	0.0
SPTY2D1OS	na	0.0	0.0	0.0	0.0	0.0	0.0	0.0
SPTY2D1	na	0.0	0.0	0.0	0.0	0.0	0.0	0.0
TMEM86A	na	0.0	0.0	0.0	0.0	0.0	0.0	0.0
ZDHHC13	na	0.0	0.0	0.0	0.0	0.0	0.0	0.0
E2F8	na	0.0	0.0	0.0	0.0	0.0	0.0	0.0
NAV2	na	0.0	0.0	0.0	0.0	0.0	0.0	0.0
HTATIP2	na	0.0	0.0	0.0	0.0	0.0	0.0	0.0
PRMT3	na	0.0	0.0	0.0	0.0	0.0	0.0	0.0
FANCF	na	0.0	0.0	0.0	0.0	0.0	0.0	0.0
SVIP	na	0.0	0.0	0.0	0.0	0.0	0.0	0.0
FIBIN	na	0.0	0.0	0.0	0.0	0.0	0.0	0.0
CCDC34	na	0.0	0.0	0.0	0.0	0.0	0.0	0.0
LGR4	na	0.0	0.0	0.0	0.0	0.0	0.0	0.0
LIN7C	na	0.0	0.0	0.0	0.0	0.0	0.0	0.0
KIF18A	na	0.0	0.0	0.0	0.0	0.0	0.0	0.0
METTL15	na	0.0	0.0	0.0	0.0	0.0	0.0	0.0
ARL14EP	na	0.0	0.0	0.0	0.0	0.0	0.0	0.0
DNAJC24	na	0.0	0.0	0.0	0.0	0.0	0.0	0.0
IMMP1L	na	0.0	0.0	0.0	0.0	0.0	0.0	0.0
ELP4	na	0.0	0.0	0.0	0.0	0.0	0.0	0.0
RCN1	na	0.0	0.0	0.0	0.0	0.0	0.0	0.0
WT1	na	0.0	0.0	0.0	0.0	0.0	0.0	0.0
EIF3M	na	0.0	0.0	0.0	0.0	0.0	0.0	0.0
PRRG4	na	0.0	0.0	0.0	0.0	0.0	0.0	0.0
QSER1	na	0.0	0.0	0.0	0.0	0.0	0.0	0.0
TCP11L1	na	0.0	0.0	0.0	0.0	0.0	0.0	0.0
LINC00294	na	0.0	0.0	0.0	0.0	0.0	0.0	0.0
CSTF3	na	0.0	0.0	0.0	0.0	0.0	0.0	0.0
HIPK3	na	0.0	0.0	0.0	0.0	0.0	0.0	0.0
KIAA1549L	na	0.0	0.0	0.0	0.0	0.0	0.0	0.0
CD59	na	0.06322195339890513	9.911603570365999e-16	0.12289983992617097	0.1281688858225571	0.07628755480035265	0.015994917098285343	0.04806841411605222
FBXO3	na	0.0	0.0	0.0	0.0	0.0	0.0	0.0
LMO2	na	0.0	0.0	0.0	0.0	0.0	0.0	0.0
CAPRIN1	na	0.0	0.0	0.0	0.0	0.0	0.0	0.0
NAT10	na	0.0	0.0	0.0	0.0	0.0	0.0	0.0
ABTB2	na	0.0	0.0	0.0	0.0	0.0	0.0	0.0
CAT	na	0.0	0.0	0.0	0.0	0.0	0.0	0.0
ELF5	na	0.0	0.0	0.0	0.0	0.0	0.0	0.0
EHF	na	0.0	0.0	0.0	0.0	0.0	0.0	0.0
APIP	na	0.0	0.0	0.0	0.0	0.0	0.0	0.0
PDHX	na	0.0	0.0	0.0	0.0	0.0	0.0	0.0
CD44	na	0.0	0.0	0.0	0.0	0.0	0.0	0.0
SLC1A2	na	0.0	0.0	0.0	0.0	0.0	0.0	0.0
FJX1	na	0.0	0.0	0.0	0.0	0.0	0.0	0.0
TRIM44	na	0.0	0.0	0.0	0.0	0.0	0.0	0.0
LDLRAD3	na	0.0	0.0	0.0	0.0	0.0	0.0	0.0
COMMD9	na	0.0	0.0	0.0	0.0	0.0	0.0	0.0
PRR5L	na	0.0	0.0	0.0	0.0	0.0	0.0	0.0
TRAF6	na	0.0	0.0	0.0	0.0	0.0	0.0	0.0
C11orf74	na	0.0	0.0	0.0	0.0	0.0	0.0	0.0
API5	na	0.0	0.0	0.0	0.0	0.0	0.0	0.0
TTC17	na	0.0	0.0	0.0	0.0	0.0	0.0	0.0
HSD17B12	na	0.0	0.0	0.0	0.0	0.0	0.0	0.0
ALKBH3	na	0.0	0.0	0.0	0.0	0.0	0.0	0.0
C11orf96	na	0.0	0.0	0.0	0.0	0.0	0.0	0.0
ACCS	na	0.0	0.0	0.0	0.0	0.0	0.0	0.0
EXT2	na	0.0	0.0	0.0	0.0	0.0	0.0	0.0
CD82	na	0.0	0.0	0.0	0.0	0.0	0.0	0.0
TSPAN18	na	0.0	0.0	0.0	0.0	0.0	0.0	0.0
TP53I11	na	0.06694022470223879	1.8744043946906236e-21	0.13239529894155347	0.16042483544353586	0.08797503552263078	2.2934160475485714e-18	0.04489987083735432
PRDM11	na	0.0	0.0	0.0	0.0	0.0	0.0	0.0
CHST1	na	0.0	0.0	0.0	0.0	0.0	0.0	0.0
SLC35C1	na	0.0	0.0	0.0	0.0	0.0	0.0	0.0
CRY2	na	0.0	0.0	0.0	0.0	0.0	0.0	0.0
MAPK8IP1	na	0.0	0.0	0.0	0.0	0.0	0.0	0.0
PEX16	na	0.0	0.0	0.0	0.0	0.0	0.0	0.0
LARGE2	na	0.0	0.0	0.0	0.0	0.0	0.0	0.0
PHF21A	na	0.0	0.0	0.0	0.0	0.0	0.0	0.0
LINC02489	na	0.0	0.0	0.0	0.0	0.0	0.0	0.0
CREB3L1	na	0.0	0.0	0.0	0.0	0.0	0.0	0.0
DGKZ	na	0.0	0.0	0.0	0.0	0.0	0.0	0.0
MDK	na	0.2225205908072147	0.1322583284315085	0.26314735800468436	0.42864204536869177	0.23074882212183737	0.1799187420478492	0.24874788846725196
AMBRA1	na	0.0	0.0	0.0	0.0	0.0	0.0	0.0
HARBI1	na	0.0	0.0	0.0	0.0	0.0	0.0	0.0
ATG13	na	0.0	0.0	0.0	0.0	0.0	0.0	0.0
ARHGAP1	na	0.0723824194627787	1.7707271424759062e-22	0.12474065436752173	0.14699112424259883	0.0819618453189076	2.537524348043032e-15	0.033705600439842276
ZNF408	na	0.0	0.0	0.0	0.0	0.0	0.0	0.0
CKAP5	na	0.0	0.0	0.0	0.0	0.0	0.0	0.0
C11orf49	na	0.0	0.0	0.0	0.0	0.0	0.0	0.0
ARFGAP2	na	0.0	0.0	0.0	0.0	0.0	0.0	0.0
PACSIN3	na	0.0	0.0	0.0	0.0	0.0	0.0	0.0
DDB2	na	0.0	0.0	0.0	0.0	0.0	0.0	0.0
ACP2	na	0.0	0.0	0.0	0.0	0.0	0.0	0.0
NR1H3	na	0.0	0.0	0.0	0.0	0.0	0.0	0.0
MADD	na	0.0	0.0	0.0	0.0	0.0	0.0	0.0
SPI1	na	0.0	0.0	0.0	0.0	0.0	0.0	0.0
SLC39A13	na	0.0	0.0	0.0	0.0	0.0	0.0	0.0
PSMC3	na	0.0	0.0	0.0	0.0	0.0	0.0	0.0
CELF1	na	0.0	0.0	0.0	0.0	0.0	0.0	0.0
NDUFS3	na	0.0	0.0	0.0	0.0	0.0	0.0	0.0
PTPMT1	na	0.0	0.0	0.0	0.0	0.0	0.0	0.0
KBTBD4	na	0.0	0.0	0.0	0.0	0.0	0.0	0.0
C1QTNF4	na	0.0	0.0	0.0	0.0	0.0	0.0	0.0
MTCH2	na	0.0	0.0	0.0	0.0	0.0	0.0	0.0
FNBP4	na	0.0	0.0	0.0	0.0	0.0	0.0	0.0
NUP160	na	0.0	0.0	0.0	0.0	0.0	0.0	0.0
PTPRJ	na	0.0	0.0	0.0	0.0	0.0	0.0	0.0
FOLH1	na	0.0	0.0	0.0	0.0	0.0	0.0	0.0
APLNR	na	0.0	0.0	0.0	0.0	0.0	0.0	0.0
TNKS1BP1	na	0.0	0.0	0.0	0.0	0.0	0.0	0.0
SSRP1	na	0.0	0.0	0.0	0.0	0.0	0.0	0.0
SLC43A3	na	0.0	0.0	0.0	0.0	0.0	0.0	0.0
RTN4RL2	na	0.0	0.0	0.0	0.0	0.0	0.0	0.0
SLC43A1	na	0.0	0.0	0.0	0.0	0.0	0.0	0.0
TIMM10	na	0.0	0.0	0.0	0.0	0.0	0.0	0.0
UBE2L6	na	0.07732560116236092	0.011049956641413262	0.11409008876965583	0.12628200849837773	0.07678358982199623	0.03538466135801854	0.03542198918401352
SERPING1	na	0.0	0.0	0.0	0.0	0.0	0.0	0.0
CLP1	na	0.0	0.0	0.0	0.0	0.0	0.0	0.0
ZDHHC5	na	0.0	0.0	0.0	0.0	0.0	0.0	0.0
MED19	na	0.0	0.0	0.0	0.0	0.0	0.0	0.0
TMX2	na	0.05210782073859686	1.6142222909306295e-21	0.11663075885640414	0.1466458919792091	0.08621808271888645	0.0028528139287505917	0.03919487728941323
SELENOH	na	0.13825413813589604	0.03836497533610854	0.1923637273598339	0.25578600771393145	0.13688401901687214	0.0431216603215879	0.11157970435676637
CTNND1	na	0.0651787020750099	2.1469678786173405e-22	0.11963172882271404	0.13005886250755525	0.07727076013931196	0.011296402075480386	0.04379610318798224
LPXN	na	0.0	0.0	0.0	0.0	0.0	0.0	0.0
ZFP91	na	0.0	0.0	0.0	0.0	0.0	0.0	0.0
FAM111B	na	0.0	0.0	0.0	0.0	0.0	0.0	0.0
FAM111A-DT	na	0.0	0.0	0.0	0.0	0.0	0.0	0.0
FAM111A	na	0.0	0.0	0.0	0.0	0.0	0.0	0.0
DTX4	na	0.0	0.0	0.0	0.0	0.0	0.0	0.0
MPEG1	na	0.0	0.0	0.0	0.0	0.0	0.0	0.0
OSBP	na	0.0	0.0	0.0	0.0	0.0	0.0	0.0
PATL1	na	0.0	0.0	0.0	0.0	0.0	0.0	0.0
STX3	na	0.0	0.0	0.0	0.0	0.0	0.0	0.0
MRPL16	na	0.0	0.0	0.0	0.0	0.0	0.0	0.0
TCN1	na	0.0	0.0	0.0	0.0	0.0	0.0	0.0
MS4A6A	na	0.0	0.0	0.0	0.0	0.0	0.0	0.0
MS4A4A	na	0.0	0.0	0.0	0.0	0.0	0.0	0.0
MS4A7	na	0.0	0.0	0.0	0.0	0.0	0.0	0.0
MS4A14	na	0.0	0.0	0.0	0.0	0.0	0.0	0.0
CCDC86	na	0.0	0.0	0.0	0.0	0.0	0.0	0.0
ZP1	na	0.0	0.0	0.0	0.0	0.0	0.0	0.0
PRPF19	na	0.0	0.0	0.0	0.0	0.0	0.0	0.0
TMEM109	na	0.0	0.0	0.0	0.0	0.0	0.0	0.0
TMEM132A	na	0.07554112352900522	2.7682952271061077e-23	0.15787903596516575	0.19609945932204306	0.10620644021708378	1.0506874237369703e-14	0.08327330572796507
SLC15A3	na	0.0	0.0	0.0	0.0	0.0	0.0	0.0
CD6	na	0.0	0.0	0.0	0.0	0.0	0.0	0.0
CD5	na	0.0	0.0	0.0	0.0	0.0	0.0	0.0
VPS37C	na	0.0	0.0	0.0	0.0	0.0	0.0	0.0
DDB1	na	0.06503181823724304	3.571875150393013e-18	0.14208506688169736	0.16495052711036692	0.09488857915838202	0.027918095224054182	0.0704339710138893
TKFC	na	0.0	0.0	0.0	0.0	0.0	0.0	0.0
CYB561A3	na	0.0	0.0	0.0	0.0	0.0	0.0	0.0
TMEM138	na	0.0	0.0	0.0	0.0	0.0	0.0	0.0
TMEM216	na	0.0	0.0	0.0	0.0	0.0	0.0	0.0
CPSF7	na	0.0	0.0	0.0	0.0	0.0	0.0	0.0
SDHAF2	na	0.0	0.0	0.0	0.0	0.0	0.0	0.0
PPP1R32	na	0.0	0.0	0.0	0.0	0.0	0.0	0.0
LRRC10B	na	0.0	0.0	0.0	0.0	0.0	0.0	0.0
SYT7	na	0.0	0.0	0.0	0.0	0.0	0.0	0.0
DAGLA	na	0.0	0.0	0.0	0.0	0.0	0.0	0.0
TMEM258	na	0.21227175737952494	0.2833251748992425	0.20020069723986475	0.2694319129294454	0.19304288971750885	0.19823178259508553	0.2843436592006508
FEN1	na	0.0	0.0	0.0	0.0	0.0	0.0	0.0
FADS2	na	0.0	0.0	0.0	0.0	0.0	0.0	0.0
FADS1	na	0.0	0.0	0.0	0.0	0.0	0.0	0.0
FADS3	na	0.0	0.0	0.0	0.0	0.0	0.0	0.0
RAB3IL1	na	0.0	0.0	0.0	0.0	0.0	0.0	0.0
BEST1	na	0.0	0.0	0.0	0.0	0.0	0.0	0.0
FTH1	na	1.7281425129427654	2.44691898165176	1.6174064301378008	1.7572927375518557	1.5213076108519077	2.195377797365248	3.1314431610470397
INCENP	na	0.0	0.0	0.0	0.0	0.0	0.0	0.0
SCGB2A1	na	0.0	0.0	0.0	0.0	0.0	0.0	0.0
AHNAK	na	0.07522472823246087	1.946121217139674e-18	0.17261772109905496	0.18622523295937843	0.11277966416269514	0.03568990633168826	0.07949046534757585
EEF1G	na	0.0	0.0	0.0	0.0	0.0	0.0	0.0
TUT1	na	0.0	0.0	0.0	0.0	0.0	0.0	0.0
MTA2	na	0.0	0.0	0.0	0.0	0.0	0.0	0.0
EML3	na	0.0	0.0	0.0	0.0	0.0	0.0	0.0
ROM1	na	0.0	0.0	0.0	0.0	0.0	0.0	0.0
B3GAT3	na	0.0	0.0	0.0	0.0	0.0	0.0	0.0
GANAB	na	0.05443217996770103	4.172916416438108e-26	0.14509554006682826	0.1687645155614685	0.10040907532269752	4.434029376066263e-24	0.03379749711040757
INTS5	na	0.0	0.0	0.0	0.0	0.0	0.0	0.0
C11orf98	na	0.0	0.0	0.0	0.0	0.0	0.0	0.0
CSKMT	na	0.05721060121814809	2.5888621405686595e-20	0.1438021656298146	0.15101210902109719	0.08751031820780791	0.06502808186324112	0.06880480804154275
UQCC3	na	0.08571363073251537	0.002743414148116712	0.11476248355572473	0.15904999827788305	0.09032647279911794	0.026893175268799554	0.06932011170132911
UBXN1	na	0.0	0.0	0.0	0.0	0.0	0.0	0.0
BSCL2	na	0.0	0.0	0.0	0.0	0.0	0.0	0.0
HNRNPUL2	na	0.0	0.0	0.0	0.0	0.0	0.0	0.0
TTC9C	na	0.0	0.0	0.0	0.0	0.0	0.0	0.0
ZBTB3	na	0.0	0.0	0.0	0.0	0.0	0.0	0.0
POLR2G	na	0.0	0.0	0.0	0.0	0.0	0.0	0.0
TAF6L	na	0.0	0.0	0.0	0.0	0.0	0.0	0.0
TMEM223	na	0.0	0.0	0.0	0.0	0.0	0.0	0.0
AP001160.3	na	0.0	0.0	0.0	0.0	0.0	0.0	0.0
TMEM179B	na	0.0	0.0	0.0	0.0	0.0	0.0	0.0
NXF1	na	0.0	0.0	0.0	0.0	0.0	0.0	0.0
STX5	na	0.0	0.0	0.0	0.0	0.0	0.0	0.0
WDR74	na	0.0	0.0	0.0	0.0	0.0	0.0	0.0
SLC3A2	na	0.07393948030734779	5.59147762438945e-19	0.1545423461635945	0.1780176702849111	0.10274073112126426	0.004556762531613329	0.037388496918694426
CHRM1	na	0.0	0.0	0.0	0.0	0.0	0.0	0.0
AP000438.1	na	0.0	0.0	0.0	0.0	0.0	0.0	0.0
RARRES3	na	0.0914516961890656	0.06786217739286686	0.10912822969830337	0.18232318155754906	0.09792809172465117	0.11360454858879152	0.11986580353604091
HRASLS2	na	0.0	0.0	0.0	0.0	0.0	0.0	0.0
PLA2G16	na	0.0	0.0	0.0	0.0	0.0	0.0	0.0
ATL3	na	0.0	0.0	0.0	0.0	0.0	0.0	0.0
RTN3	na	0.11065180724062171	0.0030991513407105766	0.1632948681923594	0.20118013641066168	0.10743010564015959	0.05680095890338741	0.107000295173885
C11orf95	na	0.0	0.0	0.0	0.0	0.0	0.0	0.0
SPINDOC	na	0.0	0.0	0.0	0.0	0.0	0.0	0.0
MARK2	na	0.0	0.0	0.0	0.0	0.0	0.0	0.0
RCOR2	na	0.0	0.0	0.0	0.0	0.0	0.0	0.0
NAA40	na	0.0	0.0	0.0	0.0	0.0	0.0	0.0
COX8A	na	0.2852220101726209	0.37218177809731406	0.3246618518799182	0.3305752862781933	0.27710436803521044	0.3284772361020736	0.5021028475012144
OTUB1	na	0.047496153207842486	8.518575751122439e-20	0.11969450880751817	0.16016471418695502	0.08726869753698235	0.01302958069907739	0.0660700847351433
MACROD1	na	0.0	0.0	0.0	0.0	0.0	0.0	0.0
STIP1	na	0.05064577877814805	0.009213554729638989	0.11844226219518314	0.1254390737187361	0.0736364966801747	0.01559846852111106	0.06475528699241098
FERMT3	na	0.0	0.0	0.0	0.0	0.0	0.0	0.0
TRPT1	na	0.0	0.0	0.0	0.0	0.0	0.0	0.0
NUDT22	na	0.0	0.0	0.0	0.0	0.0	0.0	0.0
DNAJC4	na	0.0	0.0	0.0	0.0	0.0	0.0	0.0
VEGFB	na	0.0	0.0	0.0	0.0	0.0	0.0	0.0
FKBP2	na	0.06544698884410632	4.4750307253959935e-18	0.13118952738261588	0.17652847298249622	0.09666359368377533	0.0049884324692504095	0.04318353942521033
PPP1R14B	na	0.13197805626650644	0.05374935956273311	0.15948166221177357	0.18422668507769183	0.12142767269861222	0.0853409506808924	0.1770475379344631
AP001453.2	na	0.0	0.0	0.0	0.0	0.0	0.0	0.0
PLCB3	na	0.0	0.0	0.0	0.0	0.0	0.0	0.0
BAD	na	0.07778678379124698	0.0007993829289659026	0.10140472321952382	0.1299808301950452	0.073074527139862	0.03387015267260011	0.04128057969338299
GPR137	na	0.0	0.0	0.0	0.0	0.0	0.0	0.0
CATSPERZ	na	0.0	0.0	0.0	0.0	0.0	0.0	0.0
ESRRA	na	0.0	0.0	0.0	0.0	0.0	0.0	0.0
TRMT112	na	0.17027194496343367	0.12444629718602865	0.2020345035645852	0.21581128134890365	0.1511426898099034	0.1176447629164052	0.22015667849369225
PRDX5	na	0.15680499634429157	0.10624160806080446	0.17534640010527996	0.20428851569145987	0.13889496217389902	0.12555875001360908	0.18068982018028737
CCDC88B	na	0.0	0.0	0.0	0.0	0.0	0.0	0.0
RPS6KA4	na	0.0	0.0	0.0	0.0	0.0	0.0	0.0
NRXN2	na	0.0	0.0	0.0	0.0	0.0	0.0	0.0
RASGRP2	na	0.0	0.0	0.0	0.0	0.0	0.0	0.0
SF1	na	0.055485611950031974	3.018532701339156e-16	0.15505481749672653	0.16297456861060305	0.0992942151008903	6.975992671484462e-15	0.02026395685315097
MAP4K2	na	0.0	0.0	0.0	0.0	0.0	0.0	0.0
MEN1	na	0.0	0.0	0.0	0.0	0.0	0.0	0.0
CDC42BPG	na	0.0	0.0	0.0	0.0	0.0	0.0	0.0
EHD1	na	0.0	0.0	0.0	0.0	0.0	0.0	0.0
ATG2A	na	0.0	0.0	0.0	0.0	0.0	0.0	0.0
PPP2R5B	na	0.0	0.0	0.0	0.0	0.0	0.0	0.0
BATF2	na	0.0	0.0	0.0	0.0	0.0	0.0	0.0
ARL2	na	0.0	0.0	0.0	0.0	0.0	0.0	0.0
SNX15	na	0.0	0.0	0.0	0.0	0.0	0.0	0.0
SAC3D1	na	0.0	0.0	0.0	0.0	0.0	0.0	0.0
NAALADL1	na	0.0	0.0	0.0	0.0	0.0	0.0	0.0
CDCA5	na	0.0	0.0	0.0	0.0	0.0	0.0	0.0
ZFPL1	na	0.0	0.0	0.0	0.0	0.0	0.0	0.0
VPS51	na	0.0	0.0	0.0	0.0	0.0	0.0	0.0
TM7SF2	na	0.0	0.0	0.0	0.0	0.0	0.0	0.0
ZNHIT2	na	0.0	0.0	0.0	0.0	0.0	0.0	0.0
FAU	na	0.3720915608331716	0.5711497745852161	0.28729479230946287	0.30863759831201193	0.2917651554947675	0.44018584329808824	0.625025525819042
SYVN1	na	0.0	0.0	0.0	0.0	0.0	0.0	0.0
MRPL49	na	0.0	0.0	0.0	0.0	0.0	0.0	0.0
SPDYC	na	0.0	0.0	0.0	0.0	0.0	0.0	0.0
CAPN1	na	0.0	0.0	0.0	0.0	0.0	0.0	0.0
POLA2	na	0.0	0.0	0.0	0.0	0.0	0.0	0.0
CDC42EP2	na	0.0	0.0	0.0	0.0	0.0	0.0	0.0
DPF2	na	0.0	0.0	0.0	0.0	0.0	0.0	0.0
TIGD3	na	0.0	0.0	0.0	0.0	0.0	0.0	0.0
SLC25A45	na	0.0	0.0	0.0	0.0	0.0	0.0	0.0
FRMD8	na	0.0	0.0	0.0	0.0	0.0	0.0	0.0
NEAT1	na	0.06834646374919864	4.91827375057252e-21	0.1286896728002311	0.13053280112050183	0.07918735985535073	0.022083001164009717	0.027079388204529126
MALAT1	na	0.20042034965307154	0.22852692437872002	0.2971783599927775	0.4318383101274655	0.30269835475786105	0.5381457493115694	0.40311408983725633
SCYL1	na	0.0	0.0	0.0	0.0	0.0	0.0	0.0
LTBP3	na	0.0	0.0	0.0	0.0	0.0	0.0	0.0
SSSCA1	na	0.0	0.0	0.0	0.0	0.0	0.0	0.0
FAM89B	na	0.0	0.0	0.0	0.0	0.0	0.0	0.0
EHBP1L1	na	0.0	0.0	0.0	0.0	0.0	0.0	0.0
MAP3K11	na	0.0	0.0	0.0	0.0	0.0	0.0	0.0
PCNX3	na	0.0	0.0	0.0	0.0	0.0	0.0	0.0
SIPA1	na	0.0	0.0	0.0	0.0	0.0	0.0	0.0
RELA	na	0.0	0.0	0.0	0.0	0.0	0.0	0.0
KAT5	na	0.0	0.0	0.0	0.0	0.0	0.0	0.0
RNASEH2C	na	0.06846437485555354	6.180884065642615e-15	0.10958849870975579	0.14216790953900219	0.08301339903499896	0.025156211174350653	0.0603169285013024
AP5B1	na	0.0	0.0	0.0	0.0	0.0	0.0	0.0
OVOL1	na	0.0	0.0	0.0	0.0	0.0	0.0	0.0
CFL1	na	0.43772789955645247	0.4341764296214704	0.7060935135507312	0.6827878500437015	0.5024802823122146	0.4675181413645592	0.7649135885798584
MUS81	na	0.0	0.0	0.0	0.0	0.0	0.0	0.0
EFEMP2	na	0.0	0.0	0.0	0.0	0.0	0.0	0.0
CTSW	na	0.0	0.0	0.0	0.0	0.0	0.0	0.0
FIBP	na	0.0	0.0	0.0	0.0	0.0	0.0	0.0
CCDC85B	na	0.0	0.0	0.0	0.0	0.0	0.0	0.0
FOSL1	na	0.0	0.0	0.0	0.0	0.0	0.0	0.0
C11orf68	na	0.0	0.0	0.0	0.0	0.0	0.0	0.0
DRAP1	na	0.06920677495703054	0.017755636976986167	0.11139713537095608	0.12452795027625138	0.07661704926574915	0.034106531460392726	0.0828810242171078
SART1	na	0.0	0.0	0.0	0.0	0.0	0.0	0.0
EIF1AD	na	0.0	0.0	0.0	0.0	0.0	0.0	0.0
BANF1	na	0.1235197359560962	0.06217377763259438	0.14423535327888767	0.15992201715868032	0.10507772816659637	0.05201235706540832	0.12361329096286412
CST6	na	0.0	0.0	0.0	0.0	0.0	0.0	0.0
CATSPER1	na	0.0	0.0	0.0	0.0	0.0	0.0	0.0
SF3B2	na	0.07010557070521603	5.799901896292474e-19	0.1367739909706224	0.17918995743407035	0.09586663545073525	0.00016835339436984737	0.05175417389092638
PACS1	na	0.0	0.0	0.0	0.0	0.0	0.0	0.0
KLC2	na	0.0	0.0	0.0	0.0	0.0	0.0	0.0
RAB1B	na	0.0990972514860302	3.161340247446521e-14	0.21773511986096938	0.23304605431634004	0.13327602055885387	0.006012923773264494	0.08170610522756099
AP001107.2	na	0.0	0.0	0.0	0.0	0.0	0.0	0.0
CNIH2	na	0.0	0.0	0.0	0.0	0.0	0.0	0.0
YIF1A	na	0.0	0.0	0.0	0.0	0.0	0.0	0.0
CD248	na	0.0	0.0	0.0	0.0	0.0	0.0	0.0
RIN1	na	0.0	0.0	0.0	0.0	0.0	0.0	0.0
BRMS1	na	0.0	0.0	0.0	0.0	0.0	0.0	0.0
B4GAT1	na	0.0	0.0	0.0	0.0	0.0	0.0	0.0
AP001107.9	na	0.0	0.0	0.0	0.0	0.0	0.0	0.0
SLC29A2	na	0.0	0.0	0.0	0.0	0.0	0.0	0.0
MRPL11	na	0.0	0.0	0.0	0.0	0.0	0.0	0.0
PELI3	na	0.0	0.0	0.0	0.0	0.0	0.0	0.0
AP002748.3	na	0.0	0.0	0.0	0.0	0.0	0.0	0.0
DPP3	na	0.0	0.0	0.0	0.0	0.0	0.0	0.0
BBS1	na	0.0	0.0	0.0	0.0	0.0	0.0	0.0
ZDHHC24	na	0.0	0.0	0.0	0.0	0.0	0.0	0.0
CTSF	na	0.0	0.0	0.0	0.0	0.0	0.0	0.0
CCS	na	0.0	0.0	0.0	0.0	0.0	0.0	0.0
RBM14	na	0.0	0.0	0.0	0.0	0.0	0.0	0.0
RBM4	na	0.0	0.0	0.0	0.0	0.0	0.0	0.0
RBM4B	na	0.0	0.0	0.0	0.0	0.0	0.0	0.0
AP001157.1	na	0.0	0.0	0.0	0.0	0.0	0.0	0.0
SPTBN2	na	0.0	0.0	0.0	0.0	0.0	0.0	0.0
C11orf80	na	0.0	0.0	0.0	0.0	0.0	0.0	0.0
RCE1	na	0.0	0.0	0.0	0.0	0.0	0.0	0.0
PC	na	0.0	0.0	0.0	0.0	0.0	0.0	0.0
LRFN4	na	0.0	0.0	0.0	0.0	0.0	0.0	0.0
SYT12	na	0.02657812876382768	7.463437089031808e-17	0.15808198560222625	0.1601271388705463	0.10483994533124331	9.869135315352332e-17	0.01894709931734095
RHOD	na	0.0	0.0	0.0	0.0	0.0	0.0	0.0
KDM2A	na	0.0	0.0	0.0	0.0	0.0	0.0	0.0
GRK2	na	0.0	0.0	0.0	0.0	0.0	0.0	0.0
ANKRD13D	na	0.0	0.0	0.0	0.0	0.0	0.0	0.0
SSH3	na	0.0	0.0	0.0	0.0	0.0	0.0	0.0
RAD9A	na	0.0	0.0	0.0	0.0	0.0	0.0	0.0
POLD4	na	0.0	0.0	0.0	0.0	0.0	0.0	0.0
CLCF1	na	0.0	0.0	0.0	0.0	0.0	0.0	0.0
AP003419.3	na	0.0	0.0	0.0	0.0	0.0	0.0	0.0
PPP1CA	na	0.08179935691199618	2.55206979249024e-14	0.1550024345902403	0.18006788117568698	0.10471950636979757	0.028629604203824256	0.08935035628819617
TBC1D10C	na	0.0	0.0	0.0	0.0	0.0	0.0	0.0
RPS6KB2	na	0.0	0.0	0.0	0.0	0.0	0.0	0.0
CORO1B	na	0.0686152445085434	0.01819945893627318	0.11394505063819023	0.1213335576565211	0.07759794805258208	0.03444987993715682	0.06232972266431457
CABP4	na	0.0	0.0	0.0	0.0	0.0	0.0	0.0
TMEM134	na	0.0	0.0	0.0	0.0	0.0	0.0	0.0
AIP	na	0.0	0.0	0.0	0.0	0.0	0.0	0.0
PITPNM1	na	0.0	0.0	0.0	0.0	0.0	0.0	0.0
CDK2AP2	na	0.0	0.0	0.0	0.0	0.0	0.0	0.0
GSTP1	na	0.0	0.0	0.0	0.0	0.0	0.0	0.0
NDUFV1	na	0.08090705458742713	9.593693874531631e-14	0.12629224203445363	0.1514987384161415	0.09193230712516573	0.007786189811510539	0.03675071334775009
NUDT8	na	0.0	0.0	0.0	0.0	0.0	0.0	0.0
TBX10	na	0.0	0.0	0.0	0.0	0.0	0.0	0.0
ALDH3B2	na	0.0854944982173333	3.1172853010131844e-18	0.13153103063697108	0.15250142885869963	0.09423082371326659	3.4968332580137775e-17	0.04519240988978558
UNC93B1	na	0.0	0.0	0.0	0.0	0.0	0.0	0.0
ALDH3B1	na	0.0	0.0	0.0	0.0	0.0	0.0	0.0
NDUFS8	na	0.10806903515654297	0.03552437662504498	0.1234196983568439	0.1656466052973764	0.10055261459233565	0.05613968664686983	0.09612275868829913
TCIRG1	na	0.0	0.0	0.0	0.0	0.0	0.0	0.0
AP002807.1	na	0.0	0.0	0.0	0.0	0.0	0.0	0.0
CHKA	na	0.0	0.0	0.0	0.0	0.0	0.0	0.0
KMT5B	na	0.0	0.0	0.0	0.0	0.0	0.0	0.0
C11orf24	na	0.0	0.0	0.0	0.0	0.0	0.0	0.0
LRP5	na	0.0	0.0	0.0	0.0	0.0	0.0	0.0
PPP6R3	na	0.0	0.0	0.0	0.0	0.0	0.0	0.0
GAL	na	0.0	0.0	0.0	0.0	0.0	0.0	0.0
TESMIN	na	0.0	0.0	0.0	0.0	0.0	0.0	0.0
CPT1A	na	0.0	0.0	0.0	0.0	0.0	0.0	0.0
AP000808.1	na	0.0	0.0	0.0	0.0	0.0	0.0	0.0
MRPL21	na	0.0	0.0	0.0	0.0	0.0	0.0	0.0
IGHMBP2	na	0.0	0.0	0.0	0.0	0.0	0.0	0.0
TPCN2	na	0.0	0.0	0.0	0.0	0.0	0.0	0.0
MYEOV	na	0.0	0.0	0.0	0.0	0.0	0.0	0.0
AP005233.2	na	0.0	0.0	0.0	0.0	0.0	0.0	0.0
AP000439.2	na	0.0	0.0	0.0	0.0	0.0	0.0	0.0
CCND1	na	0.06938140368497905	3.5555640728810066e-15	0.19210129892021746	0.1909873043515782	0.12265545497432236	1.503219076402303e-14	0.03659444846459871
ORAOV1	na	0.0	0.0	0.0	0.0	0.0	0.0	0.0
ANO1	na	0.0	0.0	0.0	0.0	0.0	0.0	0.0
FADD	na	0.0	0.0	0.0	0.0	0.0	0.0	0.0
PPFIA1	na	0.0	0.0	0.0	0.0	0.0	0.0	0.0
CTTN	na	0.06369057237893257	6.436261094074863e-17	0.12777665895566137	0.15666825845292756	0.08840415251358273	0.0006623870204327092	0.05847293893614683
SHANK2	na	0.0	0.0	0.0	0.0	0.0	0.0	0.0
DHCR7	na	0.0	0.0	0.0	0.0	0.0	0.0	0.0
AP002387.2	na	0.0	0.0	0.0	0.0	0.0	0.0	0.0
NADSYN1	na	0.0	0.0	0.0	0.0	0.0	0.0	0.0
FAM86C1	na	0.0	0.0	0.0	0.0	0.0	0.0	0.0
AP002495.2	na	0.0	0.0	0.0	0.0	0.0	0.0	0.0
RNF121	na	0.0	0.0	0.0	0.0	0.0	0.0	0.0
IL18BP	na	0.0	0.0	0.0	0.0	0.0	0.0	0.0
NUMA1	na	0.06919496334154775	1.045291669172431e-19	0.1611893088697794	0.20152875212695953	0.10833162236164294	4.836118151454238e-17	0.05060559847483778
LRTOMT	na	0.0	0.0	0.0	0.0	0.0	0.0	0.0
LAMTOR1	na	0.10963177638511812	0.015919906492899438	0.1440413704473576	0.2055237274560809	0.11084405084726663	0.056686080431143746	0.07526660311179803
ANAPC15	na	0.0	0.0	0.0	0.0	0.0	0.0	0.0
FOLR1	na	0.0	0.0	0.0	0.0	0.0	0.0	0.0
FOLR2	na	0.0	0.0	0.0	0.0	0.0	0.0	0.0
INPPL1	na	0.0	0.0	0.0	0.0	0.0	0.0	0.0
CLPB	na	0.0	0.0	0.0	0.0	0.0	0.0	0.0
PDE2A	na	0.0	0.0	0.0	0.0	0.0	0.0	0.0
ARAP1	na	0.0	0.0	0.0	0.0	0.0	0.0	0.0
STARD10	na	0.13205858834460654	5.298657079217605e-14	0.27992877006176964	0.3377247116769513	0.18080663601940392	0.001911966340593921	0.1396392198033542
ATG16L2	na	0.0	0.0	0.0	0.0	0.0	0.0	0.0
FCHSD2	na	0.0	0.0	0.0	0.0	0.0	0.0	0.0
P2RY2	na	0.0	0.0	0.0	0.0	0.0	0.0	0.0
P2RY6	na	0.0	0.0	0.0	0.0	0.0	0.0	0.0
ARHGEF17	na	0.0	0.0	0.0	0.0	0.0	0.0	0.0
RELT	na	0.0	0.0	0.0	0.0	0.0	0.0	0.0
FAM168A	na	0.0	0.0	0.0	0.0	0.0	0.0	0.0
PLEKHB1	na	0.0	0.0	0.0	0.0	0.0	0.0	0.0
RAB6A	na	0.07121742266493689	2.520220431466357e-13	0.09972070897054298	0.1521188404771959	0.08569732589684913	0.012888053061327703	0.0926443398560654
MRPL48	na	0.0	0.0	0.0	0.0	0.0	0.0	0.0
COA4	na	0.0	0.0	0.0	0.0	0.0	0.0	0.0
PAAF1	na	0.0	0.0	0.0	0.0	0.0	0.0	0.0
UCP2	na	0.04581876491473891	2.8854963384970023e-14	0.12867011892155614	0.14997625627184397	0.08692324457673355	0.0027977134625834436	0.04906801709827047
C2CD3	na	0.0	0.0	0.0	0.0	0.0	0.0	0.0
PPME1	na	0.0	0.0	0.0	0.0	0.0	0.0	0.0
P4HA3	na	0.0	0.0	0.0	0.0	0.0	0.0	0.0
PGM2L1	na	0.0	0.0	0.0	0.0	0.0	0.0	0.0
KCNE3	na	0.0	0.0	0.0	0.0	0.0	0.0	0.0
LIPT2	na	0.0	0.0	0.0	0.0	0.0	0.0	0.0
POLD3	na	0.0	0.0	0.0	0.0	0.0	0.0	0.0
RNF169	na	0.0	0.0	0.0	0.0	0.0	0.0	0.0
XRRA1	na	0.0	0.0	0.0	0.0	0.0	0.0	0.0
SPCS2	na	0.07150618652986453	1.3890223455027941e-15	0.13307607442637245	0.14448562240640986	0.08107990085065195	0.04004263574592875	0.05361411529702545
NEU3	na	0.0	0.0	0.0	0.0	0.0	0.0	0.0
SLCO2B1	na	0.0	0.0	0.0	0.0	0.0	0.0	0.0
ARRB1	na	0.0	0.0	0.0	0.0	0.0	0.0	0.0
RPS3	na	0.6782302206131126	1.0057422597524714	0.5304659150550186	0.5203041988962377	0.5159113209453446	0.7294332428644493	1.1490909115707542
KLHL35	na	0.0	0.0	0.0	0.0	0.0	0.0	0.0
GDPD5	na	0.0	0.0	0.0	0.0	0.0	0.0	0.0
SERPINH1	na	0.07163562667864211	0.007630851688730206	0.13510815550294986	0.14903613209918803	0.09287773500662959	0.045440846333974695	0.0687674686874139
DGAT2	na	0.0	0.0	0.0	0.0	0.0	0.0	0.0
UVRAG	na	0.0	0.0	0.0	0.0	0.0	0.0	0.0
WNT11	na	0.0	0.0	0.0	0.0	0.0	0.0	0.0
THAP12	na	0.0	0.0	0.0	0.0	0.0	0.0	0.0
AP002360.3	na	0.0	0.0	0.0	0.0	0.0	0.0	0.0
AP002360.1	na	0.0	0.0	0.0	0.0	0.0	0.0	0.0
EMSY	na	0.0	0.0	0.0	0.0	0.0	0.0	0.0
LRRC32	na	0.0	0.0	0.0	0.0	0.0	0.0	0.0
TSKU	na	0.0	0.0	0.0	0.0	0.0	0.0	0.0
ACER3	na	0.0	0.0	0.0	0.0	0.0	0.0	0.0
CAPN5	na	0.0	0.0	0.0	0.0	0.0	0.0	0.0
MYO7A	na	0.0	0.0	0.0	0.0	0.0	0.0	0.0
PAK1	na	0.0	0.0	0.0	0.0	0.0	0.0	0.0
CLNS1A	na	0.0	0.0	0.0	0.0	0.0	0.0	0.0
AQP11	na	0.0	0.0	0.0	0.0	0.0	0.0	0.0
RSF1	na	0.0	0.0	0.0	0.0	0.0	0.0	0.0
AAMDC	na	0.0	0.0	0.0	0.0	0.0	0.0	0.0
INTS4	na	0.0	0.0	0.0	0.0	0.0	0.0	0.0
NDUFC2	na	0.1293658619338558	0.06527504110711681	0.19359905970752586	0.271236937815321	0.15398577116240322	0.09550610285440997	0.16300073570282209
ALG8	na	0.0	0.0	0.0	0.0	0.0	0.0	0.0
KCTD21-AS1	na	0.0	0.0	0.0	0.0	0.0	0.0	0.0
KCTD21	na	0.0	0.0	0.0	0.0	0.0	0.0	0.0
USP35	na	0.0	0.0	0.0	0.0	0.0	0.0	0.0
GAB2	na	0.0	0.0	0.0	0.0	0.0	0.0	0.0
AP003086.1	na	0.0	0.0	0.0	0.0	0.0	0.0	0.0
NARS2	na	0.0	0.0	0.0	0.0	0.0	0.0	0.0
TENM4	na	0.0	0.0	0.0	0.0	0.0	0.0	0.0
PRCP	na	0.0	0.0	0.0	0.0	0.0	0.0	0.0
DDIAS	na	0.0	0.0	0.0	0.0	0.0	0.0	0.0
RAB30	na	0.0	0.0	0.0	0.0	0.0	0.0	0.0
RAB30-AS1	na	0.0	0.0	0.0	0.0	0.0	0.0	0.0
PCF11	na	0.0	0.0	0.0	0.0	0.0	0.0	0.0
PCF11-AS1	na	0.0	0.0	0.0	0.0	0.0	0.0	0.0
ANKRD42	na	0.0	0.0	0.0	0.0	0.0	0.0	0.0
CCDC90B	na	0.0	0.0	0.0	0.0	0.0	0.0	0.0
DLG2	na	0.0	0.0	0.0	0.0	0.0	0.0	0.0
TMEM126B	na	0.0	0.0	0.0	0.0	0.0	0.0	0.0
TMEM126A	na	0.0	0.0	0.0	0.0	0.0	0.0	0.0
CREBZF	na	0.0	0.0	0.0	0.0	0.0	0.0	0.0
SYTL2	na	0.0	0.0	0.0	0.0	0.0	0.0	0.0
CCDC83	na	0.0	0.0	0.0	0.0	0.0	0.0	0.0
PICALM	na	0.0	0.0	0.0	0.0	0.0	0.0	0.0
EED	na	0.0	0.0	0.0	0.0	0.0	0.0	0.0
HIKESHI	na	0.0	0.0	0.0	0.0	0.0	0.0	0.0
CCDC81	na	0.0	0.0	0.0	0.0	0.0	0.0	0.0
ME3	na	0.0	0.0	0.0	0.0	0.0	0.0	0.0
PRSS23	na	0.0	0.0	0.0	0.0	0.0	0.0	0.0
AP001528.2	na	0.0	0.0	0.0	0.0	0.0	0.0	0.0
FZD4	na	0.0	0.0	0.0	0.0	0.0	0.0	0.0
TMEM135	na	0.0	0.0	0.0	0.0	0.0	0.0	0.0
CTSC	na	0.0	0.0	0.0	0.0	0.0	0.0	0.0
NOX4	na	0.0	0.0	0.0	0.0	0.0	0.0	0.0
CHORDC1	na	0.0	0.0	0.0	0.0	0.0	0.0	0.0
SLC36A4	na	0.0	0.0	0.0	0.0	0.0	0.0	0.0
SMCO4	na	0.0	0.0	0.0	0.0	0.0	0.0	0.0
CEP295	na	0.0	0.0	0.0	0.0	0.0	0.0	0.0
SCARNA9	na	0.0	0.0	0.0	0.0	0.0	0.0	0.0
TAF1D	na	0.0	0.0	0.0	0.0	0.0	0.0	0.0
C11orf54	na	0.0	0.0	0.0	0.0	0.0	0.0	0.0
MED17	na	0.0	0.0	0.0	0.0	0.0	0.0	0.0
PANX1	na	0.0	0.0	0.0	0.0	0.0	0.0	0.0
MRE11	na	0.0	0.0	0.0	0.0	0.0	0.0	0.0
ANKRD49	na	0.0	0.0	0.0	0.0	0.0	0.0	0.0
FUT4	na	0.0	0.0	0.0	0.0	0.0	0.0	0.0
AMOTL1	na	0.0	0.0	0.0	0.0	0.0	0.0	0.0
CWC15	na	0.0	0.0	0.0	0.0	0.0	0.0	0.0
SRSF8	na	0.0	0.0	0.0	0.0	0.0	0.0	0.0
ENDOD1	na	0.0	0.0	0.0	0.0	0.0	0.0	0.0
SESN3	na	0.0	0.0	0.0	0.0	0.0	0.0	0.0
FAM76B	na	0.0	0.0	0.0	0.0	0.0	0.0	0.0
CEP57	na	0.0	0.0	0.0	0.0	0.0	0.0	0.0
MTMR2	na	0.0	0.0	0.0	0.0	0.0	0.0	0.0
MAML2	na	0.0	0.0	0.0	0.0	0.0	0.0	0.0
CCDC82	na	0.0	0.0	0.0	0.0	0.0	0.0	0.0
JRKL	na	0.0	0.0	0.0	0.0	0.0	0.0	0.0
ARHGAP42	na	0.0	0.0	0.0	0.0	0.0	0.0	0.0
CEP126	na	0.0	0.0	0.0	0.0	0.0	0.0	0.0
YAP1	na	0.0	0.0	0.0	0.0	0.0	0.0	0.0
BIRC3	na	0.0	0.0	0.0	0.0	0.0	0.0	0.0
BIRC2	na	0.0	0.0	0.0	0.0	0.0	0.0	0.0
TMEM123	na	0.06734952509479233	0.025189218588730963	0.11985116013980128	0.1320245321007372	0.08323975176973016	0.07645899992251058	0.07043374341386029
MMP7	na	0.0	0.0	0.0	0.0	0.0	0.0	0.0
MMP1	na	0.0	0.0	0.0	0.0	0.0	0.0	0.0
MMP3	na	0.0	0.0	0.0	0.0	0.0	0.0	0.0
MMP13	na	0.0	0.0	0.0	0.0	0.0	0.0	0.0
DCUN1D5	na	0.0	0.0	0.0	0.0	0.0	0.0	0.0
DYNC2H1	na	0.0	0.0	0.0	0.0	0.0	0.0	0.0
PDGFD	na	0.0	0.0	0.0	0.0	0.0	0.0	0.0
CASP4	na	0.0	0.0	0.0	0.0	0.0	0.0	0.0
CASP1	na	0.0	0.0	0.0	0.0	0.0	0.0	0.0
CARD16	na	0.0	0.0	0.0	0.0	0.0	0.0	0.0
MSANTD4	na	0.0	0.0	0.0	0.0	0.0	0.0	0.0
KBTBD3	na	0.0	0.0	0.0	0.0	0.0	0.0	0.0
AASDHPPT	na	0.0	0.0	0.0	0.0	0.0	0.0	0.0
GUCY1A2	na	0.0	0.0	0.0	0.0	0.0	0.0	0.0
CWF19L2	na	0.0	0.0	0.0	0.0	0.0	0.0	0.0
ALKBH8	na	0.0	0.0	0.0	0.0	0.0	0.0	0.0
SLC35F2	na	0.0	0.0	0.0	0.0	0.0	0.0	0.0
CUL5	na	0.0	0.0	0.0	0.0	0.0	0.0	0.0
ACAT1	na	0.0	0.0	0.0	0.0	0.0	0.0	0.0
NPAT	na	0.0	0.0	0.0	0.0	0.0	0.0	0.0
ATM	na	0.0	0.0	0.0	0.0	0.0	0.0	0.0
KDELC2	na	0.0	0.0	0.0	0.0	0.0	0.0	0.0
EXPH5	na	0.0	0.0	0.0	0.0	0.0	0.0	0.0
DDX10	na	0.0	0.0	0.0	0.0	0.0	0.0	0.0
RDX	na	0.0	0.0	0.0	0.0	0.0	0.0	0.0
ZC3H12C	na	0.0	0.0	0.0	0.0	0.0	0.0	0.0
FDX1	na	0.0	0.0	0.0	0.0	0.0	0.0	0.0
COLCA1	na	0.0	0.0	0.0	0.0	0.0	0.0	0.0
COLCA2	na	0.0	0.0	0.0	0.0	0.0	0.0	0.0
POU2AF1	na	0.0	0.0	0.0	0.0	0.0	0.0	0.0
LAYN	na	0.0	0.0	0.0	0.0	0.0	0.0	0.0
SIK2	na	0.0	0.0	0.0	0.0	0.0	0.0	0.0
PPP2R1B	na	0.0	0.0	0.0	0.0	0.0	0.0	0.0
ALG9	na	0.0	0.0	0.0	0.0	0.0	0.0	0.0
FDXACB1	na	0.0	0.0	0.0	0.0	0.0	0.0	0.0
C11orf1	na	0.0	0.0	0.0	0.0	0.0	0.0	0.0
CRYAB	na	0.0	0.0	0.0	0.0	0.0	0.0	0.0
HSPB2	na	0.0	0.0	0.0	0.0	0.0	0.0	0.0
DIXDC1	na	0.0	0.0	0.0	0.0	0.0	0.0	0.0
DLAT	na	0.0	0.0	0.0	0.0	0.0	0.0	0.0
NKAPD1	na	0.0	0.0	0.0	0.0	0.0	0.0	0.0
TIMM8B	na	0.08576037628024254	0.06716345645040409	0.10197506001741885	0.1372115695869277	0.08698923749573893	0.07451552049675671	0.12905572202603885
SDHD	na	0.0	0.0	0.0	0.0	0.0	0.0	0.0
IL18	na	0.0	0.0	0.0	0.0	0.0	0.0	0.0
PTS	na	0.0	0.0	0.0	0.0	0.0	0.0	0.0
AP002884.1	na	0.0	0.0	0.0	0.0	0.0	0.0	0.0
TTC12	na	0.0	0.0	0.0	0.0	0.0	0.0	0.0
ZW10	na	0.0	0.0	0.0	0.0	0.0	0.0	0.0
USP28	na	0.0	0.0	0.0	0.0	0.0	0.0	0.0
NNMT	na	0.0	0.0	0.0	0.0	0.0	0.0	0.0
C11orf71	na	0.0	0.0	0.0	0.0	0.0	0.0	0.0
RBM7	na	0.0	0.0	0.0	0.0	0.0	0.0	0.0
REXO2	na	0.0	0.0	0.0	0.0	0.0	0.0	0.0
CADM1	na	0.0	0.0	0.0	0.0	0.0	0.0	0.0
LINC00900	na	0.0	0.0	0.0	0.0	0.0	0.0	0.0
BUD13	na	0.0	0.0	0.0	0.0	0.0	0.0	0.0
ZPR1	na	0.0	0.0	0.0	0.0	0.0	0.0	0.0
APOA1	na	0.0	0.0	0.0	0.0	0.0	0.0	0.0
SIK3	na	0.0	0.0	0.0	0.0	0.0	0.0	0.0
PAFAH1B2	na	0.0	0.0	0.0	0.0	0.0	0.0	0.0
SIDT2	na	0.0	0.0	0.0	0.0	0.0	0.0	0.0
TAGLN	na	0.08238503692027897	0.12760592944203714	0.12387678380376457	0.11407606863773714	0.11218321243002696	0.12388516706408419	0.18293142743471386
PCSK7	na	0.0	0.0	0.0	0.0	0.0	0.0	0.0
RNF214	na	0.0	0.0	0.0	0.0	0.0	0.0	0.0
BACE1	na	0.0	0.0	0.0	0.0	0.0	0.0	0.0
BACE1-AS	na	0.0	0.0	0.0	0.0	0.0	0.0	0.0
CEP164	na	0.0	0.0	0.0	0.0	0.0	0.0	0.0
FXYD6	na	0.0	0.0	0.0	0.0	0.0	0.0	0.0
TMPRSS13	na	0.0	0.0	0.0	0.0	0.0	0.0	0.0
IL10RA	na	0.0	0.0	0.0	0.0	0.0	0.0	0.0
SCN4B	na	0.0	0.0	0.0	0.0	0.0	0.0	0.0
JAML	na	0.0	0.0	0.0	0.0	0.0	0.0	0.0
MPZL3	na	0.0	0.0	0.0	0.0	0.0	0.0	0.0
MPZL2	na	0.0	0.0	0.0	0.0	0.0	0.0	0.0
CD3E	na	0.0	0.0	0.0	0.0	0.0	0.0	0.0
CD3D	na	0.0	0.0	0.0	0.0	0.0	0.0	0.0
CD3G	na	0.0	0.0	0.0	0.0	0.0	0.0	0.0
UBE4A	na	0.0	0.0	0.0	0.0	0.0	0.0	0.0
AP001267.1	na	0.0	0.0	0.0	0.0	0.0	0.0	0.0
ATP5MG	na	0.20819211960457984	0.30254593975974586	0.1693762194343151	0.20940403308469727	0.1765759501148855	0.24549617710101743	0.31899238228018445
KMT2A	na	0.0	0.0	0.0	0.0	0.0	0.0	0.0
TTC36	na	0.0	0.0	0.0	0.0	0.0	0.0	0.0
TMEM25	na	0.0	0.0	0.0	0.0	0.0	0.0	0.0
IFT46	na	0.0	0.0	0.0	0.0	0.0	0.0	0.0
ARCN1	na	0.0	0.0	0.0	0.0	0.0	0.0	0.0
PHLDB1	na	0.0	0.0	0.0	0.0	0.0	0.0	0.0
DDX6	na	0.0	0.0	0.0	0.0	0.0	0.0	0.0
AP004609.3	na	0.0	0.0	0.0	0.0	0.0	0.0	0.0
BCL9L	na	0.0	0.0	0.0	0.0	0.0	0.0	0.0
CCDC84	na	0.0	0.0	0.0	0.0	0.0	0.0	0.0
RPS25	na	0.5095326977339395	1.1487417888954778	0.3495280267436619	0.2798018166309112	0.4066994066954386	0.8559067953584484	1.141985752497188
TRAPPC4	na	0.0	0.0	0.0	0.0	0.0	0.0	0.0
SLC37A4	na	0.0	0.0	0.0	0.0	0.0	0.0	0.0
AP003392.3	na	0.0	0.0	0.0	0.0	0.0	0.0	0.0
HYOU1	na	0.0	0.0	0.0	0.0	0.0	0.0	0.0
AP003392.6	na	0.0	0.0	0.0	0.0	0.0	0.0	0.0
VPS11	na	0.0	0.0	0.0	0.0	0.0	0.0	0.0
HMBS	na	0.0	0.0	0.0	0.0	0.0	0.0	0.0
H2AFX	na	0.0	0.0	0.0	0.0	0.0	0.0	0.0
DPAGT1	na	0.0	0.0	0.0	0.0	0.0	0.0	0.0
C2CD2L	na	0.0	0.0	0.0	0.0	0.0	0.0	0.0
HINFP	na	0.0	0.0	0.0	0.0	0.0	0.0	0.0
NLRX1	na	0.0	0.0	0.0	0.0	0.0	0.0	0.0
CCDC153	na	0.0	0.0	0.0	0.0	0.0	0.0	0.0
CBL	na	0.0	0.0	0.0	0.0	0.0	0.0	0.0
MCAM	na	0.0	0.0	0.0	0.0	0.0	0.0	0.0
RNF26	na	0.0	0.0	0.0	0.0	0.0	0.0	0.0
THY1	na	0.0	0.0	0.0	0.0	0.0	0.0	0.0
NECTIN1	na	0.0	0.0	0.0	0.0	0.0	0.0	0.0
TRIM29	na	0.0	0.0	0.0	0.0	0.0	0.0	0.0
OAF	na	0.0	0.0	0.0	0.0	0.0	0.0	0.0
POU2F3	na	0.0	0.0	0.0	0.0	0.0	0.0	0.0
TMEM136	na	0.0	0.0	0.0	0.0	0.0	0.0	0.0
ARHGEF12	na	0.0	0.0	0.0	0.0	0.0	0.0	0.0
GRIK4	na	0.0	0.0	0.0	0.0	0.0	0.0	0.0
TBCEL	na	0.0	0.0	0.0	0.0	0.0	0.0	0.0
SC5D	na	0.0	0.0	0.0	0.0	0.0	0.0	0.0
SORL1	na	0.0	0.0	0.0	0.0	0.0	0.0	0.0
UBASH3B	na	0.0	0.0	0.0	0.0	0.0	0.0	0.0
HSPA8	na	0.21932649510166305	0.17608824418353158	0.23018981847307976	0.44032809827212355	0.22158621971369338	0.21315613671418515	0.20561624194304326
CLMP	na	0.0	0.0	0.0	0.0	0.0	0.0	0.0
GRAMD1B	na	0.0	0.0	0.0	0.0	0.0	0.0	0.0
ZNF202	na	0.0	0.0	0.0	0.0	0.0	0.0	0.0
VWA5A	na	0.0	0.0	0.0	0.0	0.0	0.0	0.0
TBRG1	na	0.0	0.0	0.0	0.0	0.0	0.0	0.0
SIAE	na	0.0	0.0	0.0	0.0	0.0	0.0	0.0
SPA17	na	0.0	0.0	0.0	0.0	0.0	0.0	0.0
NRGN	na	0.0	0.0	0.0	0.0	0.0	0.0	0.0
ESAM	na	0.0	0.0	0.0	0.0	0.0	0.0	0.0
AP000866.2	na	0.0	0.0	0.0	0.0	0.0	0.0	0.0
MSANTD2	na	0.0	0.0	0.0	0.0	0.0	0.0	0.0
ROBO3	na	0.0	0.0	0.0	0.0	0.0	0.0	0.0
ROBO4	na	0.0	0.0	0.0	0.0	0.0	0.0	0.0
CCDC15	na	0.0	0.0	0.0	0.0	0.0	0.0	0.0
SLC37A2	na	0.0	0.0	0.0	0.0	0.0	0.0	0.0
TMEM218	na	0.0	0.0	0.0	0.0	0.0	0.0	0.0
PKNOX2	na	0.0	0.0	0.0	0.0	0.0	0.0	0.0
FEZ1	na	0.0	0.0	0.0	0.0	0.0	0.0	0.0
EI24	na	0.0611364135821839	1.2784159581376666e-16	0.12772376489227438	0.1335188131050451	0.08023528043368054	0.012985716356313303	0.0448042363205995
STT3A	na	0.0	0.0	0.0	0.0	0.0	0.0	0.0
CHEK1	na	0.0	0.0	0.0	0.0	0.0	0.0	0.0
AP000842.3	na	0.0	0.0	0.0	0.0	0.0	0.0	0.0
HYLS1	na	0.0	0.0	0.0	0.0	0.0	0.0	0.0
PUS3	na	0.0	0.0	0.0	0.0	0.0	0.0	0.0
CDON	na	0.0	0.0	0.0	0.0	0.0	0.0	0.0
RPUSD4	na	0.0	0.0	0.0	0.0	0.0	0.0	0.0
FAM118B	na	0.0	0.0	0.0	0.0	0.0	0.0	0.0
SRPRA	na	0.0	0.0	0.0	0.0	0.0	0.0	0.0
FOXRED1	na	0.0	0.0	0.0	0.0	0.0	0.0	0.0
TIRAP	na	0.0	0.0	0.0	0.0	0.0	0.0	0.0
AP001318.2	na	0.0	0.0	0.0	0.0	0.0	0.0	0.0
DCPS	na	0.0	0.0	0.0	0.0	0.0	0.0	0.0
GSEC	na	0.0	0.0	0.0	0.0	0.0	0.0	0.0
ST3GAL4	na	0.0	0.0	0.0	0.0	0.0	0.0	0.0
ETS1	na	0.0	0.0	0.0	0.0	0.0	0.0	0.0
FLI1	na	0.0	0.0	0.0	0.0	0.0	0.0	0.0
KCNJ5	na	0.0	0.0	0.0	0.0	0.0	0.0	0.0
C11orf45	na	0.0	0.0	0.0	0.0	0.0	0.0	0.0
ARHGAP32	na	0.0	0.0	0.0	0.0	0.0	0.0	0.0
BARX2	na	0.0	0.0	0.0	0.0	0.0	0.0	0.0
TMEM45B	na	0.0	0.0	0.0	0.0	0.0	0.0	0.0
NFRKB	na	0.0	0.0	0.0	0.0	0.0	0.0	0.0
PRDM10	na	0.0	0.0	0.0	0.0	0.0	0.0	0.0
APLP2	na	0.13323169168142038	0.0250186404239952	0.2675754903763623	0.30077101123754385	0.17316384918604136	0.02854954782519088	0.1573713068931782
ST14	na	0.0611587505660888	4.795011724014202e-18	0.1496174244085224	0.1881545929865527	0.10029260023758373	0.004360225844077402	0.06497176555535124
ZBTB44	na	0.0	0.0	0.0	0.0	0.0	0.0	0.0
ADAMTS15	na	0.0	0.0	0.0	0.0	0.0	0.0	0.0
AP003486.1	na	0.0	0.0	0.0	0.0	0.0	0.0	0.0
SNX19	na	0.0	0.0	0.0	0.0	0.0	0.0	0.0
NTM	na	0.0	0.0	0.0	0.0	0.0	0.0	0.0
AP000844.2	na	0.0	0.0	0.0	0.0	0.0	0.0	0.0
IGSF9B	na	0.0	0.0	0.0	0.0	0.0	0.0	0.0
AP000911.1	na	0.0	0.0	0.0	0.0	0.0	0.0	0.0
JAM3	na	0.0	0.0	0.0	0.0	0.0	0.0	0.0
NCAPD3	na	0.0	0.0	0.0	0.0	0.0	0.0	0.0
VPS26B	na	0.0	0.0	0.0	0.0	0.0	0.0	0.0
THYN1	na	0.0	0.0	0.0	0.0	0.0	0.0	0.0
ACAD8	na	0.0	0.0	0.0	0.0	0.0	0.0	0.0
GLB1L2	na	0.0	0.0	0.0	0.0	0.0	0.0	0.0
B3GAT1	na	0.0	0.0	0.0	0.0	0.0	0.0	0.0
ZMYND11	na	0.0	0.0	0.0	0.0	0.0	0.0	0.0
DIP2C	na	0.0	0.0	0.0	0.0	0.0	0.0	0.0
LARP4B	na	0.0	0.0	0.0	0.0	0.0	0.0	0.0
GTPBP4	na	0.0	0.0	0.0	0.0	0.0	0.0	0.0
IDI1	na	0.0	0.0	0.0	0.0	0.0	0.0	0.0
WDR37	na	0.0	0.0	0.0	0.0	0.0	0.0	0.0
PFKP	na	0.0	0.0	0.0	0.0	0.0	0.0	0.0
PITRM1	na	0.0	0.0	0.0	0.0	0.0	0.0	0.0
KLF6	na	0.0	0.0	0.0	0.0	0.0	0.0	0.0
AKR1E2	na	0.0	0.0	0.0	0.0	0.0	0.0	0.0
AKR1C3	na	0.0	0.0	0.0	0.0	0.0	0.0	0.0
NET1	na	0.0	0.0	0.0	0.0	0.0	0.0	0.0
CALML5	na	0.27505357717874285	0.0329692910633641	0.4924949563169765	0.37335951502655407	0.27550420622712807	0.028975845144592515	0.40790508216008414
ASB13	na	0.0	0.0	0.0	0.0	0.0	0.0	0.0
FAM208B	na	0.0	0.0	0.0	0.0	0.0	0.0	0.0
GDI2	na	0.0809527018581825	0.013652853638349312	0.12337192691551588	0.14827831298395558	0.08442624120777169	0.050017018616021924	0.08526563803444268
ANKRD16	na	0.0	0.0	0.0	0.0	0.0	0.0	0.0
FBH1	na	0.0	0.0	0.0	0.0	0.0	0.0	0.0
AL137186.2	na	0.0	0.0	0.0	0.0	0.0	0.0	0.0
IL15RA	na	0.0	0.0	0.0	0.0	0.0	0.0	0.0
IL2RA	na	0.0	0.0	0.0	0.0	0.0	0.0	0.0
RBM17	na	0.0	0.0	0.0	0.0	0.0	0.0	0.0
PFKFB3	na	0.0	0.0	0.0	0.0	0.0	0.0	0.0
SFMBT2	na	0.0	0.0	0.0	0.0	0.0	0.0	0.0
KIN	na	0.0	0.0	0.0	0.0	0.0	0.0	0.0
ATP5F1C	na	0.10105812425187186	0.04707630692316543	0.11000159848426601	0.12090946953970166	0.0783911660860593	0.06960720441088625	0.09760519617709533
TAF3	na	0.0	0.0	0.0	0.0	0.0	0.0	0.0
GATA3	na	0.17660024242217484	0.03488466307466685	0.2836987251938214	0.29489170462224196	0.19062769488821377	0.11281879297598746	0.20306047149027376
GATA3-AS1	na	0.0	0.0	0.0	0.0	0.0	0.0	0.0
AC044784.1	na	0.0	0.0	0.0	0.0	0.0	0.0	0.0
CELF2	na	0.0	0.0	0.0	0.0	0.0	0.0	0.0
USP6NL	na	0.0	0.0	0.0	0.0	0.0	0.0	0.0
ECHDC3	na	0.0	0.0	0.0	0.0	0.0	0.0	0.0
PROSER2	na	0.0	0.0	0.0	0.0	0.0	0.0	0.0
UPF2	na	0.0	0.0	0.0	0.0	0.0	0.0	0.0
DHTKD1	na	0.0	0.0	0.0	0.0	0.0	0.0	0.0
SEC61A2	na	0.0	0.0	0.0	0.0	0.0	0.0	0.0
NUDT5	na	0.0	0.0	0.0	0.0	0.0	0.0	0.0
CDC123	na	0.0	0.0	0.0	0.0	0.0	0.0	0.0
CAMK1D	na	0.0	0.0	0.0	0.0	0.0	0.0	0.0
CCDC3	na	0.0	0.0	0.0	0.0	0.0	0.0	0.0
OPTN	na	0.0	0.0	0.0	0.0	0.0	0.0	0.0
MCM10	na	0.0	0.0	0.0	0.0	0.0	0.0	0.0
PHYH	na	0.0	0.0	0.0	0.0	0.0	0.0	0.0
SEPHS1	na	0.0	0.0	0.0	0.0	0.0	0.0	0.0
BEND7	na	0.0	0.0	0.0	0.0	0.0	0.0	0.0
PRPF18	na	0.0	0.0	0.0	0.0	0.0	0.0	0.0
AL157392.5	na	0.0	0.0	0.0	0.0	0.0	0.0	0.0
FRMD4A	na	0.0	0.0	0.0	0.0	0.0	0.0	0.0
FAM107B	na	0.0	0.0	0.0	0.0	0.0	0.0	0.0
CDNF	na	0.0	0.0	0.0	0.0	0.0	0.0	0.0
HSPA14	na	0.0	0.0	0.0	0.0	0.0	0.0	0.0
HSPA14	na	0.0	0.0	0.0	0.0	0.0	0.0	0.0
AC069544.1	na	0.0	0.0	0.0	0.0	0.0	0.0	0.0
SUV39H2	na	0.0	0.0	0.0	0.0	0.0	0.0	0.0
DCLRE1C	na	0.0	0.0	0.0	0.0	0.0	0.0	0.0
RPP38	na	0.0	0.0	0.0	0.0	0.0	0.0	0.0
NMT2	na	0.0	0.0	0.0	0.0	0.0	0.0	0.0
FAM171A1	na	0.0	0.0	0.0	0.0	0.0	0.0	0.0
ITGA8	na	0.0	0.0	0.0	0.0	0.0	0.0	0.0
MINDY3	na	0.0	0.0	0.0	0.0	0.0	0.0	0.0
PTER	na	0.0	0.0	0.0	0.0	0.0	0.0	0.0
RSU1	na	0.0	0.0	0.0	0.0	0.0	0.0	0.0
TRDMT1	na	0.0	0.0	0.0	0.0	0.0	0.0	0.0
VIM	na	0.15939081406264727	0.2552332849431758	0.17451902503992783	0.11961027187489494	0.16277925478218847	0.29443663306322304	0.31063175685395006
ST8SIA6-AS1	na	0.06161069620025511	0.008248036893566152	0.10406932941180927	0.11777855588055246	0.07531829054537481	0.04150704007320873	0.07795713871565427
HACD1	na	0.0	0.0	0.0	0.0	0.0	0.0	0.0
STAM	na	0.0	0.0	0.0	0.0	0.0	0.0	0.0
MRC1	na	0.0	0.0	0.0	0.0	0.0	0.0	0.0
NSUN6	na	0.0	0.0	0.0	0.0	0.0	0.0	0.0
ARL5B	na	0.0	0.0	0.0	0.0	0.0	0.0	0.0
PLXDC2	na	0.0	0.0	0.0	0.0	0.0	0.0	0.0
NEBL	na	0.0	0.0	0.0	0.0	0.0	0.0	0.0
NEBL-AS1	na	0.0	0.0	0.0	0.0	0.0	0.0	0.0
MLLT10	na	0.0	0.0	0.0	0.0	0.0	0.0	0.0
DNAJC1	na	0.0	0.0	0.0	0.0	0.0	0.0	0.0
COMMD3	na	0.04444058148734563	0.02327068055192498	0.11827680950929227	0.11853894921581119	0.07572239785653795	0.052089293786011646	0.06377459958261
BMI1	na	0.0	0.0	0.0	0.0	0.0	0.0	0.0
PIP4K2A	na	0.0	0.0	0.0	0.0	0.0	0.0	0.0
ARMC3	na	0.0	0.0	0.0	0.0	0.0	0.0	0.0
MSRB2	na	0.0	0.0	0.0	0.0	0.0	0.0	0.0
OTUD1	na	0.0	0.0	0.0	0.0	0.0	0.0	0.0
KIAA1217	na	0.0	0.0	0.0	0.0	0.0	0.0	0.0
ARHGAP21	na	0.0	0.0	0.0	0.0	0.0	0.0	0.0
PRTFDC1	na	0.0	0.0	0.0	0.0	0.0	0.0	0.0
THNSL1	na	0.0	0.0	0.0	0.0	0.0	0.0	0.0
APBB1IP	na	0.0	0.0	0.0	0.0	0.0	0.0	0.0
PDSS1	na	0.0	0.0	0.0	0.0	0.0	0.0	0.0
ABI1	na	0.0	0.0	0.0	0.0	0.0	0.0	0.0
ANKRD26	na	0.0	0.0	0.0	0.0	0.0	0.0	0.0
YME1L1	na	0.05366755594450291	0.008649687619009446	0.1020572334391866	0.12740079714903413	0.07404486850033214	0.028560320174996053	0.058906494281769535
MASTL	na	0.0	0.0	0.0	0.0	0.0	0.0	0.0
ACBD5	na	0.0	0.0	0.0	0.0	0.0	0.0	0.0
RAB18	na	0.0	0.0	0.0	0.0	0.0	0.0	0.0
MPP7	na	0.0	0.0	0.0	0.0	0.0	0.0	0.0
WAC-AS1	na	0.0	0.0	0.0	0.0	0.0	0.0	0.0
WAC	na	0.0	0.0	0.0	0.0	0.0	0.0	0.0
BAMBI	na	0.0	0.0	0.0	0.0	0.0	0.0	0.0
SVIL	na	0.0	0.0	0.0	0.0	0.0	0.0	0.0
JCAD	na	0.0	0.0	0.0	0.0	0.0	0.0	0.0
MTPAP	na	0.0	0.0	0.0	0.0	0.0	0.0	0.0
MAP3K8	na	0.0	0.0	0.0	0.0	0.0	0.0	0.0
LYZL2	na	0.0	0.0	0.0	0.0	0.0	0.0	0.0
ZNF438	na	0.0	0.0	0.0	0.0	0.0	0.0	0.0
ZEB1-AS1	na	0.0	0.0	0.0	0.0	0.0	0.0	0.0
ZEB1	na	0.0	0.0	0.0	0.0	0.0	0.0	0.0
AL161935.3	na	0.0	0.0	0.0	0.0	0.0	0.0	0.0
ARHGAP12	na	0.0	0.0	0.0	0.0	0.0	0.0	0.0
KIF5B	na	0.06739458590494557	4.241814896811387e-23	0.11719939951974023	0.13512864662053337	0.0771089790646609	0.024837447351990987	0.04316685961096527
EPC1	na	0.0	0.0	0.0	0.0	0.0	0.0	0.0
CCDC7	na	0.0	0.0	0.0	0.0	0.0	0.0	0.0
ITGB1	na	0.11525801865098416	0.032635061961729446	0.1512570612233696	0.17188555746750822	0.1105695805246943	0.06909533694588228	0.12433347143101318
NRP1	na	0.0	0.0	0.0	0.0	0.0	0.0	0.0
PARD3	na	0.0	0.0	0.0	0.0	0.0	0.0	0.0
AL392046.2	na	0.0	0.0	0.0	0.0	0.0	0.0	0.0
CUL2	na	0.0	0.0	0.0	0.0	0.0	0.0	0.0
CREM	na	0.0	0.0	0.0	0.0	0.0	0.0	0.0
CCNY	na	0.0	0.0	0.0	0.0	0.0	0.0	0.0
FZD8	na	0.0	0.0	0.0	0.0	0.0	0.0	0.0
ANKRD30A	na	0.0	0.0	0.0	0.0	0.0	0.0	0.0
ZNF248	na	0.0	0.0	0.0	0.0	0.0	0.0	0.0
ZNF25	na	0.0	0.0	0.0	0.0	0.0	0.0	0.0
ZNF33A	na	0.0	0.0	0.0	0.0	0.0	0.0	0.0
ZNF37A	na	0.0	0.0	0.0	0.0	0.0	0.0	0.0
ZNF33B	na	0.0	0.0	0.0	0.0	0.0	0.0	0.0
BMS1	na	0.0	0.0	0.0	0.0	0.0	0.0	0.0
AL365199.1	na	0.0	0.0	0.0	0.0	0.0	0.0	0.0
RET	na	0.04880224340089413	7.431161209803388e-21	0.1295775372932786	0.15440322997060135	0.08900512199797501	0.011670335227110274	0.04442078108742835
CSGALNACT2	na	0.0	0.0	0.0	0.0	0.0	0.0	0.0
RASGEF1A	na	0.0	0.0	0.0	0.0	0.0	0.0	0.0
HNRNPF	na	0.09154329554295568	0.0018782423793771595	0.16096947315250812	0.22845249563326062	0.11847796048434033	0.055224613315628536	0.08065271022073724
ZNF487	na	0.0	0.0	0.0	0.0	0.0	0.0	0.0
ZNF239	na	0.0	0.0	0.0	0.0	0.0	0.0	0.0
ZNF485	na	0.0	0.0	0.0	0.0	0.0	0.0	0.0
ZNF32	na	0.0	0.0	0.0	0.0	0.0	0.0	0.0
CXCL12	na	0.0	0.0	0.0	0.0	0.0	0.0	0.0
RASSF4	na	0.0	0.0	0.0	0.0	0.0	0.0	0.0
DEPP1	na	0.0	0.0	0.0	0.0	0.0	0.0	0.0
ZNF22	na	0.0	0.0	0.0	0.0	0.0	0.0	0.0
ALOX5	na	0.0	0.0	0.0	0.0	0.0	0.0	0.0
MARCH8	na	0.0	0.0	0.0	0.0	0.0	0.0	0.0
ZFAND4	na	0.0	0.0	0.0	0.0	0.0	0.0	0.0
WASHC2C	na	0.0	0.0	0.0	0.0	0.0	0.0	0.0
AGAP4	na	0.0	0.0	0.0	0.0	0.0	0.0	0.0
TIMM23	na	0.0	0.0	0.0	0.0	0.0	0.0	0.0
NCOA4	na	0.0	0.0	0.0	0.0	0.0	0.0	0.0
SYT15	na	0.0	0.0	0.0	0.0	0.0	0.0	0.0
PTPN20	na	0.0	0.0	0.0	0.0	0.0	0.0	0.0
AGAP9	na	0.0	0.0	0.0	0.0	0.0	0.0	0.0
MAPK8	na	0.0	0.0	0.0	0.0	0.0	0.0	0.0
ARHGAP22	na	0.0	0.0	0.0	0.0	0.0	0.0	0.0
WDFY4	na	0.0	0.0	0.0	0.0	0.0	0.0	0.0
VSTM4	na	0.0	0.0	0.0	0.0	0.0	0.0	0.0
TMEM273	na	0.0	0.0	0.0	0.0	0.0	0.0	0.0
AL138760.1	na	0.0	0.0	0.0	0.0	0.0	0.0	0.0
ERCC6	na	0.0	0.0	0.0	0.0	0.0	0.0	0.0
OGDHL	na	0.0	0.0	0.0	0.0	0.0	0.0	0.0
PARG	na	0.0	0.0	0.0	0.0	0.0	0.0	0.0
TIMM23B	na	0.0	0.0	0.0	0.0	0.0	0.0	0.0
AGAP6	na	0.0	0.0	0.0	0.0	0.0	0.0	0.0
WASHC2A	na	0.0	0.0	0.0	0.0	0.0	0.0	0.0
SGMS1	na	0.0	0.0	0.0	0.0	0.0	0.0	0.0
ASAH2B	na	0.0	0.0	0.0	0.0	0.0	0.0	0.0
PRKG1	na	0.0	0.0	0.0	0.0	0.0	0.0	0.0
CSTF2T	na	0.0	0.0	0.0	0.0	0.0	0.0	0.0
AC074327.1	na	0.0	0.0	0.0	0.0	0.0	0.0	0.0
ZWINT	na	0.0	0.0	0.0	0.0	0.0	0.0	0.0
IPMK	na	0.0	0.0	0.0	0.0	0.0	0.0	0.0
CISD1	na	0.0	0.0	0.0	0.0	0.0	0.0	0.0
UBE2D1	na	0.0	0.0	0.0	0.0	0.0	0.0	0.0
TFAM	na	0.0	0.0	0.0	0.0	0.0	0.0	0.0
BICC1	na	0.0	0.0	0.0	0.0	0.0	0.0	0.0
CCDC6	na	0.0	0.0	0.0	0.0	0.0	0.0	0.0
ANK3	na	0.0	0.0	0.0	0.0	0.0	0.0	0.0
CDK1	na	0.0	0.0	0.0	0.0	0.0	0.0	0.0
RHOBTB1	na	0.0	0.0	0.0	0.0	0.0	0.0	0.0
ARID5B	na	0.0	0.0	0.0	0.0	0.0	0.0	0.0
RTKN2	na	0.0	0.0	0.0	0.0	0.0	0.0	0.0
ZNF365	na	0.0	0.0	0.0	0.0	0.0	0.0	0.0
ADO	na	0.0	0.0	0.0	0.0	0.0	0.0	0.0
EGR2	na	0.0	0.0	0.0	0.0	0.0	0.0	0.0
NRBF2	na	0.0	0.0	0.0	0.0	0.0	0.0	0.0
JMJD1C	na	0.0	0.0	0.0	0.0	0.0	0.0	0.0
REEP3	na	0.0	0.0	0.0	0.0	0.0	0.0	0.0
DNAJC12	na	0.0	0.0	0.0	0.0	0.0	0.0	0.0
SIRT1	na	0.0	0.0	0.0	0.0	0.0	0.0	0.0
HERC4	na	0.0	0.0	0.0	0.0	0.0	0.0	0.0
PBLD	na	0.0	0.0	0.0	0.0	0.0	0.0	0.0
HNRNPH3	na	0.06453632478775742	4.5510330158254336e-17	0.11857750475526799	0.13457823073224834	0.07817209874917401	0.01521641017805515	0.046734823508366524
RUFY2	na	0.0	0.0	0.0	0.0	0.0	0.0	0.0
DNA2	na	0.0	0.0	0.0	0.0	0.0	0.0	0.0
SLC25A16	na	0.0	0.0	0.0	0.0	0.0	0.0	0.0
TET1	na	0.0	0.0	0.0	0.0	0.0	0.0	0.0
CCAR1	na	0.0	0.0	0.0	0.0	0.0	0.0	0.0
STOX1	na	0.0	0.0	0.0	0.0	0.0	0.0	0.0
DDX50	na	0.0	0.0	0.0	0.0	0.0	0.0	0.0
DDX21	na	0.0	0.0	0.0	0.0	0.0	0.0	0.0
KIF1BP	na	0.0	0.0	0.0	0.0	0.0	0.0	0.0
SRGN	na	0.0	0.0	0.0	0.0	0.0	0.0	0.0
VPS26A	na	0.0	0.0	0.0	0.0	0.0	0.0	0.0
SUPV3L1	na	0.0	0.0	0.0	0.0	0.0	0.0	0.0
HK1	na	0.06554321331953598	9.874900117986973e-19	0.11176936833922024	0.13876397248022035	0.07745565920704564	0.027794714976354426	0.045741839222678014
TACR2	na	0.0	0.0	0.0	0.0	0.0	0.0	0.0
TSPAN15	na	0.0	0.0	0.0	0.0	0.0	0.0	0.0
FAM241B	na	0.0	0.0	0.0	0.0	0.0	0.0	0.0
COL13A1	na	0.0	0.0	0.0	0.0	0.0	0.0	0.0
H2AFY2	na	0.0	0.0	0.0	0.0	0.0	0.0	0.0
AIFM2	na	0.0	0.0	0.0	0.0	0.0	0.0	0.0
TYSND1	na	0.0	0.0	0.0	0.0	0.0	0.0	0.0
SAR1A	na	0.0	0.0	0.0	0.0	0.0	0.0	0.0
PPA1	na	0.09023320790545092	0.05299338923413657	0.10556296779468934	0.1533548710996093	0.0916438827007522	0.08877388706236246	0.10467659229649626
LRRC20	na	0.0	0.0	0.0	0.0	0.0	0.0	0.0
EIF4EBP2	na	0.0	0.0	0.0	0.0	0.0	0.0	0.0
PALD1	na	0.0	0.0	0.0	0.0	0.0	0.0	0.0
PRF1	na	0.0	0.0	0.0	0.0	0.0	0.0	0.0
ADAMTS14	na	0.0	0.0	0.0	0.0	0.0	0.0	0.0
SGPL1	na	0.0	0.0	0.0	0.0	0.0	0.0	0.0
PCBD1	na	0.0	0.0	0.0	0.0	0.0	0.0	0.0
UNC5B	na	0.0	0.0	0.0	0.0	0.0	0.0	0.0
UNC5B-AS1	na	0.0	0.0	0.0	0.0	0.0	0.0	0.0
SLC29A3	na	0.0	0.0	0.0	0.0	0.0	0.0	0.0
VSIR	na	0.0	0.0	0.0	0.0	0.0	0.0	0.0
PSAP	na	0.27814552265646364	0.12812913333090364	0.46352153863058687	0.5142160096088626	0.3264031632012304	0.26043089572828687	0.43129598518516926
CHST3	na	0.0	0.0	0.0	0.0	0.0	0.0	0.0
SPOCK2	na	0.0	0.0	0.0	0.0	0.0	0.0	0.0
ASCC1	na	0.0	0.0	0.0	0.0	0.0	0.0	0.0
ANAPC16	na	0.0	0.0	0.0	0.0	0.0	0.0	0.0
DDIT4	na	0.09581850810603378	1.0894236893836215e-26	0.16367614397311792	0.1653543661787587	0.1034730564484939	1.839941997606652e-17	0.0359805948213263
DDIT4-AS1	na	0.0	0.0	0.0	0.0	0.0	0.0	0.0
DNAJB12	na	0.0	0.0	0.0	0.0	0.0	0.0	0.0
MICU1	na	0.0	0.0	0.0	0.0	0.0	0.0	0.0
MCU	na	0.0	0.0	0.0	0.0	0.0	0.0	0.0
P4HA1	na	0.0	0.0	0.0	0.0	0.0	0.0	0.0
NUDT13	na	0.0	0.0	0.0	0.0	0.0	0.0	0.0
AC016394.2	na	0.0	0.0	0.0	0.0	0.0	0.0	0.0
ECD	na	0.0	0.0	0.0	0.0	0.0	0.0	0.0
FAM149B1	na	0.0	0.0	0.0	0.0	0.0	0.0	0.0
DNAJC9	na	0.0	0.0	0.0	0.0	0.0	0.0	0.0
MRPS16	na	0.0	0.0	0.0	0.0	0.0	0.0	0.0
AC016394.1	na	0.0	0.0	0.0	0.0	0.0	0.0	0.0
CFAP70	na	0.0	0.0	0.0	0.0	0.0	0.0	0.0
ANXA7	na	0.07164411198666913	7.10368430855216e-16	0.11043615136584983	0.12952248308293962	0.07889227039788457	0.03584931980614756	0.05600057485998341
MSS51	na	0.0	0.0	0.0	0.0	0.0	0.0	0.0
PPP3CB	na	0.0	0.0	0.0	0.0	0.0	0.0	0.0
USP54	na	0.0	0.0	0.0	0.0	0.0	0.0	0.0
AC073389.1	na	0.0	0.0	0.0	0.0	0.0	0.0	0.0
AC073389.3	na	0.0	0.0	0.0	0.0	0.0	0.0	0.0
AGAP5	na	0.0	0.0	0.0	0.0	0.0	0.0	0.0
SEC24C	na	0.0	0.0	0.0	0.0	0.0	0.0	0.0
FUT11	na	0.0	0.0	0.0	0.0	0.0	0.0	0.0
CHCHD1	na	0.06473211493412681	0.004089311835230593	0.11134478156205223	0.1269799810250089	0.07262043763012807	0.047915813100982634	0.05398612057266892
ZSWIM8	na	0.0	0.0	0.0	0.0	0.0	0.0	0.0
NDST2	na	0.0	0.0	0.0	0.0	0.0	0.0	0.0
CAMK2G	na	0.0	0.0	0.0	0.0	0.0	0.0	0.0
PLAU	na	0.0	0.0	0.0	0.0	0.0	0.0	0.0
VCL	na	0.0	0.0	0.0	0.0	0.0	0.0	0.0
AP3M1	na	0.0	0.0	0.0	0.0	0.0	0.0	0.0
ADK	na	0.0	0.0	0.0	0.0	0.0	0.0	0.0
KAT6B	na	0.0	0.0	0.0	0.0	0.0	0.0	0.0
SAMD8	na	0.0	0.0	0.0	0.0	0.0	0.0	0.0
VDAC2	na	0.056747961043676395	0.018957156151879987	0.10202116349688739	0.11158036552221569	0.06720994386823188	0.048560283954872135	0.060357241289779
COMTD1	na	0.0	0.0	0.0	0.0	0.0	0.0	0.0
ZNF503	na	0.0	0.0	0.0	0.0	0.0	0.0	0.0
ZNF503-AS2	na	0.0	0.0	0.0	0.0	0.0	0.0	0.0
LRMDA	na	0.0	0.0	0.0	0.0	0.0	0.0	0.0
KCNMA1	na	0.0	0.0	0.0	0.0	0.0	0.0	0.0
AL450306.1	na	0.0	0.0	0.0	0.0	0.0	0.0	0.0
DLG5	na	0.0	0.0	0.0	0.0	0.0	0.0	0.0
AL391421.1	na	0.0	0.0	0.0	0.0	0.0	0.0	0.0
POLR3A	na	0.0	0.0	0.0	0.0	0.0	0.0	0.0
RPS24	na	0.8910308756254182	1.490078215902741	0.6042046744612278	0.6740635806443661	0.6843264961993989	1.2343799567342375	1.5703673187685625
ZMIZ1	na	0.0	0.0	0.0	0.0	0.0	0.0	0.0
PPIF	na	0.0	0.0	0.0	0.0	0.0	0.0	0.0
ZCCHC24	na	0.0	0.0	0.0	0.0	0.0	0.0	0.0
EIF5AL1	na	0.0	0.0	0.0	0.0	0.0	0.0	0.0
NUTM2B-AS1	na	0.0	0.0	0.0	0.0	0.0	0.0	0.0
AL135925.1	na	0.0	0.0	0.0	0.0	0.0	0.0	0.0
TMEM254	na	0.0	0.0	0.0	0.0	0.0	0.0	0.0
PLAC9	na	0.0	0.0	0.0	0.0	0.0	0.0	0.0
ANXA11	na	0.0	0.0	0.0	0.0	0.0	0.0	0.0
FAM213A	na	0.04867221162605994	0.005753937798380347	0.11305059477469043	0.1307882554061279	0.07489401750609635	0.02346193238598956	0.05260414379679494
TSPAN14	na	0.0	0.0	0.0	0.0	0.0	0.0	0.0
GHITM	na	0.09694834661274718	0.005949674738804657	0.144683541017352	0.1808760166978531	0.10452306591899226	0.06002126668081491	0.07056891649240356
LINC00858	na	0.0	0.0	0.0	0.0	0.0	0.0	0.0
CCSER2	na	0.0	0.0	0.0	0.0	0.0	0.0	0.0
WAPL	na	0.0	0.0	0.0	0.0	0.0	0.0	0.0
BMPR1A	na	0.0	0.0	0.0	0.0	0.0	0.0	0.0
MMRN2	na	0.0	0.0	0.0	0.0	0.0	0.0	0.0
SNCG	na	0.0	0.0	0.0	0.0	0.0	0.0	0.0
ADIRF	na	0.0608066349055665	0.0810225707180586	0.07012157151752119	0.16446862423809652	0.08877440690447272	0.13009054780758342	0.049746383040795886
GLUD1	na	0.0	0.0	0.0	0.0	0.0	0.0	0.0
SHLD2	na	0.0	0.0	0.0	0.0	0.0	0.0	0.0
NUTM2A-AS1	na	0.0	0.0	0.0	0.0	0.0	0.0	0.0
MINPP1	na	0.0	0.0	0.0	0.0	0.0	0.0	0.0
AL138767.3	na	0.0	0.0	0.0	0.0	0.0	0.0	0.0
PAPSS2	na	0.06612036200223426	0.0016920378674838363	0.10686537575471716	0.13998273369659758	0.0837015711331202	0.012978716543078618	0.04753430543472934
ATAD1	na	0.0	0.0	0.0	0.0	0.0	0.0	0.0
PTEN	na	0.0	0.0	0.0	0.0	0.0	0.0	0.0
RNLS	na	0.0	0.0	0.0	0.0	0.0	0.0	0.0
ANKRD22	na	0.0	0.0	0.0	0.0	0.0	0.0	0.0
STAMBPL1	na	0.0	0.0	0.0	0.0	0.0	0.0	0.0
ACTA2	na	0.0710042845677676	0.04388815462777753	0.1207799575005523	0.1212171696580042	0.08803115749643049	0.08175661665303201	0.12375824155977955
FAS	na	0.0	0.0	0.0	0.0	0.0	0.0	0.0
LIPA	na	0.0	0.0	0.0	0.0	0.0	0.0	0.0
IFIT2	na	0.0	0.0	0.0	0.0	0.0	0.0	0.0
IFIT3	na	0.0	0.0	0.0	0.0	0.0	0.0	0.0
IFIT1	na	0.0	0.0	0.0	0.0	0.0	0.0	0.0
IFIT5	na	0.0	0.0	0.0	0.0	0.0	0.0	0.0
PANK1	na	0.0	0.0	0.0	0.0	0.0	0.0	0.0
KIF20B	na	0.0	0.0	0.0	0.0	0.0	0.0	0.0
RPP30	na	0.0	0.0	0.0	0.0	0.0	0.0	0.0
PCGF5	na	0.0	0.0	0.0	0.0	0.0	0.0	0.0
HECTD2	na	0.0	0.0	0.0	0.0	0.0	0.0	0.0
PPP1R3C	na	0.0	0.0	0.0	0.0	0.0	0.0	0.0
TNKS2	na	0.0	0.0	0.0	0.0	0.0	0.0	0.0
FGFBP3	na	0.0	0.0	0.0	0.0	0.0	0.0	0.0
BTAF1	na	0.0	0.0	0.0	0.0	0.0	0.0	0.0
CPEB3	na	0.0	0.0	0.0	0.0	0.0	0.0	0.0
MARCH5	na	0.0	0.0	0.0	0.0	0.0	0.0	0.0
IDE	na	0.0	0.0	0.0	0.0	0.0	0.0	0.0
KIF11	na	0.0	0.0	0.0	0.0	0.0	0.0	0.0
HHEX	na	0.0	0.0	0.0	0.0	0.0	0.0	0.0
EXOC6	na	0.0	0.0	0.0	0.0	0.0	0.0	0.0
MYOF	na	0.0	0.0	0.0	0.0	0.0	0.0	0.0
CEP55	na	0.0	0.0	0.0	0.0	0.0	0.0	0.0
FFAR4	na	0.0	0.0	0.0	0.0	0.0	0.0	0.0
RBP4	na	0.0	0.0	0.0	0.0	0.0	0.0	0.0
FRA10AC1	na	0.0	0.0	0.0	0.0	0.0	0.0	0.0
SLC35G1	na	0.0	0.0	0.0	0.0	0.0	0.0	0.0
PLCE1	na	0.0	0.0	0.0	0.0	0.0	0.0	0.0
NOC3L	na	0.0	0.0	0.0	0.0	0.0	0.0	0.0
TBC1D12	na	0.0	0.0	0.0	0.0	0.0	0.0	0.0
HELLS	na	0.0	0.0	0.0	0.0	0.0	0.0	0.0
PDLIM1	na	0.03756275501741825	0.014076538765888652	0.10731144224874048	0.1307221180981234	0.07732046332765888	0.026452450222716972	0.06134848836450509
SORBS1	na	0.0	0.0	0.0	0.0	0.0	0.0	0.0
ALDH18A1	na	0.0	0.0	0.0	0.0	0.0	0.0	0.0
TCTN3	na	0.0	0.0	0.0	0.0	0.0	0.0	0.0
ENTPD1	na	0.0	0.0	0.0	0.0	0.0	0.0	0.0
CCNJ	na	0.0	0.0	0.0	0.0	0.0	0.0	0.0
ZNF518A	na	0.0	0.0	0.0	0.0	0.0	0.0	0.0
BLNK	na	0.0	0.0	0.0	0.0	0.0	0.0	0.0
TM9SF3	na	0.06984503845732348	1.6422701529175633e-26	0.1337290362493197	0.16734994523560948	0.0933771103248564	0.00015073786988067085	0.039053608769612995
PIK3AP1	na	0.0	0.0	0.0	0.0	0.0	0.0	0.0
LCOR	na	0.0	0.0	0.0	0.0	0.0	0.0	0.0
ARHGAP19	na	0.0	0.0	0.0	0.0	0.0	0.0	0.0
FRAT1	na	0.0	0.0	0.0	0.0	0.0	0.0	0.0
FRAT2	na	0.0	0.0	0.0	0.0	0.0	0.0	0.0
RRP12	na	0.0	0.0	0.0	0.0	0.0	0.0	0.0
PGAM1	na	0.07372709159072562	0.024979804457632593	0.11644869672633217	0.14552937615215764	0.0863238933844154	0.06117787839628453	0.10094972989884715
EXOSC1	na	0.0	0.0	0.0	0.0	0.0	0.0	0.0
ZDHHC16	na	0.0	0.0	0.0	0.0	0.0	0.0	0.0
MMS19	na	0.0	0.0	0.0	0.0	0.0	0.0	0.0
UBTD1	na	0.0	0.0	0.0	0.0	0.0	0.0	0.0
MORN4	na	0.0	0.0	0.0	0.0	0.0	0.0	0.0
PI4K2A	na	0.0	0.0	0.0	0.0	0.0	0.0	0.0
AVPI1	na	0.0	0.0	0.0	0.0	0.0	0.0	0.0
MARVELD1	na	0.0	0.0	0.0	0.0	0.0	0.0	0.0
ZFYVE27	na	0.0	0.0	0.0	0.0	0.0	0.0	0.0
R3HCC1L	na	0.0	0.0	0.0	0.0	0.0	0.0	0.0
PYROXD2	na	0.0	0.0	0.0	0.0	0.0	0.0	0.0
HPS1	na	0.0	0.0	0.0	0.0	0.0	0.0	0.0
GOT1	na	0.0	0.0	0.0	0.0	0.0	0.0	0.0
SLC25A28	na	0.0	0.0	0.0	0.0	0.0	0.0	0.0
ENTPD7	na	0.0	0.0	0.0	0.0	0.0	0.0	0.0
CUTC	na	0.0	0.0	0.0	0.0	0.0	0.0	0.0
COX15	na	0.0	0.0	0.0	0.0	0.0	0.0	0.0
DNMBP	na	0.0	0.0	0.0	0.0	0.0	0.0	0.0
ERLIN1	na	0.0	0.0	0.0	0.0	0.0	0.0	0.0
CHUK	na	0.0	0.0	0.0	0.0	0.0	0.0	0.0
CWF19L1	na	0.0	0.0	0.0	0.0	0.0	0.0	0.0
BLOC1S2	na	0.0	0.0	0.0	0.0	0.0	0.0	0.0
PKD2L1	na	0.0	0.0	0.0	0.0	0.0	0.0	0.0
SCD	na	0.07398473484182105	0.03895795923097583	0.10393849337581215	0.21192881726210844	0.11040955347372762	0.126636427947036	0.048363541497890974
OLMALINC	na	0.0	0.0	0.0	0.0	0.0	0.0	0.0
SEC31B	na	0.0	0.0	0.0	0.0	0.0	0.0	0.0
NDUFB8	na	0.06184855475518918	0.03295340112427698	0.10162576174626653	0.12722447416802093	0.07980456415808226	0.07217747727019434	0.07199592442361183
HIF1AN	na	0.0	0.0	0.0	0.0	0.0	0.0	0.0
PAX2	na	0.0	0.0	0.0	0.0	0.0	0.0	0.0
AL138762.1	na	0.0	0.0	0.0	0.0	0.0	0.0	0.0
SLF2	na	0.0	0.0	0.0	0.0	0.0	0.0	0.0
MRPL43	na	0.0	0.0	0.0	0.0	0.0	0.0	0.0
TWNK	na	0.0	0.0	0.0	0.0	0.0	0.0	0.0
LZTS2	na	0.0	0.0	0.0	0.0	0.0	0.0	0.0
PDZD7	na	0.0	0.0	0.0	0.0	0.0	0.0	0.0
SFXN3	na	0.0	0.0	0.0	0.0	0.0	0.0	0.0
AL133215.2	na	0.0	0.0	0.0	0.0	0.0	0.0	0.0
KAZALD1	na	0.0	0.0	0.0	0.0	0.0	0.0	0.0
BTRC	na	0.0	0.0	0.0	0.0	0.0	0.0	0.0
DPCD	na	0.0	0.0	0.0	0.0	0.0	0.0	0.0
POLL	na	0.0	0.0	0.0	0.0	0.0	0.0	0.0
FBXW4	na	0.0	0.0	0.0	0.0	0.0	0.0	0.0
NPM3	na	0.0	0.0	0.0	0.0	0.0	0.0	0.0
OGA	na	0.044127437553729214	2.1385841563249496e-15	0.10550520016977027	0.14159786088592224	0.0853311465213924	0.02255283194811527	0.044445135789274816
ARMH3	na	0.0	0.0	0.0	0.0	0.0	0.0	0.0
HPS6	na	0.0	0.0	0.0	0.0	0.0	0.0	0.0
LDB1	na	0.0	0.0	0.0	0.0	0.0	0.0	0.0
PPRC1	na	0.0	0.0	0.0	0.0	0.0	0.0	0.0
NOLC1	na	0.0	0.0	0.0	0.0	0.0	0.0	0.0
GBF1	na	0.0	0.0	0.0	0.0	0.0	0.0	0.0
NFKB2	na	0.0	0.0	0.0	0.0	0.0	0.0	0.0
PSD	na	0.0	0.0	0.0	0.0	0.0	0.0	0.0
FBXL15	na	0.0	0.0	0.0	0.0	0.0	0.0	0.0
CUEDC2	na	0.0	0.0	0.0	0.0	0.0	0.0	0.0
MFSD13A	na	0.0	0.0	0.0	0.0	0.0	0.0	0.0
ACTR1A	na	0.0	0.0	0.0	0.0	0.0	0.0	0.0
SUFU	na	0.0	0.0	0.0	0.0	0.0	0.0	0.0
TRIM8	na	0.0	0.0	0.0	0.0	0.0	0.0	0.0
ARL3	na	0.0	0.0	0.0	0.0	0.0	0.0	0.0
SFXN2	na	0.0	0.0	0.0	0.0	0.0	0.0	0.0
WBP1L	na	0.0	0.0	0.0	0.0	0.0	0.0	0.0
CYP17A1-AS1	na	0.0	0.0	0.0	0.0	0.0	0.0	0.0
BORCS7	na	0.0	0.0	0.0	0.0	0.0	0.0	0.0
CNNM2	na	0.0	0.0	0.0	0.0	0.0	0.0	0.0
NT5C2	na	0.0	0.0	0.0	0.0	0.0	0.0	0.0
PCGF6	na	0.0	0.0	0.0	0.0	0.0	0.0	0.0
TAF5	na	0.0	0.0	0.0	0.0	0.0	0.0	0.0
ATP5MD	na	0.2243043671822786	0.3798138085106995	0.18972586211847312	0.22304436850893541	0.19400944121450167	0.2780862761420182	0.38942589033209485
PDCD11	na	0.0	0.0	0.0	0.0	0.0	0.0	0.0
CALHM2	na	0.0	0.0	0.0	0.0	0.0	0.0	0.0
SH3PXD2A	na	0.0	0.0	0.0	0.0	0.0	0.0	0.0
STN1	na	0.0	0.0	0.0	0.0	0.0	0.0	0.0
SLK	na	0.0	0.0	0.0	0.0	0.0	0.0	0.0
SFR1	na	0.0	0.0	0.0	0.0	0.0	0.0	0.0
CFAP43	na	0.0	0.0	0.0	0.0	0.0	0.0	0.0
GSTO1	na	0.0	0.0	0.0	0.0	0.0	0.0	0.0
GSTO2	na	0.0	0.0	0.0	0.0	0.0	0.0	0.0
ITPRIP	na	0.0	0.0	0.0	0.0	0.0	0.0	0.0
XPNPEP1	na	0.0	0.0	0.0	0.0	0.0	0.0	0.0
ADD3	na	0.0	0.0	0.0	0.0	0.0	0.0	0.0
MXI1	na	0.0	0.0	0.0	0.0	0.0	0.0	0.0
SMNDC1	na	0.0	0.0	0.0	0.0	0.0	0.0	0.0
AL355512.1	na	0.0	0.0	0.0	0.0	0.0	0.0	0.0
DUSP5	na	0.0	0.0	0.0	0.0	0.0	0.0	0.0
SMC3	na	0.0	0.0	0.0	0.0	0.0	0.0	0.0
PDCD4	na	0.0	0.0	0.0	0.0	0.0	0.0	0.0
BBIP1	na	0.0	0.0	0.0	0.0	0.0	0.0	0.0
SHOC2	na	0.0	0.0	0.0	0.0	0.0	0.0	0.0
ADRA2A	na	0.0	0.0	0.0	0.0	0.0	0.0	0.0
GPAM	na	0.0	0.0	0.0	0.0	0.0	0.0	0.0
ACSL5	na	0.0	0.0	0.0	0.0	0.0	0.0	0.0
ZDHHC6	na	0.0	0.0	0.0	0.0	0.0	0.0	0.0
VTI1A	na	0.0	0.0	0.0	0.0	0.0	0.0	0.0
TCF7L2	na	0.0	0.0	0.0	0.0	0.0	0.0	0.0
HABP2	na	0.0	0.0	0.0	0.0	0.0	0.0	0.0
CASP7	na	0.0	0.0	0.0	0.0	0.0	0.0	0.0
PLEKHS1	na	0.0	0.0	0.0	0.0	0.0	0.0	0.0
DCLRE1A	na	0.0	0.0	0.0	0.0	0.0	0.0	0.0
NHLRC2	na	0.0	0.0	0.0	0.0	0.0	0.0	0.0
CCDC186	na	0.0	0.0	0.0	0.0	0.0	0.0	0.0
AFAP1L2	na	0.0	0.0	0.0	0.0	0.0	0.0	0.0
ABLIM1	na	0.0	0.0	0.0	0.0	0.0	0.0	0.0
FAM160B1	na	0.0	0.0	0.0	0.0	0.0	0.0	0.0
TRUB1	na	0.0	0.0	0.0	0.0	0.0	0.0	0.0
HSPA12A	na	0.0	0.0	0.0	0.0	0.0	0.0	0.0
SHTN1	na	0.0	0.0	0.0	0.0	0.0	0.0	0.0
PDZD8	na	0.0	0.0	0.0	0.0	0.0	0.0	0.0
RAB11FIP2	na	0.0	0.0	0.0	0.0	0.0	0.0	0.0
CASC2	na	0.0	0.0	0.0	0.0	0.0	0.0	0.0
FAM204A	na	0.0	0.0	0.0	0.0	0.0	0.0	0.0
CACUL1	na	0.0	0.0	0.0	0.0	0.0	0.0	0.0
NANOS1	na	0.0	0.0	0.0	0.0	0.0	0.0	0.0
EIF3A	na	0.05740274091404156	7.439743509148527e-13	0.12153239986159911	0.11784328419080625	0.07577270024421313	0.023686759995780213	0.04660536167874573
FAM45A	na	0.0	0.0	0.0	0.0	0.0	0.0	0.0
SFXN4	na	0.0	0.0	0.0	0.0	0.0	0.0	0.0
PRDX3	na	0.07192031572954578	0.032343451108905796	0.11997599182116253	0.13806170897243097	0.08256557140542167	0.04791631183637193	0.09868284673334018
GRK5	na	0.0	0.0	0.0	0.0	0.0	0.0	0.0
RGS10	na	0.0	0.0	0.0	0.0	0.0	0.0	0.0
TIAL1	na	0.0	0.0	0.0	0.0	0.0	0.0	0.0
BAG3	na	0.0	0.0	0.0	0.0	0.0	0.0	0.0
INPP5F	na	0.0	0.0	0.0	0.0	0.0	0.0	0.0
MCMBP	na	0.0	0.0	0.0	0.0	0.0	0.0	0.0
SEC23IP	na	0.0	0.0	0.0	0.0	0.0	0.0	0.0
PLPP4	na	0.0	0.0	0.0	0.0	0.0	0.0	0.0
WDR11	na	0.0	0.0	0.0	0.0	0.0	0.0	0.0
AC010998.3	na	0.0	0.0	0.0	0.0	0.0	0.0	0.0
FGFR2	na	0.0	0.0	0.0	0.0	0.0	0.0	0.0
ATE1	na	0.0	0.0	0.0	0.0	0.0	0.0	0.0
NSMCE4A	na	0.0	0.0	0.0	0.0	0.0	0.0	0.0
TACC2	na	0.0	0.0	0.0	0.0	0.0	0.0	0.0
PLEKHA1	na	0.0	0.0	0.0	0.0	0.0	0.0	0.0
HTRA1	na	0.07134916016941138	0.0333569548252075	0.10286695544727746	0.09525163354196513	0.06905827749779271	0.06915220532156122	0.09316013123171486
C10orf88	na	0.0	0.0	0.0	0.0	0.0	0.0	0.0
PSTK	na	0.0	0.0	0.0	0.0	0.0	0.0	0.0
IKZF5	na	0.0	0.0	0.0	0.0	0.0	0.0	0.0
ACADSB	na	0.0	0.0	0.0	0.0	0.0	0.0	0.0
BUB3	na	0.0	0.0	0.0	0.0	0.0	0.0	0.0
GPR26	na	0.0	0.0	0.0	0.0	0.0	0.0	0.0
CPXM2	na	0.0	0.0	0.0	0.0	0.0	0.0	0.0
CHST15	na	0.0	0.0	0.0	0.0	0.0	0.0	0.0
OAT	na	0.0	0.0	0.0	0.0	0.0	0.0	0.0
LHPP	na	0.0	0.0	0.0	0.0	0.0	0.0	0.0
FAM53B	na	0.0	0.0	0.0	0.0	0.0	0.0	0.0
EEF1AKMT2	na	0.0	0.0	0.0	0.0	0.0	0.0	0.0
ABRAXAS2	na	0.0	0.0	0.0	0.0	0.0	0.0	0.0
ZRANB1	na	0.0	0.0	0.0	0.0	0.0	0.0	0.0
CTBP2	na	0.05463836797682	1.377225047381933e-13	0.10620197854774861	0.13251557815796264	0.07916114251534724	0.02365216180874126	0.057155217457490685
AL158835.1	na	0.0	0.0	0.0	0.0	0.0	0.0	0.0
EDRF1	na	0.0	0.0	0.0	0.0	0.0	0.0	0.0
UROS	na	0.0	0.0	0.0	0.0	0.0	0.0	0.0
BCCIP	na	0.0	0.0	0.0	0.0	0.0	0.0	0.0
DHX32	na	0.0	0.0	0.0	0.0	0.0	0.0	0.0
FANK1	na	0.0	0.0	0.0	0.0	0.0	0.0	0.0
ADAM12	na	0.0	0.0	0.0	0.0	0.0	0.0	0.0
DOCK1	na	0.0	0.0	0.0	0.0	0.0	0.0	0.0
PTPRE	na	0.0	0.0	0.0	0.0	0.0	0.0	0.0
MKI67	na	0.0	0.0	0.0	0.0	0.0	0.0	0.0
MGMT	na	0.0	0.0	0.0	0.0	0.0	0.0	0.0
C10orf143	na	0.0	0.0	0.0	0.0	0.0	0.0	0.0
GLRX3	na	0.0	0.0	0.0	0.0	0.0	0.0	0.0
PPP2R2D	na	0.0	0.0	0.0	0.0	0.0	0.0	0.0
BNIP3	na	0.06221703985426322	0.028646879700860942	0.10682108382056671	0.16111877076078357	0.09363922381730419	0.04047458208587787	0.09463398441964813
JAKMIP3	na	0.0	0.0	0.0	0.0	0.0	0.0	0.0
DPYSL4	na	0.0	0.0	0.0	0.0	0.0	0.0	0.0
STK32C	na	0.0	0.0	0.0	0.0	0.0	0.0	0.0
LRRC27	na	0.0	0.0	0.0	0.0	0.0	0.0	0.0
PWWP2B	na	0.0	0.0	0.0	0.0	0.0	0.0	0.0
AL451069.2	na	0.0	0.0	0.0	0.0	0.0	0.0	0.0
INPP5A	na	0.0	0.0	0.0	0.0	0.0	0.0	0.0
KNDC1	na	0.0	0.0	0.0	0.0	0.0	0.0	0.0
VENTX	na	0.0	0.0	0.0	0.0	0.0	0.0	0.0
ADAM8	na	0.0	0.0	0.0	0.0	0.0	0.0	0.0
TUBGCP2	na	0.0	0.0	0.0	0.0	0.0	0.0	0.0
ZNF511	na	0.0	0.0	0.0	0.0	0.0	0.0	0.0
FUOM	na	0.0	0.0	0.0	0.0	0.0	0.0	0.0
ECHS1	na	0.062378179545666976	0.004501647366895783	0.12928222299774011	0.14712783177216024	0.08987161653881773	0.04231788374149031	0.07427255188742772
PAOX	na	0.0	0.0	0.0	0.0	0.0	0.0	0.0
MTG1	na	0.0	0.0	0.0	0.0	0.0	0.0	0.0
SLC6A12	na	0.0	0.0	0.0	0.0	0.0	0.0	0.0
SLC6A13	na	0.0	0.0	0.0	0.0	0.0	0.0	0.0
KDM5A	na	0.0	0.0	0.0	0.0	0.0	0.0	0.0
CCDC77	na	0.0	0.0	0.0	0.0	0.0	0.0	0.0
B4GALNT3	na	0.0	0.0	0.0	0.0	0.0	0.0	0.0
NINJ2	na	0.0	0.0	0.0	0.0	0.0	0.0	0.0
AC021054.1	na	0.0	0.0	0.0	0.0	0.0	0.0	0.0
WNK1	na	0.0	0.0	0.0	0.0	0.0	0.0	0.0
RAD52	na	0.0	0.0	0.0	0.0	0.0	0.0	0.0
AC004803.1	na	0.0	0.0	0.0	0.0	0.0	0.0	0.0
ERC1	na	0.0	0.0	0.0	0.0	0.0	0.0	0.0
WNT5B	na	0.0	0.0	0.0	0.0	0.0	0.0	0.0
ADIPOR2	na	0.0	0.0	0.0	0.0	0.0	0.0	0.0
CACNA2D4	na	0.0	0.0	0.0	0.0	0.0	0.0	0.0
LRTM2	na	0.0	0.0	0.0	0.0	0.0	0.0	0.0
LINC00940	na	0.0	0.0	0.0	0.0	0.0	0.0	0.0
DCP1B	na	0.0	0.0	0.0	0.0	0.0	0.0	0.0
CACNA1C	na	0.0	0.0	0.0	0.0	0.0	0.0	0.0
FKBP4	na	0.09292718906766236	4.974119908711091e-17	0.23384892941814983	0.3000391969513482	0.15730143160419902	0.0490885941096374	0.11144851053970904
ITFG2-AS1	na	0.0	0.0	0.0	0.0	0.0	0.0	0.0
ITFG2	na	0.0	0.0	0.0	0.0	0.0	0.0	0.0
FOXM1	na	0.0	0.0	0.0	0.0	0.0	0.0	0.0
RHNO1	na	0.0	0.0	0.0	0.0	0.0	0.0	0.0
TULP3	na	0.0	0.0	0.0	0.0	0.0	0.0	0.0
TEAD4	na	0.0	0.0	0.0	0.0	0.0	0.0	0.0
TSPAN9	na	0.0	0.0	0.0	0.0	0.0	0.0	0.0
CRACR2A	na	0.0	0.0	0.0	0.0	0.0	0.0	0.0
PARP11	na	0.0	0.0	0.0	0.0	0.0	0.0	0.0
CCND2	na	0.0	0.0	0.0	0.0	0.0	0.0	0.0
TIGAR	na	0.0	0.0	0.0	0.0	0.0	0.0	0.0
C12orf4	na	0.0	0.0	0.0	0.0	0.0	0.0	0.0
RAD51AP1	na	0.0	0.0	0.0	0.0	0.0	0.0	0.0
DYRK4	na	0.0	0.0	0.0	0.0	0.0	0.0	0.0
NDUFA9	na	0.0807876087104715	8.676042672447424e-14	0.10865933559635894	0.1333535363928249	0.07799840780471398	0.024611217207586078	0.03876012720247678
ANO2	na	0.0	0.0	0.0	0.0	0.0	0.0	0.0
VWF	na	0.0	0.0	0.0	0.0	0.0	0.0	0.0
CD9	na	0.16029370088111947	0.08035337363487817	0.2385342358224415	0.287992683874865	0.17098040630879127	0.12947452122198969	0.1840443132958165
PLEKHG6	na	0.0	0.0	0.0	0.0	0.0	0.0	0.0
TNFRSF1A	na	0.0	0.0	0.0	0.0	0.0	0.0	0.0
SCNN1A	na	0.0	0.0	0.0	0.0	0.0	0.0	0.0
LTBR	na	0.0	0.0	0.0	0.0	0.0	0.0	0.0
AC005840.2	na	0.0	0.0	0.0	0.0	0.0	0.0	0.0
CD27	na	0.0	0.0	0.0	0.0	0.0	0.0	0.0
TAPBPL	na	0.0	0.0	0.0	0.0	0.0	0.0	0.0
VAMP1	na	0.0	0.0	0.0	0.0	0.0	0.0	0.0
AC005840.4	na	0.0	0.0	0.0	0.0	0.0	0.0	0.0
MRPL51	na	0.1302461301224913	0.06494068901662207	0.14720436469870826	0.20075283490872242	0.12219445816133503	0.06506681000930482	0.11277622611012632
NCAPD2	na	0.0	0.0	0.0	0.0	0.0	0.0	0.0
GAPDH	na	1.0361473517746984	1.1637093223136257	1.1236653773539163	1.25376620916372	0.9631554434018272	1.2404116013871644	1.7475241329847124
AC006064.4	na	0.0	0.0	0.0	0.0	0.0	0.0	0.0
IFFO1	na	0.0	0.0	0.0	0.0	0.0	0.0	0.0
NOP2	na	0.0	0.0	0.0	0.0	0.0	0.0	0.0
CHD4	na	0.06439113814700655	2.8325241035294226e-22	0.16290005954323625	0.17975517379540065	0.10247858004615662	0.029072451586831444	0.060490711491286014
LPAR5	na	0.0	0.0	0.0	0.0	0.0	0.0	0.0
ACRBP	na	0.0	0.0	0.0	0.0	0.0	0.0	0.0
ING4	na	0.0	0.0	0.0	0.0	0.0	0.0	0.0
ZNF384	na	0.0	0.0	0.0	0.0	0.0	0.0	0.0
COPS7A	na	0.0	0.0	0.0	0.0	0.0	0.0	0.0
MLF2	na	0.09606383556981278	2.4728601247659415e-19	0.1860903074463655	0.2263834012766929	0.12882633727300014	0.03432838982538781	0.11986733371411408
PTMS	na	0.16298084146722022	2.624763637078665e-23	0.32150376344342074	0.40318172461996776	0.209663859189331	0.03896439396528222	0.1287513995481603
LAG3	na	0.0	0.0	0.0	0.0	0.0	0.0	0.0
CD4	na	0.0	0.0	0.0	0.0	0.0	0.0	0.0
P3H3	na	0.0	0.0	0.0	0.0	0.0	0.0	0.0
GNB3	na	0.0	0.0	0.0	0.0	0.0	0.0	0.0
CDCA3	na	0.0	0.0	0.0	0.0	0.0	0.0	0.0
USP5	na	0.0669783246564586	1.43756012849161e-16	0.12333674177443986	0.15956331544667385	0.08583382107887627	0.0015208163060204405	0.030805381181254442
TPI1	na	0.25392443548036675	0.08148386872922349	0.3740614096847438	0.4867572671192402	0.28261772853716144	0.19393182944300388	0.3031981248079158
SPSB2	na	0.0	0.0	0.0	0.0	0.0	0.0	0.0
LRRC23	na	0.0	0.0	0.0	0.0	0.0	0.0	0.0
ENO2	na	0.0	0.0	0.0	0.0	0.0	0.0	0.0
ATN1	na	0.053241703024959834	5.765605149761708e-17	0.16964613526030578	0.15997583820825131	0.10343145733448175	7.370842434393954e-16	0.006153161790352578
C12orf57	na	0.23399858642878352	0.2125837234406695	0.22089878913772462	0.32263810164674744	0.20773409962805467	0.17560282650693881	0.3116514848252607
U47924.2	na	0.0	0.0	0.0	0.0	0.0	0.0	0.0
PTPN6	na	0.0	0.0	0.0	0.0	0.0	0.0	0.0
MIR200CHG	na	0.0	0.0	0.0	0.0	0.0	0.0	0.0
PHB2	na	0.09810881501305843	0.014008070971131666	0.14999194578288616	0.1929517936111289	0.10600994482581524	0.04969720954449377	0.09588863680997382
EMG1	na	0.0	0.0	0.0	0.0	0.0	0.0	0.0
LPCAT3	na	0.0	0.0	0.0	0.0	0.0	0.0	0.0
C1S	na	0.0	0.0	0.0	0.0	0.0	0.0	0.0
C1R	na	0.0	0.0	0.0	0.0	0.0	0.0	0.0
C1RL	na	0.0	0.0	0.0	0.0	0.0	0.0	0.0
CLSTN3	na	0.0	0.0	0.0	0.0	0.0	0.0	0.0
PEX5	na	0.0	0.0	0.0	0.0	0.0	0.0	0.0
CD163L1	na	0.0	0.0	0.0	0.0	0.0	0.0	0.0
CD163	na	0.0	0.0	0.0	0.0	0.0	0.0	0.0
SLC2A3	na	0.0	0.0	0.0	0.0	0.0	0.0	0.0
FOXJ2	na	0.0	0.0	0.0	0.0	0.0	0.0	0.0
C3AR1	na	0.0	0.0	0.0	0.0	0.0	0.0	0.0
NECAP1	na	0.0	0.0	0.0	0.0	0.0	0.0	0.0
CLEC4A	na	0.0	0.0	0.0	0.0	0.0	0.0	0.0
LINC00937	na	0.0	0.0	0.0	0.0	0.0	0.0	0.0
MFAP5	na	0.0	0.0	0.0	0.0	0.0	0.0	0.0
RIMKLB	na	0.0	0.0	0.0	0.0	0.0	0.0	0.0
A2ML1	na	0.0	0.0	0.0	0.0	0.0	0.0	0.0
PHC1	na	0.0	0.0	0.0	0.0	0.0	0.0	0.0
M6PR	na	0.0	0.0	0.0	0.0	0.0	0.0	0.0
A2M	na	0.07606406043897454	0.07602708177614365	0.14831549878843805	0.12869741464519688	0.11143525561200791	0.08764295634707979	0.16010126994819696
KLRB1	na	0.0	0.0	0.0	0.0	0.0	0.0	0.0
CLEC2D	na	0.0	0.0	0.0	0.0	0.0	0.0	0.0
CLECL1	na	0.0	0.0	0.0	0.0	0.0	0.0	0.0
CD69	na	0.0	0.0	0.0	0.0	0.0	0.0	0.0
CLEC2B	na	0.0	0.0	0.0	0.0	0.0	0.0	0.0
CLEC7A	na	0.0	0.0	0.0	0.0	0.0	0.0	0.0
OLR1	na	0.0	0.0	0.0	0.0	0.0	0.0	0.0
TMEM52B	na	0.0	0.0	0.0	0.0	0.0	0.0	0.0
GABARAPL1	na	0.0	0.0	0.0	0.0	0.0	0.0	0.0
KLRD1	na	0.0	0.0	0.0	0.0	0.0	0.0	0.0
MAGOHB	na	0.0	0.0	0.0	0.0	0.0	0.0	0.0
YBX3	na	0.0	0.0	0.0	0.0	0.0	0.0	0.0
PRH1	na	0.0	0.0	0.0	0.0	0.0	0.0	0.0
TAS2R14	na	0.0	0.0	0.0	0.0	0.0	0.0	0.0
SMIM10L1	na	0.0	0.0	0.0	0.0	0.0	0.0	0.0
LINC01252	na	0.0	0.0	0.0	0.0	0.0	0.0	0.0
ETV6	na	0.0	0.0	0.0	0.0	0.0	0.0	0.0
LRP6	na	0.0	0.0	0.0	0.0	0.0	0.0	0.0
MANSC1	na	0.0	0.0	0.0	0.0	0.0	0.0	0.0
LOH12CR2	na	0.0	0.0	0.0	0.0	0.0	0.0	0.0
BORCS5	na	0.0	0.0	0.0	0.0	0.0	0.0	0.0
DUSP16	na	0.0	0.0	0.0	0.0	0.0	0.0	0.0
CREBL2	na	0.0	0.0	0.0	0.0	0.0	0.0	0.0
CDKN1B	na	0.0	0.0	0.0	0.0	0.0	0.0	0.0
APOLD1	na	0.0	0.0	0.0	0.0	0.0	0.0	0.0
DDX47	na	0.0	0.0	0.0	0.0	0.0	0.0	0.0
GPRC5A	na	0.09044755948643968	0.002047228622146684	0.18563282032017264	0.21131564767763678	0.11726866899277799	0.014449366718727137	0.09623133525228962
GPRC5D-AS1	na	0.0	0.0	0.0	0.0	0.0	0.0	0.0
HEBP1	na	0.0	0.0	0.0	0.0	0.0	0.0	0.0
FAM234B	na	0.0	0.0	0.0	0.0	0.0	0.0	0.0
EMP1	na	0.0	0.0	0.0	0.0	0.0	0.0	0.0
ATF7IP	na	0.0	0.0	0.0	0.0	0.0	0.0	0.0
PLBD1	na	0.0	0.0	0.0	0.0	0.0	0.0	0.0
HIST4H4	na	0.0	0.0	0.0	0.0	0.0	0.0	0.0
H2AFJ	na	0.3727831260274051	3.6857159213736114e-26	0.7684161460476129	0.8660129326013554	0.4550331384488102	3.2370812582435593e-24	0.32720382766192324
WBP11	na	0.0	0.0	0.0	0.0	0.0	0.0	0.0
C12orf60	na	0.0	0.0	0.0	0.0	0.0	0.0	0.0
MGP	na	0.2866846495639059	0.09562695873281868	0.2937811326751547	0.5154915200306771	0.2600340776929369	0.2107860875171402	0.3174198151988922
ERP27	na	0.0	0.0	0.0	0.0	0.0	0.0	0.0
ARHGDIB	na	0.09134465587502409	0.08623056838251826	0.11615878972648697	0.16188140755574107	0.09949816938118637	0.09006286062488433	0.14200416609703573
RERG	na	0.0	0.0	0.0	0.0	0.0	0.0	0.0
PTPRO	na	0.0	0.0	0.0	0.0	0.0	0.0	0.0
EPS8	na	0.0	0.0	0.0	0.0	0.0	0.0	0.0
STRAP	na	0.0867382004488231	0.02354045099325551	0.10817686972342942	0.1344050196703592	0.07801983684997324	0.03549484571649371	0.06479376468809518
DERA	na	0.0	0.0	0.0	0.0	0.0	0.0	0.0
MGST1	na	0.194024843776352	0.21270773445506103	0.19598603057434	0.22954124293624378	0.16167959064945112	0.17135413719798148	0.25399333170568317
LMO3	na	0.0	0.0	0.0	0.0	0.0	0.0	0.0
PIK3C2G	na	0.0	0.0	0.0	0.0	0.0	0.0	0.0
PLEKHA5	na	0.0	0.0	0.0	0.0	0.0	0.0	0.0
AEBP2	na	0.0	0.0	0.0	0.0	0.0	0.0	0.0
PDE3A	na	0.0	0.0	0.0	0.0	0.0	0.0	0.0
PYROXD1	na	0.0	0.0	0.0	0.0	0.0	0.0	0.0
RECQL	na	0.0	0.0	0.0	0.0	0.0	0.0	0.0
GOLT1B	na	0.0	0.0	0.0	0.0	0.0	0.0	0.0
LDHB	na	0.0	0.0	0.0	0.0	0.0	0.0	0.0
KCNJ8	na	0.0	0.0	0.0	0.0	0.0	0.0	0.0
ABCC9	na	0.0	0.0	0.0	0.0	0.0	0.0	0.0
CMAS	na	0.0	0.0	0.0	0.0	0.0	0.0	0.0
C2CD5	na	0.0	0.0	0.0	0.0	0.0	0.0	0.0
ETNK1	na	0.0	0.0	0.0	0.0	0.0	0.0	0.0
BCAT1	na	0.0	0.0	0.0	0.0	0.0	0.0	0.0
LRMP	na	0.0	0.0	0.0	0.0	0.0	0.0	0.0
CASC1	na	0.0	0.0	0.0	0.0	0.0	0.0	0.0
ETFRF1	na	0.0	0.0	0.0	0.0	0.0	0.0	0.0
KRAS	na	0.0	0.0	0.0	0.0	0.0	0.0	0.0
AC087239.1	na	0.0	0.0	0.0	0.0	0.0	0.0	0.0
RASSF8	na	0.0	0.0	0.0	0.0	0.0	0.0	0.0
BHLHE41	na	0.0	0.0	0.0	0.0	0.0	0.0	0.0
SSPN	na	0.0	0.0	0.0	0.0	0.0	0.0	0.0
ITPR2	na	0.0	0.0	0.0	0.0	0.0	0.0	0.0
INTS13	na	0.0	0.0	0.0	0.0	0.0	0.0	0.0
FGFR1OP2	na	0.0	0.0	0.0	0.0	0.0	0.0	0.0
TM7SF3	na	0.0	0.0	0.0	0.0	0.0	0.0	0.0
MED21	na	0.0	0.0	0.0	0.0	0.0	0.0	0.0
AC092747.4	na	0.0	0.0	0.0	0.0	0.0	0.0	0.0
STK38L	na	0.0	0.0	0.0	0.0	0.0	0.0	0.0
ARNTL2	na	0.0	0.0	0.0	0.0	0.0	0.0	0.0
PPFIBP1	na	0.0	0.0	0.0	0.0	0.0	0.0	0.0
MRPS35	na	0.056370133587120834	0.007942150251204408	0.10731713435711716	0.11672506319977768	0.07091878440878517	0.04265146086183765	0.05376423041228959
KLHL42	na	0.0	0.0	0.0	0.0	0.0	0.0	0.0
PTHLH	na	0.0	0.0	0.0	0.0	0.0	0.0	0.0
CCDC91	na	0.0	0.0	0.0	0.0	0.0	0.0	0.0
AC022364.1	na	0.0	0.0	0.0	0.0	0.0	0.0	0.0
FAR2	na	0.0	0.0	0.0	0.0	0.0	0.0	0.0
AC009318.2	na	0.0	0.0	0.0	0.0	0.0	0.0	0.0
ERGIC2	na	0.0	0.0	0.0	0.0	0.0	0.0	0.0
TMTC1	na	0.0	0.0	0.0	0.0	0.0	0.0	0.0
IPO8	na	0.0	0.0	0.0	0.0	0.0	0.0	0.0
CAPRIN2	na	0.0	0.0	0.0	0.0	0.0	0.0	0.0
DDX11	na	0.0	0.0	0.0	0.0	0.0	0.0	0.0
SINHCAF	na	0.0	0.0	0.0	0.0	0.0	0.0	0.0
DENND5B	na	0.0	0.0	0.0	0.0	0.0	0.0	0.0
ETFBKMT	na	0.0	0.0	0.0	0.0	0.0	0.0	0.0
AMN1	na	0.0	0.0	0.0	0.0	0.0	0.0	0.0
AC023157.3	na	0.0	0.0	0.0	0.0	0.0	0.0	0.0
KIAA1551	na	0.0	0.0	0.0	0.0	0.0	0.0	0.0
AC016957.2	na	0.0	0.0	0.0	0.0	0.0	0.0	0.0
BICD1	na	0.0	0.0	0.0	0.0	0.0	0.0	0.0
FGD4	na	0.0	0.0	0.0	0.0	0.0	0.0	0.0
DNM1L	na	0.0	0.0	0.0	0.0	0.0	0.0	0.0
YARS2	na	0.0	0.0	0.0	0.0	0.0	0.0	0.0
PKP2	na	0.0	0.0	0.0	0.0	0.0	0.0	0.0
ALG10	na	0.0	0.0	0.0	0.0	0.0	0.0	0.0
ALG10B	na	0.0	0.0	0.0	0.0	0.0	0.0	0.0
CPNE8	na	0.0	0.0	0.0	0.0	0.0	0.0	0.0
KIF21A	na	0.0	0.0	0.0	0.0	0.0	0.0	0.0
SLC2A13	na	0.0	0.0	0.0	0.0	0.0	0.0	0.0
LRRK2	na	0.0	0.0	0.0	0.0	0.0	0.0	0.0
CNTN1	na	0.0	0.0	0.0	0.0	0.0	0.0	0.0
GXYLT1	na	0.0	0.0	0.0	0.0	0.0	0.0	0.0
YAF2	na	0.0	0.0	0.0	0.0	0.0	0.0	0.0
PPHLN1	na	0.0	0.0	0.0	0.0	0.0	0.0	0.0
ZCRB1	na	0.0	0.0	0.0	0.0	0.0	0.0	0.0
PRICKLE1	na	0.0	0.0	0.0	0.0	0.0	0.0	0.0
PUS7L	na	0.0	0.0	0.0	0.0	0.0	0.0	0.0
IRAK4	na	0.0	0.0	0.0	0.0	0.0	0.0	0.0
TWF1	na	0.0	0.0	0.0	0.0	0.0	0.0	0.0
TMEM117	na	0.0	0.0	0.0	0.0	0.0	0.0	0.0
ANO6	na	0.0	0.0	0.0	0.0	0.0	0.0	0.0
AC008124.1	na	0.0	0.0	0.0	0.0	0.0	0.0	0.0
ARID2	na	0.0	0.0	0.0	0.0	0.0	0.0	0.0
SCAF11	na	0.0	0.0	0.0	0.0	0.0	0.0	0.0
SLC38A1	na	0.08332671591601239	1.048996622445166e-19	0.15014151334554554	0.19518625991941643	0.10700845047945624	0.018261332103930685	0.07584835087539783
SLC38A2	na	0.0547344347403286	1.084847761104208e-18	0.1420368640846362	0.16693060018285777	0.08952094931066447	0.014615383010565136	0.06247438605825441
AC008014.1	na	0.0	0.0	0.0	0.0	0.0	0.0	0.0
AC008035.1	na	0.0	0.0	0.0	0.0	0.0	0.0	0.0
AMIGO2	na	0.0	0.0	0.0	0.0	0.0	0.0	0.0
PCED1B	na	0.0	0.0	0.0	0.0	0.0	0.0	0.0
RPAP3	na	0.0	0.0	0.0	0.0	0.0	0.0	0.0
RAPGEF3	na	0.0	0.0	0.0	0.0	0.0	0.0	0.0
SLC48A1	na	0.0	0.0	0.0	0.0	0.0	0.0	0.0
HDAC7	na	0.0	0.0	0.0	0.0	0.0	0.0	0.0
VDR	na	0.0	0.0	0.0	0.0	0.0	0.0	0.0
TMEM106C	na	0.06023427065107044	1.0166315708202677e-16	0.1298838571067824	0.15292139463114873	0.08962927083664396	0.014549449263003616	0.038780822941610976
SENP1	na	0.0	0.0	0.0	0.0	0.0	0.0	0.0
PFKM	na	0.0	0.0	0.0	0.0	0.0	0.0	0.0
ASB8	na	0.0	0.0	0.0	0.0	0.0	0.0	0.0
ZNF641	na	0.0	0.0	0.0	0.0	0.0	0.0	0.0
KANSL2	na	0.0	0.0	0.0	0.0	0.0	0.0	0.0
CCNT1	na	0.0	0.0	0.0	0.0	0.0	0.0	0.0
ADCY6	na	0.0	0.0	0.0	0.0	0.0	0.0	0.0
CACNB3	na	0.0	0.0	0.0	0.0	0.0	0.0	0.0
DDX23	na	0.07583689547272887	1.2777686727781106e-23	0.13087059194527026	0.15830837045953441	0.09392880237066971	1.831027172292196e-16	0.02014817629143827
RND1	na	0.0	0.0	0.0	0.0	0.0	0.0	0.0
CCDC65	na	0.0	0.0	0.0	0.0	0.0	0.0	0.0
FKBP11	na	0.0	0.0	0.0	0.0	0.0	0.0	0.0
ARF3	na	0.07001294238015184	7.665001294251344e-15	0.13033063561498093	0.15896560024223771	0.09255871449962107	0.01305583928275744	0.0543346107477976
WNT10B	na	0.0	0.0	0.0	0.0	0.0	0.0	0.0
DDN-AS1	na	0.0	0.0	0.0	0.0	0.0	0.0	0.0
PRKAG1	na	0.0	0.0	0.0	0.0	0.0	0.0	0.0
KMT2D	na	0.0	0.0	0.0	0.0	0.0	0.0	0.0
RHEBL1	na	0.0	0.0	0.0	0.0	0.0	0.0	0.0
LMBR1L	na	0.0	0.0	0.0	0.0	0.0	0.0	0.0
AC011603.2	na	0.0	0.0	0.0	0.0	0.0	0.0	0.0
TUBA1B	na	0.2536501618208934	0.26784988054326164	0.32558043021368843	0.3010299787434405	0.2558188509409476	0.2828361872814902	0.39913358860415205
TUBA1A	na	0.07928285137298902	0.014134385854833707	0.15342284721654847	0.18101322191029778	0.1106274131566064	0.044923637135556346	0.1012758247572952
TUBA1C	na	0.07011956150308789	0.024780125774476334	0.1375260957548571	0.1514342499081439	0.08841844291532437	0.05343214310274105	0.0872949077708835
AC125611.3	na	0.0	0.0	0.0	0.0	0.0	0.0	0.0
PRPH	na	0.0	0.0	0.0	0.0	0.0	0.0	0.0
TROAP	na	0.0	0.0	0.0	0.0	0.0	0.0	0.0
DNAJC22	na	0.0	0.0	0.0	0.0	0.0	0.0	0.0
SPATS2	na	0.0	0.0	0.0	0.0	0.0	0.0	0.0
MCRS1	na	0.0	0.0	0.0	0.0	0.0	0.0	0.0
PRPF40B	na	0.0	0.0	0.0	0.0	0.0	0.0	0.0
FMNL3	na	0.0	0.0	0.0	0.0	0.0	0.0	0.0
TMBIM6	na	0.1746752841403224	0.04291031065415957	0.32783670426563283	0.38347125966190465	0.22154404098474412	0.13070178037004623	0.20827716868298635
NCKAP5L	na	0.0	0.0	0.0	0.0	0.0	0.0	0.0
BCDIN3D	na	0.0	0.0	0.0	0.0	0.0	0.0	0.0
FAIM2	na	0.0	0.0	0.0	0.0	0.0	0.0	0.0
RACGAP1	na	0.0	0.0	0.0	0.0	0.0	0.0	0.0
ASIC1	na	0.0	0.0	0.0	0.0	0.0	0.0	0.0
SMARCD1	na	0.0	0.0	0.0	0.0	0.0	0.0	0.0
COX14	na	0.08859292342615081	0.06163789508255823	0.13222267113122174	0.16180987840414202	0.09498146208036581	0.047366329370811124	0.11122868387604691
AC074032.1	na	0.0	0.0	0.0	0.0	0.0	0.0	0.0
CERS5	na	0.0	0.0	0.0	0.0	0.0	0.0	0.0
LIMA1	na	0.0	0.0	0.0	0.0	0.0	0.0	0.0
LARP4	na	0.0	0.0	0.0	0.0	0.0	0.0	0.0
DIP2B	na	0.0	0.0	0.0	0.0	0.0	0.0	0.0
ATF1	na	0.0	0.0	0.0	0.0	0.0	0.0	0.0
METTL7A	na	0.0	0.0	0.0	0.0	0.0	0.0	0.0
SLC11A2	na	0.0	0.0	0.0	0.0	0.0	0.0	0.0
LETMD1	na	0.0	0.0	0.0	0.0	0.0	0.0	0.0
CSRNP2	na	0.0	0.0	0.0	0.0	0.0	0.0	0.0
TFCP2	na	0.0	0.0	0.0	0.0	0.0	0.0	0.0
DAZAP2	na	0.08374484396712628	2.3600532394820516e-20	0.17603292556441363	0.2187379329708802	0.11801883935852804	0.005667039000491162	0.044501409251765656
SMAGP	na	0.0	0.0	0.0	0.0	0.0	0.0	0.0
BIN2	na	0.0	0.0	0.0	0.0	0.0	0.0	0.0
GALNT6	na	0.0	0.0	0.0	0.0	0.0	0.0	0.0
SLC4A8	na	0.0	0.0	0.0	0.0	0.0	0.0	0.0
SCN8A	na	0.0	0.0	0.0	0.0	0.0	0.0	0.0
ACVRL1	na	0.0	0.0	0.0	0.0	0.0	0.0	0.0
ACVR1B	na	0.0	0.0	0.0	0.0	0.0	0.0	0.0
GRASP	na	0.0	0.0	0.0	0.0	0.0	0.0	0.0
NR4A1	na	0.0	0.0	0.0	0.0	0.0	0.0	0.0
ATG101	na	0.0	0.0	0.0	0.0	0.0	0.0	0.0
KRT80	na	0.0	0.0	0.0	0.0	0.0	0.0	0.0
KRT7	na	0.30460232454919367	0.11818820667241417	0.5115787716890035	0.5086509428033236	0.3430189647090935	0.17578984993173472	0.389792332351803
KRT7-AS	na	0.0	0.0	0.0	0.0	0.0	0.0	0.0
KRT86	na	0.0	0.0	0.0	0.0	0.0	0.0	0.0
KRT81	na	0.0	0.0	0.0	0.0	0.0	0.0	0.0
KRT6B	na	0.0	0.0	0.0	0.0	0.0	0.0	0.0
KRT5	na	0.0	0.0	0.0	0.0	0.0	0.0	0.0
KRT8	na	0.43073516986164306	0.4330139954250192	0.5817465329161146	0.4116380573171585	0.4196414373172058	0.45104832516620036	0.8185428410032753
KRT18	na	0.2620360770488167	0.31949187889806935	0.3039802870495359	0.26845512650929093	0.25068194341870215	0.3830484205647579	0.49156316467275063
EIF4B	na	0.07867818399313893	9.337548373241725e-23	0.14248738263893268	0.1556896920773273	0.09690732181344677	0.03344364125203968	0.07449190276910454
AC068888.1	na	0.0	0.0	0.0	0.0	0.0	0.0	0.0
TNS2	na	0.0	0.0	0.0	0.0	0.0	0.0	0.0
SPRYD3	na	0.0	0.0	0.0	0.0	0.0	0.0	0.0
IGFBP6	na	0.0	0.0	0.0	0.0	0.0	0.0	0.0
CSAD	na	0.0	0.0	0.0	0.0	0.0	0.0	0.0
ZNF740	na	0.0	0.0	0.0	0.0	0.0	0.0	0.0
ITGB7	na	0.0	0.0	0.0	0.0	0.0	0.0	0.0
RARG	na	0.0	0.0	0.0	0.0	0.0	0.0	0.0
MFSD5	na	0.0	0.0	0.0	0.0	0.0	0.0	0.0
ESPL1	na	0.0	0.0	0.0	0.0	0.0	0.0	0.0
PFDN5	na	0.1883139431182978	0.23792814121229613	0.16231143200724465	0.2190374525380158	0.16109748209599842	0.1849887668989034	0.2692076931242402
AC073611.1	na	0.0	0.0	0.0	0.0	0.0	0.0	0.0
C12orf10	na	0.0	0.0	0.0	0.0	0.0	0.0	0.0
AAAS	na	0.0	0.0	0.0	0.0	0.0	0.0	0.0
SP1	na	0.0	0.0	0.0	0.0	0.0	0.0	0.0
PRR13	na	0.06476378752634863	0.017865967733598234	0.11656288740475142	0.13934598428647854	0.08222749813069564	0.03974410387551152	0.09032848213755845
PCBP2	na	0.1317332634859755	0.050508580771637446	0.25294498550154976	0.30361447277037473	0.16759239883582525	0.10008653727752488	0.1666711340104775
MAP3K12	na	0.0	0.0	0.0	0.0	0.0	0.0	0.0
AC023509.4	na	0.0	0.0	0.0	0.0	0.0	0.0	0.0
TARBP2	na	0.0	0.0	0.0	0.0	0.0	0.0	0.0
AC023509.3	na	0.0	0.0	0.0	0.0	0.0	0.0	0.0
ATF7	na	0.0	0.0	0.0	0.0	0.0	0.0	0.0
ATP5MC2	na	0.20428927989260656	0.17908225523604418	0.2662632719228169	0.32729025058830397	0.20975200913407532	0.1806354415268046	0.3051464779908663
CALCOCO1	na	0.0	0.0	0.0	0.0	0.0	0.0	0.0
HOXC13-AS	na	0.0	0.0	0.0	0.0	0.0	0.0	0.0
HOXC13	na	0.0	0.0	0.0	0.0	0.0	0.0	0.0
HOTAIR	na	0.0	0.0	0.0	0.0	0.0	0.0	0.0
HOXC11	na	0.0	0.0	0.0	0.0	0.0	0.0	0.0
HOXC10	na	0.0	0.0	0.0	0.0	0.0	0.0	0.0
HOXC6	na	0.0	0.0	0.0	0.0	0.0	0.0	0.0
HOXC9	na	0.0	0.0	0.0	0.0	0.0	0.0	0.0
HOXC-AS1	na	0.0	0.0	0.0	0.0	0.0	0.0	0.0
HOXC8	na	0.0	0.0	0.0	0.0	0.0	0.0	0.0
HOXC4	na	0.0	0.0	0.0	0.0	0.0	0.0	0.0
HOXC5	na	0.0	0.0	0.0	0.0	0.0	0.0	0.0
SMUG1	na	0.0	0.0	0.0	0.0	0.0	0.0	0.0
LINC02381	na	0.0	0.0	0.0	0.0	0.0	0.0	0.0
AC023794.2	na	0.0	0.0	0.0	0.0	0.0	0.0	0.0
CBX5	na	0.0	0.0	0.0	0.0	0.0	0.0	0.0
HNRNPA1	na	0.14346614243671388	2.396917383585787e-22	0.3831069389354144	0.4644875679954233	0.23245929537827015	0.07522623405020629	0.16706176425087993
COPZ1	na	0.0758621141958066	0.003588331857747644	0.1441562728586398	0.16510744981647896	0.09379203390062218	0.04114985629860223	0.09644548826555596
GPR84	na	0.0	0.0	0.0	0.0	0.0	0.0	0.0
ZNF385A	na	0.0	0.0	0.0	0.0	0.0	0.0	0.0
ITGA5	na	0.0	0.0	0.0	0.0	0.0	0.0	0.0
NCKAP1L	na	0.0	0.0	0.0	0.0	0.0	0.0	0.0
PDE1B	na	0.0	0.0	0.0	0.0	0.0	0.0	0.0
PPP1R1A	na	0.0	0.0	0.0	0.0	0.0	0.0	0.0
LACRT	na	0.0	0.0	0.0	0.0	0.0	0.0	0.0
MUCL1	na	0.12063167466982305	0.215142516068029	0.15907851658052818	0.22798510638394334	0.17534250960165557	0.2841271459151644	0.20660576589649624
METTL7B	na	0.0	0.0	0.0	0.0	0.0	0.0	0.0
ITGA7	na	0.0	0.0	0.0	0.0	0.0	0.0	0.0
BLOC1S1	na	0.06387529621841936	0.031027616547716314	0.11498606020385545	0.1179694472258375	0.07433136918730965	0.055210010471890926	0.0819634471005653
CD63	na	0.212684926659365	0.0887671447883713	0.3498811974193041	0.4823436296935409	0.2556190008844574	0.15834294517712427	0.2393650669480405
AC009779.2	na	0.0	0.0	0.0	0.0	0.0	0.0	0.0
GDF11	na	0.0	0.0	0.0	0.0	0.0	0.0	0.0
SARNP	na	0.0	0.0	0.0	0.0	0.0	0.0	0.0
ORMDL2	na	0.0	0.0	0.0	0.0	0.0	0.0	0.0
DNAJC14	na	0.0	0.0	0.0	0.0	0.0	0.0	0.0
MMP19	na	0.0	0.0	0.0	0.0	0.0	0.0	0.0
PYM1	na	0.0	0.0	0.0	0.0	0.0	0.0	0.0
DGKA	na	0.0	0.0	0.0	0.0	0.0	0.0	0.0
PMEL	na	0.0	0.0	0.0	0.0	0.0	0.0	0.0
CDK2	na	0.0	0.0	0.0	0.0	0.0	0.0	0.0
RAB5B	na	0.0	0.0	0.0	0.0	0.0	0.0	0.0
SUOX	na	0.0	0.0	0.0	0.0	0.0	0.0	0.0
IKZF4	na	0.0	0.0	0.0	0.0	0.0	0.0	0.0
RPS26	na	0.6893863837607528	1.337323973542841	0.435555074020358	0.9194300766932066	0.6258198918406737	1.085725162884685	1.1499400536118347
ERBB3	na	0.11550878362519432	4.122927878596063e-24	0.20162183847917678	0.2623549687352034	0.1352859999574428	0.022860868013747458	0.07859446995302029
PA2G4	na	0.06736161923247494	1.2991780287908114e-21	0.11648349400887562	0.13241806263680467	0.07894509349666759	0.03263938973972479	0.049947394833721084
RPL41	na	3.077159821545388	6.756397800076572	0.9801803056983938	1.1228855610814796	1.9810398785702503	5.020594602203526	5.971053037984174
ZC3H10	na	0.0	0.0	0.0	0.0	0.0	0.0	0.0
ESYT1	na	0.0	0.0	0.0	0.0	0.0	0.0	0.0
MYL6B	na	0.0	0.0	0.0	0.0	0.0	0.0	0.0
MYL6	na	0.704204596369439	0.6651215578020334	0.8232512058361463	0.8145961286740521	0.6249935148743218	0.6172014595217076	1.1112618029063657
SMARCC2	na	0.0	0.0	0.0	0.0	0.0	0.0	0.0
RNF41	na	0.0	0.0	0.0	0.0	0.0	0.0	0.0
NABP2	na	0.0	0.0	0.0	0.0	0.0	0.0	0.0
ANKRD52	na	0.0	0.0	0.0	0.0	0.0	0.0	0.0
COQ10A	na	0.0	0.0	0.0	0.0	0.0	0.0	0.0
CS	na	0.0	0.0	0.0	0.0	0.0	0.0	0.0
AC073896.2	na	0.0	0.0	0.0	0.0	0.0	0.0	0.0
CNPY2	na	0.06399608234857172	0.007762010039183375	0.13190259340470087	0.16301065895911898	0.09074193145567461	0.034986579783423025	0.06502754671521258
PAN2	na	0.0	0.0	0.0	0.0	0.0	0.0	0.0
IL23A	na	0.0	0.0	0.0	0.0	0.0	0.0	0.0
STAT2	na	0.05269680631427858	2.6566145593759688e-18	0.12760755500387275	0.13950008361526028	0.08885374389085238	0.00487281063977562	0.03445955324143725
TIMELESS	na	0.0	0.0	0.0	0.0	0.0	0.0	0.0
SPRYD4	na	0.0	0.0	0.0	0.0	0.0	0.0	0.0
GLS2	na	0.0	0.0	0.0	0.0	0.0	0.0	0.0
RBMS2	na	0.0	0.0	0.0	0.0	0.0	0.0	0.0
BAZ2A	na	0.0	0.0	0.0	0.0	0.0	0.0	0.0
ATP5F1B	na	0.15198663544207483	0.04388447049192664	0.2262423882583862	0.2830711625579538	0.16292749462200717	0.08520975820745988	0.14778220283134366
PTGES3	na	0.09308307695204426	0.025872593358360323	0.16384186302144563	0.19944491528078948	0.11963838246175054	0.04611010680597873	0.11089057423226485
NACA	na	0.31504043712019547	0.5347563674436551	0.3305719901539429	0.2613056568843854	0.2899991679446404	0.4236674534530037	0.610012239408006
PRIM1	na	0.0	0.0	0.0	0.0	0.0	0.0	0.0
HSD17B6	na	0.0	0.0	0.0	0.0	0.0	0.0	0.0
RDH16	na	0.0	0.0	0.0	0.0	0.0	0.0	0.0
ZBTB39	na	0.0	0.0	0.0	0.0	0.0	0.0	0.0
NEMP1	na	0.0	0.0	0.0	0.0	0.0	0.0	0.0
NAB2	na	0.0	0.0	0.0	0.0	0.0	0.0	0.0
STAT6	na	0.0	0.0	0.0	0.0	0.0	0.0	0.0
LRP1	na	0.0	0.0	0.0	0.0	0.0	0.0	0.0
NXPH4	na	0.0	0.0	0.0	0.0	0.0	0.0	0.0
SHMT2	na	0.0	0.0	0.0	0.0	0.0	0.0	0.0
NDUFA4L2	na	0.0	0.0	0.0	0.0	0.0	0.0	0.0
STAC3	na	0.0	0.0	0.0	0.0	0.0	0.0	0.0
R3HDM2	na	0.0	0.0	0.0	0.0	0.0	0.0	0.0
ARHGAP9	na	0.0	0.0	0.0	0.0	0.0	0.0	0.0
MARS	na	0.0	0.0	0.0	0.0	0.0	0.0	0.0
DDIT3	na	0.0	0.0	0.0	0.0	0.0	0.0	0.0
MBD6	na	0.0	0.0	0.0	0.0	0.0	0.0	0.0
DCTN2	na	0.0	0.0	0.0	0.0	0.0	0.0	0.0
PIP4K2C	na	0.0	0.0	0.0	0.0	0.0	0.0	0.0
DTX3	na	0.0	0.0	0.0	0.0	0.0	0.0	0.0
ARHGEF25	na	0.0	0.0	0.0	0.0	0.0	0.0	0.0
B4GALNT1	na	0.0	0.0	0.0	0.0	0.0	0.0	0.0
OS9	na	0.05962126393125815	5.518227508885999e-15	0.13961615116219603	0.14143669885143356	0.08462176646643517	0.019381620369322377	0.051863642480634166
AGAP2	na	0.0	0.0	0.0	0.0	0.0	0.0	0.0
AGAP2-AS1	na	0.0	0.0	0.0	0.0	0.0	0.0	0.0
TSPAN31	na	0.0	0.0	0.0	0.0	0.0	0.0	0.0
CDK4	na	0.06650119502477864	1.442644466106244e-13	0.10144172748151165	0.14430256253388266	0.07911205563317247	0.03158207511765646	0.0548714285944689
MARCH9	na	0.0	0.0	0.0	0.0	0.0	0.0	0.0
CYP27B1	na	0.0	0.0	0.0	0.0	0.0	0.0	0.0
METTL1	na	0.0	0.0	0.0	0.0	0.0	0.0	0.0
EEF1AKMT3	na	0.0	0.0	0.0	0.0	0.0	0.0	0.0
TSFM	na	0.0	0.0	0.0	0.0	0.0	0.0	0.0
AVIL	na	0.0	0.0	0.0	0.0	0.0	0.0	0.0
CTDSP2	na	0.0	0.0	0.0	0.0	0.0	0.0	0.0
AC084033.3	na	0.0	0.0	0.0	0.0	0.0	0.0	0.0
ATP23	na	0.0	0.0	0.0	0.0	0.0	0.0	0.0
LRIG3	na	0.0	0.0	0.0	0.0	0.0	0.0	0.0
SLC16A7	na	0.0	0.0	0.0	0.0	0.0	0.0	0.0
USP15	na	0.0	0.0	0.0	0.0	0.0	0.0	0.0
MON2	na	0.0	0.0	0.0	0.0	0.0	0.0	0.0
PPM1H	na	0.0	0.0	0.0	0.0	0.0	0.0	0.0
AVPR1A	na	0.0	0.0	0.0	0.0	0.0	0.0	0.0
RXYLT1	na	0.0	0.0	0.0	0.0	0.0	0.0	0.0
SRGAP1	na	0.0	0.0	0.0	0.0	0.0	0.0	0.0
C12orf66	na	0.0	0.0	0.0	0.0	0.0	0.0	0.0
XPOT	na	0.0	0.0	0.0	0.0	0.0	0.0	0.0
TBK1	na	0.0	0.0	0.0	0.0	0.0	0.0	0.0
RASSF3	na	0.0	0.0	0.0	0.0	0.0	0.0	0.0
GNS	na	0.0	0.0	0.0	0.0	0.0	0.0	0.0
TBC1D30	na	0.0	0.0	0.0	0.0	0.0	0.0	0.0
LEMD3	na	0.0	0.0	0.0	0.0	0.0	0.0	0.0
MSRB3	na	0.0	0.0	0.0	0.0	0.0	0.0	0.0
LLPH	na	0.0	0.0	0.0	0.0	0.0	0.0	0.0
TMBIM4	na	0.06852479117343793	6.379432165042556e-14	0.11774062348022865	0.11800232759167326	0.07394490887673037	0.023784744517329027	0.05662271498891257
IRAK3	na	0.0	0.0	0.0	0.0	0.0	0.0	0.0
HELB	na	0.0	0.0	0.0	0.0	0.0	0.0	0.0
GRIP1	na	0.0	0.0	0.0	0.0	0.0	0.0	0.0
CAND1	na	0.06278907667749963	2.0582281202172364e-21	0.1252008533752521	0.14062418955858993	0.07957289130027065	0.013260302501226904	0.04402274616285499
DYRK2	na	0.0	0.0	0.0	0.0	0.0	0.0	0.0
MDM1	na	0.0	0.0	0.0	0.0	0.0	0.0	0.0
RAP1B	na	0.061528459291661564	0.008050513108070421	0.10010238923422181	0.12438266620054557	0.06980170807143177	0.027563231892129773	0.050734125424750344
NUP107	na	0.0	0.0	0.0	0.0	0.0	0.0	0.0
SLC35E3	na	0.0	0.0	0.0	0.0	0.0	0.0	0.0
MDM2	na	0.0	0.0	0.0	0.0	0.0	0.0	0.0
CPM	na	0.0	0.0	0.0	0.0	0.0	0.0	0.0
CPSF6	na	0.0	0.0	0.0	0.0	0.0	0.0	0.0
LYZ	na	0.0	0.0	0.0	0.0	0.0	0.0	0.0
AC020656.1	na	0.0	0.0	0.0	0.0	0.0	0.0	0.0
YEATS4	na	0.0	0.0	0.0	0.0	0.0	0.0	0.0
FRS2	na	0.0	0.0	0.0	0.0	0.0	0.0	0.0
CCT2	na	0.09409023850452201	0.010316085582197682	0.13712330495189523	0.16642319650760468	0.09542598840074898	0.04158004119284677	0.08922905250457
RAB3IP	na	0.0	0.0	0.0	0.0	0.0	0.0	0.0
MYRFL	na	0.0	0.0	0.0	0.0	0.0	0.0	0.0
AC025159.1	na	0.0	0.0	0.0	0.0	0.0	0.0	0.0
CNOT2	na	0.0	0.0	0.0	0.0	0.0	0.0	0.0
KCNMB4	na	0.0	0.0	0.0	0.0	0.0	0.0	0.0
PTPRB	na	0.0	0.0	0.0	0.0	0.0	0.0	0.0
ZFC3H1	na	0.0	0.0	0.0	0.0	0.0	0.0	0.0
THAP2	na	0.0	0.0	0.0	0.0	0.0	0.0	0.0
TMEM19	na	0.0	0.0	0.0	0.0	0.0	0.0	0.0
RAB21	na	0.0	0.0	0.0	0.0	0.0	0.0	0.0
TBC1D15	na	0.0	0.0	0.0	0.0	0.0	0.0	0.0
AC090502.1	na	0.0	0.0	0.0	0.0	0.0	0.0	0.0
ATXN7L3B	na	0.05169690076252588	2.518905521304618e-18	0.13222195355262734	0.15606501616098403	0.08677571389864867	3.9709635717394914e-19	0.06407877317014372
GLIPR1	na	0.0	0.0	0.0	0.0	0.0	0.0	0.0
KRR1	na	0.0	0.0	0.0	0.0	0.0	0.0	0.0
PHLDA1	na	0.0	0.0	0.0	0.0	0.0	0.0	0.0
NAP1L1	na	0.09159811373343112	0.03209114438104627	0.15149947812632455	0.1675424033452372	0.10548463095922746	0.05324365994979791	0.11698911360850058
BBS10	na	0.0	0.0	0.0	0.0	0.0	0.0	0.0
OSBPL8	na	0.0	0.0	0.0	0.0	0.0	0.0	0.0
ZDHHC17	na	0.0	0.0	0.0	0.0	0.0	0.0	0.0
CSRP2	na	0.0	0.0	0.0	0.0	0.0	0.0	0.0
E2F7	na	0.0	0.0	0.0	0.0	0.0	0.0	0.0
SYT1	na	0.0	0.0	0.0	0.0	0.0	0.0	0.0
PAWR	na	0.0	0.0	0.0	0.0	0.0	0.0	0.0
PPP1R12A	na	0.0	0.0	0.0	0.0	0.0	0.0	0.0
PTPRQ	na	0.0	0.0	0.0	0.0	0.0	0.0	0.0
LIN7A	na	0.0	0.0	0.0	0.0	0.0	0.0	0.0
ACSS3	na	0.0	0.0	0.0	0.0	0.0	0.0	0.0
CCDC59	na	0.0	0.0	0.0	0.0	0.0	0.0	0.0
METTL25	na	0.0	0.0	0.0	0.0	0.0	0.0	0.0
TMTC2	na	0.0	0.0	0.0	0.0	0.0	0.0	0.0
NTS	na	0.0	0.0	0.0	0.0	0.0	0.0	0.0
C12orf29	na	0.0	0.0	0.0	0.0	0.0	0.0	0.0
CEP290	na	0.0	0.0	0.0	0.0	0.0	0.0	0.0
TMTC3	na	0.0	0.0	0.0	0.0	0.0	0.0	0.0
KITLG	na	0.0	0.0	0.0	0.0	0.0	0.0	0.0
DUSP6	na	0.0	0.0	0.0	0.0	0.0	0.0	0.0
POC1B	na	0.0	0.0	0.0	0.0	0.0	0.0	0.0
POC1B-AS1	na	0.0	0.0	0.0	0.0	0.0	0.0	0.0
ATP2B1	na	0.0	0.0	0.0	0.0	0.0	0.0	0.0
AC126178.1	na	0.0	0.0	0.0	0.0	0.0	0.0	0.0
EPYC	na	0.0	0.0	0.0	0.0	0.0	0.0	0.0
LUM	na	0.12986205448940552	0.114379085258396	0.11287039601027614	0.14590372556754677	0.11805978899961089	0.13616610711482635	0.15078749785501286
DCN	na	0.06631302522990973	0.05240075001406244	0.12368157409913712	0.09416163724498748	0.08082650585487658	0.10416998809407231	0.1200140901281319
BTG1	na	0.02887094819694162	6.020718118436919e-15	0.10735707813995168	0.1344784722395918	0.07879987866394601	0.027027570749133426	0.06853699238509729
EEA1	na	0.0	0.0	0.0	0.0	0.0	0.0	0.0
NUDT4	na	0.056678016328310224	3.402931374957225e-24	0.12844988004137106	0.16315763881662448	0.09116597067420389	0.0072281721811814055	0.05306937116758484
UBE2N	na	0.07694908227333512	0.01769844582740705	0.12085242184777892	0.12580152253657778	0.07868058209301042	0.042441171688594875	0.08400139615661649
MRPL42	na	0.0	0.0	0.0	0.0	0.0	0.0	0.0
SOCS2	na	0.0	0.0	0.0	0.0	0.0	0.0	0.0
CRADD	na	0.0	0.0	0.0	0.0	0.0	0.0	0.0
PLXNC1	na	0.0	0.0	0.0	0.0	0.0	0.0	0.0
CEP83	na	0.0	0.0	0.0	0.0	0.0	0.0	0.0
TMCC3	na	0.0	0.0	0.0	0.0	0.0	0.0	0.0
NDUFA12	na	0.07675340047282542	0.02723656377458936	0.09902777176184122	0.1525861919558426	0.08834537847035717	0.050564414061307336	0.11109776083288608
NR2C1	na	0.0	0.0	0.0	0.0	0.0	0.0	0.0
FGD6	na	0.0	0.0	0.0	0.0	0.0	0.0	0.0
VEZT	na	0.0	0.0	0.0	0.0	0.0	0.0	0.0
METAP2	na	0.0	0.0	0.0	0.0	0.0	0.0	0.0
NTN4	na	0.0	0.0	0.0	0.0	0.0	0.0	0.0
SNRPF	na	0.1302601878457647	0.09922599486517501	0.17651656266779836	0.15856544184258353	0.12269369767852205	0.09879770581420524	0.16832081561086473
AMDHD1	na	0.0	0.0	0.0	0.0	0.0	0.0	0.0
LTA4H	na	0.0	0.0	0.0	0.0	0.0	0.0	0.0
ELK3	na	0.0	0.0	0.0	0.0	0.0	0.0	0.0
CDK17	na	0.0	0.0	0.0	0.0	0.0	0.0	0.0
NEDD1	na	0.0	0.0	0.0	0.0	0.0	0.0	0.0
LINC02453	na	0.0	0.0	0.0	0.0	0.0	0.0	0.0
TMPO-AS1	na	0.0	0.0	0.0	0.0	0.0	0.0	0.0
TMPO	na	0.051960224659636844	3.0278314117890524e-12	0.1248977539308174	0.14510476911485695	0.08731454700472702	0.017832004606270786	0.05009089935727773
SLC25A3	na	0.15505880830289567	0.05382075550362386	0.2312977456487956	0.30933050125201533	0.16344691571276285	0.05355694252990097	0.1647182677854704
IKBIP	na	0.0	0.0	0.0	0.0	0.0	0.0	0.0
APAF1	na	0.0	0.0	0.0	0.0	0.0	0.0	0.0
ANKS1B	na	0.0	0.0	0.0	0.0	0.0	0.0	0.0
UHRF1BP1L	na	0.0	0.0	0.0	0.0	0.0	0.0	0.0
ACTR6	na	0.0	0.0	0.0	0.0	0.0	0.0	0.0
SCYL2	na	0.0	0.0	0.0	0.0	0.0	0.0	0.0
GAS2L3	na	0.0	0.0	0.0	0.0	0.0	0.0	0.0
SLC5A8	na	0.0	0.0	0.0	0.0	0.0	0.0	0.0
UTP20	na	0.0	0.0	0.0	0.0	0.0	0.0	0.0
ARL1	na	0.07728947459539083	1.8447015327420544e-17	0.11841818809973108	0.15602721551462512	0.08194419430992686	0.0013789241940877549	0.04805795244194226
CHPT1	na	0.0	0.0	0.0	0.0	0.0	0.0	0.0
GNPTAB	na	0.0	0.0	0.0	0.0	0.0	0.0	0.0
DRAM1	na	0.0	0.0	0.0	0.0	0.0	0.0	0.0
WASHC3	na	0.0	0.0	0.0	0.0	0.0	0.0	0.0
NUP37	na	0.0	0.0	0.0	0.0	0.0	0.0	0.0
PARPBP	na	0.0	0.0	0.0	0.0	0.0	0.0	0.0
IGF1	na	0.0	0.0	0.0	0.0	0.0	0.0	0.0
AC025265.1	na	0.0	0.0	0.0	0.0	0.0	0.0	0.0
NT5DC3	na	0.0	0.0	0.0	0.0	0.0	0.0	0.0
HSP90B1	na	0.15913490522097076	0.002428739069921422	0.3025055010306789	0.338030764299667	0.1848445333955099	0.05470020446270962	0.16349084694701144
C12orf73	na	0.0	0.0	0.0	0.0	0.0	0.0	0.0
TDG	na	0.0	0.0	0.0	0.0	0.0	0.0	0.0
GLT8D2	na	0.0	0.0	0.0	0.0	0.0	0.0	0.0
HCFC2	na	0.0	0.0	0.0	0.0	0.0	0.0	0.0
NFYB	na	0.0	0.0	0.0	0.0	0.0	0.0	0.0
TXNRD1	na	0.0	0.0	0.0	0.0	0.0	0.0	0.0
CHST11	na	0.0	0.0	0.0	0.0	0.0	0.0	0.0
SLC41A2	na	0.0	0.0	0.0	0.0	0.0	0.0	0.0
C12orf45	na	0.0	0.0	0.0	0.0	0.0	0.0	0.0
ALDH1L2	na	0.0	0.0	0.0	0.0	0.0	0.0	0.0
WASHC4	na	0.0	0.0	0.0	0.0	0.0	0.0	0.0
APPL2	na	0.0	0.0	0.0	0.0	0.0	0.0	0.0
C12orf75	na	0.0	0.0	0.0	0.0	0.0	0.0	0.0
NUAK1	na	0.0	0.0	0.0	0.0	0.0	0.0	0.0
CKAP4	na	0.0654962732229949	5.812647624411161e-27	0.13678434224164515	0.1557115493134134	0.09110394906930694	5.823583753023812e-22	0.0378670540277788
AC079174.2	na	0.0	0.0	0.0	0.0	0.0	0.0	0.0
TCP11L2	na	0.0	0.0	0.0	0.0	0.0	0.0	0.0
POLR3B	na	0.0	0.0	0.0	0.0	0.0	0.0	0.0
RIC8B	na	0.0	0.0	0.0	0.0	0.0	0.0	0.0
TMEM263	na	0.0	0.0	0.0	0.0	0.0	0.0	0.0
MTERF2	na	0.0	0.0	0.0	0.0	0.0	0.0	0.0
CRY1	na	0.0	0.0	0.0	0.0	0.0	0.0	0.0
BTBD11	na	0.0	0.0	0.0	0.0	0.0	0.0	0.0
PWP1	na	0.0	0.0	0.0	0.0	0.0	0.0	0.0
PRDM4	na	0.0	0.0	0.0	0.0	0.0	0.0	0.0
ASCL4	na	0.0	0.0	0.0	0.0	0.0	0.0	0.0
AC126177.8	na	0.0	0.0	0.0	0.0	0.0	0.0	0.0
CMKLR1	na	0.0	0.0	0.0	0.0	0.0	0.0	0.0
FICD	na	0.0	0.0	0.0	0.0	0.0	0.0	0.0
SART3	na	0.0	0.0	0.0	0.0	0.0	0.0	0.0
ISCU	na	0.07863280166185121	1.0097692116991393e-17	0.10764966635846493	0.130808066968843	0.0757418883268715	0.031970222316833455	0.057688438969174756
TMEM119	na	0.0	0.0	0.0	0.0	0.0	0.0	0.0
SELPLG	na	0.0	0.0	0.0	0.0	0.0	0.0	0.0
CORO1C	na	0.0	0.0	0.0	0.0	0.0	0.0	0.0
SSH1	na	0.0	0.0	0.0	0.0	0.0	0.0	0.0
USP30	na	0.0	0.0	0.0	0.0	0.0	0.0	0.0
USP30-AS1	na	0.0	0.0	0.0	0.0	0.0	0.0	0.0
ALKBH2	na	0.0	0.0	0.0	0.0	0.0	0.0	0.0
UNG	na	0.0	0.0	0.0	0.0	0.0	0.0	0.0
ACACB	na	0.0	0.0	0.0	0.0	0.0	0.0	0.0
MYO1H	na	0.0	0.0	0.0	0.0	0.0	0.0	0.0
KCTD10	na	0.0	0.0	0.0	0.0	0.0	0.0	0.0
UBE3B	na	0.0	0.0	0.0	0.0	0.0	0.0	0.0
MMAB	na	0.0	0.0	0.0	0.0	0.0	0.0	0.0
MVK	na	0.0	0.0	0.0	0.0	0.0	0.0	0.0
FAM222A	na	0.0	0.0	0.0	0.0	0.0	0.0	0.0
TRPV4	na	0.0	0.0	0.0	0.0	0.0	0.0	0.0
GLTP	na	0.0	0.0	0.0	0.0	0.0	0.0	0.0
TCHP	na	0.0	0.0	0.0	0.0	0.0	0.0	0.0
GIT2	na	0.0	0.0	0.0	0.0	0.0	0.0	0.0
ANKRD13A	na	0.0	0.0	0.0	0.0	0.0	0.0	0.0
C12orf76	na	0.0	0.0	0.0	0.0	0.0	0.0	0.0
IFT81	na	0.0	0.0	0.0	0.0	0.0	0.0	0.0
ATP2A2	na	0.07411126127334537	3.1360313317283686e-24	0.16506012764854852	0.1744967009284734	0.1089508634372791	4.650225226839858e-23	0.02489583407898288
ANAPC7	na	0.0	0.0	0.0	0.0	0.0	0.0	0.0
ARPC3	na	0.14538271948922918	0.16838360041811407	0.18096328965742442	0.1788852733523687	0.1382736069896308	0.12671236497845015	0.2444036163164639
GPN3	na	0.0	0.0	0.0	0.0	0.0	0.0	0.0
FAM216A	na	0.0	0.0	0.0	0.0	0.0	0.0	0.0
VPS29	na	0.09414917230537172	0.01903208286822213	0.11895058308140942	0.14541730956563884	0.08531779648595549	0.02248630059155277	0.05991649592520256
PPTC7	na	0.0	0.0	0.0	0.0	0.0	0.0	0.0
TCTN1	na	0.0	0.0	0.0	0.0	0.0	0.0	0.0
HVCN1	na	0.0	0.0	0.0	0.0	0.0	0.0	0.0
PPP1CC	na	0.07060640232569254	9.46918555305291e-26	0.12984141836466173	0.1790873515868743	0.0908197357277493	7.931843779500219e-21	0.062232163529871584
PHETA1	na	0.0	0.0	0.0	0.0	0.0	0.0	0.0
SH2B3	na	0.0	0.0	0.0	0.0	0.0	0.0	0.0
ATXN2	na	0.0	0.0	0.0	0.0	0.0	0.0	0.0
BRAP	na	0.0	0.0	0.0	0.0	0.0	0.0	0.0
ACAD10	na	0.0	0.0	0.0	0.0	0.0	0.0	0.0
ALDH2	na	0.08864713955276737	0.019182006598317237	0.1672085391533113	0.1421757606310625	0.09844704517406341	0.034560719845829424	0.1325893219499545
MAPKAPK5-AS1	na	0.0	0.0	0.0	0.0	0.0	0.0	0.0
MAPKAPK5	na	0.0	0.0	0.0	0.0	0.0	0.0	0.0
TMEM116	na	0.0	0.0	0.0	0.0	0.0	0.0	0.0
ERP29	na	0.10448856313614549	1.7148889446418531e-25	0.21963660639570284	0.2449843802201841	0.13912945865755055	1.554558329909838e-23	0.09083113351352169
NAA25	na	0.0	0.0	0.0	0.0	0.0	0.0	0.0
TRAFD1	na	0.0	0.0	0.0	0.0	0.0	0.0	0.0
HECTD4	na	0.0	0.0	0.0	0.0	0.0	0.0	0.0
RPL6	na	0.7072211872658981	0.8813976259544142	0.7359538372607154	0.5735317430469924	0.5721565360936082	0.7084546602112163	1.192569170388114
PTPN11	na	0.0	0.0	0.0	0.0	0.0	0.0	0.0
RPH3A	na	0.0	0.0	0.0	0.0	0.0	0.0	0.0
OAS1	na	0.0860416847980446	0.0013256782702368145	0.11730078759035874	0.1316549610260425	0.08052299402685698	0.0567513403997928	0.07918900574988105
OAS3	na	0.0	0.0	0.0	0.0	0.0	0.0	0.0
OAS2	na	0.0	0.0	0.0	0.0	0.0	0.0	0.0
DTX1	na	0.0	0.0	0.0	0.0	0.0	0.0	0.0
RASAL1	na	0.0	0.0	0.0	0.0	0.0	0.0	0.0
DDX54	na	0.06992055412341144	1.4799828148162603e-21	0.10383194486182637	0.14361356571145392	0.08864616762262131	6.172497505132383e-05	0.03250109445011225
RITA1	na	0.0	0.0	0.0	0.0	0.0	0.0	0.0
IQCD	na	0.0	0.0	0.0	0.0	0.0	0.0	0.0
TPCN1	na	0.0	0.0	0.0	0.0	0.0	0.0	0.0
SLC8B1	na	0.0	0.0	0.0	0.0	0.0	0.0	0.0
PLBD2	na	0.0	0.0	0.0	0.0	0.0	0.0	0.0
SDS	na	0.0	0.0	0.0	0.0	0.0	0.0	0.0
SDSL	na	0.0	0.0	0.0	0.0	0.0	0.0	0.0
RBM19	na	0.0	0.0	0.0	0.0	0.0	0.0	0.0
TBX3	na	0.0	0.0	0.0	0.0	0.0	0.0	0.0
MED13L	na	0.0	0.0	0.0	0.0	0.0	0.0	0.0
C12orf49	na	0.0	0.0	0.0	0.0	0.0	0.0	0.0
RNFT2	na	0.0	0.0	0.0	0.0	0.0	0.0	0.0
HRK	na	0.0	0.0	0.0	0.0	0.0	0.0	0.0
FBXW8	na	0.0	0.0	0.0	0.0	0.0	0.0	0.0
TESC	na	0.0	0.0	0.0	0.0	0.0	0.0	0.0
FBXO21	na	0.0	0.0	0.0	0.0	0.0	0.0	0.0
KSR2	na	0.0	0.0	0.0	0.0	0.0	0.0	0.0
RFC5	na	0.0	0.0	0.0	0.0	0.0	0.0	0.0
WSB2	na	0.04400240817765694	1.5245147201066768e-24	0.12074559998202321	0.14143991011498946	0.07942583625874314	0.0035122497364782406	0.05561104941793268
VSIG10	na	0.0	0.0	0.0	0.0	0.0	0.0	0.0
PEBP1	na	0.23780386210052262	0.10922363864094561	0.41297480515677165	0.3260262093671069	0.24396323377894263	0.10338881503333766	0.34251912697547154
TAOK3	na	0.0	0.0	0.0	0.0	0.0	0.0	0.0
SUDS3	na	0.0	0.0	0.0	0.0	0.0	0.0	0.0
SRRM4	na	0.0	0.0	0.0	0.0	0.0	0.0	0.0
HSPB8	na	0.0	0.0	0.0	0.0	0.0	0.0	0.0
TMEM233	na	0.0	0.0	0.0	0.0	0.0	0.0	0.0
PRKAB1	na	0.0	0.0	0.0	0.0	0.0	0.0	0.0
CIT	na	0.0	0.0	0.0	0.0	0.0	0.0	0.0
BICDL1	na	0.0	0.0	0.0	0.0	0.0	0.0	0.0
RAB35	na	0.0	0.0	0.0	0.0	0.0	0.0	0.0
AC004812.2	na	0.0	0.0	0.0	0.0	0.0	0.0	0.0
GCN1	na	0.0	0.0	0.0	0.0	0.0	0.0	0.0
RPLP0	na	0.5123260220498577	0.5249838068130103	0.6547043658412518	0.7386945486837837	0.5097491970207895	0.48931897292118903	0.8577124192698533
PXN-AS1	na	0.0	0.0	0.0	0.0	0.0	0.0	0.0
PXN	na	0.06451889320901456	2.033955768207889e-17	0.11725805707253192	0.14924182377910586	0.09349938020669651	3.399889828567164e-13	0.03543101831092448
SIRT4	na	0.0	0.0	0.0	0.0	0.0	0.0	0.0
MSI1	na	0.0	0.0	0.0	0.0	0.0	0.0	0.0
COX6A1	na	0.45701548936762443	0.549990952099901	0.5096980474155299	0.30548609759332906	0.36258846547478857	0.3995496697164936	0.8104957123689714
TRIAP1	na	0.0	0.0	0.0	0.0	0.0	0.0	0.0
GATC	na	0.0	0.0	0.0	0.0	0.0	0.0	0.0
SRSF9	na	0.08373397076639315	1.941675706189744e-20	0.22308733959706656	0.23482649085942944	0.13066263102070852	3.945581004730722e-18	0.08934951379079803
DYNLL1	na	0.2079362110918499	0.23159038399442064	0.19348898170182532	0.2493746388961812	0.17416479284108183	0.16994719504097436	0.28762654979705105
NRAV	na	0.0	0.0	0.0	0.0	0.0	0.0	0.0
COQ5	na	0.0	0.0	0.0	0.0	0.0	0.0	0.0
RNF10	na	0.0	0.0	0.0	0.0	0.0	0.0	0.0
POP5	na	0.0	0.0	0.0	0.0	0.0	0.0	0.0
MLEC	na	0.06387427914028841	3.2323983542170624e-20	0.1748857044598231	0.17942260031164034	0.11077049507331825	1.3841088664527163e-19	0.002221695947472841
UNC119B	na	0.0	0.0	0.0	0.0	0.0	0.0	0.0
ACADS	na	0.0	0.0	0.0	0.0	0.0	0.0	0.0
SPPL3	na	0.0	0.0	0.0	0.0	0.0	0.0	0.0
C12orf43	na	0.0	0.0	0.0	0.0	0.0	0.0	0.0
OASL	na	0.0	0.0	0.0	0.0	0.0	0.0	0.0
P2RX7	na	0.0	0.0	0.0	0.0	0.0	0.0	0.0
P2RX4	na	0.0	0.0	0.0	0.0	0.0	0.0	0.0
CAMKK2	na	0.0	0.0	0.0	0.0	0.0	0.0	0.0
ANAPC5	na	0.0	0.0	0.0	0.0	0.0	0.0	0.0
RNF34	na	0.0	0.0	0.0	0.0	0.0	0.0	0.0
KDM2B	na	0.0	0.0	0.0	0.0	0.0	0.0	0.0
ORAI1	na	0.0	0.0	0.0	0.0	0.0	0.0	0.0
TMEM120B	na	0.0	0.0	0.0	0.0	0.0	0.0	0.0
RHOF	na	0.0	0.0	0.0	0.0	0.0	0.0	0.0
LINC01089	na	0.0	0.0	0.0	0.0	0.0	0.0	0.0
AC084018.2	na	0.0	0.0	0.0	0.0	0.0	0.0	0.0
SETD1B	na	0.0	0.0	0.0	0.0	0.0	0.0	0.0
PSMD9	na	0.0	0.0	0.0	0.0	0.0	0.0	0.0
WDR66	na	0.0	0.0	0.0	0.0	0.0	0.0	0.0
AC069503.1	na	0.0	0.0	0.0	0.0	0.0	0.0	0.0
BCL7A	na	0.0	0.0	0.0	0.0	0.0	0.0	0.0
MLXIP	na	0.0	0.0	0.0	0.0	0.0	0.0	0.0
B3GNT4	na	0.0	0.0	0.0	0.0	0.0	0.0	0.0
VPS33A	na	0.0	0.0	0.0	0.0	0.0	0.0	0.0
CLIP1	na	0.0	0.0	0.0	0.0	0.0	0.0	0.0
ZCCHC8	na	0.0	0.0	0.0	0.0	0.0	0.0	0.0
RSRC2	na	0.069355030635132	2.3440755674039937e-22	0.12073353287076916	0.1318526075965979	0.07971792864033694	0.014526192478984422	0.03272900530460565
KNTC1	na	0.0	0.0	0.0	0.0	0.0	0.0	0.0
HCAR2	na	0.0	0.0	0.0	0.0	0.0	0.0	0.0
HCAR1	na	0.0	0.0	0.0	0.0	0.0	0.0	0.0
DENR	na	0.06975847257984065	1.187149803998876e-20	0.12630043272507493	0.15754372692026977	0.08660612668398585	4.282000762379414e-18	0.0590579832653285
HIP1R	na	0.0	0.0	0.0	0.0	0.0	0.0	0.0
VPS37B	na	0.0	0.0	0.0	0.0	0.0	0.0	0.0
ABCB9	na	0.0	0.0	0.0	0.0	0.0	0.0	0.0
OGFOD2	na	0.0	0.0	0.0	0.0	0.0	0.0	0.0
ARL6IP4	na	0.09721694600814196	0.0022911161297644246	0.1446904088624373	0.16842336578389122	0.1001538287866385	0.03826982737130386	0.0868827595696498
PITPNM2	na	0.0	0.0	0.0	0.0	0.0	0.0	0.0
MPHOSPH9	na	0.0	0.0	0.0	0.0	0.0	0.0	0.0
C12orf65	na	0.0	0.0	0.0	0.0	0.0	0.0	0.0
CDK2AP1	na	0.0	0.0	0.0	0.0	0.0	0.0	0.0
SBNO1	na	0.0	0.0	0.0	0.0	0.0	0.0	0.0
AC137767.1	na	0.0	0.0	0.0	0.0	0.0	0.0	0.0
KMT5A	na	0.0	0.0	0.0	0.0	0.0	0.0	0.0
RILPL2	na	0.0	0.0	0.0	0.0	0.0	0.0	0.0
SNRNP35	na	0.0	0.0	0.0	0.0	0.0	0.0	0.0
RILPL1	na	0.0	0.0	0.0	0.0	0.0	0.0	0.0
AC055713.1	na	0.0	0.0	0.0	0.0	0.0	0.0	0.0
TMED2	na	0.10546379786305118	1.864919416721272e-18	0.19020896075887808	0.23321469016777	0.12111485187389849	0.010931905524414807	0.10270242087161144
DDX55	na	0.0	0.0	0.0	0.0	0.0	0.0	0.0
EIF2B1	na	0.0	0.0	0.0	0.0	0.0	0.0	0.0
GTF2H3	na	0.0	0.0	0.0	0.0	0.0	0.0	0.0
TCTN2	na	0.0	0.0	0.0	0.0	0.0	0.0	0.0
ATP6V0A2	na	0.0	0.0	0.0	0.0	0.0	0.0	0.0
CCDC92	na	0.0	0.0	0.0	0.0	0.0	0.0	0.0
AC079315.1	na	0.0	0.0	0.0	0.0	0.0	0.0	0.0
ZNF664	na	0.08126720640158588	0.008339771827618093	0.11540422795249203	0.15301721764108336	0.08283183067687885	0.024964060719285187	0.08480721524142784
RFLNA	na	0.0	0.0	0.0	0.0	0.0	0.0	0.0
NCOR2	na	0.064922789776581	3.3894819793874594e-16	0.1337248684927339	0.14494078895696927	0.08704200548400957	7.418429146346503e-15	0.032613678659525976
SCARB1	na	0.0	0.0	0.0	0.0	0.0	0.0	0.0
UBC	na	0.3460711541956382	0.13113405375875548	0.5865801407342013	0.5958840553122275	0.3903291062319758	0.19700250073804487	0.4931563805054368
DHX37	na	0.0	0.0	0.0	0.0	0.0	0.0	0.0
BRI3BP	na	0.0	0.0	0.0	0.0	0.0	0.0	0.0
AACS	na	0.0	0.0	0.0	0.0	0.0	0.0	0.0
SLC15A4	na	0.0	0.0	0.0	0.0	0.0	0.0	0.0
STX2	na	0.0	0.0	0.0	0.0	0.0	0.0	0.0
RAN	na	0.13593273224891592	0.06372391895497233	0.20787708029807764	0.2501257204002886	0.1426137808902265	0.09319034928368382	0.17829131149420108
SFSWAP	na	0.0	0.0	0.0	0.0	0.0	0.0	0.0
MMP17	na	0.0	0.0	0.0	0.0	0.0	0.0	0.0
ULK1	na	0.06999963319287847	1.2163446297602781e-26	0.15026989360079795	0.16992804336122985	0.11006762070681661	2.8167264697047753e-27	0.013739717432703791
PUS1	na	0.0	0.0	0.0	0.0	0.0	0.0	0.0
EP400	na	0.0	0.0	0.0	0.0	0.0	0.0	0.0
DDX51	na	0.0	0.0	0.0	0.0	0.0	0.0	0.0
NOC4L	na	0.0	0.0	0.0	0.0	0.0	0.0	0.0
LINC02361	na	0.0	0.0	0.0	0.0	0.0	0.0	0.0
AC148476.1	na	0.0	0.0	0.0	0.0	0.0	0.0	0.0
FBRSL1	na	0.054562506106543715	1.191398472620206e-16	0.1377123667562149	0.15749423395516057	0.10211420390277424	2.824294472499893e-16	0.02557394534585647
POLE	na	0.0	0.0	0.0	0.0	0.0	0.0	0.0
PXMP2	na	0.0	0.0	0.0	0.0	0.0	0.0	0.0
PGAM5	na	0.0	0.0	0.0	0.0	0.0	0.0	0.0
ANKLE2	na	0.0	0.0	0.0	0.0	0.0	0.0	0.0
GOLGA3	na	0.054898222718152624	1.3875146982010093e-20	0.13740473263793296	0.15663647750030021	0.09346746036550818	1.828276595130183e-20	0.025803943099311184
CHFR	na	0.0	0.0	0.0	0.0	0.0	0.0	0.0
AC127070.1	na	0.0	0.0	0.0	0.0	0.0	0.0	0.0
AC127070.2	na	0.0	0.0	0.0	0.0	0.0	0.0	0.0
ZNF605	na	0.0	0.0	0.0	0.0	0.0	0.0	0.0
ZNF26	na	0.0	0.0	0.0	0.0	0.0	0.0	0.0
ZNF84	na	0.0	0.0	0.0	0.0	0.0	0.0	0.0
ZNF140	na	0.0	0.0	0.0	0.0	0.0	0.0	0.0
ZNF891	na	0.0	0.0	0.0	0.0	0.0	0.0	0.0
ZNF10	na	0.0	0.0	0.0	0.0	0.0	0.0	0.0
ZNF268	na	0.0	0.0	0.0	0.0	0.0	0.0	0.0
MPHOSPH8	na	0.0	0.0	0.0	0.0	0.0	0.0	0.0
PSPC1	na	0.0	0.0	0.0	0.0	0.0	0.0	0.0
ZMYM5	na	0.0	0.0	0.0	0.0	0.0	0.0	0.0
AL355001.2	na	0.0	0.0	0.0	0.0	0.0	0.0	0.0
ZMYM2	na	0.0	0.0	0.0	0.0	0.0	0.0	0.0
GJB2	na	0.0	0.0	0.0	0.0	0.0	0.0	0.0
CRYL1	na	0.0	0.0	0.0	0.0	0.0	0.0	0.0
IFT88	na	0.0	0.0	0.0	0.0	0.0	0.0	0.0
AL161772.1	na	0.0	0.0	0.0	0.0	0.0	0.0	0.0
EEF1AKMT1	na	0.0	0.0	0.0	0.0	0.0	0.0	0.0
XPO4	na	0.0	0.0	0.0	0.0	0.0	0.0	0.0
LATS2	na	0.0	0.0	0.0	0.0	0.0	0.0	0.0
SAP18	na	0.10883257969028652	0.04119305031978401	0.1516940624792371	0.1931533671710137	0.10725958688811177	0.06317976862858837	0.10929359052729841
SKA3	na	0.0	0.0	0.0	0.0	0.0	0.0	0.0
MRPL57	na	0.06717341467635901	0.021937848948179708	0.1287023215691458	0.14582610684682257	0.08660524186366723	0.05262934513465094	0.07466827692008376
ZDHHC20	na	0.0	0.0	0.0	0.0	0.0	0.0	0.0
MICU2	na	0.0	0.0	0.0	0.0	0.0	0.0	0.0
SACS	na	0.0	0.0	0.0	0.0	0.0	0.0	0.0
TNFRSF19	na	0.0	0.0	0.0	0.0	0.0	0.0	0.0
MIPEP	na	0.0	0.0	0.0	0.0	0.0	0.0	0.0
SPATA13	na	0.0	0.0	0.0	0.0	0.0	0.0	0.0
PARP4	na	0.0	0.0	0.0	0.0	0.0	0.0	0.0
CENPJ	na	0.0	0.0	0.0	0.0	0.0	0.0	0.0
MTMR6	na	0.0	0.0	0.0	0.0	0.0	0.0	0.0
NUP58	na	0.0	0.0	0.0	0.0	0.0	0.0	0.0
ATP8A2	na	0.0	0.0	0.0	0.0	0.0	0.0	0.0
SHISA2	na	0.0	0.0	0.0	0.0	0.0	0.0	0.0
RNF6	na	0.0	0.0	0.0	0.0	0.0	0.0	0.0
CDK8	na	0.0	0.0	0.0	0.0	0.0	0.0	0.0
WASF3	na	0.0	0.0	0.0	0.0	0.0	0.0	0.0
USP12	na	0.0	0.0	0.0	0.0	0.0	0.0	0.0
RPL21	na	0.46256070220776085	0.7316318454928518	0.2669036999448506	0.4624780760124928	0.3648233895888404	0.6279145101633354	0.6630357388044088
GTF3A	na	0.0	0.0	0.0	0.0	0.0	0.0	0.0
MTIF3	na	0.0	0.0	0.0	0.0	0.0	0.0	0.0
LNX2	na	0.0	0.0	0.0	0.0	0.0	0.0	0.0
POLR1D	na	0.0	0.0	0.0	0.0	0.0	0.0	0.0
PAN3	na	0.0	0.0	0.0	0.0	0.0	0.0	0.0
FLT1	na	0.0	0.0	0.0	0.0	0.0	0.0	0.0
POMP	na	0.07216253554582544	0.04572274009998845	0.12136115441179303	0.1571310954136616	0.08694525935972731	0.055620245029821186	0.09607172816021821
SLC46A3	na	0.0	0.0	0.0	0.0	0.0	0.0	0.0
MTUS2	na	0.0	0.0	0.0	0.0	0.0	0.0	0.0
SLC7A1	na	0.0	0.0	0.0	0.0	0.0	0.0	0.0
UBL3	na	0.0	0.0	0.0	0.0	0.0	0.0	0.0
KATNAL1	na	0.0	0.0	0.0	0.0	0.0	0.0	0.0
HMGB1	na	0.11540567775526012	0.11366564935842435	0.18419527064491825	0.15736649926012633	0.12610631543545914	0.1359447025743782	0.17176051454256447
USPL1	na	0.0	0.0	0.0	0.0	0.0	0.0	0.0
ALOX5AP	na	0.0	0.0	0.0	0.0	0.0	0.0	0.0
MEDAG	na	0.0	0.0	0.0	0.0	0.0	0.0	0.0
HSPH1	na	0.06025784245647124	5.769194756898549e-18	0.11615451190749412	0.13523877091298625	0.07444335791563356	0.02877639160349093	0.05365810771846099
B3GLCT	na	0.0	0.0	0.0	0.0	0.0	0.0	0.0
FRY	na	0.0	0.0	0.0	0.0	0.0	0.0	0.0
BRCA2	na	0.0	0.0	0.0	0.0	0.0	0.0	0.0
N4BP2L1	na	0.0	0.0	0.0	0.0	0.0	0.0	0.0
N4BP2L2	na	0.0	0.0	0.0	0.0	0.0	0.0	0.0
PDS5B	na	0.0	0.0	0.0	0.0	0.0	0.0	0.0
STARD13	na	0.0	0.0	0.0	0.0	0.0	0.0	0.0
RFC3	na	0.0	0.0	0.0	0.0	0.0	0.0	0.0
NBEA	na	0.0	0.0	0.0	0.0	0.0	0.0	0.0
DCLK1	na	0.0	0.0	0.0	0.0	0.0	0.0	0.0
SPART	na	0.0	0.0	0.0	0.0	0.0	0.0	0.0
RFXAP	na	0.0	0.0	0.0	0.0	0.0	0.0	0.0
SMAD9	na	0.0	0.0	0.0	0.0	0.0	0.0	0.0
ALG5	na	0.0	0.0	0.0	0.0	0.0	0.0	0.0
EXOSC8	na	0.0	0.0	0.0	0.0	0.0	0.0	0.0
SUPT20H	na	0.0	0.0	0.0	0.0	0.0	0.0	0.0
POSTN	na	0.09899125145307615	0.21887664105523283	0.10812223514726203	0.1231109580162487	0.12697257966791717	0.19247915653067163	0.20454007962225013
UFM1	na	0.0	0.0	0.0	0.0	0.0	0.0	0.0
FREM2	na	0.0	0.0	0.0	0.0	0.0	0.0	0.0
PROSER1	na	0.0	0.0	0.0	0.0	0.0	0.0	0.0
NHLRC3	na	0.0	0.0	0.0	0.0	0.0	0.0	0.0
LHFPL6	na	0.0	0.0	0.0	0.0	0.0	0.0	0.0
COG6	na	0.0	0.0	0.0	0.0	0.0	0.0	0.0
FOXO1	na	0.0	0.0	0.0	0.0	0.0	0.0	0.0
MRPS31	na	0.0	0.0	0.0	0.0	0.0	0.0	0.0
SLC25A15	na	0.0	0.0	0.0	0.0	0.0	0.0	0.0
ELF1	na	0.0	0.0	0.0	0.0	0.0	0.0	0.0
WBP4	na	0.0	0.0	0.0	0.0	0.0	0.0	0.0
KBTBD6	na	0.0	0.0	0.0	0.0	0.0	0.0	0.0
KBTBD7	na	0.0	0.0	0.0	0.0	0.0	0.0	0.0
MTRF1	na	0.0	0.0	0.0	0.0	0.0	0.0	0.0
NAA16	na	0.0	0.0	0.0	0.0	0.0	0.0	0.0
RGCC	na	0.0	0.0	0.0	0.0	0.0	0.0	0.0
VWA8	na	0.0	0.0	0.0	0.0	0.0	0.0	0.0
DGKH	na	0.0	0.0	0.0	0.0	0.0	0.0	0.0
AKAP11	na	0.0	0.0	0.0	0.0	0.0	0.0	0.0
EPSTI1	na	0.0	0.0	0.0	0.0	0.0	0.0	0.0
DNAJC15	na	0.0	0.0	0.0	0.0	0.0	0.0	0.0
ENOX1	na	0.0	0.0	0.0	0.0	0.0	0.0	0.0
CCDC122	na	0.0	0.0	0.0	0.0	0.0	0.0	0.0
LACC1	na	0.0	0.0	0.0	0.0	0.0	0.0	0.0
TUSC8	na	0.0	0.0	0.0	0.0	0.0	0.0	0.0
TSC22D1	na	0.08227986138219942	2.68916497920346e-22	0.15508288301646148	0.20390820668308346	0.10807457015390984	0.0076495297255952345	0.06505783152395105
NUFIP1	na	0.0	0.0	0.0	0.0	0.0	0.0	0.0
GPALPP1	na	0.0	0.0	0.0	0.0	0.0	0.0	0.0
GTF2F2	na	0.0	0.0	0.0	0.0	0.0	0.0	0.0
TPT1	na	0.5381441179171028	0.9615963963624484	0.506021279671718	0.46973530512329015	0.4846041708110035	0.8568557055071544	1.0161434123248498
AL138963.3	na	0.0	0.0	0.0	0.0	0.0	0.0	0.0
SLC25A30	na	0.0	0.0	0.0	0.0	0.0	0.0	0.0
COG3	na	0.0	0.0	0.0	0.0	0.0	0.0	0.0
ZC3H13	na	0.0	0.0	0.0	0.0	0.0	0.0	0.0
LCP1	na	0.0	0.0	0.0	0.0	0.0	0.0	0.0
RUBCNL	na	0.0	0.0	0.0	0.0	0.0	0.0	0.0
LRCH1	na	0.0	0.0	0.0	0.0	0.0	0.0	0.0
ESD	na	0.0	0.0	0.0	0.0	0.0	0.0	0.0
SUCLA2	na	0.0	0.0	0.0	0.0	0.0	0.0	0.0
NUDT15	na	0.0	0.0	0.0	0.0	0.0	0.0	0.0
MED4	na	0.0	0.0	0.0	0.0	0.0	0.0	0.0
ITM2B	na	0.18912280322605785	0.1723485003248448	0.2574417483252178	0.2578033197114469	0.1894301699205834	0.17877338263271358	0.29995285912819475
RB1	na	0.0	0.0	0.0	0.0	0.0	0.0	0.0
LPAR6	na	0.0	0.0	0.0	0.0	0.0	0.0	0.0
RCBTB2	na	0.0	0.0	0.0	0.0	0.0	0.0	0.0
FNDC3A	na	0.0	0.0	0.0	0.0	0.0	0.0	0.0
CDADC1	na	0.0	0.0	0.0	0.0	0.0	0.0	0.0
CAB39L	na	0.0	0.0	0.0	0.0	0.0	0.0	0.0
SETDB2	na	0.0	0.0	0.0	0.0	0.0	0.0	0.0
PHF11	na	0.0	0.0	0.0	0.0	0.0	0.0	0.0
RCBTB1	na	0.0	0.0	0.0	0.0	0.0	0.0	0.0
ARL11	na	0.0	0.0	0.0	0.0	0.0	0.0	0.0
EBPL	na	0.0	0.0	0.0	0.0	0.0	0.0	0.0
KPNA3	na	0.0	0.0	0.0	0.0	0.0	0.0	0.0
SPRYD7	na	0.0	0.0	0.0	0.0	0.0	0.0	0.0
DLEU2	na	0.0	0.0	0.0	0.0	0.0	0.0	0.0
TRIM13	na	0.0	0.0	0.0	0.0	0.0	0.0	0.0
DLEU7	na	0.0	0.0	0.0	0.0	0.0	0.0	0.0
RNASEH2B	na	0.0	0.0	0.0	0.0	0.0	0.0	0.0
FAM124A	na	0.0	0.0	0.0	0.0	0.0	0.0	0.0
INTS6	na	0.0	0.0	0.0	0.0	0.0	0.0	0.0
INTS6-AS1	na	0.0	0.0	0.0	0.0	0.0	0.0	0.0
WDFY2	na	0.0	0.0	0.0	0.0	0.0	0.0	0.0
DHRS12	na	0.0	0.0	0.0	0.0	0.0	0.0	0.0
AL162377.1	na	0.0	0.0	0.0	0.0	0.0	0.0	0.0
ATP7B	na	0.0	0.0	0.0	0.0	0.0	0.0	0.0
ALG11	na	0.0	0.0	0.0	0.0	0.0	0.0	0.0
UTP14C	na	0.0	0.0	0.0	0.0	0.0	0.0	0.0
NEK5	na	0.0	0.0	0.0	0.0	0.0	0.0	0.0
NEK3	na	0.0	0.0	0.0	0.0	0.0	0.0	0.0
THSD1	na	0.0	0.0	0.0	0.0	0.0	0.0	0.0
VPS36	na	0.0	0.0	0.0	0.0	0.0	0.0	0.0
AL359513.1	na	0.0	0.0	0.0	0.0	0.0	0.0	0.0
CKAP2	na	0.0	0.0	0.0	0.0	0.0	0.0	0.0
HNRNPA1L2	na	0.0	0.0	0.0	0.0	0.0	0.0	0.0
AL139089.1	na	0.0	0.0	0.0	0.0	0.0	0.0	0.0
SUGT1	na	0.0	0.0	0.0	0.0	0.0	0.0	0.0
PCDH17	na	0.0	0.0	0.0	0.0	0.0	0.0	0.0
DIAPH3	na	0.0	0.0	0.0	0.0	0.0	0.0	0.0
TDRD3	na	0.0	0.0	0.0	0.0	0.0	0.0	0.0
DACH1	na	0.0	0.0	0.0	0.0	0.0	0.0	0.0
MZT1	na	0.0	0.0	0.0	0.0	0.0	0.0	0.0
BORA	na	0.0	0.0	0.0	0.0	0.0	0.0	0.0
DIS3	na	0.0	0.0	0.0	0.0	0.0	0.0	0.0
PIBF1	na	0.0	0.0	0.0	0.0	0.0	0.0	0.0
KLF5	na	0.0	0.0	0.0	0.0	0.0	0.0	0.0
KLF12	na	0.0	0.0	0.0	0.0	0.0	0.0	0.0
TBC1D4	na	0.0	0.0	0.0	0.0	0.0	0.0	0.0
COMMD6	na	0.21350229699404186	0.31997785364008086	0.19396713682727487	0.35488848256154054	0.21509868738208449	0.2689256800848794	0.3233543021848432
UCHL3	na	0.0	0.0	0.0	0.0	0.0	0.0	0.0
LMO7-AS1	na	0.0	0.0	0.0	0.0	0.0	0.0	0.0
LMO7	na	0.0	0.0	0.0	0.0	0.0	0.0	0.0
KCTD12	na	0.0	0.0	0.0	0.0	0.0	0.0	0.0
CLN5	na	0.0	0.0	0.0	0.0	0.0	0.0	0.0
FBXL3	na	0.0	0.0	0.0	0.0	0.0	0.0	0.0
MYCBP2	na	0.0	0.0	0.0	0.0	0.0	0.0	0.0
EDNRB	na	0.0	0.0	0.0	0.0	0.0	0.0	0.0
RNF219	na	0.0	0.0	0.0	0.0	0.0	0.0	0.0
RBM26	na	0.0	0.0	0.0	0.0	0.0	0.0	0.0
NDFIP2	na	0.0	0.0	0.0	0.0	0.0	0.0	0.0
SPRY2	na	0.0	0.0	0.0	0.0	0.0	0.0	0.0
SLITRK6	na	0.0	0.0	0.0	0.0	0.0	0.0	0.0
GPC6	na	0.0	0.0	0.0	0.0	0.0	0.0	0.0
TGDS	na	0.0	0.0	0.0	0.0	0.0	0.0	0.0
GPR180	na	0.0	0.0	0.0	0.0	0.0	0.0	0.0
ABCC4	na	0.0	0.0	0.0	0.0	0.0	0.0	0.0
DZIP1	na	0.0	0.0	0.0	0.0	0.0	0.0	0.0
DNAJC3-DT	na	0.0	0.0	0.0	0.0	0.0	0.0	0.0
DNAJC3	na	0.0	0.0	0.0	0.0	0.0	0.0	0.0
UGGT2	na	0.0	0.0	0.0	0.0	0.0	0.0	0.0
HS6ST3	na	0.0	0.0	0.0	0.0	0.0	0.0	0.0
MBNL2	na	0.05760619495989035	1.0025350338586926e-17	0.11079884166132216	0.13509498973262288	0.07845971232992775	0.013101661902057629	0.06258899806160773
RAP2A	na	0.0	0.0	0.0	0.0	0.0	0.0	0.0
IPO5	na	0.0	0.0	0.0	0.0	0.0	0.0	0.0
FARP1	na	0.07000154928348032	1.4599386156403027e-17	0.16080844218284213	0.1665441838547434	0.10654686269099993	6.05678589306175e-17	0.03681835953710625
STK24	na	0.060320032280683236	1.287856807191282e-13	0.12672050441318722	0.14604319780932193	0.08655589161841833	0.03364450954004206	0.07211829125697147
DOCK9	na	0.0	0.0	0.0	0.0	0.0	0.0	0.0
DOCK9-DT	na	0.0	0.0	0.0	0.0	0.0	0.0	0.0
UBAC2-AS1	na	0.0	0.0	0.0	0.0	0.0	0.0	0.0
UBAC2	na	0.05361124628276977	2.5383556604356694e-18	0.12032543493070477	0.16011478617907662	0.08235776704619466	0.004803250948228783	0.0521900838652663
GPR183	na	0.0	0.0	0.0	0.0	0.0	0.0	0.0
TM9SF2	na	0.09271453705725943	0.020303662028461546	0.1676176864570386	0.21966937277791262	0.12008701724901051	0.042346986573738025	0.12760497316462782
CLYBL	na	0.0	0.0	0.0	0.0	0.0	0.0	0.0
ZIC2	na	0.0	0.0	0.0	0.0	0.0	0.0	0.0
AL355338.1	na	0.0	0.0	0.0	0.0	0.0	0.0	0.0
PCCA	na	0.0	0.0	0.0	0.0	0.0	0.0	0.0
GGACT	na	0.0	0.0	0.0	0.0	0.0	0.0	0.0
AL136526.1	na	0.0	0.0	0.0	0.0	0.0	0.0	0.0
TMTC4	na	0.0	0.0	0.0	0.0	0.0	0.0	0.0
ITGBL1	na	0.0	0.0	0.0	0.0	0.0	0.0	0.0
TPP2	na	0.0	0.0	0.0	0.0	0.0	0.0	0.0
TEX30	na	0.0	0.0	0.0	0.0	0.0	0.0	0.0
KDELC1	na	0.0	0.0	0.0	0.0	0.0	0.0	0.0
BIVM	na	0.0	0.0	0.0	0.0	0.0	0.0	0.0
ERCC5	na	0.0	0.0	0.0	0.0	0.0	0.0	0.0
LINC00460	na	0.0	0.0	0.0	0.0	0.0	0.0	0.0
EFNB2	na	0.0	0.0	0.0	0.0	0.0	0.0	0.0
ARGLU1	na	0.06379685094551821	6.404453409695633e-17	0.1946124284652735	0.18899960296379698	0.11503549492174092	4.631135468497732e-15	0.04946481210701994
LIG4	na	0.0	0.0	0.0	0.0	0.0	0.0	0.0
ABHD13	na	0.0	0.0	0.0	0.0	0.0	0.0	0.0
TNFSF13B	na	0.0	0.0	0.0	0.0	0.0	0.0	0.0
MYO16	na	0.0	0.0	0.0	0.0	0.0	0.0	0.0
IRS2	na	0.0	0.0	0.0	0.0	0.0	0.0	0.0
COL4A1	na	0.07754523172357017	0.0956308965698904	0.12832067087411447	0.1270172487122349	0.10201673631501997	0.0883934017080983	0.1796897829102656
COL4A2	na	0.06387406970319036	0.04359954989637247	0.13311175977344938	0.11443658320767545	0.08700788523696287	0.061451888361258936	0.1222370464469114
RAB20	na	0.0	0.0	0.0	0.0	0.0	0.0	0.0
AL139385.1	na	0.0	0.0	0.0	0.0	0.0	0.0	0.0
NAXD	na	0.0	0.0	0.0	0.0	0.0	0.0	0.0
CARS2	na	0.06549375178778971	7.595138821608546e-17	0.11818900854549927	0.13914594003252284	0.07933133289772008	0.014798266073080484	0.061097252674926945
ING1	na	0.0	0.0	0.0	0.0	0.0	0.0	0.0
LINC00346	na	0.0	0.0	0.0	0.0	0.0	0.0	0.0
ANKRD10	na	0.08255741763254125	2.8311769026527043e-23	0.16991199146035257	0.20371041195242487	0.10860395717193873	6.197033890291264e-17	0.03474996881678416
ARHGEF7	na	0.0	0.0	0.0	0.0	0.0	0.0	0.0
TEX29	na	0.0	0.0	0.0	0.0	0.0	0.0	0.0
SOX1-OT	na	0.0	0.0	0.0	0.0	0.0	0.0	0.0
SPACA7	na	0.0	0.0	0.0	0.0	0.0	0.0	0.0
TUBGCP3	na	0.0	0.0	0.0	0.0	0.0	0.0	0.0
AL139384.2	na	0.0	0.0	0.0	0.0	0.0	0.0	0.0
ATP11A	na	0.0	0.0	0.0	0.0	0.0	0.0	0.0
MCF2L	na	0.09175606643275269	1.3059245187135553e-24	0.18721886681340622	0.20105354856153312	0.12049857696595243	3.8598598061004085e-23	0.06541122907691667
AL356740.1	na	0.0	0.0	0.0	0.0	0.0	0.0	0.0
MCF2L-AS1	na	0.0	0.0	0.0	0.0	0.0	0.0	0.0
F7	na	0.0	0.0	0.0	0.0	0.0	0.0	0.0
F10	na	0.0	0.0	0.0	0.0	0.0	0.0	0.0
PCID2	na	0.0	0.0	0.0	0.0	0.0	0.0	0.0
CUL4A	na	0.08788905370104227	4.245415378142109e-19	0.15746963111520648	0.2001456544050732	0.10875537969207631	0.015412942602744808	0.08004648082598118
LAMP1	na	0.14103683058496436	1.2812678822599674e-25	0.3539975707746709	0.32834912180465115	0.20040769884484605	7.89325386522006e-24	0.09149185079714917
GRTP1	na	0.0	0.0	0.0	0.0	0.0	0.0	0.0
ADPRHL1	na	0.0	0.0	0.0	0.0	0.0	0.0	0.0
DCUN1D2	na	0.0	0.0	0.0	0.0	0.0	0.0	0.0
TMCO3	na	0.0	0.0	0.0	0.0	0.0	0.0	0.0
TFDP1	na	0.05887450217610187	0.00789924500845039	0.11716370606750914	0.14158090947018948	0.0768594320553399	0.03435037610699433	0.07970221782484081
TMEM255B	na	0.0	0.0	0.0	0.0	0.0	0.0	0.0
GAS6-AS1	na	0.0	0.0	0.0	0.0	0.0	0.0	0.0
GAS6	na	0.0	0.0	0.0	0.0	0.0	0.0	0.0
C13orf46	na	0.0	0.0	0.0	0.0	0.0	0.0	0.0
RASA3	na	0.0	0.0	0.0	0.0	0.0	0.0	0.0
CDC16	na	0.07089243509411185	0.0006868370640913903	0.12593328414233665	0.15380008502689643	0.08520191263154428	0.00750354207387859	0.055252414215996644
UPF3A	na	0.0	0.0	0.0	0.0	0.0	0.0	0.0
CHAMP1	na	0.0	0.0	0.0	0.0	0.0	0.0	0.0
TTC5	na	0.0	0.0	0.0	0.0	0.0	0.0	0.0
AL356019.2	na	0.0	0.0	0.0	0.0	0.0	0.0	0.0
CCNB1IP1	na	0.0	0.0	0.0	0.0	0.0	0.0	0.0
AL355075.4	na	0.0	0.0	0.0	0.0	0.0	0.0	0.0
PARP2	na	0.0	0.0	0.0	0.0	0.0	0.0	0.0
TEP1	na	0.0	0.0	0.0	0.0	0.0	0.0	0.0
OSGEP	na	0.0	0.0	0.0	0.0	0.0	0.0	0.0
APEX1	na	0.057450665210934185	0.018038085824865303	0.114898342710178	0.12579431315652728	0.07345705297524809	0.02573952992514159	0.06442213446151654
PIP4P1	na	0.0	0.0	0.0	0.0	0.0	0.0	0.0
PNP	na	0.0	0.0	0.0	0.0	0.0	0.0	0.0
RNASE4	na	0.0	0.0	0.0	0.0	0.0	0.0	0.0
ANG	na	0.0	0.0	0.0	0.0	0.0	0.0	0.0
RNASE6	na	0.0	0.0	0.0	0.0	0.0	0.0	0.0
RNASE1	na	0.1349835726288631	0.11794595993402482	0.16846454156175736	0.1543809351066984	0.12812131702763008	0.14772530058164388	0.2509716091982409
RNASE2	na	0.0	0.0	0.0	0.0	0.0	0.0	0.0
METTL17	na	0.0	0.0	0.0	0.0	0.0	0.0	0.0
NDRG2	na	0.0	0.0	0.0	0.0	0.0	0.0	0.0
ARHGEF40	na	0.0	0.0	0.0	0.0	0.0	0.0	0.0
ZNF219	na	0.0	0.0	0.0	0.0	0.0	0.0	0.0
HNRNPC	na	0.11933289896034048	0.02596720083103588	0.24810318909845883	0.25753486840298984	0.14941529299028297	0.07979135206611011	0.15051374023750627
RPGRIP1	na	0.0	0.0	0.0	0.0	0.0	0.0	0.0
SUPT16H	na	0.0	0.0	0.0	0.0	0.0	0.0	0.0
CHD8	na	0.0	0.0	0.0	0.0	0.0	0.0	0.0
RAB2B	na	0.0	0.0	0.0	0.0	0.0	0.0	0.0
TOX4	na	0.0	0.0	0.0	0.0	0.0	0.0	0.0
METTL3	na	0.0	0.0	0.0	0.0	0.0	0.0	0.0
SALL2	na	0.0	0.0	0.0	0.0	0.0	0.0	0.0
TRAC	na	0.0	0.0	0.0	0.0	0.0	0.0	0.0
DAD1	na	0.07756562358687404	0.037762754920489285	0.11765541828858744	0.16660387828282233	0.09344340976515876	0.05997534300162945	0.0924955154862424
ABHD4	na	0.0	0.0	0.0	0.0	0.0	0.0	0.0
OXA1L	na	0.06881834413181585	1.0444048381102144e-16	0.12194310047550384	0.14554931104290586	0.08333385700705953	0.0016361679621899488	0.032616461130481944
SLC7A7	na	0.0	0.0	0.0	0.0	0.0	0.0	0.0
MRPL52	na	0.07795009559355921	0.02740097295897056	0.11450625969266928	0.13715072331114084	0.0873097819724775	0.05644033975179175	0.08955367509252726
MMP14	na	0.0	0.0	0.0	0.0	0.0	0.0	0.0
LRP10	na	0.07994888448318217	0.0008953577098529837	0.12210215033181726	0.15042467059852316	0.07934985383635167	0.01491635108681288	0.06506746739570356
REM2	na	0.0	0.0	0.0	0.0	0.0	0.0	0.0
RBM23	na	0.0	0.0	0.0	0.0	0.0	0.0	0.0
PRMT5	na	0.0	0.0	0.0	0.0	0.0	0.0	0.0
HAUS4	na	0.0	0.0	0.0	0.0	0.0	0.0	0.0
AJUBA	na	0.0	0.0	0.0	0.0	0.0	0.0	0.0
C14orf93	na	0.0	0.0	0.0	0.0	0.0	0.0	0.0
PSMB5	na	0.07616694864790331	0.018283240203188292	0.14001023531854181	0.16199759740641567	0.09386773490203647	0.0478544602662689	0.09883515048573109
CDH24	na	0.0	0.0	0.0	0.0	0.0	0.0	0.0
ACIN1	na	0.0	0.0	0.0	0.0	0.0	0.0	0.0
C14orf119	na	0.0	0.0	0.0	0.0	0.0	0.0	0.0
SLC7A8	na	0.0	0.0	0.0	0.0	0.0	0.0	0.0
HOMEZ	na	0.0	0.0	0.0	0.0	0.0	0.0	0.0
PPP1R3E	na	0.0	0.0	0.0	0.0	0.0	0.0	0.0
BCL2L2	na	0.0	0.0	0.0	0.0	0.0	0.0	0.0
PABPN1	na	0.0	0.0	0.0	0.0	0.0	0.0	0.0
SLC22A17	na	0.0	0.0	0.0	0.0	0.0	0.0	0.0
EFS	na	0.06674317263896189	7.961084291036542e-22	0.13454616048539544	0.15356321541485474	0.09770298711007218	4.830685017225958e-20	0.016437812553210432
NGDN	na	0.0	0.0	0.0	0.0	0.0	0.0	0.0
ZFHX2	na	0.0	0.0	0.0	0.0	0.0	0.0	0.0
THTPA	na	0.0	0.0	0.0	0.0	0.0	0.0	0.0
AP1G2	na	0.0	0.0	0.0	0.0	0.0	0.0	0.0
AL135999.1	na	0.0	0.0	0.0	0.0	0.0	0.0	0.0
DHRS2	na	0.0	0.0	0.0	0.0	0.0	0.0	0.0
DHRS4-AS1	na	0.0	0.0	0.0	0.0	0.0	0.0	0.0
DHRS4	na	0.0	0.0	0.0	0.0	0.0	0.0	0.0
DHRS4L2	na	0.0	0.0	0.0	0.0	0.0	0.0	0.0
NRL	na	0.0	0.0	0.0	0.0	0.0	0.0	0.0
PCK2	na	0.0	0.0	0.0	0.0	0.0	0.0	0.0
DCAF11	na	0.0	0.0	0.0	0.0	0.0	0.0	0.0
PSME1	na	0.08161049443504204	0.05442150816092967	0.148096494901806	0.1869062990135342	0.10442034000676628	0.07513510120574776	0.12065731469850749
EMC9	na	0.0	0.0	0.0	0.0	0.0	0.0	0.0
AL136295.2	na	0.0	0.0	0.0	0.0	0.0	0.0	0.0
PSME2	na	0.10601206843992637	0.015013631884348292	0.15204173515526087	0.21753246517938157	0.1177529532644824	0.07228209208467322	0.1063580878500131
RNF31	na	0.0	0.0	0.0	0.0	0.0	0.0	0.0
REC8	na	0.0	0.0	0.0	0.0	0.0	0.0	0.0
IPO4	na	0.0	0.0	0.0	0.0	0.0	0.0	0.0
TM9SF1	na	0.0	0.0	0.0	0.0	0.0	0.0	0.0
AL136295.6	na	0.0	0.0	0.0	0.0	0.0	0.0	0.0
CHMP4A	na	0.0	0.0	0.0	0.0	0.0	0.0	0.0
MDP1	na	0.0	0.0	0.0	0.0	0.0	0.0	0.0
NEDD8	na	0.08563901299915769	0.0520819746942579	0.12749206213855227	0.19674933440784498	0.10619576797443771	0.07068431569367195	0.10295646612044763
GMPR2	na	0.0	0.0	0.0	0.0	0.0	0.0	0.0
TINF2	na	0.0	0.0	0.0	0.0	0.0	0.0	0.0
TGM1	na	0.0	0.0	0.0	0.0	0.0	0.0	0.0
RABGGTA	na	0.0	0.0	0.0	0.0	0.0	0.0	0.0
DHRS1	na	0.0	0.0	0.0	0.0	0.0	0.0	0.0
NOP9	na	0.0	0.0	0.0	0.0	0.0	0.0	0.0
CIDEB	na	0.0	0.0	0.0	0.0	0.0	0.0	0.0
LTB4R2	na	0.0	0.0	0.0	0.0	0.0	0.0	0.0
LTB4R	na	0.0	0.0	0.0	0.0	0.0	0.0	0.0
ADCY4	na	0.0	0.0	0.0	0.0	0.0	0.0	0.0
RIPK3	na	0.0	0.0	0.0	0.0	0.0	0.0	0.0
NFATC4	na	0.0	0.0	0.0	0.0	0.0	0.0	0.0
NYNRIN	na	0.0	0.0	0.0	0.0	0.0	0.0	0.0
KHNYN	na	0.0	0.0	0.0	0.0	0.0	0.0	0.0
SDR39U1	na	0.0	0.0	0.0	0.0	0.0	0.0	0.0
GZMH	na	0.0	0.0	0.0	0.0	0.0	0.0	0.0
GZMB	na	0.0	0.0	0.0	0.0	0.0	0.0	0.0
PRKD1	na	0.0	0.0	0.0	0.0	0.0	0.0	0.0
G2E3	na	0.0	0.0	0.0	0.0	0.0	0.0	0.0
SCFD1	na	0.0	0.0	0.0	0.0	0.0	0.0	0.0
COCH	na	0.0	0.0	0.0	0.0	0.0	0.0	0.0
STRN3	na	0.0	0.0	0.0	0.0	0.0	0.0	0.0
AP4S1	na	0.0	0.0	0.0	0.0	0.0	0.0	0.0
HECTD1	na	0.0	0.0	0.0	0.0	0.0	0.0	0.0
HEATR5A	na	0.0	0.0	0.0	0.0	0.0	0.0	0.0
DTD2	na	0.0	0.0	0.0	0.0	0.0	0.0	0.0
NUBPL	na	0.0	0.0	0.0	0.0	0.0	0.0	0.0
ARHGAP5-AS1	na	0.0	0.0	0.0	0.0	0.0	0.0	0.0
ARHGAP5	na	0.0	0.0	0.0	0.0	0.0	0.0	0.0
EGLN3	na	0.0	0.0	0.0	0.0	0.0	0.0	0.0
SPTSSA	na	0.08231461930651347	0.006858525990174198	0.10188849696922306	0.15483577893288353	0.08158062370084282	0.04219391457471139	0.06308006402648031
EAPP	na	0.0	0.0	0.0	0.0	0.0	0.0	0.0
SNX6	na	0.0	0.0	0.0	0.0	0.0	0.0	0.0
CFL2	na	0.0	0.0	0.0	0.0	0.0	0.0	0.0
BAZ1A	na	0.0	0.0	0.0	0.0	0.0	0.0	0.0
AL121603.2	na	0.0	0.0	0.0	0.0	0.0	0.0	0.0
SRP54	na	0.0	0.0	0.0	0.0	0.0	0.0	0.0
FAM177A1	na	0.0	0.0	0.0	0.0	0.0	0.0	0.0
PPP2R3C	na	0.0	0.0	0.0	0.0	0.0	0.0	0.0
KIAA0391	na	0.0	0.0	0.0	0.0	0.0	0.0	0.0
PSMA6	na	0.0	0.0	0.0	0.0	0.0	0.0	0.0
NFKBIA	na	0.0874707498164224	2.8891070778134076e-15	0.14744022195508785	0.14021257041428717	0.0900838205332852	0.02366228458065954	0.07857759085634623
RALGAPA1	na	0.0	0.0	0.0	0.0	0.0	0.0	0.0
BRMS1L	na	0.0	0.0	0.0	0.0	0.0	0.0	0.0
MBIP	na	0.0	0.0	0.0	0.0	0.0	0.0	0.0
PAX9	na	0.0	0.0	0.0	0.0	0.0	0.0	0.0
SLC25A21	na	0.0	0.0	0.0	0.0	0.0	0.0	0.0
SLC25A21-AS1	na	0.0	0.0	0.0	0.0	0.0	0.0	0.0
MIPOL1	na	0.0	0.0	0.0	0.0	0.0	0.0	0.0
FOXA1	na	0.10300099779099768	0.022342585112292382	0.16255991746345025	0.20798212213860215	0.12002007549356078	0.06795079566546593	0.11949994397208896
TTC6	na	0.0	0.0	0.0	0.0	0.0	0.0	0.0
CLEC14A	na	0.0	0.0	0.0	0.0	0.0	0.0	0.0
LINC00639	na	0.0	0.0	0.0	0.0	0.0	0.0	0.0
SEC23A	na	0.0	0.0	0.0	0.0	0.0	0.0	0.0
GEMIN2	na	0.0	0.0	0.0	0.0	0.0	0.0	0.0
TRAPPC6B	na	0.0	0.0	0.0	0.0	0.0	0.0	0.0
PNN	na	0.0	0.0	0.0	0.0	0.0	0.0	0.0
MIA2	na	0.0	0.0	0.0	0.0	0.0	0.0	0.0
AL132639.2	na	0.0	0.0	0.0	0.0	0.0	0.0	0.0
FBXO33	na	0.0	0.0	0.0	0.0	0.0	0.0	0.0
C14orf28	na	0.0	0.0	0.0	0.0	0.0	0.0	0.0
KLHL28	na	0.0	0.0	0.0	0.0	0.0	0.0	0.0
TOGARAM1	na	0.0	0.0	0.0	0.0	0.0	0.0	0.0
PRPF39	na	0.0	0.0	0.0	0.0	0.0	0.0	0.0
FKBP3	na	0.0	0.0	0.0	0.0	0.0	0.0	0.0
FANCM	na	0.0	0.0	0.0	0.0	0.0	0.0	0.0
MIS18BP1	na	0.0	0.0	0.0	0.0	0.0	0.0	0.0
RPS29	na	1.6077654929203797	3.226638303542844	0.6934633451239921	0.8406310863204974	1.0571896005409662	2.2082398028871437	3.0144013305286856
LRR1	na	0.0	0.0	0.0	0.0	0.0	0.0	0.0
RPL36AL	na	0.16840756873499538	0.1555799372876903	0.18844658305363401	0.22559844493501446	0.15916109260432082	0.16577017871853647	0.20942840509881377
MGAT2	na	0.0	0.0	0.0	0.0	0.0	0.0	0.0
DNAAF2	na	0.0	0.0	0.0	0.0	0.0	0.0	0.0
POLE2	na	0.0	0.0	0.0	0.0	0.0	0.0	0.0
KLHDC1	na	0.0	0.0	0.0	0.0	0.0	0.0	0.0
KLHDC2	na	0.11238862030870818	0.017375633961099816	0.1952363296588786	0.2354511733086775	0.13642611831581933	0.04988627782727526	0.11725009351891749
NEMF	na	0.06819432961864157	0.0035207499307997737	0.12208250134838021	0.12642743165452094	0.0837793899380975	0.029722474933307517	0.04492560002670906
ARF6	na	0.1498416974215539	1.6271890689978986e-23	0.30398555512894965	0.35300656739313735	0.19273913900342096	0.056055481122037794	0.15493625381267967
LINC01588	na	0.0	0.0	0.0	0.0	0.0	0.0	0.0
VCPKMT	na	0.0	0.0	0.0	0.0	0.0	0.0	0.0
SOS2	na	0.0	0.0	0.0	0.0	0.0	0.0	0.0
L2HGDH	na	0.0	0.0	0.0	0.0	0.0	0.0	0.0
ATP5S	na	0.0	0.0	0.0	0.0	0.0	0.0	0.0
MAP4K5	na	0.0	0.0	0.0	0.0	0.0	0.0	0.0
ATL1	na	0.0	0.0	0.0	0.0	0.0	0.0	0.0
SAV1	na	0.0	0.0	0.0	0.0	0.0	0.0	0.0
NIN	na	0.0	0.0	0.0	0.0	0.0	0.0	0.0
PYGL	na	0.0	0.0	0.0	0.0	0.0	0.0	0.0
TMX1	na	0.0	0.0	0.0	0.0	0.0	0.0	0.0
FRMD6	na	0.0	0.0	0.0	0.0	0.0	0.0	0.0
GNG2	na	0.0	0.0	0.0	0.0	0.0	0.0	0.0
RTRAF	na	0.06656411524068293	0.011346156401461274	0.10233125360439588	0.12786194988931937	0.07151775605835767	0.03726654966155237	0.06125090165183246
NID2	na	0.0	0.0	0.0	0.0	0.0	0.0	0.0
PTGER2	na	0.0	0.0	0.0	0.0	0.0	0.0	0.0
TXNDC16	na	0.0	0.0	0.0	0.0	0.0	0.0	0.0
GPR137C	na	0.0	0.0	0.0	0.0	0.0	0.0	0.0
ERO1A	na	0.0	0.0	0.0	0.0	0.0	0.0	0.0
PSMC6	na	0.0	0.0	0.0	0.0	0.0	0.0	0.0
STYX	na	0.0	0.0	0.0	0.0	0.0	0.0	0.0
GNPNAT1	na	0.0	0.0	0.0	0.0	0.0	0.0	0.0
AL139317.3	na	0.0	0.0	0.0	0.0	0.0	0.0	0.0
FERMT2	na	0.0	0.0	0.0	0.0	0.0	0.0	0.0
DDHD1	na	0.0	0.0	0.0	0.0	0.0	0.0	0.0
BMP4	na	0.07403177399923472	0.006105684619071886	0.14035263009475232	0.13461294485665018	0.0867738798803867	0.04571746914143248	0.06300930897128648
CDKN3	na	0.0	0.0	0.0	0.0	0.0	0.0	0.0
CNIH1	na	0.0	0.0	0.0	0.0	0.0	0.0	0.0
GMFB	na	0.0	0.0	0.0	0.0	0.0	0.0	0.0
CGRRF1	na	0.0	0.0	0.0	0.0	0.0	0.0	0.0
SAMD4A	na	0.0	0.0	0.0	0.0	0.0	0.0	0.0
GCH1	na	0.0	0.0	0.0	0.0	0.0	0.0	0.0
WDHD1	na	0.0	0.0	0.0	0.0	0.0	0.0	0.0
SOCS4	na	0.0	0.0	0.0	0.0	0.0	0.0	0.0
MAPK1IP1L	na	0.0	0.0	0.0	0.0	0.0	0.0	0.0
LGALS3	na	0.0	0.0	0.0	0.0	0.0	0.0	0.0
DLGAP5	na	0.0	0.0	0.0	0.0	0.0	0.0	0.0
FBXO34	na	0.0	0.0	0.0	0.0	0.0	0.0	0.0
ATG14	na	0.0	0.0	0.0	0.0	0.0	0.0	0.0
KTN1	na	0.0	0.0	0.0	0.0	0.0	0.0	0.0
TMEM260	na	0.0	0.0	0.0	0.0	0.0	0.0	0.0
EXOC5	na	0.0	0.0	0.0	0.0	0.0	0.0	0.0
AP5M1	na	0.0	0.0	0.0	0.0	0.0	0.0	0.0
NAA30	na	0.0	0.0	0.0	0.0	0.0	0.0	0.0
ARMH4	na	0.0	0.0	0.0	0.0	0.0	0.0	0.0
ACTR10	na	0.0	0.0	0.0	0.0	0.0	0.0	0.0
PSMA3	na	0.0	0.0	0.0	0.0	0.0	0.0	0.0
PSMA3-AS1	na	0.0	0.0	0.0	0.0	0.0	0.0	0.0
ARID4A	na	0.0	0.0	0.0	0.0	0.0	0.0	0.0
TIMM9	na	0.0	0.0	0.0	0.0	0.0	0.0	0.0
KIAA0586	na	0.0	0.0	0.0	0.0	0.0	0.0	0.0
DACT1	na	0.0	0.0	0.0	0.0	0.0	0.0	0.0
DAAM1	na	0.0	0.0	0.0	0.0	0.0	0.0	0.0
L3HYPDH	na	0.0	0.0	0.0	0.0	0.0	0.0	0.0
JKAMP	na	0.0	0.0	0.0	0.0	0.0	0.0	0.0
RTN1	na	0.0	0.0	0.0	0.0	0.0	0.0	0.0
PCNX4	na	0.0	0.0	0.0	0.0	0.0	0.0	0.0
DHRS7	na	0.0	0.0	0.0	0.0	0.0	0.0	0.0
PPM1A	na	0.0	0.0	0.0	0.0	0.0	0.0	0.0
C14orf39	na	0.0	0.0	0.0	0.0	0.0	0.0	0.0
SIX1	na	0.0	0.0	0.0	0.0	0.0	0.0	0.0
SIX4	na	0.0	0.0	0.0	0.0	0.0	0.0	0.0
MNAT1	na	0.0	0.0	0.0	0.0	0.0	0.0	0.0
TRMT5	na	0.0	0.0	0.0	0.0	0.0	0.0	0.0
SLC38A6	na	0.0	0.0	0.0	0.0	0.0	0.0	0.0
PRKCH	na	0.0	0.0	0.0	0.0	0.0	0.0	0.0
TMEM30B	na	0.0	0.0	0.0	0.0	0.0	0.0	0.0
HIF1A	na	0.0	0.0	0.0	0.0	0.0	0.0	0.0
SNAPC1	na	0.0	0.0	0.0	0.0	0.0	0.0	0.0
RHOJ	na	0.0	0.0	0.0	0.0	0.0	0.0	0.0
PPP2R5E	na	0.0	0.0	0.0	0.0	0.0	0.0	0.0
WDR89	na	0.0	0.0	0.0	0.0	0.0	0.0	0.0
SGPP1	na	0.0	0.0	0.0	0.0	0.0	0.0	0.0
SYNE2	na	0.0	0.0	0.0	0.0	0.0	0.0	0.0
MTHFD1	na	0.0	0.0	0.0	0.0	0.0	0.0	0.0
ZBTB25	na	0.0	0.0	0.0	0.0	0.0	0.0	0.0
AKAP5	na	0.0	0.0	0.0	0.0	0.0	0.0	0.0
ZBTB1	na	0.0	0.0	0.0	0.0	0.0	0.0	0.0
HSPA2	na	0.0	0.0	0.0	0.0	0.0	0.0	0.0
PLEKHG3	na	0.0	0.0	0.0	0.0	0.0	0.0	0.0
CHURC1	na	0.0	0.0	0.0	0.0	0.0	0.0	0.0
RAB15	na	0.0	0.0	0.0	0.0	0.0	0.0	0.0
FNTB	na	0.0	0.0	0.0	0.0	0.0	0.0	0.0
MAX	na	0.0	0.0	0.0	0.0	0.0	0.0	0.0
FUT8	na	0.0	0.0	0.0	0.0	0.0	0.0	0.0
GPHN	na	0.0	0.0	0.0	0.0	0.0	0.0	0.0
FAM71D	na	0.0	0.0	0.0	0.0	0.0	0.0	0.0
MPP5	na	0.0	0.0	0.0	0.0	0.0	0.0	0.0
ATP6V1D	na	0.0	0.0	0.0	0.0	0.0	0.0	0.0
EIF2S1	na	0.0	0.0	0.0	0.0	0.0	0.0	0.0
PLEK2	na	0.0	0.0	0.0	0.0	0.0	0.0	0.0
TMEM229B	na	0.0	0.0	0.0	0.0	0.0	0.0	0.0
PLEKHH1	na	0.0	0.0	0.0	0.0	0.0	0.0	0.0
PIGH	na	0.0	0.0	0.0	0.0	0.0	0.0	0.0
ARG2	na	0.0	0.0	0.0	0.0	0.0	0.0	0.0
VTI1B	na	0.0	0.0	0.0	0.0	0.0	0.0	0.0
RDH11	na	0.0	0.0	0.0	0.0	0.0	0.0	0.0
ZFYVE26	na	0.0	0.0	0.0	0.0	0.0	0.0	0.0
AL121820.2	na	0.0	0.0	0.0	0.0	0.0	0.0	0.0
ZFP36L1	na	0.06918159880533598	0.017412803254458133	0.10955384744054479	0.12482983779191639	0.07591130090242434	0.046491462688447394	0.06538010241451803
ACTN1	na	0.0	0.0	0.0	0.0	0.0	0.0	0.0
DCAF5	na	0.0	0.0	0.0	0.0	0.0	0.0	0.0
EXD2	na	0.0	0.0	0.0	0.0	0.0	0.0	0.0
ERH	na	0.0810166372165488	0.02405879824813335	0.12062072270493267	0.1420193467560363	0.08623978595476646	0.0629902553135672	0.07751530999551576
SLC39A9	na	0.0	0.0	0.0	0.0	0.0	0.0	0.0
SUSD6	na	0.0	0.0	0.0	0.0	0.0	0.0	0.0
SRSF5	na	0.0	0.0	0.0	0.0	0.0	0.0	0.0
COX16	na	0.0	0.0	0.0	0.0	0.0	0.0	0.0
SYNJ2BP	na	0.0	0.0	0.0	0.0	0.0	0.0	0.0
MED6	na	0.0	0.0	0.0	0.0	0.0	0.0	0.0
TTC9	na	0.0	0.0	0.0	0.0	0.0	0.0	0.0
MAP3K9	na	0.0	0.0	0.0	0.0	0.0	0.0	0.0
AC004816.1	na	0.0	0.0	0.0	0.0	0.0	0.0	0.0
PCNX1	na	0.0	0.0	0.0	0.0	0.0	0.0	0.0
SIPA1L1	na	0.0	0.0	0.0	0.0	0.0	0.0	0.0
RGS6	na	0.0	0.0	0.0	0.0	0.0	0.0	0.0
DCAF4	na	0.0	0.0	0.0	0.0	0.0	0.0	0.0
ZFYVE1	na	0.0	0.0	0.0	0.0	0.0	0.0	0.0
RBM25	na	0.0	0.0	0.0	0.0	0.0	0.0	0.0
PSEN1	na	0.0	0.0	0.0	0.0	0.0	0.0	0.0
NUMB	na	0.0	0.0	0.0	0.0	0.0	0.0	0.0
RIOX1	na	0.0	0.0	0.0	0.0	0.0	0.0	0.0
ACOT1	na	0.0	0.0	0.0	0.0	0.0	0.0	0.0
ACOT2	na	0.0	0.0	0.0	0.0	0.0	0.0	0.0
ACOT4	na	0.0	0.0	0.0	0.0	0.0	0.0	0.0
DNAL1	na	0.0	0.0	0.0	0.0	0.0	0.0	0.0
PNMA1	na	0.0	0.0	0.0	0.0	0.0	0.0	0.0
ELMSAN1	na	0.0	0.0	0.0	0.0	0.0	0.0	0.0
PTGR2	na	0.0	0.0	0.0	0.0	0.0	0.0	0.0
FAM161B	na	0.0	0.0	0.0	0.0	0.0	0.0	0.0
COQ6	na	0.0	0.0	0.0	0.0	0.0	0.0	0.0
ENTPD5	na	0.0	0.0	0.0	0.0	0.0	0.0	0.0
BBOF1	na	0.0	0.0	0.0	0.0	0.0	0.0	0.0
ALDH6A1	na	0.0	0.0	0.0	0.0	0.0	0.0	0.0
LIN52	na	0.0	0.0	0.0	0.0	0.0	0.0	0.0
ABCD4	na	0.0	0.0	0.0	0.0	0.0	0.0	0.0
NPC2	na	0.0457979850524233	0.05390271622195637	0.09802101600194552	0.16456928282602215	0.08481137114705999	0.08024258477158587	0.0869778556385809
ISCA2	na	0.0	0.0	0.0	0.0	0.0	0.0	0.0
LTBP2	na	0.0	0.0	0.0	0.0	0.0	0.0	0.0
AREL1	na	0.0	0.0	0.0	0.0	0.0	0.0	0.0
FCF1	na	0.0	0.0	0.0	0.0	0.0	0.0	0.0
YLPM1	na	0.0	0.0	0.0	0.0	0.0	0.0	0.0
DLST	na	0.0	0.0	0.0	0.0	0.0	0.0	0.0
RPS6KL1	na	0.0	0.0	0.0	0.0	0.0	0.0	0.0
PGF	na	0.0	0.0	0.0	0.0	0.0	0.0	0.0
EIF2B2	na	0.0	0.0	0.0	0.0	0.0	0.0	0.0
MLH3	na	0.0	0.0	0.0	0.0	0.0	0.0	0.0
ACYP1	na	0.0	0.0	0.0	0.0	0.0	0.0	0.0
ZC2HC1C	na	0.0	0.0	0.0	0.0	0.0	0.0	0.0
NEK9	na	0.0	0.0	0.0	0.0	0.0	0.0	0.0
TMED10	na	0.05639098259395827	3.858337779142554e-15	0.12927991443821274	0.15084894043825328	0.08486950864293474	0.036290130900949666	0.056978372117028046
FOS	na	0.06699634636348341	0.014811620209654854	0.12364922694369894	0.12853153217848592	0.08740359007229752	0.03632738649695947	0.06581629376093444
JDP2	na	0.0	0.0	0.0	0.0	0.0	0.0	0.0
BATF	na	0.0	0.0	0.0	0.0	0.0	0.0	0.0
FLVCR2	na	0.0	0.0	0.0	0.0	0.0	0.0	0.0
TTLL5	na	0.0	0.0	0.0	0.0	0.0	0.0	0.0
ERG28	na	0.0	0.0	0.0	0.0	0.0	0.0	0.0
IFT43	na	0.0	0.0	0.0	0.0	0.0	0.0	0.0
TGFB3	na	0.0	0.0	0.0	0.0	0.0	0.0	0.0
GPATCH2L	na	0.0	0.0	0.0	0.0	0.0	0.0	0.0
VASH1	na	0.0	0.0	0.0	0.0	0.0	0.0	0.0
VASH1-AS1	na	0.0	0.0	0.0	0.0	0.0	0.0	0.0
ANGEL1	na	0.0	0.0	0.0	0.0	0.0	0.0	0.0
IRF2BPL	na	0.0	0.0	0.0	0.0	0.0	0.0	0.0
AC007686.3	na	0.0	0.0	0.0	0.0	0.0	0.0	0.0
CIPC	na	0.0	0.0	0.0	0.0	0.0	0.0	0.0
TMEM63C	na	0.0	0.0	0.0	0.0	0.0	0.0	0.0
POMT2	na	0.0	0.0	0.0	0.0	0.0	0.0	0.0
GSTZ1	na	0.0	0.0	0.0	0.0	0.0	0.0	0.0
TMED8	na	0.0	0.0	0.0	0.0	0.0	0.0	0.0
VIPAS39	na	0.0	0.0	0.0	0.0	0.0	0.0	0.0
AHSA1	na	0.05281048797843472	3.8933827544525405e-20	0.11405269821265851	0.14216956914610426	0.08508851990999158	0.026662672217709613	0.044354471724303846
SPTLC2	na	0.0	0.0	0.0	0.0	0.0	0.0	0.0
ALKBH1	na	0.0	0.0	0.0	0.0	0.0	0.0	0.0
SLIRP	na	0.10664939239126132	0.11371291527237187	0.11052172917756102	0.2250336694061031	0.12412490490338307	0.17391708777583473	0.14929565609493106
SNW1	na	0.0	0.0	0.0	0.0	0.0	0.0	0.0
ADCK1	na	0.0	0.0	0.0	0.0	0.0	0.0	0.0
NRXN3	na	0.0	0.0	0.0	0.0	0.0	0.0	0.0
DIO2	na	0.0	0.0	0.0	0.0	0.0	0.0	0.0
CEP128	na	0.0	0.0	0.0	0.0	0.0	0.0	0.0
GTF2A1	na	0.0	0.0	0.0	0.0	0.0	0.0	0.0
STON2	na	0.0	0.0	0.0	0.0	0.0	0.0	0.0
SEL1L	na	0.0	0.0	0.0	0.0	0.0	0.0	0.0
FLRT2	na	0.0	0.0	0.0	0.0	0.0	0.0	0.0
GALC	na	0.0	0.0	0.0	0.0	0.0	0.0	0.0
GPR65	na	0.0	0.0	0.0	0.0	0.0	0.0	0.0
SPATA7	na	0.0	0.0	0.0	0.0	0.0	0.0	0.0
PTPN21	na	0.0	0.0	0.0	0.0	0.0	0.0	0.0
ZC3H14	na	0.0	0.0	0.0	0.0	0.0	0.0	0.0
TTC8	na	0.0	0.0	0.0	0.0	0.0	0.0	0.0
FOXN3	na	0.0	0.0	0.0	0.0	0.0	0.0	0.0
FOXN3-AS1	na	0.0	0.0	0.0	0.0	0.0	0.0	0.0
EFCAB11	na	0.0	0.0	0.0	0.0	0.0	0.0	0.0
TDP1	na	0.0	0.0	0.0	0.0	0.0	0.0	0.0
KCNK13	na	0.0	0.0	0.0	0.0	0.0	0.0	0.0
PSMC1	na	0.05845930308467907	3.950789192361297e-18	0.12203743879063683	0.13222932500115106	0.08171995747782163	0.028864642953358995	0.0426983973983986
NRDE2	na	0.0	0.0	0.0	0.0	0.0	0.0	0.0
CALM1	na	0.11524358383295477	0.07680582175597125	0.17795975685488455	0.21929350672398717	0.13638299649253272	0.10636515156360855	0.13689226584547481
TTC7B	na	0.0	0.0	0.0	0.0	0.0	0.0	0.0
RPS6KA5	na	0.0	0.0	0.0	0.0	0.0	0.0	0.0
DGLUCY	na	0.0	0.0	0.0	0.0	0.0	0.0	0.0
GPR68	na	0.0	0.0	0.0	0.0	0.0	0.0	0.0
CCDC88C	na	0.0	0.0	0.0	0.0	0.0	0.0	0.0
PPP4R3A	na	0.0	0.0	0.0	0.0	0.0	0.0	0.0
CATSPERB	na	0.0	0.0	0.0	0.0	0.0	0.0	0.0
TC2N	na	0.0	0.0	0.0	0.0	0.0	0.0	0.0
FBLN5	na	0.0	0.0	0.0	0.0	0.0	0.0	0.0
TRIP11	na	0.0	0.0	0.0	0.0	0.0	0.0	0.0
ATXN3	na	0.0	0.0	0.0	0.0	0.0	0.0	0.0
NDUFB1	na	0.19924522809196338	0.27350294256879826	0.1595845567367098	0.2719308059805769	0.18523295073358617	0.2451386803414291	0.2671295596156512
CPSF2	na	0.0	0.0	0.0	0.0	0.0	0.0	0.0
RIN3	na	0.0	0.0	0.0	0.0	0.0	0.0	0.0
LGMN	na	0.05579968855171687	0.010075324363791433	0.13763512346617207	0.12986979531609816	0.09024239328189883	0.05707707052554897	0.06658770169020084
GOLGA5	na	0.0	0.0	0.0	0.0	0.0	0.0	0.0
LINC02287	na	0.0	0.0	0.0	0.0	0.0	0.0	0.0
CHGA	na	0.0	0.0	0.0	0.0	0.0	0.0	0.0
ITPK1	na	0.0	0.0	0.0	0.0	0.0	0.0	0.0
MOAP1	na	0.0	0.0	0.0	0.0	0.0	0.0	0.0
TMEM251	na	0.0	0.0	0.0	0.0	0.0	0.0	0.0
GON7	na	0.0	0.0	0.0	0.0	0.0	0.0	0.0
UBR7	na	0.0	0.0	0.0	0.0	0.0	0.0	0.0
BTBD7	na	0.0	0.0	0.0	0.0	0.0	0.0	0.0
OTUB2	na	0.0	0.0	0.0	0.0	0.0	0.0	0.0
DDX24	na	0.0	0.0	0.0	0.0	0.0	0.0	0.0
IFI27L1	na	0.0	0.0	0.0	0.0	0.0	0.0	0.0
IFI27	na	0.2773017552016283	0.6406891322316044	0.17003933221472034	1.6381407103499435	0.5615072772595827	0.9979235739073249	0.25612139757019853
IFI27L2	na	0.0	0.0	0.0	0.0	0.0	0.0	0.0
SERPINA1	na	0.0	0.0	0.0	0.0	0.0	0.0	0.0
SERPINA5	na	0.0	0.0	0.0	0.0	0.0	0.0	0.0
AL049839.2	na	0.0	0.0	0.0	0.0	0.0	0.0	0.0
GSC	na	0.0	0.0	0.0	0.0	0.0	0.0	0.0
DICER1	na	0.0	0.0	0.0	0.0	0.0	0.0	0.0
DICER1-AS1	na	0.0	0.0	0.0	0.0	0.0	0.0	0.0
CLMN	na	0.0	0.0	0.0	0.0	0.0	0.0	0.0
SYNE3	na	0.0	0.0	0.0	0.0	0.0	0.0	0.0
SNHG10	na	0.0	0.0	0.0	0.0	0.0	0.0	0.0
GLRX5	na	0.0	0.0	0.0	0.0	0.0	0.0	0.0
TCL1B	na	0.0	0.0	0.0	0.0	0.0	0.0	0.0
C14orf132	na	0.0	0.0	0.0	0.0	0.0	0.0	0.0
BDKRB2	na	0.0	0.0	0.0	0.0	0.0	0.0	0.0
BDKRB1	na	0.0	0.0	0.0	0.0	0.0	0.0	0.0
ATG2B	na	0.0	0.0	0.0	0.0	0.0	0.0	0.0
GSKIP	na	0.0	0.0	0.0	0.0	0.0	0.0	0.0
AK7	na	0.0	0.0	0.0	0.0	0.0	0.0	0.0
AL163051.1	na	0.0	0.0	0.0	0.0	0.0	0.0	0.0
PAPOLA	na	0.06481889227825535	7.938913750356846e-19	0.12118794953504786	0.15302716756407075	0.09271632389632073	0.01684823206072174	0.02823102389586313
VRK1	na	0.0	0.0	0.0	0.0	0.0	0.0	0.0
LINC01550	na	0.0	0.0	0.0	0.0	0.0	0.0	0.0
BCL11B	na	0.0	0.0	0.0	0.0	0.0	0.0	0.0
SETD3	na	0.0	0.0	0.0	0.0	0.0	0.0	0.0
CCNK	na	0.0	0.0	0.0	0.0	0.0	0.0	0.0
CCDC85C	na	0.0	0.0	0.0	0.0	0.0	0.0	0.0
HHIPL1	na	0.0	0.0	0.0	0.0	0.0	0.0	0.0
EML1	na	0.0	0.0	0.0	0.0	0.0	0.0	0.0
EVL	na	0.09370239480517063	1.7391290625374844e-23	0.2333240208727678	0.2487324789973637	0.14264389449249226	3.597654053237469e-22	0.02389563904521653
DEGS2	na	0.0	0.0	0.0	0.0	0.0	0.0	0.0
YY1	na	0.0	0.0	0.0	0.0	0.0	0.0	0.0
SLC25A29	na	0.0	0.0	0.0	0.0	0.0	0.0	0.0
WARS	na	0.0	0.0	0.0	0.0	0.0	0.0	0.0
WDR25	na	0.0	0.0	0.0	0.0	0.0	0.0	0.0
MEG3	na	0.0	0.0	0.0	0.0	0.0	0.0	0.0
PPP2R5C	na	0.0	0.0	0.0	0.0	0.0	0.0	0.0
AL118558.3	na	0.0	0.0	0.0	0.0	0.0	0.0	0.0
DYNC1H1	na	0.04245716387627049	1.1471751376745145e-19	0.1519522709048797	0.17048660690118803	0.10052579025393371	0.005197310082396506	0.030533300250126502
HSP90AA1	na	0.2969443239230327	0.30159707382168355	0.4214146103913641	0.514204590219255	0.3365315996487836	0.4267328176221229	0.45838983427238916
WDR20	na	0.0	0.0	0.0	0.0	0.0	0.0	0.0
MOK	na	0.0	0.0	0.0	0.0	0.0	0.0	0.0
ZNF839	na	0.0	0.0	0.0	0.0	0.0	0.0	0.0
CINP	na	0.0	0.0	0.0	0.0	0.0	0.0	0.0
TECPR2	na	0.0	0.0	0.0	0.0	0.0	0.0	0.0
ANKRD9	na	0.0	0.0	0.0	0.0	0.0	0.0	0.0
RCOR1	na	0.0	0.0	0.0	0.0	0.0	0.0	0.0
TRAF3	na	0.0	0.0	0.0	0.0	0.0	0.0	0.0
CDC42BPB	na	0.0	0.0	0.0	0.0	0.0	0.0	0.0
TNFAIP2	na	0.0	0.0	0.0	0.0	0.0	0.0	0.0
EIF5	na	0.055839968457149496	0.0021554649461085163	0.1158763689447943	0.13137834243668717	0.07621794041464787	0.0239236532761259	0.03617824545811056
MARK3	na	0.0	0.0	0.0	0.0	0.0	0.0	0.0
CKB	na	0.1575441840277681	4.254365020005535e-20	0.3789085127466235	0.49457169192699185	0.24054264835929762	1.9294933565432248e-17	0.08558147063138119
TRMT61A	na	0.0	0.0	0.0	0.0	0.0	0.0	0.0
BAG5	na	0.0	0.0	0.0	0.0	0.0	0.0	0.0
KLC1	na	0.0	0.0	0.0	0.0	0.0	0.0	0.0
APOPT1	na	0.0	0.0	0.0	0.0	0.0	0.0	0.0
XRCC3	na	0.0	0.0	0.0	0.0	0.0	0.0	0.0
ZFYVE21	na	0.0	0.0	0.0	0.0	0.0	0.0	0.0
PPP1R13B	na	0.0	0.0	0.0	0.0	0.0	0.0	0.0
ATP5MPL	na	0.200465658894446	0.2802840095328761	0.1860798682098216	0.29577748654178243	0.18394097772627985	0.25391075002270813	0.27365969255077577
KIF26A	na	0.0	0.0	0.0	0.0	0.0	0.0	0.0
TMEM179	na	0.0	0.0	0.0	0.0	0.0	0.0	0.0
INF2	na	0.05523915124534462	3.633859360908003e-24	0.13762044652489652	0.16053529655249082	0.09623594937420499	0.03413590444327141	0.03369183205845058
ADSSL1	na	0.0	0.0	0.0	0.0	0.0	0.0	0.0
SIVA1	na	0.04980701816442967	0.02260861501374017	0.11842009831426535	0.1539057768070955	0.08358384720751078	0.06640785324795119	0.056575488528789034
AKT1	na	0.07114995019459582	1.3129553519718643e-22	0.1612445092873907	0.19308188285641334	0.10746403254708818	0.012254344697936093	0.01934560108999039
AL583722.2	na	0.0	0.0	0.0	0.0	0.0	0.0	0.0
ZBTB42	na	0.0	0.0	0.0	0.0	0.0	0.0	0.0
CEP170B	na	0.0	0.0	0.0	0.0	0.0	0.0	0.0
PLD4	na	0.0	0.0	0.0	0.0	0.0	0.0	0.0
AHNAK2	na	0.0	0.0	0.0	0.0	0.0	0.0	0.0
CLBA1	na	0.0	0.0	0.0	0.0	0.0	0.0	0.0
CDCA4	na	0.0	0.0	0.0	0.0	0.0	0.0	0.0
GPR132	na	0.0	0.0	0.0	0.0	0.0	0.0	0.0
JAG2	na	0.0	0.0	0.0	0.0	0.0	0.0	0.0
NUDT14	na	0.0	0.0	0.0	0.0	0.0	0.0	0.0
BRF1	na	0.0	0.0	0.0	0.0	0.0	0.0	0.0
BTBD6	na	0.0	0.0	0.0	0.0	0.0	0.0	0.0
PACS2	na	0.0	0.0	0.0	0.0	0.0	0.0	0.0
MTA1	na	0.0	0.0	0.0	0.0	0.0	0.0	0.0
CRIP2	na	0.15707647061821556	0.04927245503168794	0.22833126637874748	0.31146830977058365	0.1775895234421979	0.1103721907889337	0.16558615219699235
CRIP1	na	0.0	0.0	0.0	0.0	0.0	0.0	0.0
TEDC1	na	0.0	0.0	0.0	0.0	0.0	0.0	0.0
TMEM121	na	0.0	0.0	0.0	0.0	0.0	0.0	0.0
IGHA2	na	0.0	0.0	0.0	0.0	0.0	0.0	0.0
IGHE	na	0.0	0.0	0.0	0.0	0.0	0.0	0.0
IGHG4	na	0.0	0.0	0.0	0.0	0.0	0.0	0.0
IGHG2	na	0.0	0.0	0.0	0.0	0.0	0.0	0.0
IGHGP	na	0.0	0.0	0.0	0.0	0.0	0.0	0.0
IGHA1	na	0.09055001065925451	0.7138343635288558	0.3534554766879207	0.9900434849061539	0.47550429673242917	0.9463303656613585	9.170800242759443e-17
IGHG1	na	0.2530534726592182	0.7500752575582721	0.5116723584313921	0.5837426124703268	0.40863948617473583	0.7237747107747106	0.6901094087930499
IGHG3	na	0.18705053694319873	2.6901030333167956e-08	0.6002504217003274	0.6378587981267941	0.2992878918261567	0.06874445344360891	0.23607150737894386
IGHD	na	0.0	0.0	0.0	0.0	0.0	0.0	0.0
IGHM	na	0.037118523873423334	0.553132646824387	0.5094817458331409	0.29822860454812683	0.31342441868766824	0.22460206996323978	0.13561902691354658
FAM30A	na	0.0	0.0	0.0	0.0	0.0	0.0	0.0
NIPA1	na	0.0	0.0	0.0	0.0	0.0	0.0	0.0
NIPA2	na	0.0	0.0	0.0	0.0	0.0	0.0	0.0
CYFIP1	na	0.0	0.0	0.0	0.0	0.0	0.0	0.0
TUBGCP5	na	0.0	0.0	0.0	0.0	0.0	0.0	0.0
NDN	na	0.0	0.0	0.0	0.0	0.0	0.0	0.0
SNRPN	na	0.0	0.0	0.0	0.0	0.0	0.0	0.0
SNURF	na	0.0	0.0	0.0	0.0	0.0	0.0	0.0
PWAR6	na	0.0	0.0	0.0	0.0	0.0	0.0	0.0
UBE3A	na	0.0	0.0	0.0	0.0	0.0	0.0	0.0
ATP10A	na	0.0	0.0	0.0	0.0	0.0	0.0	0.0
GABRB3	na	0.0	0.0	0.0	0.0	0.0	0.0	0.0
HERC2	na	0.0	0.0	0.0	0.0	0.0	0.0	0.0
APBA2	na	0.0	0.0	0.0	0.0	0.0	0.0	0.0
NSMCE3	na	0.0	0.0	0.0	0.0	0.0	0.0	0.0
TJP1	na	0.0	0.0	0.0	0.0	0.0	0.0	0.0
FAN1	na	0.0	0.0	0.0	0.0	0.0	0.0	0.0
MTMR10	na	0.0	0.0	0.0	0.0	0.0	0.0	0.0
KLF13	na	0.0	0.0	0.0	0.0	0.0	0.0	0.0
ARHGAP11A	na	0.0	0.0	0.0	0.0	0.0	0.0	0.0
SCG5	na	0.0	0.0	0.0	0.0	0.0	0.0	0.0
GREM1	na	0.0	0.0	0.0	0.0	0.0	0.0	0.0
FMN1	na	0.0	0.0	0.0	0.0	0.0	0.0	0.0
AVEN	na	0.0	0.0	0.0	0.0	0.0	0.0	0.0
EMC7	na	0.0	0.0	0.0	0.0	0.0	0.0	0.0
PGBD4	na	0.0	0.0	0.0	0.0	0.0	0.0	0.0
KATNBL1	na	0.0	0.0	0.0	0.0	0.0	0.0	0.0
EMC4	na	0.0	0.0	0.0	0.0	0.0	0.0	0.0
SLC12A6	na	0.0	0.0	0.0	0.0	0.0	0.0	0.0
NOP10	na	0.0859338620408474	0.03997806976426618	0.12606520541044114	0.15014731600233325	0.088635161277851	0.06919826928039122	0.08901169728205127
LPCAT4	na	0.0	0.0	0.0	0.0	0.0	0.0	0.0
GOLGA8A	na	0.0	0.0	0.0	0.0	0.0	0.0	0.0
GOLGA8B	na	0.0	0.0	0.0	0.0	0.0	0.0	0.0
AQR	na	0.0	0.0	0.0	0.0	0.0	0.0	0.0
ZNF770	na	0.0	0.0	0.0	0.0	0.0	0.0	0.0
DPH6	na	0.0	0.0	0.0	0.0	0.0	0.0	0.0
MEIS2	na	0.0	0.0	0.0	0.0	0.0	0.0	0.0
SPRED1	na	0.0	0.0	0.0	0.0	0.0	0.0	0.0
FAM98B	na	0.0	0.0	0.0	0.0	0.0	0.0	0.0
RASGRP1	na	0.0	0.0	0.0	0.0	0.0	0.0	0.0
THBS1	na	0.08361530740872627	0.033762436067670674	0.11716239719184007	0.12476401485947881	0.09115590298326043	0.07366367246181868	0.10376825163807447
GPR176	na	0.0	0.0	0.0	0.0	0.0	0.0	0.0
EIF2AK4	na	0.0	0.0	0.0	0.0	0.0	0.0	0.0
SRP14	na	0.2787351010779522	0.3526141192314165	0.28978965552719843	0.2932988749292566	0.2412067608017684	0.2677842999437137	0.4230582812365106
SRP14-AS1	na	0.0	0.0	0.0	0.0	0.0	0.0	0.0
BMF	na	0.0	0.0	0.0	0.0	0.0	0.0	0.0
BUB1B	na	0.0	0.0	0.0	0.0	0.0	0.0	0.0
PAK6	na	0.0	0.0	0.0	0.0	0.0	0.0	0.0
PLCB2	na	0.0	0.0	0.0	0.0	0.0	0.0	0.0
INAFM2	na	0.0	0.0	0.0	0.0	0.0	0.0	0.0
CCDC9B	na	0.0	0.0	0.0	0.0	0.0	0.0	0.0
KNSTRN	na	0.0	0.0	0.0	0.0	0.0	0.0	0.0
IVD	na	0.0	0.0	0.0	0.0	0.0	0.0	0.0
BAHD1	na	0.0	0.0	0.0	0.0	0.0	0.0	0.0
CHST14	na	0.0	0.0	0.0	0.0	0.0	0.0	0.0
CCDC32	na	0.0	0.0	0.0	0.0	0.0	0.0	0.0
RPUSD2	na	0.0	0.0	0.0	0.0	0.0	0.0	0.0
KNL1	na	0.0	0.0	0.0	0.0	0.0	0.0	0.0
RAD51	na	0.0	0.0	0.0	0.0	0.0	0.0	0.0
RMDN3	na	0.0	0.0	0.0	0.0	0.0	0.0	0.0
GCHFR	na	0.0	0.0	0.0	0.0	0.0	0.0	0.0
DNAJC17	na	0.0	0.0	0.0	0.0	0.0	0.0	0.0
ZFYVE19	na	0.0	0.0	0.0	0.0	0.0	0.0	0.0
PPP1R14D	na	0.0	0.0	0.0	0.0	0.0	0.0	0.0
SPINT1-AS1	na	0.0	0.0	0.0	0.0	0.0	0.0	0.0
SPINT1	na	0.09111027487223233	4.4310045875328063e-26	0.15570994893218926	0.17888963952955175	0.1007037168998204	3.242616372855375e-19	0.032915460498563115
RHOV	na	0.0	0.0	0.0	0.0	0.0	0.0	0.0
VPS18	na	0.0	0.0	0.0	0.0	0.0	0.0	0.0
DLL4	na	0.0	0.0	0.0	0.0	0.0	0.0	0.0
CHAC1	na	0.0	0.0	0.0	0.0	0.0	0.0	0.0
INO80	na	0.0	0.0	0.0	0.0	0.0	0.0	0.0
CHP1	na	0.0	0.0	0.0	0.0	0.0	0.0	0.0
OIP5	na	0.0	0.0	0.0	0.0	0.0	0.0	0.0
NUSAP1	na	0.0	0.0	0.0	0.0	0.0	0.0	0.0
NDUFAF1	na	0.0	0.0	0.0	0.0	0.0	0.0	0.0
RTF1	na	0.0	0.0	0.0	0.0	0.0	0.0	0.0
ITPKA	na	0.0	0.0	0.0	0.0	0.0	0.0	0.0
RPAP1	na	0.0	0.0	0.0	0.0	0.0	0.0	0.0
TYRO3	na	0.0	0.0	0.0	0.0	0.0	0.0	0.0
MGA	na	0.0	0.0	0.0	0.0	0.0	0.0	0.0
MAPKBP1	na	0.0	0.0	0.0	0.0	0.0	0.0	0.0
JMJD7-PLA2G4B	na	0.0	0.0	0.0	0.0	0.0	0.0	0.0
SPTBN5	na	0.0	0.0	0.0	0.0	0.0	0.0	0.0
EHD4	na	0.0	0.0	0.0	0.0	0.0	0.0	0.0
PLA2G4F	na	0.0	0.0	0.0	0.0	0.0	0.0	0.0
VPS39	na	0.0	0.0	0.0	0.0	0.0	0.0	0.0
TMEM87A	na	0.0	0.0	0.0	0.0	0.0	0.0	0.0
GANC	na	0.0	0.0	0.0	0.0	0.0	0.0	0.0
ZNF106	na	0.0	0.0	0.0	0.0	0.0	0.0	0.0
SNAP23	na	0.0	0.0	0.0	0.0	0.0	0.0	0.0
AC018362.1	na	0.0	0.0	0.0	0.0	0.0	0.0	0.0
LRRC57	na	0.0	0.0	0.0	0.0	0.0	0.0	0.0
HAUS2	na	0.0	0.0	0.0	0.0	0.0	0.0	0.0
CDAN1	na	0.0	0.0	0.0	0.0	0.0	0.0	0.0
TTBK2	na	0.0	0.0	0.0	0.0	0.0	0.0	0.0
UBR1	na	0.0	0.0	0.0	0.0	0.0	0.0	0.0
TMEM62	na	0.0	0.0	0.0	0.0	0.0	0.0	0.0
CCNDBP1	na	0.0	0.0	0.0	0.0	0.0	0.0	0.0
LCMT2	na	0.0	0.0	0.0	0.0	0.0	0.0	0.0
ADAL	na	0.0	0.0	0.0	0.0	0.0	0.0	0.0
ZSCAN29	na	0.0	0.0	0.0	0.0	0.0	0.0	0.0
TUBGCP4	na	0.0	0.0	0.0	0.0	0.0	0.0	0.0
TP53BP1	na	0.0	0.0	0.0	0.0	0.0	0.0	0.0
MAP1A	na	0.0	0.0	0.0	0.0	0.0	0.0	0.0
PPIP5K1	na	0.0	0.0	0.0	0.0	0.0	0.0	0.0
CKMT1B	na	0.0	0.0	0.0	0.0	0.0	0.0	0.0
STRC	na	0.0	0.0	0.0	0.0	0.0	0.0	0.0
CATSPER2	na	0.0	0.0	0.0	0.0	0.0	0.0	0.0
PDIA3	na	0.061509793298938416	8.031295607612241e-19	0.16262406940916124	0.17853751845314958	0.09827839603670843	0.01429303817638524	0.046926985444934975
ELL3	na	0.0	0.0	0.0	0.0	0.0	0.0	0.0
SERF2	na	1.2410647084468325	1.7357073975561081	1.3730413351672992	0.7854648598622543	1.0160037411011962	1.2036791416536692	2.361678449014112
SERINC4	na	0.0	0.0	0.0	0.0	0.0	0.0	0.0
HYPK	na	0.0	0.0	0.0	0.0	0.0	0.0	0.0
MFAP1	na	0.0	0.0	0.0	0.0	0.0	0.0	0.0
WDR76	na	0.0	0.0	0.0	0.0	0.0	0.0	0.0
CASC4	na	0.0	0.0	0.0	0.0	0.0	0.0	0.0
CTDSPL2	na	0.0	0.0	0.0	0.0	0.0	0.0	0.0
EIF3J-DT	na	0.0	0.0	0.0	0.0	0.0	0.0	0.0
EIF3J	na	0.0	0.0	0.0	0.0	0.0	0.0	0.0
SPG11	na	0.0	0.0	0.0	0.0	0.0	0.0	0.0
PATL2	na	0.0	0.0	0.0	0.0	0.0	0.0	0.0
B2M	na	0.5887291621599393	1.0119248500927849	0.7642925745678502	1.3293897226583704	0.8254204589929469	1.2424449646053828	1.1646713610883068
TRIM69	na	0.0	0.0	0.0	0.0	0.0	0.0	0.0
SORD	na	0.05091255840257373	1.6558067141072597e-27	0.14651968361597478	0.1686154041176274	0.09881109342347953	1.1727799440416288e-22	0.056430419292549994
SHF	na	0.0	0.0	0.0	0.0	0.0	0.0	0.0
GATM	na	0.0	0.0	0.0	0.0	0.0	0.0	0.0
SPATA5L1	na	0.0	0.0	0.0	0.0	0.0	0.0	0.0
C15orf48	na	0.09283732932764673	0.027594795168774666	0.16680784196675252	0.1902979146525307	0.11133791072441356	0.04732231513230637	0.12602624109535815
AC025580.1	na	0.0	0.0	0.0	0.0	0.0	0.0	0.0
AC025580.2	na	0.0	0.0	0.0	0.0	0.0	0.0	0.0
SLC30A4	na	0.0	0.0	0.0	0.0	0.0	0.0	0.0
BLOC1S6	na	0.0	0.0	0.0	0.0	0.0	0.0	0.0
SQOR	na	0.0	0.0	0.0	0.0	0.0	0.0	0.0
SEMA6D	na	0.0	0.0	0.0	0.0	0.0	0.0	0.0
MYEF2	na	0.0	0.0	0.0	0.0	0.0	0.0	0.0
DUT	na	0.0	0.0	0.0	0.0	0.0	0.0	0.0
FBN1	na	0.0	0.0	0.0	0.0	0.0	0.0	0.0
CEP152	na	0.0	0.0	0.0	0.0	0.0	0.0	0.0
SHC4	na	0.0	0.0	0.0	0.0	0.0	0.0	0.0
EID1	na	0.06231306884608494	4.202438723311822e-13	0.1252396919892565	0.13330308746651723	0.07906260465129318	0.0359165242133775	0.06313224402566038
SECISBP2L	na	0.0	0.0	0.0	0.0	0.0	0.0	0.0
COPS2	na	0.0	0.0	0.0	0.0	0.0	0.0	0.0
GALK2	na	0.0	0.0	0.0	0.0	0.0	0.0	0.0
FAM227B	na	0.0	0.0	0.0	0.0	0.0	0.0	0.0
FGF7	na	0.0	0.0	0.0	0.0	0.0	0.0	0.0
DTWD1	na	0.0	0.0	0.0	0.0	0.0	0.0	0.0
ATP8B4	na	0.0	0.0	0.0	0.0	0.0	0.0	0.0
SLC27A2	na	0.0	0.0	0.0	0.0	0.0	0.0	0.0
GABPB1	na	0.0	0.0	0.0	0.0	0.0	0.0	0.0
GABPB1-AS1	na	0.0	0.0	0.0	0.0	0.0	0.0	0.0
USP8	na	0.0	0.0	0.0	0.0	0.0	0.0	0.0
TRPM7	na	0.0	0.0	0.0	0.0	0.0	0.0	0.0
SPPL2A	na	0.0	0.0	0.0	0.0	0.0	0.0	0.0
AP4E1	na	0.0	0.0	0.0	0.0	0.0	0.0	0.0
TNFAIP8L3	na	0.0	0.0	0.0	0.0	0.0	0.0	0.0
GLDN	na	0.0	0.0	0.0	0.0	0.0	0.0	0.0
DMXL2	na	0.0	0.0	0.0	0.0	0.0	0.0	0.0
LYSMD2	na	0.0	0.0	0.0	0.0	0.0	0.0	0.0
TMOD2	na	0.0	0.0	0.0	0.0	0.0	0.0	0.0
TMOD3	na	0.0	0.0	0.0	0.0	0.0	0.0	0.0
LEO1	na	0.0	0.0	0.0	0.0	0.0	0.0	0.0
MAPK6	na	0.0	0.0	0.0	0.0	0.0	0.0	0.0
GNB5	na	0.0	0.0	0.0	0.0	0.0	0.0	0.0
MYO5C	na	0.0	0.0	0.0	0.0	0.0	0.0	0.0
MYO5A	na	0.0	0.0	0.0	0.0	0.0	0.0	0.0
ARPP19	na	0.06009816372169089	5.128950112693058e-18	0.11794355562470965	0.13122769015438018	0.0778644907414789	0.02098979811901724	0.052035378413927566
FAM214A	na	0.0	0.0	0.0	0.0	0.0	0.0	0.0
RSL24D1	na	0.0	0.0	0.0	0.0	0.0	0.0	0.0
RAB27A	na	0.0	0.0	0.0	0.0	0.0	0.0	0.0
PIGBOS1	na	0.0	0.0	0.0	0.0	0.0	0.0	0.0
PIGB	na	0.0	0.0	0.0	0.0	0.0	0.0	0.0
CCPG1	na	0.0	0.0	0.0	0.0	0.0	0.0	0.0
C15orf65	na	0.0	0.0	0.0	0.0	0.0	0.0	0.0
DNAAF4	na	0.0	0.0	0.0	0.0	0.0	0.0	0.0
PRTG	na	0.0	0.0	0.0	0.0	0.0	0.0	0.0
NEDD4	na	0.0	0.0	0.0	0.0	0.0	0.0	0.0
RFX7	na	0.0	0.0	0.0	0.0	0.0	0.0	0.0
TEX9	na	0.0	0.0	0.0	0.0	0.0	0.0	0.0
MNS1	na	0.0	0.0	0.0	0.0	0.0	0.0	0.0
ZNF280D	na	0.0	0.0	0.0	0.0	0.0	0.0	0.0
TCF12	na	0.0	0.0	0.0	0.0	0.0	0.0	0.0
LINC00926	na	0.0	0.0	0.0	0.0	0.0	0.0	0.0
CGNL1	na	0.0	0.0	0.0	0.0	0.0	0.0	0.0
POLR2M	na	0.0	0.0	0.0	0.0	0.0	0.0	0.0
AQP9	na	0.0	0.0	0.0	0.0	0.0	0.0	0.0
ADAM10	na	0.0	0.0	0.0	0.0	0.0	0.0	0.0
MINDY2	na	0.0	0.0	0.0	0.0	0.0	0.0	0.0
RNF111	na	0.0	0.0	0.0	0.0	0.0	0.0	0.0
SLTM	na	0.0	0.0	0.0	0.0	0.0	0.0	0.0
CCNB2	na	0.0	0.0	0.0	0.0	0.0	0.0	0.0
MYO1E	na	0.0	0.0	0.0	0.0	0.0	0.0	0.0
FAM81A	na	0.0	0.0	0.0	0.0	0.0	0.0	0.0
GCNT3	na	0.0	0.0	0.0	0.0	0.0	0.0	0.0
GTF2A2	na	0.0	0.0	0.0	0.0	0.0	0.0	0.0
BNIP2	na	0.0	0.0	0.0	0.0	0.0	0.0	0.0
ANXA2	na	0.06285184921596568	0.038725379897538784	0.12766498687895297	0.14700930044622262	0.0867797779405125	0.06697785398676957	0.14635057387223627
ICE2	na	0.0	0.0	0.0	0.0	0.0	0.0	0.0
RORA	na	0.0	0.0	0.0	0.0	0.0	0.0	0.0
VPS13C	na	0.0	0.0	0.0	0.0	0.0	0.0	0.0
C2CD4A	na	0.0	0.0	0.0	0.0	0.0	0.0	0.0
C2CD4B	na	0.0	0.0	0.0	0.0	0.0	0.0	0.0
TLN2	na	0.0	0.0	0.0	0.0	0.0	0.0	0.0
AC103740.2	na	0.0	0.0	0.0	0.0	0.0	0.0	0.0
TPM1	na	0.13166783785111433	0.06368938467351637	0.17449098434509835	0.18723215312860197	0.13073886850797195	0.09569625784514953	0.16456643290454812
AC079328.2	na	0.0	0.0	0.0	0.0	0.0	0.0	0.0
LACTB	na	0.0	0.0	0.0	0.0	0.0	0.0	0.0
RPS27L	na	0.055895359735400316	0.045474924613440416	0.08919743982777971	0.1160450386435534	0.06843522455293946	0.04776565855223618	0.07865759597637693
RAB8B	na	0.0	0.0	0.0	0.0	0.0	0.0	0.0
APH1B	na	0.0	0.0	0.0	0.0	0.0	0.0	0.0
CA12	na	0.0	0.0	0.0	0.0	0.0	0.0	0.0
LINC02568	na	0.0	0.0	0.0	0.0	0.0	0.0	0.0
USP3	na	0.0	0.0	0.0	0.0	0.0	0.0	0.0
USP3-AS1	na	0.0	0.0	0.0	0.0	0.0	0.0	0.0
FBXL22	na	0.0	0.0	0.0	0.0	0.0	0.0	0.0
HERC1	na	0.0	0.0	0.0	0.0	0.0	0.0	0.0
DAPK2	na	0.0	0.0	0.0	0.0	0.0	0.0	0.0
FAM96A	na	0.0	0.0	0.0	0.0	0.0	0.0	0.0
SNX1	na	0.0	0.0	0.0	0.0	0.0	0.0	0.0
SNX22	na	0.0	0.0	0.0	0.0	0.0	0.0	0.0
PPIB	na	0.09805929420536595	0.044213938206787366	0.14551980913911017	0.16407707450464615	0.10392258711659738	0.09194297123717365	0.09437150219453233
CSNK1G1	na	0.0	0.0	0.0	0.0	0.0	0.0	0.0
PCLAF	na	0.0	0.0	0.0	0.0	0.0	0.0	0.0
TRIP4	na	0.0	0.0	0.0	0.0	0.0	0.0	0.0
ZNF609	na	0.0	0.0	0.0	0.0	0.0	0.0	0.0
OAZ2	na	0.0	0.0	0.0	0.0	0.0	0.0	0.0
RBPMS2	na	0.0	0.0	0.0	0.0	0.0	0.0	0.0
PIF1	na	0.0	0.0	0.0	0.0	0.0	0.0	0.0
PLEKHO2	na	0.0	0.0	0.0	0.0	0.0	0.0	0.0
AC103691.1	na	0.0	0.0	0.0	0.0	0.0	0.0	0.0
SPG21	na	0.0	0.0	0.0	0.0	0.0	0.0	0.0
MTFMT	na	0.0	0.0	0.0	0.0	0.0	0.0	0.0
RASL12	na	0.0	0.0	0.0	0.0	0.0	0.0	0.0
UBAP1L	na	0.0	0.0	0.0	0.0	0.0	0.0	0.0
PDCD7	na	0.0	0.0	0.0	0.0	0.0	0.0	0.0
CLPX	na	0.0	0.0	0.0	0.0	0.0	0.0	0.0
CILP	na	0.0	0.0	0.0	0.0	0.0	0.0	0.0
PARP16	na	0.0	0.0	0.0	0.0	0.0	0.0	0.0
DPP8	na	0.0	0.0	0.0	0.0	0.0	0.0	0.0
HACD3	na	0.0	0.0	0.0	0.0	0.0	0.0	0.0
INTS14	na	0.0	0.0	0.0	0.0	0.0	0.0	0.0
SLC24A1	na	0.0	0.0	0.0	0.0	0.0	0.0	0.0
DENND4A	na	0.0	0.0	0.0	0.0	0.0	0.0	0.0
RAB11A	na	0.06255395085376106	0.02413097691399456	0.1186733975531065	0.1524153276581762	0.08881947673676972	0.05856227422903311	0.09037148491961844
DIS3L	na	0.0	0.0	0.0	0.0	0.0	0.0	0.0
TIPIN	na	0.0	0.0	0.0	0.0	0.0	0.0	0.0
MAP2K1	na	0.0	0.0	0.0	0.0	0.0	0.0	0.0
AC116913.1	na	0.0	0.0	0.0	0.0	0.0	0.0	0.0
SNAPC5	na	0.0	0.0	0.0	0.0	0.0	0.0	0.0
RPL4	na	0.4203059756962446	0.42767147848124376	0.601182254286009	0.6687611903960182	0.45431314393336913	0.4478065088317103	0.7015011894394996
ZWILCH	na	0.0	0.0	0.0	0.0	0.0	0.0	0.0
SMAD6	na	0.0	0.0	0.0	0.0	0.0	0.0	0.0
SMAD3	na	0.0	0.0	0.0	0.0	0.0	0.0	0.0
AAGAB	na	0.0	0.0	0.0	0.0	0.0	0.0	0.0
IQCH	na	0.0	0.0	0.0	0.0	0.0	0.0	0.0
IQCH-AS1	na	0.0	0.0	0.0	0.0	0.0	0.0	0.0
C15orf61	na	0.0	0.0	0.0	0.0	0.0	0.0	0.0
AC016355.1	na	0.0	0.0	0.0	0.0	0.0	0.0	0.0
MAP2K5	na	0.0	0.0	0.0	0.0	0.0	0.0	0.0
PIAS1	na	0.0	0.0	0.0	0.0	0.0	0.0	0.0
FEM1B	na	0.0	0.0	0.0	0.0	0.0	0.0	0.0
ITGA11	na	0.0	0.0	0.0	0.0	0.0	0.0	0.0
ANP32A	na	0.0	0.0	0.0	0.0	0.0	0.0	0.0
EWSAT1	na	0.0	0.0	0.0	0.0	0.0	0.0	0.0
GLCE	na	0.0	0.0	0.0	0.0	0.0	0.0	0.0
PAQR5	na	0.0	0.0	0.0	0.0	0.0	0.0	0.0
KIF23	na	0.0	0.0	0.0	0.0	0.0	0.0	0.0
RPLP1	na	0.8985206790729257	2.132379733654699	0.28379715810370587	0.6768530253274737	0.7145941251417469	1.951001462202764	1.8126530289358798
DRAIC	na	0.0	0.0	0.0	0.0	0.0	0.0	0.0
TLE3	na	0.0	0.0	0.0	0.0	0.0	0.0	0.0
UACA	na	0.0	0.0	0.0	0.0	0.0	0.0	0.0
LARP6	na	0.0	0.0	0.0	0.0	0.0	0.0	0.0
THAP10	na	0.0	0.0	0.0	0.0	0.0	0.0	0.0
THSD4	na	0.0	0.0	0.0	0.0	0.0	0.0	0.0
MYO9A	na	0.0	0.0	0.0	0.0	0.0	0.0	0.0
SENP8	na	0.0	0.0	0.0	0.0	0.0	0.0	0.0
GRAMD2A	na	0.0	0.0	0.0	0.0	0.0	0.0	0.0
PKM	na	0.16044572400818974	0.056163062543094305	0.26004945157198084	0.29227057300695186	0.17363110229875833	0.09951641800412209	0.20616408516540607
PARP6	na	0.0	0.0	0.0	0.0	0.0	0.0	0.0
HEXA	na	0.0	0.0	0.0	0.0	0.0	0.0	0.0
HEXA-AS1	na	0.0	0.0	0.0	0.0	0.0	0.0	0.0
ARIH1	na	0.0	0.0	0.0	0.0	0.0	0.0	0.0
BBS4	na	0.0	0.0	0.0	0.0	0.0	0.0	0.0
ADPGK	na	0.0	0.0	0.0	0.0	0.0	0.0	0.0
NEO1	na	0.0	0.0	0.0	0.0	0.0	0.0	0.0
NPTN	na	0.0	0.0	0.0	0.0	0.0	0.0	0.0
CD276	na	0.0	0.0	0.0	0.0	0.0	0.0	0.0
LOXL1-AS1	na	0.0	0.0	0.0	0.0	0.0	0.0	0.0
LOXL1	na	0.0	0.0	0.0	0.0	0.0	0.0	0.0
STOML1	na	0.0	0.0	0.0	0.0	0.0	0.0	0.0
PML	na	0.0	0.0	0.0	0.0	0.0	0.0	0.0
ISLR	na	0.0	0.0	0.0	0.0	0.0	0.0	0.0
STRA6	na	0.0	0.0	0.0	0.0	0.0	0.0	0.0
SEMA7A	na	0.0	0.0	0.0	0.0	0.0	0.0	0.0
UBL7	na	0.0	0.0	0.0	0.0	0.0	0.0	0.0
UBL7-AS1	na	0.0	0.0	0.0	0.0	0.0	0.0	0.0
ARID3B	na	0.0	0.0	0.0	0.0	0.0	0.0	0.0
CLK3	na	0.0	0.0	0.0	0.0	0.0	0.0	0.0
EDC3	na	0.0	0.0	0.0	0.0	0.0	0.0	0.0
CSK	na	0.0	0.0	0.0	0.0	0.0	0.0	0.0
ULK3	na	0.0	0.0	0.0	0.0	0.0	0.0	0.0
SCAMP2	na	0.0	0.0	0.0	0.0	0.0	0.0	0.0
MPI	na	0.0	0.0	0.0	0.0	0.0	0.0	0.0
FAM219B	na	0.0	0.0	0.0	0.0	0.0	0.0	0.0
COX5A	na	0.10868654403892096	0.06018858971937219	0.13766739463672686	0.1692399603421733	0.10427498748083751	0.07683380656554506	0.12960507448041442
RPP25	na	0.0	0.0	0.0	0.0	0.0	0.0	0.0
SCAMP5	na	0.0	0.0	0.0	0.0	0.0	0.0	0.0
PPCDC	na	0.0	0.0	0.0	0.0	0.0	0.0	0.0
C15orf39	na	0.0	0.0	0.0	0.0	0.0	0.0	0.0
COMMD4	na	0.0	0.0	0.0	0.0	0.0	0.0	0.0
NEIL1	na	0.0	0.0	0.0	0.0	0.0	0.0	0.0
MAN2C1	na	0.0	0.0	0.0	0.0	0.0	0.0	0.0
AC068338.2	na	0.0	0.0	0.0	0.0	0.0	0.0	0.0
SIN3A	na	0.0	0.0	0.0	0.0	0.0	0.0	0.0
PTPN9	na	0.0	0.0	0.0	0.0	0.0	0.0	0.0
SNUPN	na	0.0	0.0	0.0	0.0	0.0	0.0	0.0
IMP3	na	0.0	0.0	0.0	0.0	0.0	0.0	0.0
SNX33	na	0.0	0.0	0.0	0.0	0.0	0.0	0.0
CSPG4	na	0.0	0.0	0.0	0.0	0.0	0.0	0.0
UBE2Q2	na	0.0	0.0	0.0	0.0	0.0	0.0	0.0
FBXO22	na	0.0	0.0	0.0	0.0	0.0	0.0	0.0
ETFA	na	0.061722342302787316	0.00678894652996162	0.1150800588585103	0.14512660894952265	0.08419091505185403	0.047241348030373075	0.07817289064692735
SCAPER	na	0.0	0.0	0.0	0.0	0.0	0.0	0.0
RCN2	na	0.0	0.0	0.0	0.0	0.0	0.0	0.0
PSTPIP1	na	0.0	0.0	0.0	0.0	0.0	0.0	0.0
TSPAN3	na	0.0	0.0	0.0	0.0	0.0	0.0	0.0
PEAK1	na	0.0	0.0	0.0	0.0	0.0	0.0	0.0
HMG20A	na	0.0	0.0	0.0	0.0	0.0	0.0	0.0
LINGO1	na	0.0	0.0	0.0	0.0	0.0	0.0	0.0
TBC1D2B	na	0.0	0.0	0.0	0.0	0.0	0.0	0.0
CIB2	na	0.0	0.0	0.0	0.0	0.0	0.0	0.0
IDH3A	na	0.0	0.0	0.0	0.0	0.0	0.0	0.0
ACSBG1	na	0.0	0.0	0.0	0.0	0.0	0.0	0.0
DNAJA4	na	0.0	0.0	0.0	0.0	0.0	0.0	0.0
WDR61	na	0.0	0.0	0.0	0.0	0.0	0.0	0.0
CRABP1	na	0.0	0.0	0.0	0.0	0.0	0.0	0.0
IREB2	na	0.0	0.0	0.0	0.0	0.0	0.0	0.0
HYKK	na	0.0	0.0	0.0	0.0	0.0	0.0	0.0
PSMA4	na	0.045290301105427956	0.006441225983649378	0.11251564529636054	0.13541520243626887	0.07935763748578901	0.03639194197032941	0.07542672575251418
ADAMTS7	na	0.0	0.0	0.0	0.0	0.0	0.0	0.0
MORF4L1	na	0.09571295467083364	0.014704149871090106	0.16752601507859577	0.21012369725557647	0.11205855305598197	0.04407624828941169	0.11070268043361405
CTSH	na	0.0764687855341687	1.576023085194221e-17	0.12737149191587738	0.14515381321221285	0.08857580953754608	0.011608141363979396	0.04954500111742636
RASGRF1	na	0.0	0.0	0.0	0.0	0.0	0.0	0.0
TMED3	na	0.0	0.0	0.0	0.0	0.0	0.0	0.0
MTHFS	na	0.0	0.0	0.0	0.0	0.0	0.0	0.0
ST20	na	0.0	0.0	0.0	0.0	0.0	0.0	0.0
ST20-AS1	na	0.0	0.0	0.0	0.0	0.0	0.0	0.0
BCL2A1	na	0.0	0.0	0.0	0.0	0.0	0.0	0.0
ZFAND6	na	0.0	0.0	0.0	0.0	0.0	0.0	0.0
FAH	na	0.0	0.0	0.0	0.0	0.0	0.0	0.0
AC016705.2	na	0.0	0.0	0.0	0.0	0.0	0.0	0.0
ARNT2	na	0.0	0.0	0.0	0.0	0.0	0.0	0.0
ABHD17C	na	0.0	0.0	0.0	0.0	0.0	0.0	0.0
CEMIP	na	0.0	0.0	0.0	0.0	0.0	0.0	0.0
MESD	na	0.0	0.0	0.0	0.0	0.0	0.0	0.0
TLNRD1	na	0.0	0.0	0.0	0.0	0.0	0.0	0.0
IL16	na	0.0	0.0	0.0	0.0	0.0	0.0	0.0
STARD5	na	0.0	0.0	0.0	0.0	0.0	0.0	0.0
MEX3B	na	0.0	0.0	0.0	0.0	0.0	0.0	0.0
EFL1	na	0.0	0.0	0.0	0.0	0.0	0.0	0.0
SAXO2	na	0.0	0.0	0.0	0.0	0.0	0.0	0.0
GOLGA6L10	na	0.0	0.0	0.0	0.0	0.0	0.0	0.0
GOLGA6L9	na	0.0	0.0	0.0	0.0	0.0	0.0	0.0
RPS17	na	0.16408675212807672	0.13812143992768988	0.24407770239161297	0.3428074635850603	0.2002161884362989	0.15435783541590312	0.2452349881955418
CPEB1	na	0.0	0.0	0.0	0.0	0.0	0.0	0.0
AP3B2	na	0.0	0.0	0.0	0.0	0.0	0.0	0.0
SNHG21	na	0.0	0.0	0.0	0.0	0.0	0.0	0.0
WHAMM	na	0.0	0.0	0.0	0.0	0.0	0.0	0.0
HOMER2	na	0.0	0.0	0.0	0.0	0.0	0.0	0.0
RAMMET	na	0.0	0.0	0.0	0.0	0.0	0.0	0.0
C15orf40	na	0.0	0.0	0.0	0.0	0.0	0.0	0.0
BTBD1	na	0.0	0.0	0.0	0.0	0.0	0.0	0.0
TM6SF1	na	0.0	0.0	0.0	0.0	0.0	0.0	0.0
HDGFL3	na	0.0	0.0	0.0	0.0	0.0	0.0	0.0
GOLGA6L4	na	0.0	0.0	0.0	0.0	0.0	0.0	0.0
ZSCAN2	na	0.0	0.0	0.0	0.0	0.0	0.0	0.0
WDR73	na	0.0	0.0	0.0	0.0	0.0	0.0	0.0
NMB	na	0.0	0.0	0.0	0.0	0.0	0.0	0.0
SEC11A	na	0.043122172767895574	1.9514756800293518e-19	0.1180792902062493	0.11964224303932638	0.0762677564289804	0.029930993962802813	0.03814270776077418
ZNF592	na	0.0	0.0	0.0	0.0	0.0	0.0	0.0
ALPK3	na	0.0	0.0	0.0	0.0	0.0	0.0	0.0
PDE8A	na	0.0	0.0	0.0	0.0	0.0	0.0	0.0
AKAP13	na	0.0	0.0	0.0	0.0	0.0	0.0	0.0
KLHL25	na	0.0	0.0	0.0	0.0	0.0	0.0	0.0
MRPL46	na	0.0	0.0	0.0	0.0	0.0	0.0	0.0
MRPS11	na	0.0	0.0	0.0	0.0	0.0	0.0	0.0
DET1	na	0.0	0.0	0.0	0.0	0.0	0.0	0.0
AEN	na	0.0	0.0	0.0	0.0	0.0	0.0	0.0
ISG20	na	0.0	0.0	0.0	0.0	0.0	0.0	0.0
ACAN	na	0.0	0.0	0.0	0.0	0.0	0.0	0.0
HAPLN3	na	0.0	0.0	0.0	0.0	0.0	0.0	0.0
MFGE8	na	0.0	0.0	0.0	0.0	0.0	0.0	0.0
ABHD2	na	0.0	0.0	0.0	0.0	0.0	0.0	0.0
FANCI	na	0.0	0.0	0.0	0.0	0.0	0.0	0.0
POLG	na	0.0	0.0	0.0	0.0	0.0	0.0	0.0
MIR9-3HG	na	0.0	0.0	0.0	0.0	0.0	0.0	0.0
TICRR	na	0.0	0.0	0.0	0.0	0.0	0.0	0.0
KIF7	na	0.0	0.0	0.0	0.0	0.0	0.0	0.0
PLIN1	na	0.0	0.0	0.0	0.0	0.0	0.0	0.0
PEX11A	na	0.0	0.0	0.0	0.0	0.0	0.0	0.0
ANPEP	na	0.0	0.0	0.0	0.0	0.0	0.0	0.0
AP3S2	na	0.0	0.0	0.0	0.0	0.0	0.0	0.0
ARPIN	na	0.0	0.0	0.0	0.0	0.0	0.0	0.0
ZNF710	na	0.0	0.0	0.0	0.0	0.0	0.0	0.0
ZNF710-AS1	na	0.0	0.0	0.0	0.0	0.0	0.0	0.0
IDH2	na	0.11473058237924513	0.01664452208581984	0.1740639350679022	0.17111569659533601	0.1011765602790066	0.037003757796973756	0.098091344910904
SEMA4B	na	0.0	0.0	0.0	0.0	0.0	0.0	0.0
CIB1	na	0.08836705360282009	0.01428436955723446	0.11992989021453729	0.15261966220044573	0.0903676846687129	0.04964499484973281	0.04902399233483315
GDPGP1	na	0.0	0.0	0.0	0.0	0.0	0.0	0.0
NGRN	na	0.0	0.0	0.0	0.0	0.0	0.0	0.0
ZNF774	na	0.0	0.0	0.0	0.0	0.0	0.0	0.0
IQGAP1	na	0.06707005104884785	3.5695327041452335e-18	0.11864075269038998	0.12007423302950407	0.07405435254682065	0.030655424785695325	0.035437334593421924
CRTC3	na	0.0	0.0	0.0	0.0	0.0	0.0	0.0
BLM	na	0.0	0.0	0.0	0.0	0.0	0.0	0.0
FURIN	na	0.0	0.0	0.0	0.0	0.0	0.0	0.0
FES	na	0.0	0.0	0.0	0.0	0.0	0.0	0.0
MAN2A2	na	0.0	0.0	0.0	0.0	0.0	0.0	0.0
HDDC3	na	0.0	0.0	0.0	0.0	0.0	0.0	0.0
UNC45A	na	0.0	0.0	0.0	0.0	0.0	0.0	0.0
RCCD1	na	0.0	0.0	0.0	0.0	0.0	0.0	0.0
PRC1	na	0.0	0.0	0.0	0.0	0.0	0.0	0.0
VPS33B	na	0.0	0.0	0.0	0.0	0.0	0.0	0.0
SLCO3A1	na	0.0	0.0	0.0	0.0	0.0	0.0	0.0
LINC00930	na	0.0	0.0	0.0	0.0	0.0	0.0	0.0
FAM174B	na	0.0	0.0	0.0	0.0	0.0	0.0	0.0
AC013394.1	na	0.0	0.0	0.0	0.0	0.0	0.0	0.0
CHD2	na	0.0	0.0	0.0	0.0	0.0	0.0	0.0
NR2F2	na	0.0	0.0	0.0	0.0	0.0	0.0	0.0
ARRDC4	na	0.0	0.0	0.0	0.0	0.0	0.0	0.0
IGF1R	na	0.0	0.0	0.0	0.0	0.0	0.0	0.0
SYNM	na	0.0	0.0	0.0	0.0	0.0	0.0	0.0
TTC23	na	0.0	0.0	0.0	0.0	0.0	0.0	0.0
LRRC28	na	0.0	0.0	0.0	0.0	0.0	0.0	0.0
MEF2A	na	0.0	0.0	0.0	0.0	0.0	0.0	0.0
LYSMD4	na	0.0	0.0	0.0	0.0	0.0	0.0	0.0
ADAMTS17	na	0.0	0.0	0.0	0.0	0.0	0.0	0.0
LINS1	na	0.0	0.0	0.0	0.0	0.0	0.0	0.0
ASB7	na	0.0	0.0	0.0	0.0	0.0	0.0	0.0
AC015712.1	na	0.0	0.0	0.0	0.0	0.0	0.0	0.0
ALDH1A3	na	0.0	0.0	0.0	0.0	0.0	0.0	0.0
LRRK1	na	0.0	0.0	0.0	0.0	0.0	0.0	0.0
CHSY1	na	0.0	0.0	0.0	0.0	0.0	0.0	0.0
SELENOS	na	0.0	0.0	0.0	0.0	0.0	0.0	0.0
SNRPA1	na	0.0	0.0	0.0	0.0	0.0	0.0	0.0
PCSK6	na	0.0	0.0	0.0	0.0	0.0	0.0	0.0
TM2D3	na	0.0	0.0	0.0	0.0	0.0	0.0	0.0
TARSL2	na	0.0	0.0	0.0	0.0	0.0	0.0	0.0
WASIR2	na	0.0	0.0	0.0	0.0	0.0	0.0	0.0
POLR3K	na	0.0	0.0	0.0	0.0	0.0	0.0	0.0
SNRNP25	na	0.07012891080044606	7.047274160887567e-13	0.1179934384011267	0.13691742258200695	0.0790101148788949	0.037304851058129855	0.07133278548885684
RHBDF1	na	0.0	0.0	0.0	0.0	0.0	0.0	0.0
MPG	na	0.0	0.0	0.0	0.0	0.0	0.0	0.0
NPRL3	na	0.0	0.0	0.0	0.0	0.0	0.0	0.0
HBA2	na	0.0	0.0	0.0	0.0	0.0	0.0	0.0
HBA1	na	0.0	0.0	0.0	0.0	0.0	0.0	0.0
HBQ1	na	0.0	0.0	0.0	0.0	0.0	0.0	0.0
Z69706.1	na	0.0	0.0	0.0	0.0	0.0	0.0	0.0
LUC7L	na	0.0	0.0	0.0	0.0	0.0	0.0	0.0
FAM234A	na	0.08245783323248015	2.435295151080427e-22	0.15733707200725722	0.1662171198409568	0.10299934372912166	4.104360743459802e-22	0.011127697215009592
RGS11	na	0.0	0.0	0.0	0.0	0.0	0.0	0.0
ARHGDIG	na	0.0	0.0	0.0	0.0	0.0	0.0	0.0
PDIA2	na	0.0	0.0	0.0	0.0	0.0	0.0	0.0
AXIN1	na	0.0	0.0	0.0	0.0	0.0	0.0	0.0
MRPL28	na	0.06760102060482749	2.036602271508559e-18	0.11779850735249749	0.144968261381597	0.0889669934704732	7.262219517156683e-15	0.04251878898530043
TMEM8A	na	0.06836548459541608	0.004866791562583492	0.11331601706303847	0.1486764879343732	0.08566113844882484	0.0023054678009741983	0.054922870946814875
NME4	na	0.11320117084583257	0.05617283669385583	0.16577166545736505	0.14631641752565813	0.10678564425271235	0.05127242880790223	0.1676019150337624
DECR2	na	0.0	0.0	0.0	0.0	0.0	0.0	0.0
RAB11FIP3	na	0.0	0.0	0.0	0.0	0.0	0.0	0.0
CAPN15	na	0.0	0.0	0.0	0.0	0.0	0.0	0.0
PIGQ	na	0.0	0.0	0.0	0.0	0.0	0.0	0.0
NHLRC4	na	0.0	0.0	0.0	0.0	0.0	0.0	0.0
RAB40C	na	0.0	0.0	0.0	0.0	0.0	0.0	0.0
WFIKKN1	na	0.0	0.0	0.0	0.0	0.0	0.0	0.0
METTL26	na	0.08261309573202284	0.01873588338734748	0.13223675374449667	0.15639051793960104	0.09793752022647395	0.03867651401012433	0.0859909649869788
MCRIP2	na	0.07685355659346182	1.8960805289365845e-16	0.13304478730549124	0.14905041148222645	0.08471135025494765	0.009011378919728601	0.06634631381969591
WDR90	na	0.0	0.0	0.0	0.0	0.0	0.0	0.0
RHOT2	na	0.0	0.0	0.0	0.0	0.0	0.0	0.0
RHBDL1	na	0.0	0.0	0.0	0.0	0.0	0.0	0.0
STUB1	na	0.10091750494501325	0.003245331270670896	0.1801748989438499	0.17820989300499565	0.10608288897099179	0.02678314345898334	0.07084567767365858
JMJD8	na	0.0	0.0	0.0	0.0	0.0	0.0	0.0
WDR24	na	0.07001867972038495	7.701215905015433e-19	0.14296700588943864	0.15331739886464557	0.09676633678011255	4.6102702060550445e-18	0.057245870939863275
FBXL16	na	0.0	0.0	0.0	0.0	0.0	0.0	0.0
METRN	na	0.13227074263572283	1.2828774105382111e-17	0.35906929831021195	0.3569694816642216	0.19862199792245905	2.3435904784490014e-16	0.08336854712758848
FAM173A	na	0.08809702668322249	0.01642824645970339	0.10951465484050747	0.1296774740003288	0.07654040733889725	0.010834351237694917	0.06705383897456826
CCDC78	na	0.0	0.0	0.0	0.0	0.0	0.0	0.0
HAGHL	na	0.06656048336850098	9.912846838377662e-14	0.13570441016924814	0.13991252407380844	0.08782458826919963	0.011888468464676585	0.01896180383635819
NARFL	na	0.06987804817096045	5.571680783907158e-22	0.11771961709617743	0.14513263138094462	0.08312003902615056	8.616107119641465e-15	0.045072316527105784
RPUSD1	na	0.0	0.0	0.0	0.0	0.0	0.0	0.0
CHTF18	na	0.0	0.0	0.0	0.0	0.0	0.0	0.0
GNG13	na	0.0	0.0	0.0	0.0	0.0	0.0	0.0
LMF1	na	0.0	0.0	0.0	0.0	0.0	0.0	0.0
AC009041.2	na	0.0	0.0	0.0	0.0	0.0	0.0	0.0
SOX8	na	0.0	0.0	0.0	0.0	0.0	0.0	0.0
CACNA1H	na	0.05504916138682563	1.1200708575581938e-15	0.1372200738396728	0.16588265553246065	0.09492306139059113	7.09639699872962e-15	0.031335446643595166
AC120498.10	na	0.0	0.0	0.0	0.0	0.0	0.0	0.0
TPSB2	na	0.0	0.0	0.0	0.0	0.0	0.0	0.0
TPSAB1	na	0.0	0.0	0.0	0.0	0.0	0.0	0.0
UBE2I	na	0.10032995746516601	0.03646441932727899	0.17021326320006971	0.18319113385350627	0.11910513032166122	0.06853278410172915	0.11628952486814033
BAIAP3	na	0.0	0.0	0.0	0.0	0.0	0.0	0.0
TSR3	na	0.0	0.0	0.0	0.0	0.0	0.0	0.0
GNPTG	na	0.0	0.0	0.0	0.0	0.0	0.0	0.0
UNKL	na	0.0	0.0	0.0	0.0	0.0	0.0	0.0
C16orf91	na	0.0	0.0	0.0	0.0	0.0	0.0	0.0
CCDC154	na	0.0	0.0	0.0	0.0	0.0	0.0	0.0
CLCN7	na	0.05959760028657552	6.038928056253465e-15	0.12239316424506687	0.15005247256156357	0.08904942381361663	1.97803273799072e-15	0.031182457829254308
TELO2	na	0.0	0.0	0.0	0.0	0.0	0.0	0.0
IFT140	na	0.0	0.0	0.0	0.0	0.0	0.0	0.0
TMEM204	na	0.0	0.0	0.0	0.0	0.0	0.0	0.0
AL133297.2	na	0.0	0.0	0.0	0.0	0.0	0.0	0.0
CRAMP1	na	0.0	0.0	0.0	0.0	0.0	0.0	0.0
JPT2	na	0.09485021190452092	9.11096480206818e-25	0.18515432330972734	0.20894172607561975	0.11633480344726899	5.4993891335237625e-21	0.07227721692771445
MAPK8IP3	na	0.0	0.0	0.0	0.0	0.0	0.0	0.0
AL031710.1	na	0.0	0.0	0.0	0.0	0.0	0.0	0.0
NME3	na	0.11638954997333156	9.851886630078911e-28	0.25085599603012665	0.27944534524477493	0.15543806675649377	5.3137165704708014e-24	0.11655101273415097
MRPS34	na	0.11523622472320058	2.5324630438561047e-20	0.17802440316302684	0.21627433507095173	0.11495318723631373	0.020138299984334716	0.11473966611403974
EME2	na	0.0	0.0	0.0	0.0	0.0	0.0	0.0
SPSB3	na	0.06438342417593772	5.485140947472537e-20	0.11209418027323537	0.14353685400143307	0.07921691709223205	0.006081437381654841	0.05115394377432575
NUBP2	na	0.07440006045418471	1.3864461397096274e-14	0.1434822171940206	0.16366139233112234	0.0922970246175838	0.024794983820276152	0.07003341676186052
HAGH	na	0.0	0.0	0.0	0.0	0.0	0.0	0.0
FAHD1	na	0.0	0.0	0.0	0.0	0.0	0.0	0.0
HS3ST6	na	0.0	0.0	0.0	0.0	0.0	0.0	0.0
MSRB1	na	0.0	0.0	0.0	0.0	0.0	0.0	0.0
NDUFB10	na	0.10396156125046242	0.04203005999249678	0.177327988057903	0.1942012314282478	0.11722238683214735	0.06362438780948904	0.1316794211382096
RPS2	na	1.039774286180382	1.1107915398063959	1.2937716905050902	1.0210307660352194	0.931102934216368	0.9574995801018195	1.8463719053719625
SNHG9	na	0.15296465837307646	0.04858238130622718	0.22608338303755496	0.19392725367718008	0.1417440346820295	0.11410117060728019	0.18502559957458492
TBL3	na	0.0	0.0	0.0	0.0	0.0	0.0	0.0
NOXO1	na	0.0	0.0	0.0	0.0	0.0	0.0	0.0
GFER	na	0.0	0.0	0.0	0.0	0.0	0.0	0.0
SYNGR3	na	0.0	0.0	0.0	0.0	0.0	0.0	0.0
ZNF598	na	0.0	0.0	0.0	0.0	0.0	0.0	0.0
NPW	na	0.0	0.0	0.0	0.0	0.0	0.0	0.0
SLC9A3R2	na	0.06302538325800076	4.130500180082823e-17	0.11069669108611918	0.1394359011842817	0.07543661124817222	0.020462689841312085	0.07536827716498401
NTHL1	na	0.0	0.0	0.0	0.0	0.0	0.0	0.0
TSC2	na	0.0	0.0	0.0	0.0	0.0	0.0	0.0
PKD1	na	0.0	0.0	0.0	0.0	0.0	0.0	0.0
RAB26	na	0.0	0.0	0.0	0.0	0.0	0.0	0.0
SNHG19	na	0.1122935371230715	0.134789610456229	0.10012820886016294	0.1852090450945511	0.10466137215094544	0.1153816293576353	0.1426823044117722
TRAF7	na	0.06736092256315107	7.872180897115514e-14	0.12017408463508587	0.14188404580560032	0.08466861465798141	0.019237218637557826	0.04554507774062023
CASKIN1	na	0.0	0.0	0.0	0.0	0.0	0.0	0.0
MLST8	na	0.059881830244104664	3.172545567123884e-18	0.12476604708779271	0.14841746870512998	0.09327182412553946	2.628805422497358e-17	0.023034299447415373
BRICD5	na	0.0	0.0	0.0	0.0	0.0	0.0	0.0
PGP	na	0.0	0.0	0.0	0.0	0.0	0.0	0.0
E4F1	na	0.0	0.0	0.0	0.0	0.0	0.0	0.0
DNASE1L2	na	0.0	0.0	0.0	0.0	0.0	0.0	0.0
ECI1	na	0.07727655931813385	3.1953000980915235e-16	0.15479223433407432	0.1691903887378289	0.09855496704098647	0.049931499645388636	0.0918527929758248
RNPS1	na	0.11917671011333854	0.022135982719582704	0.2058084496180841	0.2776715857236359	0.14310117732558855	0.026171715806387708	0.11386286601787522
AC009065.4	na	0.0	0.0	0.0	0.0	0.0	0.0	0.0
ABCA3	na	0.0	0.0	0.0	0.0	0.0	0.0	0.0
CCNF	na	0.0	0.0	0.0	0.0	0.0	0.0	0.0
TEDC2	na	0.0	0.0	0.0	0.0	0.0	0.0	0.0
TBC1D24	na	0.0	0.0	0.0	0.0	0.0	0.0	0.0
AMDHD2	na	0.0	0.0	0.0	0.0	0.0	0.0	0.0
PDPK1	na	0.0	0.0	0.0	0.0	0.0	0.0	0.0
AC093525.6	na	0.0	0.0	0.0	0.0	0.0	0.0	0.0
AC093525.4	na	0.0	0.0	0.0	0.0	0.0	0.0	0.0
KCTD5	na	0.0	0.0	0.0	0.0	0.0	0.0	0.0
PRSS27	na	0.0	0.0	0.0	0.0	0.0	0.0	0.0
SRRM2-AS1	na	0.0	0.0	0.0	0.0	0.0	0.0	0.0
SRRM2	na	0.09196667776811025	1.0729492573896843e-36	0.3020815649733888	0.24662060945482595	0.15254636553004097	1.2255109753821472e-36	9.023132350132328e-18
ELOB	na	0.5504165051005471	0.6586244603125565	0.554195236942923	0.548986089792104	0.47195240271310124	0.5282789333225573	0.937730234302192
ZG16B	na	0.1005974781331354	3.761979049385853e-27	0.15816243303184535	0.20647971444314836	0.11236682129739728	4.8352755868978786e-24	0.03862376330171986
PRSS22	na	0.0	0.0	0.0	0.0	0.0	0.0	0.0
FLYWCH2	na	0.0	0.0	0.0	0.0	0.0	0.0	0.0
FLYWCH1	na	0.0	0.0	0.0	0.0	0.0	0.0	0.0
KREMEN2	na	0.0	0.0	0.0	0.0	0.0	0.0	0.0
PKMYT1	na	0.0	0.0	0.0	0.0	0.0	0.0	0.0
PAQR4	na	0.06361470451953667	1.823396565558244e-18	0.13608390578246285	0.1431319076020494	0.08760131679375618	0.024877346024429366	0.06183558889963038
AC004233.2	na	0.0	0.0	0.0	0.0	0.0	0.0	0.0
AC004233.3	na	0.0	0.0	0.0	0.0	0.0	0.0	0.0
CLDN9	na	0.0	0.0	0.0	0.0	0.0	0.0	0.0
TNFRSF12A	na	0.05466824256562465	0.028978870855653444	0.10501827850583506	0.11463783417255734	0.07321744860279715	0.07051455106343778	0.07975030632215901
HCFC1R1	na	0.0	0.0	0.0	0.0	0.0	0.0	0.0
THOC6	na	0.0	0.0	0.0	0.0	0.0	0.0	0.0
BICDL2	na	0.0	0.0	0.0	0.0	0.0	0.0	0.0
MMP25	na	0.0	0.0	0.0	0.0	0.0	0.0	0.0
MMP25-AS1	na	0.0	0.0	0.0	0.0	0.0	0.0	0.0
IL32	na	0.0	0.0	0.0	0.0	0.0	0.0	0.0
ZSCAN10	na	0.0	0.0	0.0	0.0	0.0	0.0	0.0
ZNF213-AS1	na	0.0	0.0	0.0	0.0	0.0	0.0	0.0
ZNF205	na	0.0	0.0	0.0	0.0	0.0	0.0	0.0
ZNF213	na	0.0	0.0	0.0	0.0	0.0	0.0	0.0
AC108134.2	na	0.0	0.0	0.0	0.0	0.0	0.0	0.0
ZNF200	na	0.0	0.0	0.0	0.0	0.0	0.0	0.0
LINC00921	na	0.0	0.0	0.0	0.0	0.0	0.0	0.0
ZNF263	na	0.0	0.0	0.0	0.0	0.0	0.0	0.0
TIGD7	na	0.0	0.0	0.0	0.0	0.0	0.0	0.0
ZNF75A	na	0.0	0.0	0.0	0.0	0.0	0.0	0.0
ZSCAN32	na	0.0	0.0	0.0	0.0	0.0	0.0	0.0
ZNF174	na	0.0	0.0	0.0	0.0	0.0	0.0	0.0
ZNF597	na	0.0	0.0	0.0	0.0	0.0	0.0	0.0
NAA60	na	0.0	0.0	0.0	0.0	0.0	0.0	0.0
CLUAP1	na	0.0	0.0	0.0	0.0	0.0	0.0	0.0
SLX4	na	0.0	0.0	0.0	0.0	0.0	0.0	0.0
DNASE1	na	0.0	0.0	0.0	0.0	0.0	0.0	0.0
TRAP1	na	0.059849609749053616	2.598898800984163e-25	0.12722489175460652	0.1514526721728354	0.0908992726164454	2.7432821863976575e-17	0.05057784410797967
CREBBP	na	0.0	0.0	0.0	0.0	0.0	0.0	0.0
ADCY9	na	0.0	0.0	0.0	0.0	0.0	0.0	0.0
AC009171.2	na	0.0	0.0	0.0	0.0	0.0	0.0	0.0
LINC01569	na	0.0	0.0	0.0	0.0	0.0	0.0	0.0
TFAP4	na	0.0	0.0	0.0	0.0	0.0	0.0	0.0
GLIS2	na	0.0	0.0	0.0	0.0	0.0	0.0	0.0
PAM16	na	0.0	0.0	0.0	0.0	0.0	0.0	0.0
CORO7	na	0.0	0.0	0.0	0.0	0.0	0.0	0.0
VASN	na	0.0	0.0	0.0	0.0	0.0	0.0	0.0
DNAJA3	na	0.046400676177040856	2.649926745729696e-15	0.12128877481407035	0.12801132035172352	0.07904091505350307	0.018498564935284886	0.06065382483764048
NMRAL1	na	0.09475528601927294	2.0722272732052955e-18	0.138883319661587	0.19351960026258008	0.10303565776610729	4.525979123966581e-15	0.060079587742637566
HMOX2	na	0.0	0.0	0.0	0.0	0.0	0.0	0.0
CDIP1	na	0.0	0.0	0.0	0.0	0.0	0.0	0.0
UBALD1	na	0.0	0.0	0.0	0.0	0.0	0.0	0.0
MGRN1	na	0.0	0.0	0.0	0.0	0.0	0.0	0.0
NUDT16L1	na	0.0	0.0	0.0	0.0	0.0	0.0	0.0
ANKS3	na	0.0	0.0	0.0	0.0	0.0	0.0	0.0
ZNF500	na	0.0	0.0	0.0	0.0	0.0	0.0	0.0
SMIM22	na	0.1859650362973847	0.11351184921560838	0.26557823995005203	0.247511307455672	0.18481836308918081	0.10783276165704363	0.2647240753567187
ROGDI	na	0.0	0.0	0.0	0.0	0.0	0.0	0.0
GLYR1	na	0.0	0.0	0.0	0.0	0.0	0.0	0.0
UBN1	na	0.0	0.0	0.0	0.0	0.0	0.0	0.0
PPL	na	0.0	0.0	0.0	0.0	0.0	0.0	0.0
NAGPA	na	0.0	0.0	0.0	0.0	0.0	0.0	0.0
ALG1	na	0.0	0.0	0.0	0.0	0.0	0.0	0.0
C16orf89	na	0.0	0.0	0.0	0.0	0.0	0.0	0.0
EEF2KMT	na	0.0	0.0	0.0	0.0	0.0	0.0	0.0
RBFOX1	na	0.0	0.0	0.0	0.0	0.0	0.0	0.0
METTL22	na	0.0	0.0	0.0	0.0	0.0	0.0	0.0
ABAT	na	0.0	0.0	0.0	0.0	0.0	0.0	0.0
TMEM186	na	0.0	0.0	0.0	0.0	0.0	0.0	0.0
AC022167.2	na	0.0	0.0	0.0	0.0	0.0	0.0	0.0
CARHSP1	na	0.0	0.0	0.0	0.0	0.0	0.0	0.0
USP7	na	0.0	0.0	0.0	0.0	0.0	0.0	0.0
C16orf72	na	0.0	0.0	0.0	0.0	0.0	0.0	0.0
ATF7IP2	na	0.0	0.0	0.0	0.0	0.0	0.0	0.0
EMP2	na	0.0	0.0	0.0	0.0	0.0	0.0	0.0
TEKT5	na	0.0	0.0	0.0	0.0	0.0	0.0	0.0
NUBP1	na	0.0	0.0	0.0	0.0	0.0	0.0	0.0
CIITA	na	0.0	0.0	0.0	0.0	0.0	0.0	0.0
DEXI	na	0.0	0.0	0.0	0.0	0.0	0.0	0.0
CLEC16A	na	0.0	0.0	0.0	0.0	0.0	0.0	0.0
RMI2	na	0.0	0.0	0.0	0.0	0.0	0.0	0.0
SOCS1	na	0.0	0.0	0.0	0.0	0.0	0.0	0.0
LITAF	na	0.0	0.0	0.0	0.0	0.0	0.0	0.0
SNN	na	0.0	0.0	0.0	0.0	0.0	0.0	0.0
TXNDC11	na	0.0	0.0	0.0	0.0	0.0	0.0	0.0
ZC3H7A	na	0.0	0.0	0.0	0.0	0.0	0.0	0.0
RSL1D1	na	0.0	0.0	0.0	0.0	0.0	0.0	0.0
GSPT1	na	0.0	0.0	0.0	0.0	0.0	0.0	0.0
TNFRSF17	na	0.0	0.0	0.0	0.0	0.0	0.0	0.0
SNX29	na	0.0	0.0	0.0	0.0	0.0	0.0	0.0
CPPED1	na	0.0	0.0	0.0	0.0	0.0	0.0	0.0
SHISA9	na	0.0	0.0	0.0	0.0	0.0	0.0	0.0
ERCC4	na	0.0	0.0	0.0	0.0	0.0	0.0	0.0
MKL2	na	0.0	0.0	0.0	0.0	0.0	0.0	0.0
MIR193BHG	na	0.0	0.0	0.0	0.0	0.0	0.0	0.0
PARN	na	0.0	0.0	0.0	0.0	0.0	0.0	0.0
BFAR	na	0.0	0.0	0.0	0.0	0.0	0.0	0.0
PLA2G10	na	0.0	0.0	0.0	0.0	0.0	0.0	0.0
NPIPA3	na	0.0	0.0	0.0	0.0	0.0	0.0	0.0
NOMO1	na	0.0	0.0	0.0	0.0	0.0	0.0	0.0
NPIPA1	na	0.0	0.0	0.0	0.0	0.0	0.0	0.0
PDXDC1	na	0.0	0.0	0.0	0.0	0.0	0.0	0.0
NTAN1	na	0.0	0.0	0.0	0.0	0.0	0.0	0.0
RRN3	na	0.0	0.0	0.0	0.0	0.0	0.0	0.0
NPIPA5	na	0.0	0.0	0.0	0.0	0.0	0.0	0.0
MPV17L	na	0.0	0.0	0.0	0.0	0.0	0.0	0.0
C16orf45	na	0.0	0.0	0.0	0.0	0.0	0.0	0.0
MARF1	na	0.0	0.0	0.0	0.0	0.0	0.0	0.0
NDE1	na	0.0	0.0	0.0	0.0	0.0	0.0	0.0
AC026401.3	na	0.0	0.0	0.0	0.0	0.0	0.0	0.0
MYH11	na	0.0	0.0	0.0	0.0	0.0	0.0	0.0
AF001548.2	na	0.0	0.0	0.0	0.0	0.0	0.0	0.0
FOPNL	na	0.0	0.0	0.0	0.0	0.0	0.0	0.0
ABCC1	na	0.0	0.0	0.0	0.0	0.0	0.0	0.0
ABCC6	na	0.0	0.0	0.0	0.0	0.0	0.0	0.0
AC138969.1	na	0.0	0.0	0.0	0.0	0.0	0.0	0.0
XYLT1	na	0.0	0.0	0.0	0.0	0.0	0.0	0.0
AC126755.2	na	0.0	0.0	0.0	0.0	0.0	0.0	0.0
RPS15A	na	0.6057355999530979	1.1324070891991915	0.4163009999056429	0.5826838223889448	0.4997127246239529	0.7974018801223092	1.0875112089452013
ARL6IP1	na	0.08097581026567603	6.1459459735966e-20	0.1988256318961678	0.23839831855229102	0.13116025308953957	0.010700272342277077	0.04511618064347003
SMG1	na	0.0	0.0	0.0	0.0	0.0	0.0	0.0
TMC7	na	0.0	0.0	0.0	0.0	0.0	0.0	0.0
COQ7	na	0.0	0.0	0.0	0.0	0.0	0.0	0.0
ITPRIPL2	na	0.0	0.0	0.0	0.0	0.0	0.0	0.0
SYT17	na	0.0	0.0	0.0	0.0	0.0	0.0	0.0
TMC5	na	0.0	0.0	0.0	0.0	0.0	0.0	0.0
GDE1	na	0.0	0.0	0.0	0.0	0.0	0.0	0.0
CCP110	na	0.0	0.0	0.0	0.0	0.0	0.0	0.0
VPS35L	na	0.0	0.0	0.0	0.0	0.0	0.0	0.0
KNOP1	na	0.0	0.0	0.0	0.0	0.0	0.0	0.0
IQCK	na	0.0	0.0	0.0	0.0	0.0	0.0	0.0
GPRC5B	na	0.0	0.0	0.0	0.0	0.0	0.0	0.0
GP2	na	0.0	0.0	0.0	0.0	0.0	0.0	0.0
UMOD	na	0.0	0.0	0.0	0.0	0.0	0.0	0.0
ACSM1	na	0.0	0.0	0.0	0.0	0.0	0.0	0.0
THUMPD1	na	0.0	0.0	0.0	0.0	0.0	0.0	0.0
ERI2	na	0.0	0.0	0.0	0.0	0.0	0.0	0.0
REXO5	na	0.0	0.0	0.0	0.0	0.0	0.0	0.0
DCUN1D3	na	0.0	0.0	0.0	0.0	0.0	0.0	0.0
LYRM1	na	0.0	0.0	0.0	0.0	0.0	0.0	0.0
TMEM159	na	0.0	0.0	0.0	0.0	0.0	0.0	0.0
CRYM	na	0.0	0.0	0.0	0.0	0.0	0.0	0.0
METTL9	na	0.0	0.0	0.0	0.0	0.0	0.0	0.0
IGSF6	na	0.0	0.0	0.0	0.0	0.0	0.0	0.0
OTOA	na	0.0	0.0	0.0	0.0	0.0	0.0	0.0
NPIPB4	na	0.0	0.0	0.0	0.0	0.0	0.0	0.0
UQCRC2	na	0.0	0.0	0.0	0.0	0.0	0.0	0.0
MOSMO	na	0.0	0.0	0.0	0.0	0.0	0.0	0.0
EEF2K	na	0.0	0.0	0.0	0.0	0.0	0.0	0.0
POLR3E	na	0.0	0.0	0.0	0.0	0.0	0.0	0.0
CDR2	na	0.0	0.0	0.0	0.0	0.0	0.0	0.0
NPIPB5	na	0.0	0.0	0.0	0.0	0.0	0.0	0.0
HS3ST2	na	0.0	0.0	0.0	0.0	0.0	0.0	0.0
USP31	na	0.0	0.0	0.0	0.0	0.0	0.0	0.0
SCNN1B	na	0.0	0.0	0.0	0.0	0.0	0.0	0.0
COG7	na	0.0	0.0	0.0	0.0	0.0	0.0	0.0
AC008915.2	na	0.0	0.0	0.0	0.0	0.0	0.0	0.0
GGA2	na	0.0	0.0	0.0	0.0	0.0	0.0	0.0
EARS2	na	0.0	0.0	0.0	0.0	0.0	0.0	0.0
UBFD1	na	0.0	0.0	0.0	0.0	0.0	0.0	0.0
NDUFAB1	na	0.09614088650740402	0.01163214205254541	0.1537736086508922	0.22506768958928666	0.11570294238823524	0.039480670818828806	0.07815462145983743
PALB2	na	0.0	0.0	0.0	0.0	0.0	0.0	0.0
DCTN5	na	0.0	0.0	0.0	0.0	0.0	0.0	0.0
PLK1	na	0.0	0.0	0.0	0.0	0.0	0.0	0.0
PRKCB	na	0.0	0.0	0.0	0.0	0.0	0.0	0.0
RBBP6	na	0.0	0.0	0.0	0.0	0.0	0.0	0.0
TNRC6A	na	0.0	0.0	0.0	0.0	0.0	0.0	0.0
ARHGAP17	na	0.0	0.0	0.0	0.0	0.0	0.0	0.0
LCMT1	na	0.0	0.0	0.0	0.0	0.0	0.0	0.0
ZKSCAN2	na	0.0	0.0	0.0	0.0	0.0	0.0	0.0
KDM8	na	0.0	0.0	0.0	0.0	0.0	0.0	0.0
NSMCE1	na	0.0	0.0	0.0	0.0	0.0	0.0	0.0
IL4R	na	0.0	0.0	0.0	0.0	0.0	0.0	0.0
IL21R	na	0.0	0.0	0.0	0.0	0.0	0.0	0.0
GTF3C1	na	0.0	0.0	0.0	0.0	0.0	0.0	0.0
KIAA0556	na	0.0	0.0	0.0	0.0	0.0	0.0	0.0
XPO6	na	0.0	0.0	0.0	0.0	0.0	0.0	0.0
SBK1	na	0.0	0.0	0.0	0.0	0.0	0.0	0.0
AC138894.1	na	0.0	0.0	0.0	0.0	0.0	0.0	0.0
CLN3	na	0.0	0.0	0.0	0.0	0.0	0.0	0.0
APOBR	na	0.0	0.0	0.0	0.0	0.0	0.0	0.0
IL27	na	0.0	0.0	0.0	0.0	0.0	0.0	0.0
NUPR1	na	0.15645635138091643	0.06090513848294716	0.2103401251774635	0.19597104793277978	0.14103800137608452	0.08284341898866213	0.17442294905342967
AC020765.2	na	0.0	0.0	0.0	0.0	0.0	0.0	0.0
SGF29	na	0.0	0.0	0.0	0.0	0.0	0.0	0.0
SULT1A2	na	0.0	0.0	0.0	0.0	0.0	0.0	0.0
SULT1A1	na	0.0	0.0	0.0	0.0	0.0	0.0	0.0
EIF3C	na	0.0	0.0	0.0	0.0	0.0	0.0	0.0
AC145285.6	na	0.0	0.0	0.0	0.0	0.0	0.0	0.0
ATXN2L	na	0.0	0.0	0.0	0.0	0.0	0.0	0.0
TUFM	na	0.08393151780009121	2.3510696222089405e-16	0.14339591320913006	0.17173454525337323	0.09878400748410025	0.008831807417636093	0.049126686949847106
SH2B1	na	0.0	0.0	0.0	0.0	0.0	0.0	0.0
ATP2A1-AS1	na	0.0	0.0	0.0	0.0	0.0	0.0	0.0
RABEP2	na	0.0	0.0	0.0	0.0	0.0	0.0	0.0
NFATC2IP	na	0.0	0.0	0.0	0.0	0.0	0.0	0.0
SPNS1	na	0.0	0.0	0.0	0.0	0.0	0.0	0.0
LAT	na	0.0	0.0	0.0	0.0	0.0	0.0	0.0
NPIPB11	na	0.0	0.0	0.0	0.0	0.0	0.0	0.0
BOLA2-SMG1P6	na	0.0	0.0	0.0	0.0	0.0	0.0	0.0
SULT1A4	na	0.0	0.0	0.0	0.0	0.0	0.0	0.0
SPN	na	0.0	0.0	0.0	0.0	0.0	0.0	0.0
QPRT	na	0.0	0.0	0.0	0.0	0.0	0.0	0.0
C16orf54	na	0.0	0.0	0.0	0.0	0.0	0.0	0.0
ZG16	na	0.0	0.0	0.0	0.0	0.0	0.0	0.0
KIF22	na	0.110459655212164	0.0044491655437887715	0.16054415902722044	0.1993529731634126	0.10613687325849903	0.02067346511806124	0.06184704808693685
MAZ	na	0.07058757830487222	2.096889928124854e-21	0.21217781549920334	0.20893632499276413	0.11889303283887692	4.052371391829207e-20	0.0373806644670439
AC009133.1	na	0.0	0.0	0.0	0.0	0.0	0.0	0.0
PAGR1	na	0.0	0.0	0.0	0.0	0.0	0.0	0.0
MVP	na	0.0	0.0	0.0	0.0	0.0	0.0	0.0
CDIPT	na	0.0	0.0	0.0	0.0	0.0	0.0	0.0
SEZ6L2	na	0.0	0.0	0.0	0.0	0.0	0.0	0.0
ASPHD1	na	0.0	0.0	0.0	0.0	0.0	0.0	0.0
KCTD13	na	0.0	0.0	0.0	0.0	0.0	0.0	0.0
TMEM219	na	0.053620408715559086	0.0056198964485258945	0.11500021384651668	0.1385079620853205	0.07751456880060094	0.02096815177856371	0.06317594830041708
TAOK2	na	0.0	0.0	0.0	0.0	0.0	0.0	0.0
HIRIP3	na	0.0	0.0	0.0	0.0	0.0	0.0	0.0
INO80E	na	0.0	0.0	0.0	0.0	0.0	0.0	0.0
DOC2A	na	0.0	0.0	0.0	0.0	0.0	0.0	0.0
ALDOA	na	0.0	0.0	0.0	0.0	0.0	0.0	0.0
PPP4C	na	0.1184319813585616	0.0037294329113964934	0.18743561899266648	0.23375372984563184	0.1371049314321782	0.06586178673405048	0.10339482837540559
YPEL3	na	0.05457159546297942	8.75416848642839e-19	0.1097284338478783	0.13487965545726582	0.07062200765938213	0.02476680971829822	0.06510520560912451
AC012645.1	na	0.0	0.0	0.0	0.0	0.0	0.0	0.0
GDPD3	na	0.0	0.0	0.0	0.0	0.0	0.0	0.0
MAPK3	na	0.0	0.0	0.0	0.0	0.0	0.0	0.0
CORO1A	na	0.0	0.0	0.0	0.0	0.0	0.0	0.0
BOLA2B	na	0.0	0.0	0.0	0.0	0.0	0.0	0.0
SLX1A	na	0.0	0.0	0.0	0.0	0.0	0.0	0.0
SULT1A3	na	0.0	0.0	0.0	0.0	0.0	0.0	0.0
CD2BP2	na	0.0	0.0	0.0	0.0	0.0	0.0	0.0
AC106782.2	na	0.0	0.0	0.0	0.0	0.0	0.0	0.0
TBC1D10B	na	0.0	0.0	0.0	0.0	0.0	0.0	0.0
MYLPF	na	0.0	0.0	0.0	0.0	0.0	0.0	0.0
ZNF48	na	0.0	0.0	0.0	0.0	0.0	0.0	0.0
SEPT1	na	0.0	0.0	0.0	0.0	0.0	0.0	0.0
ZNF771	na	0.0	0.0	0.0	0.0	0.0	0.0	0.0
DCTPP1	na	0.07032168974795104	0.01578817030736068	0.12423564862430368	0.1358197514532803	0.07873576215218232	0.026947771344961693	0.06972627885202928
SEPHS2	na	0.06282756146793933	0.0007206812624074552	0.11092936805614899	0.13573674314127615	0.07255524517194112	0.02105059968268585	0.06035397917194137
ITGAL	na	0.0	0.0	0.0	0.0	0.0	0.0	0.0
ZNF768	na	0.0	0.0	0.0	0.0	0.0	0.0	0.0
ZNF747	na	0.0	0.0	0.0	0.0	0.0	0.0	0.0
AC002310.1	na	0.0	0.0	0.0	0.0	0.0	0.0	0.0
ZNF764	na	0.0	0.0	0.0	0.0	0.0	0.0	0.0
ZNF688	na	0.0	0.0	0.0	0.0	0.0	0.0	0.0
ZNF785	na	0.0	0.0	0.0	0.0	0.0	0.0	0.0
ZNF689	na	0.0	0.0	0.0	0.0	0.0	0.0	0.0
PRR14	na	0.0	0.0	0.0	0.0	0.0	0.0	0.0
FBRS	na	0.0	0.0	0.0	0.0	0.0	0.0	0.0
AC093249.6	na	0.0	0.0	0.0	0.0	0.0	0.0	0.0
SRCAP	na	0.0	0.0	0.0	0.0	0.0	0.0	0.0
AC106886.5	na	0.0	0.0	0.0	0.0	0.0	0.0	0.0
PHKG2	na	0.0	0.0	0.0	0.0	0.0	0.0	0.0
CCDC189	na	0.0	0.0	0.0	0.0	0.0	0.0	0.0
RNF40	na	0.0	0.0	0.0	0.0	0.0	0.0	0.0
ZNF629	na	0.0	0.0	0.0	0.0	0.0	0.0	0.0
BCL7C	na	0.0	0.0	0.0	0.0	0.0	0.0	0.0
MIR762HG	na	0.0	0.0	0.0	0.0	0.0	0.0	0.0
FBXL19	na	0.0	0.0	0.0	0.0	0.0	0.0	0.0
ORAI3	na	0.0	0.0	0.0	0.0	0.0	0.0	0.0
SETD1A	na	0.0	0.0	0.0	0.0	0.0	0.0	0.0
HSD3B7	na	0.0	0.0	0.0	0.0	0.0	0.0	0.0
STX4	na	0.0	0.0	0.0	0.0	0.0	0.0	0.0
ZNF668	na	0.0	0.0	0.0	0.0	0.0	0.0	0.0
ZNF646	na	0.0	0.0	0.0	0.0	0.0	0.0	0.0
PRSS53	na	0.0	0.0	0.0	0.0	0.0	0.0	0.0
VKORC1	na	0.06654684690161913	3.1066200728268325e-22	0.13758481809503245	0.17447897804524468	0.09538388495914185	0.006099459705619887	0.04648086341695242
BCKDK	na	0.0	0.0	0.0	0.0	0.0	0.0	0.0
KAT8	na	0.0	0.0	0.0	0.0	0.0	0.0	0.0
AC009088.3	na	0.0	0.0	0.0	0.0	0.0	0.0	0.0
PRSS8	na	0.12149653407838137	1.4097922311386465e-21	0.3128295122305804	0.3177164873850698	0.17167523634983842	1.3429255434372097e-20	0.018627435543056993
PRSS36	na	0.0	0.0	0.0	0.0	0.0	0.0	0.0
FUS	na	0.08859327840066994	1.0517741178737692e-17	0.1771619861578841	0.22399004012037527	0.11726488015804332	0.038474135978282746	0.07955109212578944
PYCARD	na	0.09077500777256076	0.008892064572779993	0.12582392268044365	0.14201638153299603	0.08853658458549189	0.02699976130015471	0.07746566862597344
PYCARD-AS1	na	0.0	0.0	0.0	0.0	0.0	0.0	0.0
TRIM72	na	0.0	0.0	0.0	0.0	0.0	0.0	0.0
PYDC1	na	0.11336550351080346	0.04152410651423272	0.14376621809371576	0.11764165160417595	0.10330375054135034	0.05858385524853636	0.1673088673606622
ITGAM	na	0.0	0.0	0.0	0.0	0.0	0.0	0.0
ITGAX	na	0.0	0.0	0.0	0.0	0.0	0.0	0.0
AC026471.4	na	0.0	0.0	0.0	0.0	0.0	0.0	0.0
AC026471.1	na	0.0	0.0	0.0	0.0	0.0	0.0	0.0
ARMC5	na	0.0	0.0	0.0	0.0	0.0	0.0	0.0
TGFB1I1	na	0.0	0.0	0.0	0.0	0.0	0.0	0.0
C16orf58	na	0.0	0.0	0.0	0.0	0.0	0.0	0.0
ZNF720	na	0.0	0.0	0.0	0.0	0.0	0.0	0.0
ZNF267	na	0.0	0.0	0.0	0.0	0.0	0.0	0.0
SHCBP1	na	0.0	0.0	0.0	0.0	0.0	0.0	0.0
AC092368.3	na	0.0	0.0	0.0	0.0	0.0	0.0	0.0
VPS35	na	0.0	0.0	0.0	0.0	0.0	0.0	0.0
ORC6	na	0.0	0.0	0.0	0.0	0.0	0.0	0.0
C16orf87	na	0.0	0.0	0.0	0.0	0.0	0.0	0.0
GPT2	na	0.0	0.0	0.0	0.0	0.0	0.0	0.0
DNAJA2	na	0.0	0.0	0.0	0.0	0.0	0.0	0.0
NETO2	na	0.0	0.0	0.0	0.0	0.0	0.0	0.0
ITFG1	na	0.0	0.0	0.0	0.0	0.0	0.0	0.0
PHKB	na	0.0	0.0	0.0	0.0	0.0	0.0	0.0
ABCC12	na	0.0	0.0	0.0	0.0	0.0	0.0	0.0
ABCC11	na	0.0	0.0	0.0	0.0	0.0	0.0	0.0
LONP2	na	0.0	0.0	0.0	0.0	0.0	0.0	0.0
SIAH1	na	0.0	0.0	0.0	0.0	0.0	0.0	0.0
N4BP1	na	0.0	0.0	0.0	0.0	0.0	0.0	0.0
ZNF423	na	0.0	0.0	0.0	0.0	0.0	0.0	0.0
CNEP1R1	na	0.0	0.0	0.0	0.0	0.0	0.0	0.0
HEATR3	na	0.0	0.0	0.0	0.0	0.0	0.0	0.0
TENT4B	na	0.0	0.0	0.0	0.0	0.0	0.0	0.0
ADCY7	na	0.0	0.0	0.0	0.0	0.0	0.0	0.0
BRD7	na	0.0	0.0	0.0	0.0	0.0	0.0	0.0
AC007493.1	na	0.0	0.0	0.0	0.0	0.0	0.0	0.0
SNX20	na	0.0	0.0	0.0	0.0	0.0	0.0	0.0
NOD2	na	0.0	0.0	0.0	0.0	0.0	0.0	0.0
CYLD	na	0.0	0.0	0.0	0.0	0.0	0.0	0.0
HNRNPA1P48	na	0.0	0.0	0.0	0.0	0.0	0.0	0.0
TOX3	na	0.0	0.0	0.0	0.0	0.0	0.0	0.0
CHD9	na	0.0	0.0	0.0	0.0	0.0	0.0	0.0
RBL2	na	0.0	0.0	0.0	0.0	0.0	0.0	0.0
AKTIP	na	0.0	0.0	0.0	0.0	0.0	0.0	0.0
RPGRIP1L	na	0.0	0.0	0.0	0.0	0.0	0.0	0.0
FTO	na	0.0	0.0	0.0	0.0	0.0	0.0	0.0
IRX3	na	0.0	0.0	0.0	0.0	0.0	0.0	0.0
AC018553.1	na	0.0	0.0	0.0	0.0	0.0	0.0	0.0
CRNDE	na	0.05174098828914508	1.2045437853846223e-18	0.116320807291867	0.14857561611958658	0.08603004868316638	1.7983949667755867e-14	0.043431477893452856
IRX5	na	0.0	0.0	0.0	0.0	0.0	0.0	0.0
MMP2	na	0.0	0.0	0.0	0.0	0.0	0.0	0.0
LPCAT2	na	0.0	0.0	0.0	0.0	0.0	0.0	0.0
CES1	na	0.0	0.0	0.0	0.0	0.0	0.0	0.0
GNAO1	na	0.0	0.0	0.0	0.0	0.0	0.0	0.0
AMFR	na	0.0	0.0	0.0	0.0	0.0	0.0	0.0
NUDT21	na	0.0	0.0	0.0	0.0	0.0	0.0	0.0
OGFOD1	na	0.0	0.0	0.0	0.0	0.0	0.0	0.0
BBS2	na	0.0	0.0	0.0	0.0	0.0	0.0	0.0
MT2A	na	0.37185935989882424	0.43055754096979715	0.44175940898922383	0.44776169641121055	0.36042058566359686	0.408088830270596	0.5933929435827389
MT1E	na	0.0	0.0	0.0	0.0	0.0	0.0	0.0
MT1M	na	0.0	0.0	0.0	0.0	0.0	0.0	0.0
MT1F	na	0.0	0.0	0.0	0.0	0.0	0.0	0.0
MT1G	na	0.0	0.0	0.0	0.0	0.0	0.0	0.0
MT1H	na	0.0	0.0	0.0	0.0	0.0	0.0	0.0
MT1X	na	0.0	0.0	0.0	0.0	0.0	0.0	0.0
NUP93	na	0.0	0.0	0.0	0.0	0.0	0.0	0.0
HERPUD1	na	0.08431760254562368	1.8899497760413302e-21	0.11351013006670924	0.1552910139206774	0.0842443514367173	0.030855292175081567	0.05625134203557053
NLRC5	na	0.0	0.0	0.0	0.0	0.0	0.0	0.0
CPNE2	na	0.0	0.0	0.0	0.0	0.0	0.0	0.0
FAM192A	na	0.0	0.0	0.0	0.0	0.0	0.0	0.0
RSPRY1	na	0.0	0.0	0.0	0.0	0.0	0.0	0.0
ARL2BP	na	0.0	0.0	0.0	0.0	0.0	0.0	0.0
PLLP	na	0.0	0.0	0.0	0.0	0.0	0.0	0.0
CCL22	na	0.0	0.0	0.0	0.0	0.0	0.0	0.0
CX3CL1	na	0.0	0.0	0.0	0.0	0.0	0.0	0.0
CCL17	na	0.0	0.0	0.0	0.0	0.0	0.0	0.0
CIAPIN1	na	0.0	0.0	0.0	0.0	0.0	0.0	0.0
COQ9	na	0.0	0.0	0.0	0.0	0.0	0.0	0.0
POLR2C	na	0.0	0.0	0.0	0.0	0.0	0.0	0.0
DOK4	na	0.0	0.0	0.0	0.0	0.0	0.0	0.0
CCDC102A	na	0.0	0.0	0.0	0.0	0.0	0.0	0.0
ADGRG1	na	0.06635843064719686	4.416852403171619e-22	0.15000961248098793	0.1743625730352909	0.09478743837456051	1.4117381525270448e-18	0.05633210241369624
KATNB1	na	0.0	0.0	0.0	0.0	0.0	0.0	0.0
KIFC3	na	0.0	0.0	0.0	0.0	0.0	0.0	0.0
ZNF319	na	0.0	0.0	0.0	0.0	0.0	0.0	0.0
USB1	na	0.0	0.0	0.0	0.0	0.0	0.0	0.0
MMP15	na	0.0	0.0	0.0	0.0	0.0	0.0	0.0
CFAP20	na	0.0	0.0	0.0	0.0	0.0	0.0	0.0
CSNK2A2	na	0.0	0.0	0.0	0.0	0.0	0.0	0.0
CCDC113	na	0.0	0.0	0.0	0.0	0.0	0.0	0.0
GINS3	na	0.0	0.0	0.0	0.0	0.0	0.0	0.0
AC009118.2	na	0.0	0.0	0.0	0.0	0.0	0.0	0.0
NDRG4	na	0.0	0.0	0.0	0.0	0.0	0.0	0.0
SETD6	na	0.0	0.0	0.0	0.0	0.0	0.0	0.0
CNOT1	na	0.06002815281956561	4.313834782404123e-19	0.12974924899794354	0.13610106779595507	0.08342092326205672	0.008835642240747489	0.05216140703898699
AC009118.3	na	0.0	0.0	0.0	0.0	0.0	0.0	0.0
SLC38A7	na	0.0	0.0	0.0	0.0	0.0	0.0	0.0
GOT2	na	0.0	0.0	0.0	0.0	0.0	0.0	0.0
CDH11	na	0.0	0.0	0.0	0.0	0.0	0.0	0.0
CDH5	na	0.0	0.0	0.0	0.0	0.0	0.0	0.0
LINC00920	na	0.0	0.0	0.0	0.0	0.0	0.0	0.0
BEAN1	na	0.0	0.0	0.0	0.0	0.0	0.0	0.0
TK2	na	0.0	0.0	0.0	0.0	0.0	0.0	0.0
CKLF	na	0.0	0.0	0.0	0.0	0.0	0.0	0.0
CMTM3	na	0.0	0.0	0.0	0.0	0.0	0.0	0.0
CMTM4	na	0.0	0.0	0.0	0.0	0.0	0.0	0.0
DYNC1LI2	na	0.07223348512267788	1.1178734747627425e-26	0.12069463471924097	0.15469164164138507	0.08716626096290779	1.683170893850745e-14	0.045849254309727604
AC018557.1	na	0.0	0.0	0.0	0.0	0.0	0.0	0.0
NAE1	na	0.0	0.0	0.0	0.0	0.0	0.0	0.0
PDP2	na	0.0	0.0	0.0	0.0	0.0	0.0	0.0
FAM96B	na	0.07809462614004033	0.03270221952285481	0.1387882971701359	0.12550548653866872	0.08667280423294169	0.04149687784546414	0.07466211417090007
CES2	na	0.0	0.0	0.0	0.0	0.0	0.0	0.0
CES3	na	0.0	0.0	0.0	0.0	0.0	0.0	0.0
CES4A	na	0.0	0.0	0.0	0.0	0.0	0.0	0.0
CBFB	na	0.0	0.0	0.0	0.0	0.0	0.0	0.0
C16orf70	na	0.0	0.0	0.0	0.0	0.0	0.0	0.0
B3GNT9	na	0.0	0.0	0.0	0.0	0.0	0.0	0.0
TRADD	na	0.0	0.0	0.0	0.0	0.0	0.0	0.0
FBXL8	na	0.0	0.0	0.0	0.0	0.0	0.0	0.0
HSF4	na	0.0	0.0	0.0	0.0	0.0	0.0	0.0
NOL3	na	0.0	0.0	0.0	0.0	0.0	0.0	0.0
KIAA0895L	na	0.0	0.0	0.0	0.0	0.0	0.0	0.0
EXOC3L1	na	0.0	0.0	0.0	0.0	0.0	0.0	0.0
E2F4	na	0.0	0.0	0.0	0.0	0.0	0.0	0.0
ELMO3	na	0.0	0.0	0.0	0.0	0.0	0.0	0.0
LRRC29	na	0.0	0.0	0.0	0.0	0.0	0.0	0.0
TMEM208	na	0.08850556668727078	9.352940659940037e-18	0.1285663126642918	0.1420548426073966	0.08971647522487176	0.035288985329405116	0.059547012698489735
FHOD1	na	0.0	0.0	0.0	0.0	0.0	0.0	0.0
SLC9A5	na	0.0	0.0	0.0	0.0	0.0	0.0	0.0
PLEKHG4	na	0.0	0.0	0.0	0.0	0.0	0.0	0.0
TPPP3	na	0.0	0.0	0.0	0.0	0.0	0.0	0.0
ZDHHC1	na	0.0	0.0	0.0	0.0	0.0	0.0	0.0
HSD11B2	na	0.0	0.0	0.0	0.0	0.0	0.0	0.0
ATP6V0D1	na	0.062297205004051226	1.3484598179437156e-20	0.12714780664413738	0.17044751234375813	0.0908382631349263	0.005802111573265464	0.06213412562749551
AC009061.2	na	0.0	0.0	0.0	0.0	0.0	0.0	0.0
AC027682.6	na	0.0	0.0	0.0	0.0	0.0	0.0	0.0
RIPOR1	na	0.0	0.0	0.0	0.0	0.0	0.0	0.0
CTCF	na	0.0	0.0	0.0	0.0	0.0	0.0	0.0
CARMIL2	na	0.0	0.0	0.0	0.0	0.0	0.0	0.0
ACD	na	0.0	0.0	0.0	0.0	0.0	0.0	0.0
PARD6A	na	0.0	0.0	0.0	0.0	0.0	0.0	0.0
ENKD1	na	0.0	0.0	0.0	0.0	0.0	0.0	0.0
GFOD2	na	0.0	0.0	0.0	0.0	0.0	0.0	0.0
RANBP10	na	0.0	0.0	0.0	0.0	0.0	0.0	0.0
TSNAXIP1	na	0.0	0.0	0.0	0.0	0.0	0.0	0.0
CENPT	na	0.0	0.0	0.0	0.0	0.0	0.0	0.0
THAP11	na	0.0	0.0	0.0	0.0	0.0	0.0	0.0
NUTF2	na	0.07216592233316438	0.02096226388718434	0.11677806438245007	0.1294274521644027	0.07990606327599113	0.042691606601963625	0.09068115238090164
EDC4	na	0.0	0.0	0.0	0.0	0.0	0.0	0.0
AC040162.3	na	0.0	0.0	0.0	0.0	0.0	0.0	0.0
PSKH1	na	0.0	0.0	0.0	0.0	0.0	0.0	0.0
AC040162.1	na	0.0	0.0	0.0	0.0	0.0	0.0	0.0
PSMB10	na	0.0	0.0	0.0	0.0	0.0	0.0	0.0
LCAT	na	0.0	0.0	0.0	0.0	0.0	0.0	0.0
SLC12A4	na	0.0	0.0	0.0	0.0	0.0	0.0	0.0
DPEP2	na	0.0	0.0	0.0	0.0	0.0	0.0	0.0
DUS2	na	0.0	0.0	0.0	0.0	0.0	0.0	0.0
DDX28	na	0.0	0.0	0.0	0.0	0.0	0.0	0.0
NFATC3	na	0.0	0.0	0.0	0.0	0.0	0.0	0.0
AC020978.5	na	0.0	0.0	0.0	0.0	0.0	0.0	0.0
ESRP2	na	0.06846421099520658	0.0026896203152214256	0.13159995177591535	0.1541455206626578	0.09100793677702816	0.0036416058348168055	0.07638304619225787
PLA2G15	na	0.0	0.0	0.0	0.0	0.0	0.0	0.0
SLC7A6	na	0.0	0.0	0.0	0.0	0.0	0.0	0.0
SLC7A6OS	na	0.0	0.0	0.0	0.0	0.0	0.0	0.0
PRMT7	na	0.0	0.0	0.0	0.0	0.0	0.0	0.0
SMPD3	na	0.0	0.0	0.0	0.0	0.0	0.0	0.0
ZFP90	na	0.0	0.0	0.0	0.0	0.0	0.0	0.0
CDH3	na	0.0	0.0	0.0	0.0	0.0	0.0	0.0
AC126773.2	na	0.0	0.0	0.0	0.0	0.0	0.0	0.0
CDH1	na	0.1663377837562559	8.0531283290222395e-22	0.3768148608630046	0.3657770653684134	0.21707472662824237	5.575158554516193e-20	0.10757308688003596
TANGO6	na	0.0	0.0	0.0	0.0	0.0	0.0	0.0
HAS3	na	0.0	0.0	0.0	0.0	0.0	0.0	0.0
CHTF8	na	0.0	0.0	0.0	0.0	0.0	0.0	0.0
UTP4	na	0.0	0.0	0.0	0.0	0.0	0.0	0.0
SNTB2	na	0.0	0.0	0.0	0.0	0.0	0.0	0.0
VPS4A	na	0.0	0.0	0.0	0.0	0.0	0.0	0.0
COG8	na	0.0	0.0	0.0	0.0	0.0	0.0	0.0
COG8	na	0.0	0.0	0.0	0.0	0.0	0.0	0.0
NIP7	na	0.0	0.0	0.0	0.0	0.0	0.0	0.0
TERF2	na	0.0	0.0	0.0	0.0	0.0	0.0	0.0
CYB5B	na	0.0	0.0	0.0	0.0	0.0	0.0	0.0
NFAT5	na	0.0	0.0	0.0	0.0	0.0	0.0	0.0
NQO1	na	0.1144002721638133	0.05262023376139481	0.1957964026737406	0.20703321111254414	0.13306397528419805	0.05256840089581182	0.17292576116724911
NOB1	na	0.0	0.0	0.0	0.0	0.0	0.0	0.0
WWP2	na	0.0	0.0	0.0	0.0	0.0	0.0	0.0
PDPR	na	0.0	0.0	0.0	0.0	0.0	0.0	0.0
EXOSC6	na	0.0	0.0	0.0	0.0	0.0	0.0	0.0
AARS	na	0.05928082641328385	2.0907079069629746e-16	0.1275284471678031	0.13895540264120027	0.08195225429295484	5.602250757750334e-15	0.042525258630508087
DDX19B	na	0.0	0.0	0.0	0.0	0.0	0.0	0.0
DDX19A	na	0.0	0.0	0.0	0.0	0.0	0.0	0.0
ST3GAL2	na	0.0	0.0	0.0	0.0	0.0	0.0	0.0
FUK	na	0.0	0.0	0.0	0.0	0.0	0.0	0.0
COG4	na	0.0	0.0	0.0	0.0	0.0	0.0	0.0
SF3B3	na	0.0738282236179496	2.733632222771878e-21	0.14154384453851343	0.1810111261564405	0.09795307117680842	9.916102547815032e-17	0.04777307157420994
IL34	na	0.0	0.0	0.0	0.0	0.0	0.0	0.0
MTSS1L	na	0.0	0.0	0.0	0.0	0.0	0.0	0.0
VAC14	na	0.0	0.0	0.0	0.0	0.0	0.0	0.0
HYDIN	na	0.0	0.0	0.0	0.0	0.0	0.0	0.0
CMTR2	na	0.0	0.0	0.0	0.0	0.0	0.0	0.0
CALB2	na	0.0	0.0	0.0	0.0	0.0	0.0	0.0
ZNF19	na	0.0	0.0	0.0	0.0	0.0	0.0	0.0
TAT	na	0.0	0.0	0.0	0.0	0.0	0.0	0.0
TAT-AS1	na	0.0	0.0	0.0	0.0	0.0	0.0	0.0
MARVELD3	na	0.0	0.0	0.0	0.0	0.0	0.0	0.0
PHLPP2	na	0.0	0.0	0.0	0.0	0.0	0.0	0.0
AP1G1	na	0.0	0.0	0.0	0.0	0.0	0.0	0.0
ATXN1L	na	0.0	0.0	0.0	0.0	0.0	0.0	0.0
IST1	na	0.07643596470229273	6.190649301903152e-19	0.12122611731707637	0.15629955947059515	0.08201100701865216	0.001316046044761842	0.05540208127003988
ZNF821	na	0.0	0.0	0.0	0.0	0.0	0.0	0.0
DHODH	na	0.0	0.0	0.0	0.0	0.0	0.0	0.0
TXNL4B	na	0.0	0.0	0.0	0.0	0.0	0.0	0.0
DHX38	na	0.0	0.0	0.0	0.0	0.0	0.0	0.0
AC004943.2	na	0.0	0.0	0.0	0.0	0.0	0.0	0.0
ZFHX3	na	0.0	0.0	0.0	0.0	0.0	0.0	0.0
PSMD7	na	0.06565064516284339	2.3918739503485486e-13	0.13213735531524287	0.1415437609906505	0.08377799345060331	0.030262234673772613	0.05785473071707983
AC009053.2	na	0.0	0.0	0.0	0.0	0.0	0.0	0.0
NPIPB15	na	0.0	0.0	0.0	0.0	0.0	0.0	0.0
CLEC18B	na	0.0	0.0	0.0	0.0	0.0	0.0	0.0
GLG1	na	0.056390266246594524	1.1033325012966405e-19	0.14884706036483264	0.14281796869502628	0.09033301606369859	9.438824328474883e-19	0.018703401277428255
RFWD3	na	0.0	0.0	0.0	0.0	0.0	0.0	0.0
MLKL	na	0.0	0.0	0.0	0.0	0.0	0.0	0.0
FA2H	na	0.0	0.0	0.0	0.0	0.0	0.0	0.0
WDR59	na	0.0	0.0	0.0	0.0	0.0	0.0	0.0
ZNRF1	na	0.0	0.0	0.0	0.0	0.0	0.0	0.0
AC099508.1	na	0.0	0.0	0.0	0.0	0.0	0.0	0.0
LDHD	na	0.0	0.0	0.0	0.0	0.0	0.0	0.0
ZFP1	na	0.0	0.0	0.0	0.0	0.0	0.0	0.0
BCAR1	na	0.0629013403133977	2.323039809311031e-17	0.11673818448902042	0.14435663508071986	0.08328930157765507	0.004395918165709239	0.042376424919939884
CFDP1	na	0.0	0.0	0.0	0.0	0.0	0.0	0.0
TMEM170A	na	0.0	0.0	0.0	0.0	0.0	0.0	0.0
TMEM231	na	0.0	0.0	0.0	0.0	0.0	0.0	0.0
GABARAPL2	na	0.07973353642935706	0.020279639882645195	0.13187469181531097	0.15494971587545214	0.08900211422663404	0.02000191042063984	0.10250172401045884
ADAT1	na	0.0	0.0	0.0	0.0	0.0	0.0	0.0
KARS	na	0.07581461905754858	2.6030811865720194e-14	0.1285105818367806	0.1608180768310721	0.09045150848368208	0.007365397257258827	0.05319538938933834
TERF2IP	na	0.0	0.0	0.0	0.0	0.0	0.0	0.0
MON1B	na	0.0	0.0	0.0	0.0	0.0	0.0	0.0
SYCE1L	na	0.0	0.0	0.0	0.0	0.0	0.0	0.0
ADAMTS18	na	0.0	0.0	0.0	0.0	0.0	0.0	0.0
NUDT7	na	0.0	0.0	0.0	0.0	0.0	0.0	0.0
CLEC3A	na	0.07062901894107886	0.005199834031051802	0.13413546017831396	0.14836201280765374	0.08899654378433561	6.050118392102039e-20	0.07695041779631832
WWOX	na	0.0	0.0	0.0	0.0	0.0	0.0	0.0
MAF	na	0.0	0.0	0.0	0.0	0.0	0.0	0.0
DYNLRB2	na	0.0	0.0	0.0	0.0	0.0	0.0	0.0
CDYL2	na	0.0	0.0	0.0	0.0	0.0	0.0	0.0
CMC2	na	0.0	0.0	0.0	0.0	0.0	0.0	0.0
CENPN	na	0.0	0.0	0.0	0.0	0.0	0.0	0.0
ATMIN	na	0.0	0.0	0.0	0.0	0.0	0.0	0.0
C16orf46	na	0.0	0.0	0.0	0.0	0.0	0.0	0.0
GCSH	na	0.0	0.0	0.0	0.0	0.0	0.0	0.0
GAN	na	0.0	0.0	0.0	0.0	0.0	0.0	0.0
CMIP	na	0.0	0.0	0.0	0.0	0.0	0.0	0.0
PLCG2	na	0.0	0.0	0.0	0.0	0.0	0.0	0.0
HSD17B2	na	0.0	0.0	0.0	0.0	0.0	0.0	0.0
AC092142.1	na	0.0	0.0	0.0	0.0	0.0	0.0	0.0
MPHOSPH6	na	0.06077075018904554	0.030149800174332195	0.1297268215358688	0.13873980360373228	0.0841323519810403	0.04116599497103697	0.10605302475879733
CDH13	na	0.0	0.0	0.0	0.0	0.0	0.0	0.0
AC009119.1	na	0.0	0.0	0.0	0.0	0.0	0.0	0.0
HSBP1	na	0.2114586285963549	0.2380176104302133	0.2769218131197467	0.258509194794636	0.20657134574486877	0.16942812758105014	0.3300804042891805
MLYCD	na	0.0	0.0	0.0	0.0	0.0	0.0	0.0
OSGIN1	na	0.0	0.0	0.0	0.0	0.0	0.0	0.0
MBTPS1	na	0.059550451656592854	8.574965630910395e-19	0.12184550832386049	0.1562218311761682	0.09108175961473326	1.2867416441613206e-14	0.047035822529921015
AC040169.1	na	0.0	0.0	0.0	0.0	0.0	0.0	0.0
HSDL1	na	0.0	0.0	0.0	0.0	0.0	0.0	0.0
DNAAF1	na	0.0	0.0	0.0	0.0	0.0	0.0	0.0
TAF1C	na	0.0	0.0	0.0	0.0	0.0	0.0	0.0
WFDC1	na	0.0	0.0	0.0	0.0	0.0	0.0	0.0
ATP2C2	na	0.0	0.0	0.0	0.0	0.0	0.0	0.0
TLDC1	na	0.0	0.0	0.0	0.0	0.0	0.0	0.0
COTL1	na	0.0	0.0	0.0	0.0	0.0	0.0	0.0
KLHL36	na	0.0	0.0	0.0	0.0	0.0	0.0	0.0
USP10	na	0.0	0.0	0.0	0.0	0.0	0.0	0.0
CRISPLD2	na	0.0	0.0	0.0	0.0	0.0	0.0	0.0
ZDHHC7	na	0.0	0.0	0.0	0.0	0.0	0.0	0.0
KIAA0513	na	0.0	0.0	0.0	0.0	0.0	0.0	0.0
GSE1	na	0.07674342514900162	1.1050107145332034e-16	0.16451903263554638	0.2199252658935143	0.11588086865530874	1.6493484916019171e-13	0.06231316160023888
GINS2	na	0.0	0.0	0.0	0.0	0.0	0.0	0.0
C16orf74	na	0.0	0.0	0.0	0.0	0.0	0.0	0.0
EMC8	na	0.0	0.0	0.0	0.0	0.0	0.0	0.0
COX4I1	na	0.3510621561080805	0.3089313228825349	0.4366456538063983	0.44200696612426227	0.3219339866221581	0.27484194580349774	0.5267838916459096
IRF8	na	0.0	0.0	0.0	0.0	0.0	0.0	0.0
MTHFSD	na	0.0	0.0	0.0	0.0	0.0	0.0	0.0
FOXC2	na	0.0	0.0	0.0	0.0	0.0	0.0	0.0
C16orf95	na	0.0	0.0	0.0	0.0	0.0	0.0	0.0
AC010531.6	na	0.0	0.0	0.0	0.0	0.0	0.0	0.0
FBXO31	na	0.0	0.0	0.0	0.0	0.0	0.0	0.0
MAP1LC3B	na	0.09022037893623555	0.026432108378680378	0.15017495824844038	0.16363211901561908	0.10590100611354389	0.03450141153871203	0.10963853949951093
ZCCHC14	na	0.0	0.0	0.0	0.0	0.0	0.0	0.0
KLHDC4	na	0.0	0.0	0.0	0.0	0.0	0.0	0.0
SLC7A5	na	0.06850040493771492	1.5589469721151068e-15	0.1257557870670413	0.1348425314098031	0.08441253585635314	0.009139269386988492	0.02767441480997232
BANP	na	0.0	0.0	0.0	0.0	0.0	0.0	0.0
ZNF469	na	0.0	0.0	0.0	0.0	0.0	0.0	0.0
ZFPM1	na	0.0	0.0	0.0	0.0	0.0	0.0	0.0
ZC3H18	na	0.0	0.0	0.0	0.0	0.0	0.0	0.0
IL17C	na	0.0	0.0	0.0	0.0	0.0	0.0	0.0
CYBA	na	0.26416129215965717	0.3040298644754863	0.2325282010613957	0.13811370443661417	0.1908410200073996	0.21432098603833646	0.3918076416241375
MVD	na	0.0	0.0	0.0	0.0	0.0	0.0	0.0
SNAI3-AS1	na	0.0	0.0	0.0	0.0	0.0	0.0	0.0
RNF166	na	0.0	0.0	0.0	0.0	0.0	0.0	0.0
CTU2	na	0.0	0.0	0.0	0.0	0.0	0.0	0.0
AC138028.6	na	0.0	0.0	0.0	0.0	0.0	0.0	0.0
PIEZO1	na	0.14648881119373683	9.586274313294318e-20	0.27892312571262506	0.268483655323307	0.1658544574917936	1.2477026665133417e-18	0.10167384339787525
CDT1	na	0.0	0.0	0.0	0.0	0.0	0.0	0.0
APRT	na	0.17073961325113027	0.11159990779349581	0.21104043541070427	0.24328684518121518	0.15760691995243628	0.09764000070105276	0.2117781912470856
GALNS	na	0.0	0.0	0.0	0.0	0.0	0.0	0.0
TRAPPC2L	na	0.0901137737164098	0.0265831564146256	0.1490625655842127	0.1732920963135473	0.10168933299459099	0.02099425792403365	0.10988683873016344
PABPN1L	na	0.0	0.0	0.0	0.0	0.0	0.0	0.0
CBFA2T3	na	0.0	0.0	0.0	0.0	0.0	0.0	0.0
AC135782.1	na	0.0	0.0	0.0	0.0	0.0	0.0	0.0
ACSF3	na	0.0	0.0	0.0	0.0	0.0	0.0	0.0
AC009113.1	na	0.0	0.0	0.0	0.0	0.0	0.0	0.0
ZNF778	na	0.0	0.0	0.0	0.0	0.0	0.0	0.0
ANKRD11	na	0.0	0.0	0.0	0.0	0.0	0.0	0.0
SPG7	na	0.06848158120796857	1.4046957041060109e-18	0.1169979113708649	0.14629430715910102	0.08607040799997775	1.374375943656861e-12	0.03120578982781145
RPL13	na	2.4369787416008384	3.0584339333098205	2.4292348126358743	1.4397158114299973	1.8543258458814615	2.078231796234756	4.352781320845778
CPNE7	na	0.0	0.0	0.0	0.0	0.0	0.0	0.0
CHMP1A	na	0.06860418591412618	2.395812156033094e-16	0.13712018073928567	0.16263044011564212	0.09364218986600444	7.903742445542169e-14	0.048956770425559445
SPATA33	na	0.0	0.0	0.0	0.0	0.0	0.0	0.0
CDK10	na	0.0	0.0	0.0	0.0	0.0	0.0	0.0
SPATA2L	na	0.0	0.0	0.0	0.0	0.0	0.0	0.0
VPS9D1	na	0.0	0.0	0.0	0.0	0.0	0.0	0.0
VPS9D1-AS1	na	0.0	0.0	0.0	0.0	0.0	0.0	0.0
ZNF276	na	0.0	0.0	0.0	0.0	0.0	0.0	0.0
FANCA	na	0.0	0.0	0.0	0.0	0.0	0.0	0.0
SPIRE2	na	0.0	0.0	0.0	0.0	0.0	0.0	0.0
TCF25	na	0.07261040558959402	3.1432951629436436e-26	0.17851158847132675	0.19327694267801984	0.1053883981924216	2.8683739820305e-24	0.04483985001751811
MC1R	na	0.0	0.0	0.0	0.0	0.0	0.0	0.0
TUBB3	na	0.0	0.0	0.0	0.0	0.0	0.0	0.0
DEF8	na	0.0	0.0	0.0	0.0	0.0	0.0	0.0
CENPBD1	na	0.0	0.0	0.0	0.0	0.0	0.0	0.0
DBNDD1	na	0.0	0.0	0.0	0.0	0.0	0.0	0.0
GAS8	na	0.0	0.0	0.0	0.0	0.0	0.0	0.0
LINC02193	na	0.0	0.0	0.0	0.0	0.0	0.0	0.0
DOC2B	na	0.0	0.0	0.0	0.0	0.0	0.0	0.0
RPH3AL	na	0.0	0.0	0.0	0.0	0.0	0.0	0.0
C17orf97	na	0.0	0.0	0.0	0.0	0.0	0.0	0.0
RFLNB	na	0.0	0.0	0.0	0.0	0.0	0.0	0.0
VPS53	na	0.0	0.0	0.0	0.0	0.0	0.0	0.0
FAM57A	na	0.0	0.0	0.0	0.0	0.0	0.0	0.0
GEMIN4	na	0.0	0.0	0.0	0.0	0.0	0.0	0.0
GLOD4	na	0.0	0.0	0.0	0.0	0.0	0.0	0.0
MRM3	na	0.0	0.0	0.0	0.0	0.0	0.0	0.0
NXN	na	0.0	0.0	0.0	0.0	0.0	0.0	0.0
TIMM22	na	0.0	0.0	0.0	0.0	0.0	0.0	0.0
ABR	na	0.0	0.0	0.0	0.0	0.0	0.0	0.0
YWHAE	na	0.07663037825477992	1.8049704130693337e-15	0.19021784065907743	0.20611331829245422	0.1223345239414634	0.03714978598164105	0.11460470808714207
CRK	na	0.0	0.0	0.0	0.0	0.0	0.0	0.0
MYO1C	na	0.06648660851065528	1.6719559787361048e-23	0.1171396162898363	0.13188866989814502	0.07733967755732772	0.040724461783848954	0.055816571791260726
INPP5K	na	0.0	0.0	0.0	0.0	0.0	0.0	0.0
PITPNA-AS1	na	0.0	0.0	0.0	0.0	0.0	0.0	0.0
PITPNA	na	0.0	0.0	0.0	0.0	0.0	0.0	0.0
SLC43A2	na	0.0	0.0	0.0	0.0	0.0	0.0	0.0
SCARF1	na	0.0	0.0	0.0	0.0	0.0	0.0	0.0
RILP	na	0.0	0.0	0.0	0.0	0.0	0.0	0.0
PRPF8	na	0.07441905372456743	5.88615269945252e-18	0.14178869109649211	0.17921903593389513	0.09577667305875914	0.004674783431458651	0.04912364059330357
AC130343.2	na	0.0	0.0	0.0	0.0	0.0	0.0	0.0
TLCD2	na	0.0	0.0	0.0	0.0	0.0	0.0	0.0
MIR22HG	na	0.0	0.0	0.0	0.0	0.0	0.0	0.0
WDR81	na	0.0	0.0	0.0	0.0	0.0	0.0	0.0
SERPINF2	na	0.0	0.0	0.0	0.0	0.0	0.0	0.0
SERPINF1	na	0.0	0.0	0.0	0.0	0.0	0.0	0.0
SMYD4	na	0.0	0.0	0.0	0.0	0.0	0.0	0.0
RPA1	na	0.0	0.0	0.0	0.0	0.0	0.0	0.0
RTN4RL1	na	0.0	0.0	0.0	0.0	0.0	0.0	0.0
HIC1	na	0.0	0.0	0.0	0.0	0.0	0.0	0.0
SMG6	na	0.0	0.0	0.0	0.0	0.0	0.0	0.0
SRR	na	0.0	0.0	0.0	0.0	0.0	0.0	0.0
TSR1	na	0.0	0.0	0.0	0.0	0.0	0.0	0.0
SGSM2	na	0.0	0.0	0.0	0.0	0.0	0.0	0.0
MNT	na	0.0	0.0	0.0	0.0	0.0	0.0	0.0
METTL16	na	0.0	0.0	0.0	0.0	0.0	0.0	0.0
PAFAH1B1	na	0.0	0.0	0.0	0.0	0.0	0.0	0.0
CLUH	na	0.0	0.0	0.0	0.0	0.0	0.0	0.0
RAP1GAP2	na	0.0	0.0	0.0	0.0	0.0	0.0	0.0
TRPV1	na	0.0	0.0	0.0	0.0	0.0	0.0	0.0
SHPK	na	0.0	0.0	0.0	0.0	0.0	0.0	0.0
CTNS	na	0.0	0.0	0.0	0.0	0.0	0.0	0.0
TAX1BP3	na	0.051815550272848315	0.004967066764307293	0.10205222721607522	0.11457586115891126	0.06174956949718556	0.04718644552550853	0.07620523290174877
EMC6	na	0.0	0.0	0.0	0.0	0.0	0.0	0.0
ITGAE	na	0.0	0.0	0.0	0.0	0.0	0.0	0.0
NCBP3	na	0.0	0.0	0.0	0.0	0.0	0.0	0.0
CAMKK1	na	0.0	0.0	0.0	0.0	0.0	0.0	0.0
ATP2A3	na	0.0	0.0	0.0	0.0	0.0	0.0	0.0
ZZEF1	na	0.0	0.0	0.0	0.0	0.0	0.0	0.0
CYB5D2	na	0.0	0.0	0.0	0.0	0.0	0.0	0.0
ANKFY1	na	0.0	0.0	0.0	0.0	0.0	0.0	0.0
UBE2G1	na	0.0	0.0	0.0	0.0	0.0	0.0	0.0
SPNS3	na	0.0	0.0	0.0	0.0	0.0	0.0	0.0
SPNS2	na	0.0	0.0	0.0	0.0	0.0	0.0	0.0
MYBBP1A	na	0.0	0.0	0.0	0.0	0.0	0.0	0.0
GGT6	na	0.0	0.0	0.0	0.0	0.0	0.0	0.0
ALOX15	na	0.0	0.0	0.0	0.0	0.0	0.0	0.0
PELP1	na	0.0	0.0	0.0	0.0	0.0	0.0	0.0
AC091153.3	na	0.0	0.0	0.0	0.0	0.0	0.0	0.0
ARRB2	na	0.0	0.0	0.0	0.0	0.0	0.0	0.0
MED11	na	0.0	0.0	0.0	0.0	0.0	0.0	0.0
CXCL16	na	0.0	0.0	0.0	0.0	0.0	0.0	0.0
ZMYND15	na	0.0	0.0	0.0	0.0	0.0	0.0	0.0
VMO1	na	0.0	0.0	0.0	0.0	0.0	0.0	0.0
PSMB6	na	0.07970612642823577	0.017625669267765213	0.11372372094130978	0.126521240337093	0.0816910922701983	0.03400472086385496	0.07605136472757155
AC233723.1	na	0.0	0.0	0.0	0.0	0.0	0.0	0.0
PLD2	na	0.0	0.0	0.0	0.0	0.0	0.0	0.0
MINK1	na	0.0	0.0	0.0	0.0	0.0	0.0	0.0
CHRNE	na	0.0	0.0	0.0	0.0	0.0	0.0	0.0
C17orf107	na	0.0	0.0	0.0	0.0	0.0	0.0	0.0
SLC25A11	na	0.0	0.0	0.0	0.0	0.0	0.0	0.0
RNF167	na	0.0	0.0	0.0	0.0	0.0	0.0	0.0
PFN1	na	0.36512770115067855	0.491233864315984	0.5189865730159403	0.39235850850797105	0.37420004197179635	0.3764310592978859	0.7103520268529606
ENO3	na	0.0	0.0	0.0	0.0	0.0	0.0	0.0
SPAG7	na	0.0	0.0	0.0	0.0	0.0	0.0	0.0
CAMTA2	na	0.0	0.0	0.0	0.0	0.0	0.0	0.0
AC004771.4	na	0.0	0.0	0.0	0.0	0.0	0.0	0.0
KIF1C	na	0.0	0.0	0.0	0.0	0.0	0.0	0.0
ZFP3	na	0.0	0.0	0.0	0.0	0.0	0.0	0.0
ZNF232	na	0.0	0.0	0.0	0.0	0.0	0.0	0.0
USP6	na	0.0	0.0	0.0	0.0	0.0	0.0	0.0
ZNF594	na	0.0	0.0	0.0	0.0	0.0	0.0	0.0
AC087500.1	na	0.0	0.0	0.0	0.0	0.0	0.0	0.0
SCIMP	na	0.0	0.0	0.0	0.0	0.0	0.0	0.0
RABEP1	na	0.0	0.0	0.0	0.0	0.0	0.0	0.0
NUP88	na	0.0	0.0	0.0	0.0	0.0	0.0	0.0
RPAIN	na	0.0	0.0	0.0	0.0	0.0	0.0	0.0
AC004148.2	na	0.0	0.0	0.0	0.0	0.0	0.0	0.0
C1QBP	na	0.0	0.0	0.0	0.0	0.0	0.0	0.0
DHX33	na	0.0	0.0	0.0	0.0	0.0	0.0	0.0
DERL2	na	0.0	0.0	0.0	0.0	0.0	0.0	0.0
MIS12	na	0.0	0.0	0.0	0.0	0.0	0.0	0.0
NLRP1	na	0.0	0.0	0.0	0.0	0.0	0.0	0.0
PIMREG	na	0.0	0.0	0.0	0.0	0.0	0.0	0.0
PITPNM3	na	0.0	0.0	0.0	0.0	0.0	0.0	0.0
KIAA0753	na	0.0	0.0	0.0	0.0	0.0	0.0	0.0
TXNDC17	na	0.14215685514737106	0.11936121040967441	0.1681213593088535	0.24854183398341778	0.13825174926507935	0.10759088244251727	0.16542427030375778
MED31	na	0.0	0.0	0.0	0.0	0.0	0.0	0.0
C17orf100	na	0.0	0.0	0.0	0.0	0.0	0.0	0.0
XAF1	na	0.0	0.0	0.0	0.0	0.0	0.0	0.0
ALOX12-AS1	na	0.0	0.0	0.0	0.0	0.0	0.0	0.0
RNASEK	na	0.0	0.0	0.0	0.0	0.0	0.0	0.0
C17orf49	na	0.0	0.0	0.0	0.0	0.0	0.0	0.0
MIR497HG	na	0.0	0.0	0.0	0.0	0.0	0.0	0.0
BCL6B	na	0.0	0.0	0.0	0.0	0.0	0.0	0.0
ASGR1	na	0.0	0.0	0.0	0.0	0.0	0.0	0.0
ACADVL	na	0.07611525226511612	0.0001192826549787356	0.14310717476638754	0.16484375191851197	0.09334856853208186	0.02429793222166929	0.05500124479469577
DVL2	na	0.0	0.0	0.0	0.0	0.0	0.0	0.0
PHF23	na	0.0	0.0	0.0	0.0	0.0	0.0	0.0
GABARAP	na	0.0	0.0	0.0	0.0	0.0	0.0	0.0
CTDNEP1	na	0.0	0.0	0.0	0.0	0.0	0.0	0.0
ELP5	na	0.0	0.0	0.0	0.0	0.0	0.0	0.0
CLDN7	na	0.0	0.0	0.0	0.0	0.0	0.0	0.0
SLC2A4	na	0.0	0.0	0.0	0.0	0.0	0.0	0.0
YBX2	na	0.0	0.0	0.0	0.0	0.0	0.0	0.0
EIF5A	na	0.0652596749662252	0.01980609465541053	0.1464834011966129	0.14664209537707837	0.09818034256545484	0.07953108899362887	0.1211310141547382
GPS2	na	0.0	0.0	0.0	0.0	0.0	0.0	0.0
NEURL4	na	0.0	0.0	0.0	0.0	0.0	0.0	0.0
ACAP1	na	0.0	0.0	0.0	0.0	0.0	0.0	0.0
KCTD11	na	0.0	0.0	0.0	0.0	0.0	0.0	0.0
TNK1	na	0.0	0.0	0.0	0.0	0.0	0.0	0.0
PLSCR3	na	0.0	0.0	0.0	0.0	0.0	0.0	0.0
TMEM256	na	0.09434213502785378	0.07573241592670875	0.11701691763348128	0.14840132127077127	0.09255717083661327	0.05661329619814996	0.08798073040099176
NLGN2	na	0.0	0.0	0.0	0.0	0.0	0.0	0.0
TMEM102	na	0.0	0.0	0.0	0.0	0.0	0.0	0.0
FGF11	na	0.0	0.0	0.0	0.0	0.0	0.0	0.0
CHRNB1	na	0.0	0.0	0.0	0.0	0.0	0.0	0.0
ZBTB4	na	0.0	0.0	0.0	0.0	0.0	0.0	0.0
POLR2A	na	0.0	0.0	0.0	0.0	0.0	0.0	0.0
TNFSF12	na	0.0	0.0	0.0	0.0	0.0	0.0	0.0
SENP3	na	0.0	0.0	0.0	0.0	0.0	0.0	0.0
EIF4A1	na	0.1003666627391848	0.012869803257370013	0.23496341483538202	0.22848473124371113	0.136332695198282	0.04938352654911304	0.13898135279982712
CD68	na	0.0	0.0	0.0	0.0	0.0	0.0	0.0
AC016876.1	na	0.0	0.0	0.0	0.0	0.0	0.0	0.0
MPDU1	na	0.0	0.0	0.0	0.0	0.0	0.0	0.0
FXR2	na	0.0	0.0	0.0	0.0	0.0	0.0	0.0
SAT2	na	0.0	0.0	0.0	0.0	0.0	0.0	0.0
TP53	na	0.0	0.0	0.0	0.0	0.0	0.0	0.0
WRAP53	na	0.0	0.0	0.0	0.0	0.0	0.0	0.0
EFNB3	na	0.0	0.0	0.0	0.0	0.0	0.0	0.0
DNAH2	na	0.0	0.0	0.0	0.0	0.0	0.0	0.0
KDM6B	na	0.0	0.0	0.0	0.0	0.0	0.0	0.0
TMEM88	na	0.0	0.0	0.0	0.0	0.0	0.0	0.0
NAA38	na	0.07344655189321281	0.055195803011129564	0.11676455186913111	0.12991839504213867	0.07887114103626956	0.05894229284340362	0.08991944343011667
CYB5D1	na	0.0	0.0	0.0	0.0	0.0	0.0	0.0
CHD3	na	0.0	0.0	0.0	0.0	0.0	0.0	0.0
RNF227	na	0.0	0.0	0.0	0.0	0.0	0.0	0.0
KCNAB3	na	0.0	0.0	0.0	0.0	0.0	0.0	0.0
TRAPPC1	na	0.07334031468627294	1.6906587270768446e-13	0.11196631925394929	0.12225456937513624	0.07530411613737112	0.028922494220103973	0.048291886859303065
CNTROB	na	0.0	0.0	0.0	0.0	0.0	0.0	0.0
GUCY2D	na	0.0	0.0	0.0	0.0	0.0	0.0	0.0
PER1	na	0.0	0.0	0.0	0.0	0.0	0.0	0.0
VAMP2	na	0.0	0.0	0.0	0.0	0.0	0.0	0.0
TMEM107	na	0.0	0.0	0.0	0.0	0.0	0.0	0.0
BORCS6	na	0.0	0.0	0.0	0.0	0.0	0.0	0.0
AURKB	na	0.0	0.0	0.0	0.0	0.0	0.0	0.0
LINC00324	na	0.0	0.0	0.0	0.0	0.0	0.0	0.0
CTC1	na	0.0	0.0	0.0	0.0	0.0	0.0	0.0
PFAS	na	0.0	0.0	0.0	0.0	0.0	0.0	0.0
SLC25A35	na	0.0	0.0	0.0	0.0	0.0	0.0	0.0
RANGRF	na	0.0	0.0	0.0	0.0	0.0	0.0	0.0
ARHGEF15	na	0.0	0.0	0.0	0.0	0.0	0.0	0.0
RPL26	na	0.5003758687238293	1.0284654865397829	0.17615928452370497	0.28490644054351827	0.34289762589387485	0.7897832195185959	0.8861598563635705
NDEL1	na	0.0	0.0	0.0	0.0	0.0	0.0	0.0
MYH10	na	0.0	0.0	0.0	0.0	0.0	0.0	0.0
MFSD6L	na	0.0	0.0	0.0	0.0	0.0	0.0	0.0
PIK3R6	na	0.0	0.0	0.0	0.0	0.0	0.0	0.0
PIK3R5	na	0.0	0.0	0.0	0.0	0.0	0.0	0.0
NTN1	na	0.0	0.0	0.0	0.0	0.0	0.0	0.0
STX8	na	0.0	0.0	0.0	0.0	0.0	0.0	0.0
USP43	na	0.0	0.0	0.0	0.0	0.0	0.0	0.0
GAS7	na	0.0	0.0	0.0	0.0	0.0	0.0	0.0
SCO1	na	0.0	0.0	0.0	0.0	0.0	0.0	0.0
ADPRM	na	0.0	0.0	0.0	0.0	0.0	0.0	0.0
TMEM220	na	0.0	0.0	0.0	0.0	0.0	0.0	0.0
TMEM238L	na	0.0	0.0	0.0	0.0	0.0	0.0	0.0
AC015908.2	na	0.0	0.0	0.0	0.0	0.0	0.0	0.0
SHISA6	na	0.0	0.0	0.0	0.0	0.0	0.0	0.0
AC005725.1	na	0.0	0.0	0.0	0.0	0.0	0.0	0.0
ZNF18	na	0.0	0.0	0.0	0.0	0.0	0.0	0.0
MAP2K4	na	0.0	0.0	0.0	0.0	0.0	0.0	0.0
ARHGAP44	na	0.0	0.0	0.0	0.0	0.0	0.0	0.0
ELAC2	na	0.0	0.0	0.0	0.0	0.0	0.0	0.0
HS3ST3A1	na	0.0	0.0	0.0	0.0	0.0	0.0	0.0
COX10	na	0.0	0.0	0.0	0.0	0.0	0.0	0.0
CDRT15	na	0.0	0.0	0.0	0.0	0.0	0.0	0.0
HS3ST3B1	na	0.0	0.0	0.0	0.0	0.0	0.0	0.0
PMP22	na	0.0	0.0	0.0	0.0	0.0	0.0	0.0
CDRT4	na	0.0	0.0	0.0	0.0	0.0	0.0	0.0
TRIM16	na	0.0	0.0	0.0	0.0	0.0	0.0	0.0
ZNF286A	na	0.0	0.0	0.0	0.0	0.0	0.0	0.0
AC015922.4	na	0.0	0.0	0.0	0.0	0.0	0.0	0.0
ADORA2B	na	0.0	0.0	0.0	0.0	0.0	0.0	0.0
ZSWIM7	na	0.0	0.0	0.0	0.0	0.0	0.0	0.0
TTC19	na	0.0	0.0	0.0	0.0	0.0	0.0	0.0
NCOR1	na	0.0	0.0	0.0	0.0	0.0	0.0	0.0
PIGL	na	0.0	0.0	0.0	0.0	0.0	0.0	0.0
CENPV	na	0.0	0.0	0.0	0.0	0.0	0.0	0.0
UBB	na	0.2501955120086176	0.2950944757232922	0.32330236592049544	0.33437780003998857	0.2633215241646944	0.305904612121595	0.41614396486089156
AC093484.3	na	0.0	0.0	0.0	0.0	0.0	0.0	0.0
TRPV2	na	0.0	0.0	0.0	0.0	0.0	0.0	0.0
LRRC75A	na	0.0	0.0	0.0	0.0	0.0	0.0	0.0
ZNF624	na	0.0	0.0	0.0	0.0	0.0	0.0	0.0
AC098850.3	na	0.0	0.0	0.0	0.0	0.0	0.0	0.0
MPRIP	na	0.0	0.0	0.0	0.0	0.0	0.0	0.0
PLD6	na	0.0	0.0	0.0	0.0	0.0	0.0	0.0
FLCN	na	0.0	0.0	0.0	0.0	0.0	0.0	0.0
COPS3	na	0.0	0.0	0.0	0.0	0.0	0.0	0.0
NT5M	na	0.0	0.0	0.0	0.0	0.0	0.0	0.0
MED9	na	0.0	0.0	0.0	0.0	0.0	0.0	0.0
RASD1	na	0.0	0.0	0.0	0.0	0.0	0.0	0.0
PEMT	na	0.0	0.0	0.0	0.0	0.0	0.0	0.0
RAI1	na	0.0	0.0	0.0	0.0	0.0	0.0	0.0
SREBF1	na	0.07561830007526892	7.159765706517183e-19	0.13834759354046594	0.17838336593248535	0.09966419764956683	0.016319922441685446	0.049804936009609904
TOM1L2	na	0.0	0.0	0.0	0.0	0.0	0.0	0.0
DRC3	na	0.0	0.0	0.0	0.0	0.0	0.0	0.0
ATPAF2	na	0.0	0.0	0.0	0.0	0.0	0.0	0.0
GID4	na	0.0	0.0	0.0	0.0	0.0	0.0	0.0
DRG2	na	0.0	0.0	0.0	0.0	0.0	0.0	0.0
ALKBH5	na	0.0	0.0	0.0	0.0	0.0	0.0	0.0
LLGL1	na	0.0	0.0	0.0	0.0	0.0	0.0	0.0
FLII	na	0.0	0.0	0.0	0.0	0.0	0.0	0.0
MIEF2	na	0.0	0.0	0.0	0.0	0.0	0.0	0.0
TOP3A	na	0.0	0.0	0.0	0.0	0.0	0.0	0.0
SMCR8	na	0.0	0.0	0.0	0.0	0.0	0.0	0.0
SHMT1	na	0.0	0.0	0.0	0.0	0.0	0.0	0.0
ZNF286B	na	0.0	0.0	0.0	0.0	0.0	0.0	0.0
TRIM16L	na	0.0	0.0	0.0	0.0	0.0	0.0	0.0
TVP23B	na	0.0	0.0	0.0	0.0	0.0	0.0	0.0
PRPSAP2	na	0.0	0.0	0.0	0.0	0.0	0.0	0.0
FAM83G	na	0.0	0.0	0.0	0.0	0.0	0.0	0.0
GRAP	na	0.0	0.0	0.0	0.0	0.0	0.0	0.0
AC007952.4	na	0.0	0.0	0.0	0.0	0.0	0.0	0.0
EPN2	na	0.0	0.0	0.0	0.0	0.0	0.0	0.0
B9D1	na	0.0	0.0	0.0	0.0	0.0	0.0	0.0
MAPK7	na	0.0	0.0	0.0	0.0	0.0	0.0	0.0
MFAP4	na	0.0	0.0	0.0	0.0	0.0	0.0	0.0
SLC47A1	na	0.0	0.0	0.0	0.0	0.0	0.0	0.0
ALDH3A2	na	0.0	0.0	0.0	0.0	0.0	0.0	0.0
ULK2	na	0.0	0.0	0.0	0.0	0.0	0.0	0.0
AKAP10	na	0.0	0.0	0.0	0.0	0.0	0.0	0.0
SPECC1	na	0.0	0.0	0.0	0.0	0.0	0.0	0.0
USP22	na	0.06076272038176928	2.715490325315387e-19	0.11713028157429631	0.14471246550279152	0.09006812334989073	0.005210059673758061	0.033466924766061106
DHRS7B	na	0.0	0.0	0.0	0.0	0.0	0.0	0.0
TMEM11	na	0.0	0.0	0.0	0.0	0.0	0.0	0.0
NATD1	na	0.0	0.0	0.0	0.0	0.0	0.0	0.0
MAP2K3	na	0.0	0.0	0.0	0.0	0.0	0.0	0.0
KCNJ12	na	0.0	0.0	0.0	0.0	0.0	0.0	0.0
MTRNR2L1	na	0.0	0.0	0.0	0.0	0.0	0.0	0.0
AC069061.2	na	0.0	0.0	0.0	0.0	0.0	0.0	0.0
AC129926.1	na	0.0	0.0	0.0	0.0	0.0	0.0	0.0
WSB1	na	0.06405153691580942	3.201080928190638e-22	0.15586846596580803	0.17290272372293078	0.104485934666874	1.8878235825937708e-19	0.07618636503080543
KSR1	na	0.0	0.0	0.0	0.0	0.0	0.0	0.0
LGALS9	na	0.051739679910052336	3.6569723543422544e-23	0.10662983342738352	0.14266092840599431	0.08545530030728755	0.01793909600406441	0.043768857790656354
LYRM9	na	0.0	0.0	0.0	0.0	0.0	0.0	0.0
NLK	na	0.0	0.0	0.0	0.0	0.0	0.0	0.0
TMEM97	na	0.0	0.0	0.0	0.0	0.0	0.0	0.0
IFT20	na	0.07432653603963546	8.019165159025516e-18	0.11072276011935207	0.13528783727863017	0.07779662924060708	0.03948626993260625	0.060049111146177434
TNFAIP1	na	0.0	0.0	0.0	0.0	0.0	0.0	0.0
POLDIP2	na	0.06551750295500894	7.811103799164594e-18	0.1480181057358764	0.1855958922016171	0.10058632922811456	0.005964208384536696	0.07744189849827007
TMEM199	na	0.0	0.0	0.0	0.0	0.0	0.0	0.0
SARM1	na	0.0	0.0	0.0	0.0	0.0	0.0	0.0
SLC46A1	na	0.0	0.0	0.0	0.0	0.0	0.0	0.0
AC005726.1	na	0.0	0.0	0.0	0.0	0.0	0.0	0.0
FOXN1	na	0.0	0.0	0.0	0.0	0.0	0.0	0.0
UNC119	na	0.0	0.0	0.0	0.0	0.0	0.0	0.0
PIGS	na	0.0	0.0	0.0	0.0	0.0	0.0	0.0
ALDOC	na	0.0	0.0	0.0	0.0	0.0	0.0	0.0
SPAG5	na	0.0	0.0	0.0	0.0	0.0	0.0	0.0
AC005726.5	na	0.0	0.0	0.0	0.0	0.0	0.0	0.0
SGK494	na	0.0	0.0	0.0	0.0	0.0	0.0	0.0
KIAA0100	na	0.07397374189590714	3.0802922088223575e-18	0.17059037951030992	0.18923371593501973	0.1078235087009181	0.004435146914008103	0.051013709090181214
SDF2	na	0.060722390702041835	5.81570001229786e-14	0.11343989367786739	0.14725780556671686	0.08130763770165679	0.03415825118114578	0.05896229951621085
SUPT6H	na	0.08216493580898511	6.005328041810107e-18	0.1494724459201915	0.1777415688408205	0.10020881652442694	1.2629888974384872e-15	0.041204627898780585
RAB34	na	0.0	0.0	0.0	0.0	0.0	0.0	0.0
RPL23A	na	2.049339197492676	4.108973855088851	0.9724447994949763	1.3683682272311235	1.4506617181420176	3.005098905856914	3.712433741252794
AC010761.1	na	0.0	0.0	0.0	0.0	0.0	0.0	0.0
TLCD1	na	0.0	0.0	0.0	0.0	0.0	0.0	0.0
NEK8	na	0.0	0.0	0.0	0.0	0.0	0.0	0.0
TRAF4	na	0.11851901505349256	1.0058151470266487e-15	0.2240963676807386	0.30443861364863456	0.16038746075829335	0.02945723066842898	0.11670968092835206
AC010761.5	na	0.0	0.0	0.0	0.0	0.0	0.0	0.0
FAM222B	na	0.0	0.0	0.0	0.0	0.0	0.0	0.0
ERAL1	na	0.0	0.0	0.0	0.0	0.0	0.0	0.0
FLOT2	na	0.06666404587662311	6.809669901674983e-17	0.16879447551578197	0.1930826860566793	0.11390067002619093	1.423613673954469e-13	0.03775790777766478
DHRS13	na	0.0	0.0	0.0	0.0	0.0	0.0	0.0
PHF12	na	0.0	0.0	0.0	0.0	0.0	0.0	0.0
MYO18A	na	0.0	0.0	0.0	0.0	0.0	0.0	0.0
NUFIP2	na	0.11496079903813819	4.3352463202483155e-23	0.18987481605199744	0.2433590642900864	0.1323350083007146	0.04988966915282624	0.10701466876226161
TAOK1	na	0.061087379690839494	1.5135226493535124e-17	0.15613497118497646	0.2032068567332291	0.11068080705075209	0.009183632163873042	0.07055111187596884
ABHD15	na	0.0	0.0	0.0	0.0	0.0	0.0	0.0
TP53I13	na	0.09557230075231574	4.230198679915857e-19	0.14334454698440594	0.1574918647300253	0.09522513317172722	0.04090725211638259	0.08696816791178628
GIT1	na	0.08253048853121195	9.461977939708385e-17	0.14886799951415025	0.21445263421098934	0.11093706830464325	0.003836784703787681	0.06611170642011092
ANKRD13B	na	0.0	0.0	0.0	0.0	0.0	0.0	0.0
SSH2	na	0.0	0.0	0.0	0.0	0.0	0.0	0.0
NSRP1	na	0.0	0.0	0.0	0.0	0.0	0.0	0.0
SLC6A4	na	0.0	0.0	0.0	0.0	0.0	0.0	0.0
BLMH	na	0.06444416139621718	3.371445617357446e-19	0.12660515756127133	0.16887947238945267	0.09287797753792001	0.01158955209072848	0.04362100317396212
CPD	na	0.09040924810225717	5.761485695415645e-23	0.2039460187676107	0.2659601289933411	0.13558389239147947	1.2485541170186574e-15	0.05260067836258715
GOSR1	na	0.07295516562919852	4.155523011413072e-18	0.1283558363617435	0.15209723647952236	0.08924898653677943	0.02786541620100456	0.06262144462582989
CRLF3	na	0.0	0.0	0.0	0.0	0.0	0.0	0.0
AC127024.5	na	0.0	0.0	0.0	0.0	0.0	0.0	0.0
AC127024.6	na	0.0	0.0	0.0	0.0	0.0	0.0	0.0
ATAD5	na	0.0	0.0	0.0	0.0	0.0	0.0	0.0
TEFM	na	0.0	0.0	0.0	0.0	0.0	0.0	0.0
AC130324.3	na	0.0	0.0	0.0	0.0	0.0	0.0	0.0
ADAP2	na	0.0	0.0	0.0	0.0	0.0	0.0	0.0
RNF135	na	0.0	0.0	0.0	0.0	0.0	0.0	0.0
AC138207.2	na	0.0	0.0	0.0	0.0	0.0	0.0	0.0
NF1	na	0.0	0.0	0.0	0.0	0.0	0.0	0.0
EVI2B	na	0.0	0.0	0.0	0.0	0.0	0.0	0.0
EVI2A	na	0.0	0.0	0.0	0.0	0.0	0.0	0.0
RAB11FIP4	na	0.0	0.0	0.0	0.0	0.0	0.0	0.0
AC003101.2	na	0.0	0.0	0.0	0.0	0.0	0.0	0.0
COPRS	na	0.059292055730984346	1.1615201300999725e-13	0.11225254917062334	0.14322769195369625	0.08573118749326072	0.015161635904199293	0.03917549621081465
UTP6	na	0.0	0.0	0.0	0.0	0.0	0.0	0.0
SUZ12	na	0.0	0.0	0.0	0.0	0.0	0.0	0.0
LRRC37B	na	0.0	0.0	0.0	0.0	0.0	0.0	0.0
AC116407.2	na	0.0	0.0	0.0	0.0	0.0	0.0	0.0
AC116407.1	na	0.0	0.0	0.0	0.0	0.0	0.0	0.0
RHOT1	na	0.0	0.0	0.0	0.0	0.0	0.0	0.0
RHBDL3	na	0.0	0.0	0.0	0.0	0.0	0.0	0.0
C17orf75	na	0.0	0.0	0.0	0.0	0.0	0.0	0.0
ZNF207	na	0.08404889465184807	5.922343334748445e-15	0.1174824746409045	0.14140847964999065	0.07575813659621804	0.03178295969422638	0.05175149401711562
PSMD11	na	0.0	0.0	0.0	0.0	0.0	0.0	0.0
CDK5R1	na	0.0	0.0	0.0	0.0	0.0	0.0	0.0
MYO1D	na	0.0	0.0	0.0	0.0	0.0	0.0	0.0
TMEM98	na	0.0	0.0	0.0	0.0	0.0	0.0	0.0
AC024610.2	na	0.0	0.0	0.0	0.0	0.0	0.0	0.0
CCL2	na	0.0	0.0	0.0	0.0	0.0	0.0	0.0
CCL7	na	0.0	0.0	0.0	0.0	0.0	0.0	0.0
CCL8	na	0.0	0.0	0.0	0.0	0.0	0.0	0.0
CCT6B	na	0.0	0.0	0.0	0.0	0.0	0.0	0.0
ZNF830	na	0.0	0.0	0.0	0.0	0.0	0.0	0.0
LIG3	na	0.06702888041361897	1.4278000288772743e-16	0.14206029911539514	0.18111998361060408	0.0991529332032501	0.0016932421493023831	0.05387683638664539
RFFL	na	0.0	0.0	0.0	0.0	0.0	0.0	0.0
AC004223.4	na	0.0	0.0	0.0	0.0	0.0	0.0	0.0
RAD51D	na	0.0	0.0	0.0	0.0	0.0	0.0	0.0
NLE1	na	0.0	0.0	0.0	0.0	0.0	0.0	0.0
AC022916.1	na	0.0	0.0	0.0	0.0	0.0	0.0	0.0
SLFN5	na	0.0	0.0	0.0	0.0	0.0	0.0	0.0
SLFN11	na	0.0	0.0	0.0	0.0	0.0	0.0	0.0
SLFN12	na	0.0	0.0	0.0	0.0	0.0	0.0	0.0
SLFN13	na	0.0	0.0	0.0	0.0	0.0	0.0	0.0
LINC02001	na	0.06533396877378547	1.1475414437843498e-23	0.12251590314092475	0.12579737134441138	0.07994022814677672	0.0329692034974579	0.0507288884945407
PEX12	na	0.0	0.0	0.0	0.0	0.0	0.0	0.0
AP2B1	na	0.1937721842180481	6.887276013886572e-15	0.34869235816654787	0.407339111016343	0.22818211136899827	0.09013062820707203	0.1961683483399442
TAF15	na	0.0	0.0	0.0	0.0	0.0	0.0	0.0
RASL10B	na	0.0	0.0	0.0	0.0	0.0	0.0	0.0
GAS2L2	na	0.0	0.0	0.0	0.0	0.0	0.0	0.0
MMP28	na	0.0	0.0	0.0	0.0	0.0	0.0	0.0
C17orf50	na	0.0	0.0	0.0	0.0	0.0	0.0	0.0
CCL5	na	0.0	0.0	0.0	0.0	0.0	0.0	0.0
CCL18	na	0.0	0.0	0.0	0.0	0.0	0.0	0.0
CCL3	na	0.0	0.0	0.0	0.0	0.0	0.0	0.0
CCL4	na	0.0	0.0	0.0	0.0	0.0	0.0	0.0
CCL3L1	na	0.0	0.0	0.0	0.0	0.0	0.0	0.0
CCL4L2	na	0.0	0.0	0.0	0.0	0.0	0.0	0.0
TBC1D3I	na	0.0	0.0	0.0	0.0	0.0	0.0	0.0
ZNHIT3	na	0.0	0.0	0.0	0.0	0.0	0.0	0.0
MYO19	na	0.0	0.0	0.0	0.0	0.0	0.0	0.0
PIGW	na	0.0	0.0	0.0	0.0	0.0	0.0	0.0
GGNBP2	na	0.0	0.0	0.0	0.0	0.0	0.0	0.0
DHRS11	na	0.0	0.0	0.0	0.0	0.0	0.0	0.0
MRM1	na	0.0	0.0	0.0	0.0	0.0	0.0	0.0
LHX1-DT	na	0.0	0.0	0.0	0.0	0.0	0.0	0.0
LHX1	na	0.0	0.0	0.0	0.0	0.0	0.0	0.0
AATF	na	0.12084604824950115	0.01182144936976444	0.22128942327403153	0.21958687771790292	0.135481908030619	0.0753777739092798	0.1338397752866278
ACACA	na	0.07982675100710952	3.832507108130039e-20	0.28121474976100785	0.29021862678924226	0.16490203771603232	1.2454381723447726e-19	0.015855708442070616
TADA2A	na	0.0	0.0	0.0	0.0	0.0	0.0	0.0
DUSP14	na	0.0	0.0	0.0	0.0	0.0	0.0	0.0
SYNRG	na	0.07390424825144604	2.2125667747051334e-22	0.13834347914605993	0.16144916253351055	0.0925508904544802	0.008218925445316728	0.04139632266485206
DDX52	na	0.09261216198731877	2.5890370552245624e-13	0.16351937054978424	0.19456558762653492	0.10705413966126594	0.03003540209897314	0.08111512615237906
TBC1D3L	na	0.0	0.0	0.0	0.0	0.0	0.0	0.0
MRPL45	na	0.08532444942541385	0.023566010844208507	0.16376815820549884	0.18238818168116744	0.10404283051485677	0.04736588183473535	0.10693411709082565
SOCS7	na	0.0	0.0	0.0	0.0	0.0	0.0	0.0
ARHGAP23	na	0.0	0.0	0.0	0.0	0.0	0.0	0.0
SRCIN1	na	0.0	0.0	0.0	0.0	0.0	0.0	0.0
EPOP	na	0.0	0.0	0.0	0.0	0.0	0.0	0.0
AC006449.6	na	0.0	0.0	0.0	0.0	0.0	0.0	0.0
AC006449.2	na	0.0	0.0	0.0	0.0	0.0	0.0	0.0
MLLT6	na	0.15952001994765774	1.2489603300112433e-21	0.5346364832809513	0.521830069443676	0.29207775475402703	4.165219506896754e-21	0.06189180369657152
AC006449.3	na	0.0	0.0	0.0	0.0	0.0	0.0	0.0
CISD3	na	0.17320741225332462	0.12999683972488973	0.1774303912070205	0.36163468588226244	0.1771503904571323	0.14343548435500414	0.19761054192082705
PCGF2	na	0.12083244050835576	8.844270530518013e-18	0.2537987997356362	0.30242571020358255	0.16113122452140569	0.034912553365163156	0.10717481905244261
AC006449.5	na	0.0	0.0	0.0	0.0	0.0	0.0	0.0
PSMB3	na	0.7996418965291918	0.41404927709392486	1.3874534395877103	1.456003873681423	0.9121821982476006	0.3486912331118833	1.0735959955384633
PIP4K2B	na	0.08309557400395085	5.6442997768563395e-28	0.2626848366890191	0.25216732331712005	0.1502064878826262	9.602014938350156e-27	0.03137433538518517
CWC25	na	0.04126251630726375	1.183199434607138e-16	0.15205296519645042	0.17993036466285506	0.10836441837821763	7.964960466366301e-15	0.04883748353455838
RPL23	na	3.0270152821392036	2.6099175115762008	4.636217681078955	3.342425049700282	2.9766606099382544	2.8712436520746265	5.211321656441245
LASP1	na	0.31550275887628454	6.18831264591966e-22	1.0641100594240007	1.037937862023323	0.5461096261075078	1.0988852099696889e-21	0.07423212820938212
AC006441.3	na	0.0	0.0	0.0	0.0	0.0	0.0	0.0
LINC00672	na	0.0	0.0	0.0	0.0	0.0	0.0	0.0
PLXDC1	na	0.0	0.0	0.0	0.0	0.0	0.0	0.0
CACNB1	na	0.0	0.0	0.0	0.0	0.0	0.0	0.0
RPL19	na	9.786471768478517	14.790810185816767	9.335276415498262	8.007685018511172	8.114949083464907	11.517796475470192	18.069444835343205
STAC2	na	0.0	0.0	0.0	0.0	0.0	0.0	0.0
FBXL20	na	0.04843513930553754	7.297522182265753e-18	0.11996278532278717	0.15497581162190371	0.08695345192926067	0.0017796846525082708	0.05404015670083698
AC005288.1	na	0.0	0.0	0.0	0.0	0.0	0.0	0.0
MED1	na	0.06546185226552809	3.571804406659697e-26	0.1696636970497608	0.19581494706777142	0.10850187761803554	2.3306863890318585e-23	0.03863031434770859
CDK12	na	0.14169506751885083	0.05682023652237953	0.23165629152701325	0.22705893892228482	0.15069932125720462	0.05575983499194225	0.18820364592412253
AC009283.1	na	0.0	0.0	0.0	0.0	0.0	0.0	0.0
PPP1R1B	na	0.09317489287872267	0.20402921661084283	0.10329902000639558	0.3364410218648427	0.19927468630482809	0.2968980611519499	0.033430160601676084
STARD3	na	0.13225683995379375	6.649090504215027e-19	0.3856054657443862	0.3615092732727702	0.20309528862862264	6.389302490422655e-18	0.05650451584852848
TCAP	na	0.0	0.0	0.0	0.0	0.0	0.0	0.0
PNMT	na	0.0	0.0	0.0	0.0	0.0	0.0	0.0
PGAP3	na	0.053050177695688254	6.600281872066026e-20	0.20200528046237076	0.20347205271533042	0.12405306590369333	9.053192985396603e-19	0.026804466404036154
ERBB2	na	1.4782394709835922	2.9050276151306892e-25	3.767322251405479	3.4660516223696134	2.0526177914008334	8.070362604773039e-26	1.3942116533774482
MIEN1	na	0.4932726634040572	0.38007062544049725	0.625310876591554	0.637900742974042	0.44481392603048975	0.31981115825099865	0.6565847808343972
GRB7	na	0.23206901819617404	2.171893682307972e-17	0.45782532142341353	0.6087442165241447	0.3185954255531963	0.02884007178518279	0.2358917012854699
IKZF3	na	0.0	0.0	0.0	0.0	0.0	0.0	0.0
GSDMB	na	0.07657348126088229	5.0255567806967237e-23	0.15163387594369687	0.1780936333097353	0.10560805611994384	8.922286505074719e-12	0.025352275675938053
ORMDL3	na	0.45092387438889187	7.33869883168524e-19	0.8777761982116021	1.081854449217987	0.5778589403351491	0.09009284761344555	0.45992166386511385
PSMD3	na	0.4701102548308026	0.01388839982862054	0.9600858776491245	1.014122187085206	0.602595500112725	0.21900727119159136	0.5377877430823388
MED24	na	0.15167606494272876	9.928287808749566e-26	0.3329544152038569	0.44500129560385976	0.22527928038786416	0.03201412014476413	0.10993706448793557
THRA	na	0.0	0.0	0.0	0.0	0.0	0.0	0.0
NR1D1	na	0.0	0.0	0.0	0.0	0.0	0.0	0.0
MSL1	na	0.058281171633326224	2.5998478277202364e-15	0.1508377842749046	0.17397399999317398	0.0978782447620479	2.861904785111542e-14	0.041507237274982206
CASC3	na	0.0	0.0	0.0	0.0	0.0	0.0	0.0
RAPGEFL1	na	0.0	0.0	0.0	0.0	0.0	0.0	0.0
WIPF2	na	0.0	0.0	0.0	0.0	0.0	0.0	0.0
CDC6	na	0.0	0.0	0.0	0.0	0.0	0.0	0.0
RARA	na	0.0	0.0	0.0	0.0	0.0	0.0	0.0
RARA-AS1	na	0.0	0.0	0.0	0.0	0.0	0.0	0.0
TOP2A	na	0.0	0.0	0.0	0.0	0.0	0.0	0.0
IGFBP4	na	0.0	0.0	0.0	0.0	0.0	0.0	0.0
TNS4	na	0.0	0.0	0.0	0.0	0.0	0.0	0.0
SMARCE1	na	0.0	0.0	0.0	0.0	0.0	0.0	0.0
AC073508.3	na	0.0	0.0	0.0	0.0	0.0	0.0	0.0
KRT10	na	0.0	0.0	0.0	0.0	0.0	0.0	0.0
TMEM99	na	0.0	0.0	0.0	0.0	0.0	0.0	0.0
KRT20	na	0.0	0.0	0.0	0.0	0.0	0.0	0.0
KRT23	na	0.0	0.0	0.0	0.0	0.0	0.0	0.0
KRT32	na	0.0	0.0	0.0	0.0	0.0	0.0	0.0
KRT15	na	0.0	0.0	0.0	0.0	0.0	0.0	0.0
KRT19	na	0.6209153584272956	0.18778207477883804	1.0733153927666188	0.9753659812958422	0.6771468846173142	0.20845894807247645	0.9075063674708512
KRT14	na	0.0	0.0	0.0	0.0	0.0	0.0	0.0
KRT16	na	0.0	0.0	0.0	0.0	0.0	0.0	0.0
KRT17	na	0.0	0.0	0.0	0.0	0.0	0.0	0.0
EIF1	na	0.32622490983464153	0.11219437368768932	0.5171631738223247	0.4015753722802045	0.3005227278627933	0.14078158060421053	0.4549702104183653
JUP	na	0.17129939188147972	0.017482249744266216	0.3237127464836593	0.2978106074187615	0.18738667056878067	0.021307218319654472	0.201787495297162
P3H4	na	0.0	0.0	0.0	0.0	0.0	0.0	0.0
FKBP10	na	0.0	0.0	0.0	0.0	0.0	0.0	0.0
NT5C3B	na	0.0	0.0	0.0	0.0	0.0	0.0	0.0
ACLY	na	0.0569703842655412	4.244464863607755e-21	0.18896246091090835	0.20231833768992513	0.12053946157032064	4.208994809641855e-20	0.05378402947741055
TTC25	na	0.0	0.0	0.0	0.0	0.0	0.0	0.0
CNP	na	0.050391079714593945	1.232817786351103e-13	0.12201836872982982	0.14226239834187662	0.08724288880372383	0.008010949043054057	0.07460090150544767
DNAJC7	na	0.0	0.0	0.0	0.0	0.0	0.0	0.0
NKIRAS2	na	0.0	0.0	0.0	0.0	0.0	0.0	0.0
ZNF385C	na	0.0	0.0	0.0	0.0	0.0	0.0	0.0
C17orf113	na	0.0	0.0	0.0	0.0	0.0	0.0	0.0
DHX58	na	0.0	0.0	0.0	0.0	0.0	0.0	0.0
KAT2A	na	0.0	0.0	0.0	0.0	0.0	0.0	0.0
RAB5C	na	0.11932673826489781	1.0061525279681692e-21	0.18194362624720586	0.21468903885339077	0.11778133900021615	0.021537912815911428	0.096839781906619
GHDC	na	0.0	0.0	0.0	0.0	0.0	0.0	0.0
STAT5B	na	0.0	0.0	0.0	0.0	0.0	0.0	0.0
STAT5A	na	0.0	0.0	0.0	0.0	0.0	0.0	0.0
STAT3	na	0.0	0.0	0.0	0.0	0.0	0.0	0.0
CAVIN1	na	0.0	0.0	0.0	0.0	0.0	0.0	0.0
ATP6V0A1	na	0.0	0.0	0.0	0.0	0.0	0.0	0.0
NAGLU	na	0.0	0.0	0.0	0.0	0.0	0.0	0.0
HSD17B1	na	0.0	0.0	0.0	0.0	0.0	0.0	0.0
AC067852.2	na	0.0	0.0	0.0	0.0	0.0	0.0	0.0
COASY	na	0.0	0.0	0.0	0.0	0.0	0.0	0.0
MLX	na	0.0	0.0	0.0	0.0	0.0	0.0	0.0
PSMC3IP	na	0.0	0.0	0.0	0.0	0.0	0.0	0.0
RETREG3	na	0.0	0.0	0.0	0.0	0.0	0.0	0.0
TUBG1	na	0.0	0.0	0.0	0.0	0.0	0.0	0.0
TUBG2	na	0.0	0.0	0.0	0.0	0.0	0.0	0.0
PLEKHH3	na	0.0	0.0	0.0	0.0	0.0	0.0	0.0
CCR10	na	0.0	0.0	0.0	0.0	0.0	0.0	0.0
CNTNAP1	na	0.0	0.0	0.0	0.0	0.0	0.0	0.0
EZH1	na	0.0	0.0	0.0	0.0	0.0	0.0	0.0
RAMP2	na	0.0	0.0	0.0	0.0	0.0	0.0	0.0
VPS25	na	0.0688644271344272	0.0025211694611961782	0.11507694570647108	0.14118005540725864	0.07494000049263785	0.009128265793169839	0.051647578721789364
COA3	na	0.0	0.0	0.0	0.0	0.0	0.0	0.0
CNTD1	na	0.0	0.0	0.0	0.0	0.0	0.0	0.0
BECN1	na	0.0	0.0	0.0	0.0	0.0	0.0	0.0
PSME3	na	0.0	0.0	0.0	0.0	0.0	0.0	0.0
AOC3	na	0.0	0.0	0.0	0.0	0.0	0.0	0.0
AARSD1	na	0.0	0.0	0.0	0.0	0.0	0.0	0.0
PTGES3L	na	0.0	0.0	0.0	0.0	0.0	0.0	0.0
RUNDC1	na	0.0	0.0	0.0	0.0	0.0	0.0	0.0
RPL27	na	0.2549619724205491	0.39666282232450767	0.16768158895122065	0.24579817080675345	0.20352270843472828	0.30914834121398194	0.4270481897905451
IFI35	na	0.0	0.0	0.0	0.0	0.0	0.0	0.0
VAT1	na	0.0	0.0	0.0	0.0	0.0	0.0	0.0
BRCA1	na	0.0	0.0	0.0	0.0	0.0	0.0	0.0
AC060780.1	na	0.0	0.0	0.0	0.0	0.0	0.0	0.0
NBR1	na	0.0	0.0	0.0	0.0	0.0	0.0	0.0
TMEM106A	na	0.0	0.0	0.0	0.0	0.0	0.0	0.0
ARL4D	na	0.0	0.0	0.0	0.0	0.0	0.0	0.0
DHX8	na	0.0	0.0	0.0	0.0	0.0	0.0	0.0
ETV4	na	0.0	0.0	0.0	0.0	0.0	0.0	0.0
DUSP3	na	0.0	0.0	0.0	0.0	0.0	0.0	0.0
MPP3	na	0.0	0.0	0.0	0.0	0.0	0.0	0.0
TMEM101	na	0.0	0.0	0.0	0.0	0.0	0.0	0.0
LSM12	na	0.0	0.0	0.0	0.0	0.0	0.0	0.0
G6PC3	na	0.0	0.0	0.0	0.0	0.0	0.0	0.0
HDAC5	na	0.0	0.0	0.0	0.0	0.0	0.0	0.0
C17orf53	na	0.0	0.0	0.0	0.0	0.0	0.0	0.0
ASB16-AS1	na	0.0	0.0	0.0	0.0	0.0	0.0	0.0
TMUB2	na	0.0	0.0	0.0	0.0	0.0	0.0	0.0
ATXN7L3	na	0.0	0.0	0.0	0.0	0.0	0.0	0.0
UBTF	na	0.0	0.0	0.0	0.0	0.0	0.0	0.0
SLC25A39	na	0.0	0.0	0.0	0.0	0.0	0.0	0.0
GRN	na	0.1072579618482508	0.05356627195916239	0.15859157553798553	0.12754811926371903	0.11150913610701409	0.10500270099111433	0.16335817786402718
FAM171A2	na	0.0	0.0	0.0	0.0	0.0	0.0	0.0
GPATCH8	na	0.0	0.0	0.0	0.0	0.0	0.0	0.0
FZD2	na	0.0	0.0	0.0	0.0	0.0	0.0	0.0
CCDC43	na	0.0	0.0	0.0	0.0	0.0	0.0	0.0
GJC1	na	0.0	0.0	0.0	0.0	0.0	0.0	0.0
HIGD1B	na	0.0	0.0	0.0	0.0	0.0	0.0	0.0
EFTUD2	na	0.0	0.0	0.0	0.0	0.0	0.0	0.0
KIF18B	na	0.0	0.0	0.0	0.0	0.0	0.0	0.0
DCAKD	na	0.0	0.0	0.0	0.0	0.0	0.0	0.0
NMT1	na	0.0	0.0	0.0	0.0	0.0	0.0	0.0
PLCD3	na	0.0	0.0	0.0	0.0	0.0	0.0	0.0
ACBD4	na	0.0	0.0	0.0	0.0	0.0	0.0	0.0
HEXIM1	na	0.0	0.0	0.0	0.0	0.0	0.0	0.0
HEXIM2	na	0.0	0.0	0.0	0.0	0.0	0.0	0.0
AC008105.3	na	0.0	0.0	0.0	0.0	0.0	0.0	0.0
FMNL1	na	0.0	0.0	0.0	0.0	0.0	0.0	0.0
MAP3K14	na	0.0	0.0	0.0	0.0	0.0	0.0	0.0
ARHGAP27	na	0.0	0.0	0.0	0.0	0.0	0.0	0.0
PLEKHM1	na	0.0	0.0	0.0	0.0	0.0	0.0	0.0
MAPT	na	0.0	0.0	0.0	0.0	0.0	0.0	0.0
KANSL1	na	0.0	0.0	0.0	0.0	0.0	0.0	0.0
KANSL1-AS1	na	0.0	0.0	0.0	0.0	0.0	0.0	0.0
LRRC37A2	na	0.0	0.0	0.0	0.0	0.0	0.0	0.0
ARL17A	na	0.0	0.0	0.0	0.0	0.0	0.0	0.0
NSF	na	0.0	0.0	0.0	0.0	0.0	0.0	0.0
WNT3	na	0.0	0.0	0.0	0.0	0.0	0.0	0.0
GOSR2	na	0.0	0.0	0.0	0.0	0.0	0.0	0.0
CDC27	na	0.0	0.0	0.0	0.0	0.0	0.0	0.0
NPEPPS	na	0.0	0.0	0.0	0.0	0.0	0.0	0.0
KPNB1	na	0.0	0.0	0.0	0.0	0.0	0.0	0.0
TBKBP1	na	0.0	0.0	0.0	0.0	0.0	0.0	0.0
OSBPL7	na	0.0	0.0	0.0	0.0	0.0	0.0	0.0
MRPL10	na	0.0	0.0	0.0	0.0	0.0	0.0	0.0
LRRC46	na	0.0	0.0	0.0	0.0	0.0	0.0	0.0
SCRN2	na	0.0	0.0	0.0	0.0	0.0	0.0	0.0
SP6	na	0.0	0.0	0.0	0.0	0.0	0.0	0.0
SP2	na	0.0	0.0	0.0	0.0	0.0	0.0	0.0
PNPO	na	0.0	0.0	0.0	0.0	0.0	0.0	0.0
PRR15L	na	0.0	0.0	0.0	0.0	0.0	0.0	0.0
CDK5RAP3	na	0.0	0.0	0.0	0.0	0.0	0.0	0.0
COPZ2	na	0.0	0.0	0.0	0.0	0.0	0.0	0.0
NFE2L1	na	0.0	0.0	0.0	0.0	0.0	0.0	0.0
CBX1	na	0.0	0.0	0.0	0.0	0.0	0.0	0.0
SNX11	na	0.0	0.0	0.0	0.0	0.0	0.0	0.0
SKAP1	na	0.0	0.0	0.0	0.0	0.0	0.0	0.0
HOXB2	na	0.0	0.0	0.0	0.0	0.0	0.0	0.0
HOXB3	na	0.0	0.0	0.0	0.0	0.0	0.0	0.0
HOXB6	na	0.0	0.0	0.0	0.0	0.0	0.0	0.0
HOXB7	na	0.0	0.0	0.0	0.0	0.0	0.0	0.0
HOXB13	na	0.0	0.0	0.0	0.0	0.0	0.0	0.0
CALCOCO2	na	0.0	0.0	0.0	0.0	0.0	0.0	0.0
ATP5MC1	na	0.0	0.0	0.0	0.0	0.0	0.0	0.0
UBE2Z	na	0.0	0.0	0.0	0.0	0.0	0.0	0.0
SNF8	na	0.0	0.0	0.0	0.0	0.0	0.0	0.0
B4GALNT2	na	0.0	0.0	0.0	0.0	0.0	0.0	0.0
GNGT2	na	0.0	0.0	0.0	0.0	0.0	0.0	0.0
ABI3	na	0.0	0.0	0.0	0.0	0.0	0.0	0.0
ZNF652	na	0.0	0.0	0.0	0.0	0.0	0.0	0.0
PHB	na	0.056562606880492645	2.3348924085762346e-19	0.12746216018974904	0.13330177488880138	0.08395695282973793	0.02320220574590006	0.05215780268408483
NXPH3	na	0.0	0.0	0.0	0.0	0.0	0.0	0.0
SPOP	na	0.0	0.0	0.0	0.0	0.0	0.0	0.0
SLC35B1	na	0.0	0.0	0.0	0.0	0.0	0.0	0.0
FAM117A	na	0.0	0.0	0.0	0.0	0.0	0.0	0.0
KAT7	na	0.0	0.0	0.0	0.0	0.0	0.0	0.0
ITGA3	na	0.0	0.0	0.0	0.0	0.0	0.0	0.0
PDK2	na	0.0	0.0	0.0	0.0	0.0	0.0	0.0
SAMD14	na	0.0	0.0	0.0	0.0	0.0	0.0	0.0
PPP1R9B	na	0.06547407128564234	8.065584513713161e-23	0.27127601540413643	0.24485835665688196	0.15054402226582766	1.9478719369165591e-22	1.9849720385366162e-14
COL1A1	na	0.3456901692350083	0.2446995818375547	0.45683466868385275	0.4274811653270769	0.3337920409187117	0.28882178013281173	0.414465306099157
TMEM92	na	0.0	0.0	0.0	0.0	0.0	0.0	0.0
XYLT2	na	0.06653761413163368	1.1849260862479022e-16	0.16568696897723476	0.18277335058469235	0.10914703680337559	1.8327485723700465e-15	0.017202865758674104
MRPL27	na	0.36876870598178807	0.266296815281569	0.5412278431152323	0.5464863344023245	0.3739502934997113	0.24242275109678346	0.48037714197149645
EME1	na	0.0	0.0	0.0	0.0	0.0	0.0	0.0
LRRC59	na	0.22809557354044574	0.059395885337137626	0.442247005208811	0.46892688279094025	0.2749859040406369	0.14389014603903855	0.3082024453312809
ACSF2	na	0.0	0.0	0.0	0.0	0.0	0.0	0.0
RSAD1	na	0.05594360202006072	1.7652273265181456e-22	0.12436717998224214	0.15592136283798855	0.09337132095674315	5.609833397107745e-18	0.03236095519513495
MYCBPAP	na	0.0	0.0	0.0	0.0	0.0	0.0	0.0
EPN3	na	0.09883208023789913	3.010114881291898e-17	0.22912747145654325	0.24723722590300898	0.1468091704164187	0.042436783351980825	0.11807770056526652
SPATA20	na	0.11145499433569026	9.481997728077381e-18	0.20574006990477867	0.2721168405090234	0.1417400824184631	0.029427221003412343	0.06894130872404064
CACNA1G	na	0.0	0.0	0.0	0.0	0.0	0.0	0.0
ABCC3	na	0.06671862733635821	0.19052509194560208	0.026603501659889936	0.18110184110884303	0.10526427052267288	0.24145596874394828	0.039339565403991854
ANKRD40	na	0.11294996918912455	1.9498408027850805e-21	0.20770684024286576	0.24219631887104284	0.13538355938291655	0.011526386062124612	0.12161865921093157
AC005921.2	na	0.0	0.0	0.0	0.0	0.0	0.0	0.0
LUC7L3	na	0.16511894461954876	6.432756633832584e-21	0.4232293625115822	0.40603528776795383	0.23658396960389197	4.58438772468826e-19	0.1196018801193529
WFIKKN2	na	0.0	0.0	0.0	0.0	0.0	0.0	0.0
TOB1	na	0.19527536229773493	0.039277859630210764	0.41551115435201014	0.35541482542764535	0.24168126741375234	0.05834485029508808	0.27989917863179453
AC005920.1	na	0.0	0.0	0.0	0.0	0.0	0.0	0.0
SPAG9	na	0.05431806501014768	1.2983565835125837e-20	0.1146065340836698	0.14166533255574557	0.0792956811009764	0.00808430079290424	0.043993418063953335
NME1	na	0.2753705103908509	0.15344723213804723	0.45692667144312393	0.43533640250658695	0.28162245280004466	0.15611294397140585	0.39664818627612564
NME2	na	0.1243911902883136	5.0390970499678144e-23	0.21931967571987487	0.24070971380370193	0.14419816903627547	1.4486428607925379e-21	0.09803476459271666
MBTD1	na	0.0	0.0	0.0	0.0	0.0	0.0	0.0
UTP18	na	0.08915708660771744	1.0120554462059687e-14	0.1402083749864138	0.1847949340859312	0.09683378730606206	0.0038609956706678675	0.05729115470429535
CA10	na	0.0	0.0	0.0	0.0	0.0	0.0	0.0
TOM1L1	na	0.0	0.0	0.0	0.0	0.0	0.0	0.0
COX11	na	0.0	0.0	0.0	0.0	0.0	0.0	0.0
STXBP4	na	0.0	0.0	0.0	0.0	0.0	0.0	0.0
HLF	na	0.0	0.0	0.0	0.0	0.0	0.0	0.0
MMD	na	0.0	0.0	0.0	0.0	0.0	0.0	0.0
PCTP	na	0.0	0.0	0.0	0.0	0.0	0.0	0.0
C17orf67	na	0.0	0.0	0.0	0.0	0.0	0.0	0.0
DGKE	na	0.0	0.0	0.0	0.0	0.0	0.0	0.0
TRIM25	na	0.0	0.0	0.0	0.0	0.0	0.0	0.0
AC015912.3	na	0.0	0.0	0.0	0.0	0.0	0.0	0.0
COIL	na	0.0	0.0	0.0	0.0	0.0	0.0	0.0
SCPEP1	na	0.0	0.0	0.0	0.0	0.0	0.0	0.0
AC007114.1	na	0.0	0.0	0.0	0.0	0.0	0.0	0.0
AKAP1	na	0.0	0.0	0.0	0.0	0.0	0.0	0.0
MSI2	na	0.0	0.0	0.0	0.0	0.0	0.0	0.0
MRPS23	na	0.0	0.0	0.0	0.0	0.0	0.0	0.0
CUEDC1	na	0.0	0.0	0.0	0.0	0.0	0.0	0.0
VEZF1	na	0.0	0.0	0.0	0.0	0.0	0.0	0.0
AC015813.2	na	0.0	0.0	0.0	0.0	0.0	0.0	0.0
AC015813.1	na	0.0	0.0	0.0	0.0	0.0	0.0	0.0
SRSF1	na	0.0	0.0	0.0	0.0	0.0	0.0	0.0
DYNLL2	na	0.060874134733750744	1.2351596522709436e-32	0.17133652766625784	0.18282512560967712	0.11258401077241904	3.0027114518026113e-31	3.640669189924331e-17
MKS1	na	0.0	0.0	0.0	0.0	0.0	0.0	0.0
TSPOAP1	na	0.0	0.0	0.0	0.0	0.0	0.0	0.0
TSPOAP1-AS1	na	0.0	0.0	0.0	0.0	0.0	0.0	0.0
AC004687.1	na	0.0	0.0	0.0	0.0	0.0	0.0	0.0
SUPT4H1	na	0.16697049732461866	0.10275806743724605	0.21213143443734106	0.23905679102631588	0.15218707756558936	0.09880281858743079	0.17800080837689355
RNF43	na	0.0	0.0	0.0	0.0	0.0	0.0	0.0
MTMR4	na	0.0	0.0	0.0	0.0	0.0	0.0	0.0
SEPT4	na	0.0	0.0	0.0	0.0	0.0	0.0	0.0
RAD51C	na	0.0	0.0	0.0	0.0	0.0	0.0	0.0
TRIM37	na	0.0	0.0	0.0	0.0	0.0	0.0	0.0
SKA2	na	0.0	0.0	0.0	0.0	0.0	0.0	0.0
PRR11	na	0.0	0.0	0.0	0.0	0.0	0.0	0.0
SMG8	na	0.0	0.0	0.0	0.0	0.0	0.0	0.0
GDPD1	na	0.0	0.0	0.0	0.0	0.0	0.0	0.0
YPEL2	na	0.0	0.0	0.0	0.0	0.0	0.0	0.0
DHX40	na	0.0835048976424832	1.0574565178097635e-17	0.13642263640431165	0.14856853689987376	0.08704967487346503	0.03030118625309924	0.06761097730505541
AC091271.1	na	0.0	0.0	0.0	0.0	0.0	0.0	0.0
CLTC	na	0.29200265789584334	0.08638155999353142	0.5375581048322503	0.5857760250316743	0.3427791644940974	0.1829601747739578	0.38377078340251636
PTRH2	na	0.06525215651355754	0.027974411761773413	0.12688345311638177	0.1580455281051208	0.08782735732973442	0.03613724355355379	0.07810081564827906
VMP1	na	0.3618982699678752	6.206540507757804e-23	0.9725593898034657	1.0103343366939352	0.562098504290819	3.9457587968636325e-20	0.42746059867180963
TUBD1	na	0.0	0.0	0.0	0.0	0.0	0.0	0.0
RPS6KB1	na	0.08090754803381796	1.2771237619171425e-19	0.15072745186111008	0.17590596433401962	0.10238337090474212	0.010584861486252855	0.05736131451585182
RNFT1	na	0.0	0.0	0.0	0.0	0.0	0.0	0.0
RNFT1-DT	na	0.0	0.0	0.0	0.0	0.0	0.0	0.0
HEATR6	na	0.0	0.0	0.0	0.0	0.0	0.0	0.0
AC025048.4	na	0.0	0.0	0.0	0.0	0.0	0.0	0.0
USP32	na	0.0	0.0	0.0	0.0	0.0	0.0	0.0
APPBP2	na	0.0	0.0	0.0	0.0	0.0	0.0	0.0
PPM1D	na	0.0	0.0	0.0	0.0	0.0	0.0	0.0
BCAS3	na	0.0	0.0	0.0	0.0	0.0	0.0	0.0
AC005746.2	na	0.0	0.0	0.0	0.0	0.0	0.0	0.0
TBX2	na	0.0	0.0	0.0	0.0	0.0	0.0	0.0
NACA2	na	0.0	0.0	0.0	0.0	0.0	0.0	0.0
BRIP1	na	0.0	0.0	0.0	0.0	0.0	0.0	0.0
INTS2	na	0.0	0.0	0.0	0.0	0.0	0.0	0.0
MED13	na	0.0	0.0	0.0	0.0	0.0	0.0	0.0
EFCAB3	na	0.0	0.0	0.0	0.0	0.0	0.0	0.0
METTL2A	na	0.0	0.0	0.0	0.0	0.0	0.0	0.0
TLK2	na	0.0	0.0	0.0	0.0	0.0	0.0	0.0
MRC2	na	0.0	0.0	0.0	0.0	0.0	0.0	0.0
MARCH10	na	0.0	0.0	0.0	0.0	0.0	0.0	0.0
TANC2	na	0.0	0.0	0.0	0.0	0.0	0.0	0.0
CYB561	na	0.07397864899819355	4.0272144383325115e-23	0.13616033511594228	0.1692207111155229	0.09247784714025223	0.008123188444872134	0.044803798417206754
ACE	na	0.0	0.0	0.0	0.0	0.0	0.0	0.0
DCAF7	na	0.0	0.0	0.0	0.0	0.0	0.0	0.0
TACO1	na	0.0	0.0	0.0	0.0	0.0	0.0	0.0
MAP3K3	na	0.0	0.0	0.0	0.0	0.0	0.0	0.0
STRADA	na	0.0	0.0	0.0	0.0	0.0	0.0	0.0
LIMD2	na	0.0	0.0	0.0	0.0	0.0	0.0	0.0
CCDC47	na	0.0	0.0	0.0	0.0	0.0	0.0	0.0
DDX42	na	0.0	0.0	0.0	0.0	0.0	0.0	0.0
FTSJ3	na	0.0	0.0	0.0	0.0	0.0	0.0	0.0
PSMC5	na	0.05653850202136256	9.076671911844752e-14	0.1268677204050603	0.16064840792733345	0.09085670637844498	0.007891398653779356	0.06201618765898356
SMARCD2	na	0.0	0.0	0.0	0.0	0.0	0.0	0.0
CD79B	na	0.0	0.0	0.0	0.0	0.0	0.0	0.0
ICAM2	na	0.0	0.0	0.0	0.0	0.0	0.0	0.0
ERN1	na	0.0	0.0	0.0	0.0	0.0	0.0	0.0
SNHG25	na	1.1965912925819733	1.0090142982377899e-20	3.6692114017243913	4.739849152362655	2.309095356986137	0.7477562307262662	1.268460154583277
TEX2	na	0.04216469645498835	0.016364032383452954	0.1083480933365831	0.1313985031136964	0.07550425202795011	0.03003247362903791	0.06839066395005422
PECAM1	na	1.5050203894168552e-24	3.722413730684493e-25	1.075518150234255	0.8428318433698704	0.48455974635752774	2.70307922339411e-25	6.399239663152848e-26
MILR1	na	0.0	0.0	0.0	0.0	0.0	0.0	0.0
POLG2	na	0.0	0.0	0.0	0.0	0.0	0.0	0.0
DDX5	na	0.32459958173391046	0.16044653243026974	0.6095403612412518	0.5874976269929753	0.39933614653961974	0.18436260413282002	0.47615720277712786
CEP95	na	0.0	0.0	0.0	0.0	0.0	0.0	0.0
SMURF2	na	0.0	0.0	0.0	0.0	0.0	0.0	0.0
LRRC37A3	na	0.0	0.0	0.0	0.0	0.0	0.0	0.0
GNA13	na	0.0392663397134473	1.199949523373093e-13	0.10937427276956525	0.14666454428408265	0.08479749886370894	0.007837756283463688	0.055021513506278666
RGS9	na	0.0	0.0	0.0	0.0	0.0	0.0	0.0
AXIN2	na	0.0	0.0	0.0	0.0	0.0	0.0	0.0
CEP112	na	0.0	0.0	0.0	0.0	0.0	0.0	0.0
PRKCA	na	0.0	0.0	0.0	0.0	0.0	0.0	0.0
CACNG4	na	0.07638108565745294	0.0033442028977978687	0.11430603156121198	0.14698056427296682	0.07952887657886473	0.03578376005207455	0.06605066527859801
CACNG1	na	0.0	0.0	0.0	0.0	0.0	0.0	0.0
HELZ	na	0.0	0.0	0.0	0.0	0.0	0.0	0.0
AC007448.3	na	0.0	0.0	0.0	0.0	0.0	0.0	0.0
PSMD12	na	0.10356579247143077	0.03222747012370376	0.1811040377871077	0.18420941137520916	0.11584020784316841	0.08013442599107931	0.1119775714061058
PITPNC1	na	0.04548776050133286	1.541116968073278e-18	0.13547606536234696	0.14496575250703106	0.08853548821640662	0.011447511905940953	0.04512185700557779
NOL11	na	0.06697894736292728	0.018126542710196637	0.13375761022541208	0.14771300619523178	0.08899275908989573	0.03268836185628224	0.0809300287206502
BPTF	na	0.0958686430573705	2.8054907745134886e-15	0.17320001615633734	0.21704707646588278	0.12320550480895857	0.020606988502133	0.08640186058630088
C17orf58	na	0.0	0.0	0.0	0.0	0.0	0.0	0.0
KPNA2	na	0.15671398897473282	0.06341510264393754	0.2380326674037974	0.3606322955775597	0.18085580058675516	0.12604489166793412	0.1512024066350572
AC005332.7	na	0.0	0.0	0.0	0.0	0.0	0.0	0.0
AC005332.4	na	0.0	0.0	0.0	0.0	0.0	0.0	0.0
AC005332.6	na	0.0	0.0	0.0	0.0	0.0	0.0	0.0
AC005332.5	na	0.0	0.0	0.0	0.0	0.0	0.0	0.0
AMZ2	na	0.06662541359916475	2.6460651379616628e-12	0.12732691477288025	0.16970977105852247	0.08897632144344375	0.03046293695224916	0.06445258252810167
ARSG	na	0.0	0.0	0.0	0.0	0.0	0.0	0.0
SLC16A6	na	0.0	0.0	0.0	0.0	0.0	0.0	0.0
WIPI1	na	0.09034461999142664	0.01288311620161456	0.1048356776212019	0.10992989385455663	0.07218692775342236	0.046438802690416676	0.06909144222786341
PRKAR1A	na	0.17365318462740767	0.04251290647047491	0.29734294207402706	0.3075783833313689	0.19108338158444718	0.11897273613310545	0.17544092231180472
FAM20A	na	0.0	0.0	0.0	0.0	0.0	0.0	0.0
ABCA5	na	0.0	0.0	0.0	0.0	0.0	0.0	0.0
MAP2K6	na	0.0	0.0	0.0	0.0	0.0	0.0	0.0
KCNJ2	na	0.0	0.0	0.0	0.0	0.0	0.0	0.0
SOX9	na	0.0	0.0	0.0	0.0	0.0	0.0	0.0
LINC00511	na	0.0	0.0	0.0	0.0	0.0	0.0	0.0
SLC39A11	na	0.0	0.0	0.0	0.0	0.0	0.0	0.0
SSTR2	na	0.0	0.0	0.0	0.0	0.0	0.0	0.0
COG1	na	0.0	0.0	0.0	0.0	0.0	0.0	0.0
FAM104A	na	0.0	0.0	0.0	0.0	0.0	0.0	0.0
C17orf80	na	0.0	0.0	0.0	0.0	0.0	0.0	0.0
CDC42EP4	na	0.0	0.0	0.0	0.0	0.0	0.0	0.0
SDK2	na	0.0	0.0	0.0	0.0	0.0	0.0	0.0
RPL38	na	0.7506911158185542	1.491390201867235	0.3504874893487578	0.3150353517889904	0.5124824933152187	1.2285809135541914	1.4675201689237618
TTYH2	na	0.0	0.0	0.0	0.0	0.0	0.0	0.0
GPRC5C	na	0.0	0.0	0.0	0.0	0.0	0.0	0.0
CD300A	na	0.0	0.0	0.0	0.0	0.0	0.0	0.0
CD300C	na	0.0	0.0	0.0	0.0	0.0	0.0	0.0
CD300LF	na	0.0	0.0	0.0	0.0	0.0	0.0	0.0
SLC9A3R1	na	0.08453553427914327	6.259107144214256e-18	0.24418813695376254	0.276122867119825	0.1454720755449048	3.316473870396839e-15	0.0543648819818339
NAT9	na	0.0	0.0	0.0	0.0	0.0	0.0	0.0
TMEM104	na	0.0	0.0	0.0	0.0	0.0	0.0	0.0
GRIN2C	na	0.0	0.0	0.0	0.0	0.0	0.0	0.0
FDXR	na	0.0	0.0	0.0	0.0	0.0	0.0	0.0
HID1	na	0.06926754238038514	1.6954824824040955e-18	0.13746983461328158	0.15625494079066665	0.0890798618873447	0.0017670719307091214	0.03756404699917732
CDR2L	na	0.0	0.0	0.0	0.0	0.0	0.0	0.0
MRPL58	na	0.0	0.0	0.0	0.0	0.0	0.0	0.0
KCTD2	na	0.0	0.0	0.0	0.0	0.0	0.0	0.0
ATP5PD	na	0.07451659229637879	0.06242089486488425	0.10902135311830935	0.13950020118589196	0.0874017629934294	0.0743481723430295	0.1102395295017628
SLC16A5	na	0.0	0.0	0.0	0.0	0.0	0.0	0.0
ARMC7	na	0.0	0.0	0.0	0.0	0.0	0.0	0.0
NT5C	na	0.0	0.0	0.0	0.0	0.0	0.0	0.0
JPT1	na	0.11865645899856841	0.04443893085784085	0.2068358191832957	0.2510769474249073	0.13784612604960703	0.08147125183606654	0.13321918641747985
SUMO2	na	0.11105420948594792	0.05155042886001263	0.1627070394661782	0.19347386160799726	0.11960613021820392	0.08954058472975257	0.1262690533422322
NUP85	na	0.0	0.0	0.0	0.0	0.0	0.0	0.0
GGA3	na	0.0	0.0	0.0	0.0	0.0	0.0	0.0
MRPS7	na	0.0	0.0	0.0	0.0	0.0	0.0	0.0
MIF4GD	na	0.0	0.0	0.0	0.0	0.0	0.0	0.0
SLC25A19	na	0.0	0.0	0.0	0.0	0.0	0.0	0.0
GRB2	na	0.0	0.0	0.0	0.0	0.0	0.0	0.0
TMEM94	na	0.0	0.0	0.0	0.0	0.0	0.0	0.0
CASKIN2	na	0.0	0.0	0.0	0.0	0.0	0.0	0.0
TSEN54	na	0.0	0.0	0.0	0.0	0.0	0.0	0.0
LLGL2	na	0.06798770478798852	5.97212513868426e-17	0.1194777508796001	0.15218616159836884	0.08654306004964908	3.31543544109073e-14	0.02825016915814203
MYO15B	na	0.0	0.0	0.0	0.0	0.0	0.0	0.0
RECQL5	na	0.0	0.0	0.0	0.0	0.0	0.0	0.0
SMIM5	na	0.0	0.0	0.0	0.0	0.0	0.0	0.0
SAP30BP	na	0.0	0.0	0.0	0.0	0.0	0.0	0.0
ITGB4	na	0.047534209941484204	2.2507337585658985e-24	0.10890398932331871	0.14849182148324003	0.08687441004738658	2.253822811652999e-22	0.04517152507186034
GALK1	na	0.0	0.0	0.0	0.0	0.0	0.0	0.0
H3F3B	na	0.1787578501393786	0.08531533674458151	0.2875011833270118	0.36578879590650204	0.21322205552322274	0.16743212075286407	0.22144787273039168
UNK	na	0.0	0.0	0.0	0.0	0.0	0.0	0.0
UNC13D	na	0.0	0.0	0.0	0.0	0.0	0.0	0.0
WBP2	na	0.0	0.0	0.0	0.0	0.0	0.0	0.0
TRIM47	na	0.0	0.0	0.0	0.0	0.0	0.0	0.0
TRIM65	na	0.0	0.0	0.0	0.0	0.0	0.0	0.0
MRPL38	na	0.0	0.0	0.0	0.0	0.0	0.0	0.0
FBF1	na	0.0	0.0	0.0	0.0	0.0	0.0	0.0
ACOX1	na	0.0	0.0	0.0	0.0	0.0	0.0	0.0
TEN1	na	0.0	0.0	0.0	0.0	0.0	0.0	0.0
CDK3	na	0.0	0.0	0.0	0.0	0.0	0.0	0.0
EVPL	na	0.0	0.0	0.0	0.0	0.0	0.0	0.0
SRP68	na	0.0	0.0	0.0	0.0	0.0	0.0	0.0
EXOC7	na	0.0	0.0	0.0	0.0	0.0	0.0	0.0
FOXJ1	na	0.0	0.0	0.0	0.0	0.0	0.0	0.0
RNF157	na	0.0	0.0	0.0	0.0	0.0	0.0	0.0
UBALD2	na	0.0	0.0	0.0	0.0	0.0	0.0	0.0
QRICH2	na	0.0	0.0	0.0	0.0	0.0	0.0	0.0
PRPSAP1	na	0.0	0.0	0.0	0.0	0.0	0.0	0.0
SPHK1	na	0.0	0.0	0.0	0.0	0.0	0.0	0.0
UBE2O	na	0.0	0.0	0.0	0.0	0.0	0.0	0.0
RHBDF2	na	0.0	0.0	0.0	0.0	0.0	0.0	0.0
CYGB	na	0.0	0.0	0.0	0.0	0.0	0.0	0.0
AC015802.6	na	0.0	0.0	0.0	0.0	0.0	0.0	0.0
ST6GALNAC1	na	0.0	0.0	0.0	0.0	0.0	0.0	0.0
MXRA7	na	0.0	0.0	0.0	0.0	0.0	0.0	0.0
JMJD6	na	0.0	0.0	0.0	0.0	0.0	0.0	0.0
METTL23	na	0.0	0.0	0.0	0.0	0.0	0.0	0.0
SRSF2	na	0.0811994175028903	0.011100813151216376	0.1475186376112487	0.17231025363542718	0.09575223710516745	0.038541328856444325	0.06669433233026384
MFSD11	na	0.0	0.0	0.0	0.0	0.0	0.0	0.0
MGAT5B	na	0.0	0.0	0.0	0.0	0.0	0.0	0.0
SEC14L1	na	0.0	0.0	0.0	0.0	0.0	0.0	0.0
SEPT9	na	0.0501142404621247	7.292710679502308e-15	0.13122066441106986	0.14582377274843678	0.09026456614960343	0.0009906672234642267	0.024466642239187753
TNRC6C	na	0.0	0.0	0.0	0.0	0.0	0.0	0.0
TMC6	na	0.0	0.0	0.0	0.0	0.0	0.0	0.0
TMC8	na	0.0	0.0	0.0	0.0	0.0	0.0	0.0
SYNGR2	na	0.11706412888551275	0.01920218258687982	0.15950141417195612	0.2079691164793095	0.11815029416582903	0.059967918694687615	0.09438159139368944
TK1	na	0.0	0.0	0.0	0.0	0.0	0.0	0.0
AFMID	na	0.0	0.0	0.0	0.0	0.0	0.0	0.0
BIRC5	na	0.0	0.0	0.0	0.0	0.0	0.0	0.0
SOCS3	na	0.0	0.0	0.0	0.0	0.0	0.0	0.0
PGS1	na	0.0	0.0	0.0	0.0	0.0	0.0	0.0
CYTH1	na	0.0	0.0	0.0	0.0	0.0	0.0	0.0
USP36	na	0.0	0.0	0.0	0.0	0.0	0.0	0.0
TIMP2	na	0.0704567127073345	0.0028628021465534055	0.14060383404596188	0.1408837132208344	0.08885591642484965	0.04855385901299125	0.0799251675599823
LGALS3BP	na	0.12876139407935733	2.9591611862838486e-16	0.1815280730086582	0.20844315701234362	0.11880901670328671	0.0689628285820917	0.10169265912215383
CANT1	na	0.06982579836085576	4.600964965385513e-22	0.13663823082263377	0.16302753786435425	0.09058245315905565	1.5698411379616087e-19	0.04185324538274464
C1QTNF1	na	0.0	0.0	0.0	0.0	0.0	0.0	0.0
ENGASE	na	0.0	0.0	0.0	0.0	0.0	0.0	0.0
CBX2	na	0.0	0.0	0.0	0.0	0.0	0.0	0.0
CBX8	na	0.0	0.0	0.0	0.0	0.0	0.0	0.0
LINC01977	na	0.0	0.0	0.0	0.0	0.0	0.0	0.0
CBX4	na	0.0	0.0	0.0	0.0	0.0	0.0	0.0
TBC1D16	na	0.0	0.0	0.0	0.0	0.0	0.0	0.0
CCDC40	na	0.0	0.0	0.0	0.0	0.0	0.0	0.0
GAA	na	0.0	0.0	0.0	0.0	0.0	0.0	0.0
EIF4A3	na	0.0	0.0	0.0	0.0	0.0	0.0	0.0
CARD14	na	0.0	0.0	0.0	0.0	0.0	0.0	0.0
AC087741.1	na	0.0	0.0	0.0	0.0	0.0	0.0	0.0
SGSH	na	0.0	0.0	0.0	0.0	0.0	0.0	0.0
SLC26A11	na	0.0	0.0	0.0	0.0	0.0	0.0	0.0
RNF213	na	0.0	0.0	0.0	0.0	0.0	0.0	0.0
ENDOV	na	0.0	0.0	0.0	0.0	0.0	0.0	0.0
RPTOR	na	0.0	0.0	0.0	0.0	0.0	0.0	0.0
CHMP6	na	0.0	0.0	0.0	0.0	0.0	0.0	0.0
BAIAP2-DT	na	0.0	0.0	0.0	0.0	0.0	0.0	0.0
BAIAP2	na	0.0	0.0	0.0	0.0	0.0	0.0	0.0
AATK	na	0.0	0.0	0.0	0.0	0.0	0.0	0.0
CEP131	na	0.0	0.0	0.0	0.0	0.0	0.0	0.0
TEPSIN	na	0.0	0.0	0.0	0.0	0.0	0.0	0.0
NDUFAF8	na	0.0	0.0	0.0	0.0	0.0	0.0	0.0
SLC38A10	na	0.0	0.0	0.0	0.0	0.0	0.0	0.0
AC110285.6	na	0.0	0.0	0.0	0.0	0.0	0.0	0.0
AC110285.2	na	0.0	0.0	0.0	0.0	0.0	0.0	0.0
BAHCC1	na	0.0	0.0	0.0	0.0	0.0	0.0	0.0
ACTG1	na	0.670610510136123	1.3330411390139845e-23	1.3183042221451546	1.494168382587203	0.8137691183549104	0.18765916610310734	0.7601233885570954
FAAP100	na	0.0	0.0	0.0	0.0	0.0	0.0	0.0
NPLOC4	na	0.0	0.0	0.0	0.0	0.0	0.0	0.0
OXLD1	na	0.0	0.0	0.0	0.0	0.0	0.0	0.0
CCDC137	na	0.0	0.0	0.0	0.0	0.0	0.0	0.0
ARL16	na	0.0	0.0	0.0	0.0	0.0	0.0	0.0
HGS	na	0.0	0.0	0.0	0.0	0.0	0.0	0.0
AC139530.1	na	0.0	0.0	0.0	0.0	0.0	0.0	0.0
MRPL12	na	0.05704700623892833	3.8538511531544275e-15	0.10858618680539747	0.13111705654447395	0.07975117441885017	0.022525732357518695	0.04861612517721298
SLC25A10	na	0.0	0.0	0.0	0.0	0.0	0.0	0.0
MCRIP1	na	0.0	0.0	0.0	0.0	0.0	0.0	0.0
P4HB	na	0.13119913211427492	5.3218335820231546e-17	0.288147008989414	0.35132350155195313	0.17734036779719084	0.01820615037446981	0.0889204502949363
AC145207.3	na	0.0	0.0	0.0	0.0	0.0	0.0	0.0
ARHGDIA	na	0.07519029274784637	4.334445547543426e-27	0.1651945898592205	0.20131330953579937	0.11003474994227723	2.2468628622801897e-21	0.06336874766574502
AC145207.5	na	0.0	0.0	0.0	0.0	0.0	0.0	0.0
ALYREF	na	0.0	0.0	0.0	0.0	0.0	0.0	0.0
ANAPC11	na	0.11991953626861052	0.07482960601003766	0.11932465817364758	0.1568953355825973	0.10317038239854386	0.10543200747276742	0.10173507614228461
PCYT2	na	0.0	0.0	0.0	0.0	0.0	0.0	0.0
SIRT7	na	0.0	0.0	0.0	0.0	0.0	0.0	0.0
MAFG	na	0.0	0.0	0.0	0.0	0.0	0.0	0.0
MAFG-DT	na	0.0	0.0	0.0	0.0	0.0	0.0	0.0
PYCR1	na	0.0	0.0	0.0	0.0	0.0	0.0	0.0
ASPSCR1	na	0.0	0.0	0.0	0.0	0.0	0.0	0.0
CENPX	na	0.08856123827507272	0.051729177121587526	0.13341416520292146	0.17549903645335868	0.10174597361100779	0.03864452171542709	0.09497524629530604
LRRC45	na	0.0	0.0	0.0	0.0	0.0	0.0	0.0
RAC3	na	0.0	0.0	0.0	0.0	0.0	0.0	0.0
DCXR	na	0.07037700093470677	6.069384379877802e-15	0.13126058164409132	0.15890504170545205	0.09158590742739321	0.025062318348507386	0.05556997481913745
RFNG	na	0.0	0.0	0.0	0.0	0.0	0.0	0.0
GPS1	na	0.0	0.0	0.0	0.0	0.0	0.0	0.0
DUS1L	na	0.0	0.0	0.0	0.0	0.0	0.0	0.0
FASN	na	0.12574196334598756	3.848654875683902e-17	0.25823901080375844	0.3863847007988165	0.19135312173876484	0.01753212702895103	0.05133531787480549
CCDC57	na	0.07163708749849226	0.004926771880630553	0.10686862138569765	0.1443882090986508	0.08416440377517842	0.04579978852787763	0.0789346122466097
SLC16A3	na	0.0	0.0	0.0	0.0	0.0	0.0	0.0
CSNK1D	na	0.06833856956968885	2.8975559975511016e-16	0.11774139520630615	0.1427463653767998	0.08739676936961359	0.0036649331402484327	0.026110456721194265
AC132872.1	na	0.0	0.0	0.0	0.0	0.0	0.0	0.0
CD7	na	0.0	0.0	0.0	0.0	0.0	0.0	0.0
SECTM1	na	0.0	0.0	0.0	0.0	0.0	0.0	0.0
OGFOD3	na	0.0	0.0	0.0	0.0	0.0	0.0	0.0
HEXDC	na	0.0	0.0	0.0	0.0	0.0	0.0	0.0
CYBC1	na	0.0	0.0	0.0	0.0	0.0	0.0	0.0
NARF	na	0.0	0.0	0.0	0.0	0.0	0.0	0.0
FOXK2	na	0.0	0.0	0.0	0.0	0.0	0.0	0.0
AC124283.1	na	0.0	0.0	0.0	0.0	0.0	0.0	0.0
WDR45B	na	0.0	0.0	0.0	0.0	0.0	0.0	0.0
RAB40B	na	0.0	0.0	0.0	0.0	0.0	0.0	0.0
FN3KRP	na	0.0	0.0	0.0	0.0	0.0	0.0	0.0
FN3K	na	0.0	0.0	0.0	0.0	0.0	0.0	0.0
TBCD	na	0.0	0.0	0.0	0.0	0.0	0.0	0.0
ZNF750	na	0.0	0.0	0.0	0.0	0.0	0.0	0.0
B3GNTL1	na	0.0	0.0	0.0	0.0	0.0	0.0	0.0
METRNL	na	0.0	0.0	0.0	0.0	0.0	0.0	0.0
USP14	na	0.04701686013958429	2.9097138305982404e-16	0.11361196814292962	0.13580967616444012	0.08245283091106642	0.004308158153097619	0.05607177370053747
THOC1	na	0.0	0.0	0.0	0.0	0.0	0.0	0.0
COLEC12	na	0.0	0.0	0.0	0.0	0.0	0.0	0.0
TYMS	na	0.0	0.0	0.0	0.0	0.0	0.0	0.0
ENOSF1	na	0.0	0.0	0.0	0.0	0.0	0.0	0.0
YES1	na	0.0	0.0	0.0	0.0	0.0	0.0	0.0
AP000894.4	na	0.0	0.0	0.0	0.0	0.0	0.0	0.0
METTL4	na	0.0	0.0	0.0	0.0	0.0	0.0	0.0
NDC80	na	0.0	0.0	0.0	0.0	0.0	0.0	0.0
SMCHD1	na	0.0	0.0	0.0	0.0	0.0	0.0	0.0
EMILIN2	na	0.0	0.0	0.0	0.0	0.0	0.0	0.0
LPIN2	na	0.0	0.0	0.0	0.0	0.0	0.0	0.0
AP005329.3	na	0.0	0.0	0.0	0.0	0.0	0.0	0.0
MYL12A	na	0.0952186560665437	0.11408386601093043	0.1157757350580014	0.1435168659266049	0.10101593557544414	0.13437293986099855	0.12761107903331115
MYL12B	na	0.13910891233046424	0.1534128707992761	0.17056543925388928	0.1787673934725089	0.1380076917771796	0.16686194067791352	0.21735149707462417
TGIF1	na	0.0	0.0	0.0	0.0	0.0	0.0	0.0
GAPLINC	na	0.0	0.0	0.0	0.0	0.0	0.0	0.0
DLGAP1	na	0.0	0.0	0.0	0.0	0.0	0.0	0.0
DLGAP1-AS1	na	0.0	0.0	0.0	0.0	0.0	0.0	0.0
LINC00526	na	0.0	0.0	0.0	0.0	0.0	0.0	0.0
LINC00667	na	0.0	0.0	0.0	0.0	0.0	0.0	0.0
ZBTB14	na	0.0	0.0	0.0	0.0	0.0	0.0	0.0
EPB41L3	na	0.0	0.0	0.0	0.0	0.0	0.0	0.0
L3MBTL4-AS1	na	0.0	0.0	0.0	0.0	0.0	0.0	0.0
PTPRM	na	0.0	0.0	0.0	0.0	0.0	0.0	0.0
RAB12	na	0.0	0.0	0.0	0.0	0.0	0.0	0.0
MTCL1	na	0.0	0.0	0.0	0.0	0.0	0.0	0.0
NDUFV2	na	0.09123743873646449	0.08370534731980049	0.13898990431189845	0.16130757406321242	0.10752934273716158	0.10659832306435078	0.16753283322380566
NDUFV2-AS1	na	0.0	0.0	0.0	0.0	0.0	0.0	0.0
ANKRD12	na	0.0	0.0	0.0	0.0	0.0	0.0	0.0
TWSG1	na	0.0	0.0	0.0	0.0	0.0	0.0	0.0
RALBP1	na	0.0	0.0	0.0	0.0	0.0	0.0	0.0
PPP4R1	na	0.0	0.0	0.0	0.0	0.0	0.0	0.0
RAB31	na	0.0	0.0	0.0	0.0	0.0	0.0	0.0
VAPA	na	0.08007285821050084	0.012467048612262693	0.134392773708198	0.15602784579936843	0.09028697452494888	0.037925499619367684	0.06714132198437131
APCDD1	na	0.0	0.0	0.0	0.0	0.0	0.0	0.0
NAPG	na	0.0	0.0	0.0	0.0	0.0	0.0	0.0
PIEZO2	na	0.0	0.0	0.0	0.0	0.0	0.0	0.0
CHMP1B	na	0.06098427457963584	7.899932212585553e-17	0.12200665943827649	0.1503190292330217	0.07976380937896163	0.016462788708780568	0.03611522938775104
CHMP1B-AS1	na	0.0	0.0	0.0	0.0	0.0	0.0	0.0
MPPE1	na	0.0	0.0	0.0	0.0	0.0	0.0	0.0
IMPA2	na	0.0	0.0	0.0	0.0	0.0	0.0	0.0
TUBB6	na	0.0	0.0	0.0	0.0	0.0	0.0	0.0
AFG3L2	na	0.0	0.0	0.0	0.0	0.0	0.0	0.0
PRELID3A	na	0.0	0.0	0.0	0.0	0.0	0.0	0.0
SPIRE1	na	0.0	0.0	0.0	0.0	0.0	0.0	0.0
PSMG2	na	0.04697286707984081	0.021795208695843074	0.10582705407559766	0.13132025284895263	0.08113054539766529	0.043303641566449454	0.06054765489403192
CEP76	na	0.0	0.0	0.0	0.0	0.0	0.0	0.0
PTPN2	na	0.0	0.0	0.0	0.0	0.0	0.0	0.0
SEH1L	na	0.0	0.0	0.0	0.0	0.0	0.0	0.0
CEP192	na	0.0	0.0	0.0	0.0	0.0	0.0	0.0
LDLRAD4	na	0.09269234882848246	0.025865482639297447	0.1548867420709268	0.16614709298194005	0.10381462299252586	0.03013841628454408	0.11973708570616573
FAM210A	na	0.0	0.0	0.0	0.0	0.0	0.0	0.0
RNMT	na	0.0	0.0	0.0	0.0	0.0	0.0	0.0
ZNF519	na	0.0	0.0	0.0	0.0	0.0	0.0	0.0
ANKRD30B	na	0.0	0.0	0.0	0.0	0.0	0.0	0.0
ROCK1	na	0.0	0.0	0.0	0.0	0.0	0.0	0.0
GREB1L	na	0.0	0.0	0.0	0.0	0.0	0.0	0.0
ESCO1	na	0.0	0.0	0.0	0.0	0.0	0.0	0.0
SNRPD1	na	0.0541091110153998	0.0009118639377363253	0.10900362287451061	0.1297464125067689	0.0764415581955656	0.038282837107237316	0.053188892014253406
ABHD3	na	0.0	0.0	0.0	0.0	0.0	0.0	0.0
MIB1	na	0.0	0.0	0.0	0.0	0.0	0.0	0.0
GATA6	na	0.0	0.0	0.0	0.0	0.0	0.0	0.0
RBBP8	na	0.0	0.0	0.0	0.0	0.0	0.0	0.0
CABLES1	na	0.0	0.0	0.0	0.0	0.0	0.0	0.0
TMEM241	na	0.0	0.0	0.0	0.0	0.0	0.0	0.0
RIOK3	na	0.0	0.0	0.0	0.0	0.0	0.0	0.0
RMC1	na	0.0	0.0	0.0	0.0	0.0	0.0	0.0
NPC1	na	0.0	0.0	0.0	0.0	0.0	0.0	0.0
TTC39C	na	0.0	0.0	0.0	0.0	0.0	0.0	0.0
CABYR	na	0.0	0.0	0.0	0.0	0.0	0.0	0.0
OSBPL1A	na	0.0	0.0	0.0	0.0	0.0	0.0	0.0
IMPACT	na	0.0	0.0	0.0	0.0	0.0	0.0	0.0
ZNF521	na	0.0	0.0	0.0	0.0	0.0	0.0	0.0
SS18	na	0.0	0.0	0.0	0.0	0.0	0.0	0.0
KCTD1	na	0.0	0.0	0.0	0.0	0.0	0.0	0.0
CDH2	na	0.0	0.0	0.0	0.0	0.0	0.0	0.0
DSC2	na	0.0	0.0	0.0	0.0	0.0	0.0	0.0
DSG2	na	0.0	0.0	0.0	0.0	0.0	0.0	0.0
TRAPPC8	na	0.0	0.0	0.0	0.0	0.0	0.0	0.0
RNF138	na	0.0	0.0	0.0	0.0	0.0	0.0	0.0
GAREM1	na	0.0	0.0	0.0	0.0	0.0	0.0	0.0
DTNA	na	0.0	0.0	0.0	0.0	0.0	0.0	0.0
MAPRE2	na	0.0	0.0	0.0	0.0	0.0	0.0	0.0
ZNF397	na	0.0	0.0	0.0	0.0	0.0	0.0	0.0
ZSCAN30	na	0.0	0.0	0.0	0.0	0.0	0.0	0.0
ZNF24	na	0.0	0.0	0.0	0.0	0.0	0.0	0.0
ZNF396	na	0.0	0.0	0.0	0.0	0.0	0.0	0.0
INO80C	na	0.0	0.0	0.0	0.0	0.0	0.0	0.0
GALNT1	na	0.0	0.0	0.0	0.0	0.0	0.0	0.0
C18orf21	na	0.0	0.0	0.0	0.0	0.0	0.0	0.0
RPRD1A	na	0.0	0.0	0.0	0.0	0.0	0.0	0.0
SLC39A6	na	0.0	0.0	0.0	0.0	0.0	0.0	0.0
ELP2	na	0.0	0.0	0.0	0.0	0.0	0.0	0.0
AC023043.1	na	0.0	0.0	0.0	0.0	0.0	0.0	0.0
MOCOS	na	0.0	0.0	0.0	0.0	0.0	0.0	0.0
FHOD3	na	0.0	0.0	0.0	0.0	0.0	0.0	0.0
TPGS2	na	0.0	0.0	0.0	0.0	0.0	0.0	0.0
KIAA1328	na	0.0	0.0	0.0	0.0	0.0	0.0	0.0
PIK3C3	na	0.0	0.0	0.0	0.0	0.0	0.0	0.0
SETBP1	na	0.0	0.0	0.0	0.0	0.0	0.0	0.0
EPG5	na	0.0	0.0	0.0	0.0	0.0	0.0	0.0
PSTPIP2	na	0.0	0.0	0.0	0.0	0.0	0.0	0.0
ATP5F1A	na	0.07310027438606945	0.01652614632958405	0.11540866801647652	0.13209332298997176	0.08157821219149307	0.03329224522007966	0.06994332902438846
HAUS1	na	0.0	0.0	0.0	0.0	0.0	0.0	0.0
C18orf25	na	0.0	0.0	0.0	0.0	0.0	0.0	0.0
PIAS2	na	0.0	0.0	0.0	0.0	0.0	0.0	0.0
KATNAL2	na	0.0	0.0	0.0	0.0	0.0	0.0	0.0
HDHD2	na	0.0	0.0	0.0	0.0	0.0	0.0	0.0
IER3IP1	na	0.0	0.0	0.0	0.0	0.0	0.0	0.0
SMAD2	na	0.0	0.0	0.0	0.0	0.0	0.0	0.0
CTIF	na	0.0	0.0	0.0	0.0	0.0	0.0	0.0
SMAD7	na	0.0	0.0	0.0	0.0	0.0	0.0	0.0
DYM	na	0.0	0.0	0.0	0.0	0.0	0.0	0.0
C18orf32	na	0.0	0.0	0.0	0.0	0.0	0.0	0.0
RPL17	na	0.08695387152213771	1.4391286681610442e-22	0.17624264577625262	0.24322537889584167	0.1199258538676383	0.03257968751444384	0.07988730227223631
ACAA2	na	0.0	0.0	0.0	0.0	0.0	0.0	0.0
MYO5B	na	0.0	0.0	0.0	0.0	0.0	0.0	0.0
CFAP53	na	0.0	0.0	0.0	0.0	0.0	0.0	0.0
MBD1	na	0.0	0.0	0.0	0.0	0.0	0.0	0.0
CXXC1	na	0.0	0.0	0.0	0.0	0.0	0.0	0.0
SKA1	na	0.0	0.0	0.0	0.0	0.0	0.0	0.0
MRO	na	0.0	0.0	0.0	0.0	0.0	0.0	0.0
ME2	na	0.0	0.0	0.0	0.0	0.0	0.0	0.0
ELAC1	na	0.0	0.0	0.0	0.0	0.0	0.0	0.0
SMAD4	na	0.0	0.0	0.0	0.0	0.0	0.0	0.0
MEX3C	na	0.0	0.0	0.0	0.0	0.0	0.0	0.0
MBD2	na	0.0	0.0	0.0	0.0	0.0	0.0	0.0
POLI	na	0.0	0.0	0.0	0.0	0.0	0.0	0.0
C18orf54	na	0.0	0.0	0.0	0.0	0.0	0.0	0.0
RAB27B	na	0.0	0.0	0.0	0.0	0.0	0.0	0.0
TCF4	na	0.0	0.0	0.0	0.0	0.0	0.0	0.0
TXNL1	na	0.0	0.0	0.0	0.0	0.0	0.0	0.0
WDR7	na	0.0	0.0	0.0	0.0	0.0	0.0	0.0
ONECUT2	na	0.0	0.0	0.0	0.0	0.0	0.0	0.0
FECH	na	0.0	0.0	0.0	0.0	0.0	0.0	0.0
NARS	na	0.0	0.0	0.0	0.0	0.0	0.0	0.0
ATP8B1	na	0.0	0.0	0.0	0.0	0.0	0.0	0.0
NEDD4L	na	0.0	0.0	0.0	0.0	0.0	0.0	0.0
MALT1	na	0.0	0.0	0.0	0.0	0.0	0.0	0.0
ZNF532	na	0.0	0.0	0.0	0.0	0.0	0.0	0.0
SEC11C	na	0.0	0.0	0.0	0.0	0.0	0.0	0.0
GRP	na	0.0	0.0	0.0	0.0	0.0	0.0	0.0
LMAN1	na	0.0	0.0	0.0	0.0	0.0	0.0	0.0
PMAIP1	na	0.0	0.0	0.0	0.0	0.0	0.0	0.0
RNF152	na	0.0	0.0	0.0	0.0	0.0	0.0	0.0
PIGN	na	0.0	0.0	0.0	0.0	0.0	0.0	0.0
KIAA1468	na	0.0	0.0	0.0	0.0	0.0	0.0	0.0
TNFRSF11A	na	0.0	0.0	0.0	0.0	0.0	0.0	0.0
ZCCHC2	na	0.0	0.0	0.0	0.0	0.0	0.0	0.0
PHLPP1	na	0.0	0.0	0.0	0.0	0.0	0.0	0.0
BCL2	na	0.0	0.0	0.0	0.0	0.0	0.0	0.0
KDSR	na	0.0	0.0	0.0	0.0	0.0	0.0	0.0
AC036176.1	na	0.0	0.0	0.0	0.0	0.0	0.0	0.0
VPS4B	na	0.0	0.0	0.0	0.0	0.0	0.0	0.0
SERPINB8	na	0.0	0.0	0.0	0.0	0.0	0.0	0.0
DSEL	na	0.0	0.0	0.0	0.0	0.0	0.0	0.0
TMX3	na	0.0	0.0	0.0	0.0	0.0	0.0	0.0
CCDC102B	na	0.0	0.0	0.0	0.0	0.0	0.0	0.0
CD226	na	0.0	0.0	0.0	0.0	0.0	0.0	0.0
RTTN	na	0.0	0.0	0.0	0.0	0.0	0.0	0.0
SOCS6	na	0.0	0.0	0.0	0.0	0.0	0.0	0.0
LINC01909	na	0.0	0.0	0.0	0.0	0.0	0.0	0.0
TIMM21	na	0.0	0.0	0.0	0.0	0.0	0.0	0.0
CYB5A	na	0.08325653693180207	0.0676891233471432	0.09040350414350207	0.11097790109264381	0.074307906330918	0.06905345044733227	0.10124743020386569
FAM69C	na	0.0	0.0	0.0	0.0	0.0	0.0	0.0
CNDP2	na	0.0	0.0	0.0	0.0	0.0	0.0	0.0
LINC00909	na	0.0	0.0	0.0	0.0	0.0	0.0	0.0
ZNF407	na	0.0	0.0	0.0	0.0	0.0	0.0	0.0
ZADH2	na	0.0	0.0	0.0	0.0	0.0	0.0	0.0
TSHZ1	na	0.0	0.0	0.0	0.0	0.0	0.0	0.0
ZNF516	na	0.0	0.0	0.0	0.0	0.0	0.0	0.0
ZNF236	na	0.0	0.0	0.0	0.0	0.0	0.0	0.0
MBP	na	0.0	0.0	0.0	0.0	0.0	0.0	0.0
ATP9B	na	0.0	0.0	0.0	0.0	0.0	0.0	0.0
NFATC1	na	0.0	0.0	0.0	0.0	0.0	0.0	0.0
AC068473.5	na	0.0	0.0	0.0	0.0	0.0	0.0	0.0
CTDP1	na	0.0	0.0	0.0	0.0	0.0	0.0	0.0
PQLC1	na	0.0	0.0	0.0	0.0	0.0	0.0	0.0
HSBP1L1	na	0.0	0.0	0.0	0.0	0.0	0.0	0.0
TXNL4A	na	0.0	0.0	0.0	0.0	0.0	0.0	0.0
RBFA	na	0.0	0.0	0.0	0.0	0.0	0.0	0.0
ADNP2	na	0.0	0.0	0.0	0.0	0.0	0.0	0.0
PARD6G-AS1	na	0.0	0.0	0.0	0.0	0.0	0.0	0.0
PARD6G	na	0.0	0.0	0.0	0.0	0.0	0.0	0.0
DEFB126	na	0.0	0.0	0.0	0.0	0.0	0.0	0.0
C20orf96	na	0.0	0.0	0.0	0.0	0.0	0.0	0.0
ZCCHC3	na	0.0	0.0	0.0	0.0	0.0	0.0	0.0
SOX12	na	0.0	0.0	0.0	0.0	0.0	0.0	0.0
NRSN2	na	0.0	0.0	0.0	0.0	0.0	0.0	0.0
TRIB3	na	0.0	0.0	0.0	0.0	0.0	0.0	0.0
RBCK1	na	0.0	0.0	0.0	0.0	0.0	0.0	0.0
TBC1D20	na	0.0	0.0	0.0	0.0	0.0	0.0	0.0
CSNK2A1	na	0.0	0.0	0.0	0.0	0.0	0.0	0.0
SRXN1	na	0.0	0.0	0.0	0.0	0.0	0.0	0.0
SLC52A3	na	0.0	0.0	0.0	0.0	0.0	0.0	0.0
FAM110A	na	0.0	0.0	0.0	0.0	0.0	0.0	0.0
PSMF1	na	0.0	0.0	0.0	0.0	0.0	0.0	0.0
TMEM74B	na	0.0	0.0	0.0	0.0	0.0	0.0	0.0
SNPH	na	0.0	0.0	0.0	0.0	0.0	0.0	0.0
SDCBP2	na	0.0	0.0	0.0	0.0	0.0	0.0	0.0
SDCBP2-AS1	na	0.0	0.0	0.0	0.0	0.0	0.0	0.0
FKBP1A	na	0.09143477372017952	4.272454684520246e-18	0.1513821512408803	0.17259652352467228	0.09484109062460411	9.913379086667474e-18	0.06707597964722199
NSFL1C	na	0.0	0.0	0.0	0.0	0.0	0.0	0.0
SIRPA	na	0.0	0.0	0.0	0.0	0.0	0.0	0.0
STK35	na	0.0	0.0	0.0	0.0	0.0	0.0	0.0
TGM3	na	0.0	0.0	0.0	0.0	0.0	0.0	0.0
SNRPB	na	0.09829857865262198	0.03213032828351328	0.1581198979615518	0.14045713646918165	0.09600320548041881	0.026536279784182222	0.12533084743394043
ZNF343	na	0.0	0.0	0.0	0.0	0.0	0.0	0.0
NOP56	na	0.0	0.0	0.0	0.0	0.0	0.0	0.0
IDH3B	na	0.0	0.0	0.0	0.0	0.0	0.0	0.0
EBF4	na	0.0	0.0	0.0	0.0	0.0	0.0	0.0
CPXM1	na	0.0	0.0	0.0	0.0	0.0	0.0	0.0
PCED1A	na	0.0	0.0	0.0	0.0	0.0	0.0	0.0
VPS16	na	0.0	0.0	0.0	0.0	0.0	0.0	0.0
PTPRA	na	0.0	0.0	0.0	0.0	0.0	0.0	0.0
MRPS26	na	0.0	0.0	0.0	0.0	0.0	0.0	0.0
UBOX5	na	0.0	0.0	0.0	0.0	0.0	0.0	0.0
FASTKD5	na	0.0	0.0	0.0	0.0	0.0	0.0	0.0
LZTS3	na	0.0	0.0	0.0	0.0	0.0	0.0	0.0
DDRGK1	na	0.0	0.0	0.0	0.0	0.0	0.0	0.0
ITPA	na	0.0	0.0	0.0	0.0	0.0	0.0	0.0
SLC4A11	na	0.0	0.0	0.0	0.0	0.0	0.0	0.0
C20orf194	na	0.0	0.0	0.0	0.0	0.0	0.0	0.0
ATRN	na	0.0	0.0	0.0	0.0	0.0	0.0	0.0
SIGLEC1	na	0.0	0.0	0.0	0.0	0.0	0.0	0.0
HSPA12B	na	0.0	0.0	0.0	0.0	0.0	0.0	0.0
C20orf27	na	0.0	0.0	0.0	0.0	0.0	0.0	0.0
SPEF1	na	0.0	0.0	0.0	0.0	0.0	0.0	0.0
CENPB	na	0.0	0.0	0.0	0.0	0.0	0.0	0.0
CDC25B	na	0.0	0.0	0.0	0.0	0.0	0.0	0.0
AP5S1	na	0.0	0.0	0.0	0.0	0.0	0.0	0.0
MAVS	na	0.0	0.0	0.0	0.0	0.0	0.0	0.0
PANK2	na	0.0	0.0	0.0	0.0	0.0	0.0	0.0
RNF24	na	0.0	0.0	0.0	0.0	0.0	0.0	0.0
SMOX	na	0.0	0.0	0.0	0.0	0.0	0.0	0.0
PRNP	na	0.0	0.0	0.0	0.0	0.0	0.0	0.0
RASSF2	na	0.0	0.0	0.0	0.0	0.0	0.0	0.0
SLC23A2	na	0.0	0.0	0.0	0.0	0.0	0.0	0.0
TMEM230	na	0.0	0.0	0.0	0.0	0.0	0.0	0.0
PCNA	na	0.0	0.0	0.0	0.0	0.0	0.0	0.0
CDS2	na	0.0	0.0	0.0	0.0	0.0	0.0	0.0
LINC00654	na	0.0	0.0	0.0	0.0	0.0	0.0	0.0
GPCPD1	na	0.0	0.0	0.0	0.0	0.0	0.0	0.0
SHLD1	na	0.0	0.0	0.0	0.0	0.0	0.0	0.0
TRMT6	na	0.0	0.0	0.0	0.0	0.0	0.0	0.0
MCM8	na	0.0	0.0	0.0	0.0	0.0	0.0	0.0
AL035461.2	na	0.0	0.0	0.0	0.0	0.0	0.0	0.0
CRLS1	na	0.0	0.0	0.0	0.0	0.0	0.0	0.0
TMX4	na	0.0	0.0	0.0	0.0	0.0	0.0	0.0
PLCB1	na	0.0	0.0	0.0	0.0	0.0	0.0	0.0
PLCB4	na	0.0	0.0	0.0	0.0	0.0	0.0	0.0
LAMP5	na	0.0	0.0	0.0	0.0	0.0	0.0	0.0
ANKEF1	na	0.0	0.0	0.0	0.0	0.0	0.0	0.0
MKKS	na	0.0	0.0	0.0	0.0	0.0	0.0	0.0
SLX4IP	na	0.0	0.0	0.0	0.0	0.0	0.0	0.0
JAG1	na	0.0	0.0	0.0	0.0	0.0	0.0	0.0
BTBD3	na	0.0	0.0	0.0	0.0	0.0	0.0	0.0
SPTLC3	na	0.0	0.0	0.0	0.0	0.0	0.0	0.0
ISM1	na	0.0	0.0	0.0	0.0	0.0	0.0	0.0
TASP1	na	0.0	0.0	0.0	0.0	0.0	0.0	0.0
ESF1	na	0.0	0.0	0.0	0.0	0.0	0.0	0.0
NDUFAF5	na	0.0	0.0	0.0	0.0	0.0	0.0	0.0
MACROD2	na	0.0	0.0	0.0	0.0	0.0	0.0	0.0
FLRT3	na	0.0	0.0	0.0	0.0	0.0	0.0	0.0
KIF16B	na	0.0	0.0	0.0	0.0	0.0	0.0	0.0
SNRPB2	na	0.0	0.0	0.0	0.0	0.0	0.0	0.0
OTOR	na	0.0	0.0	0.0	0.0	0.0	0.0	0.0
BFSP1	na	0.0	0.0	0.0	0.0	0.0	0.0	0.0
DSTN	na	0.12692577712836006	0.05891153134264622	0.1678059448210803	0.1194152093107032	0.09870267128998603	0.028993694893041027	0.1488102203989923
RRBP1	na	0.0	0.0	0.0	0.0	0.0	0.0	0.0
SNX5	na	0.0	0.0	0.0	0.0	0.0	0.0	0.0
OVOL2	na	0.0	0.0	0.0	0.0	0.0	0.0	0.0
MGME1	na	0.0	0.0	0.0	0.0	0.0	0.0	0.0
PET117	na	0.0	0.0	0.0	0.0	0.0	0.0	0.0
KAT14	na	0.0	0.0	0.0	0.0	0.0	0.0	0.0
ZNF133	na	0.0	0.0	0.0	0.0	0.0	0.0	0.0
DZANK1	na	0.0	0.0	0.0	0.0	0.0	0.0	0.0
POLR3F	na	0.0	0.0	0.0	0.0	0.0	0.0	0.0
RBBP9	na	0.0	0.0	0.0	0.0	0.0	0.0	0.0
SEC23B	na	0.0	0.0	0.0	0.0	0.0	0.0	0.0
SMIM26	na	0.0	0.0	0.0	0.0	0.0	0.0	0.0
DTD1	na	0.0	0.0	0.0	0.0	0.0	0.0	0.0
SLC24A3	na	0.0	0.0	0.0	0.0	0.0	0.0	0.0
AL121761.1	na	0.0	0.0	0.0	0.0	0.0	0.0	0.0
RIN2	na	0.0	0.0	0.0	0.0	0.0	0.0	0.0
NAA20	na	0.0	0.0	0.0	0.0	0.0	0.0	0.0
CRNKL1	na	0.0	0.0	0.0	0.0	0.0	0.0	0.0
CFAP61	na	0.0	0.0	0.0	0.0	0.0	0.0	0.0
RALGAPA2	na	0.0	0.0	0.0	0.0	0.0	0.0	0.0
KIZ	na	0.0	0.0	0.0	0.0	0.0	0.0	0.0
XRN2	na	0.0	0.0	0.0	0.0	0.0	0.0	0.0
NKX2-2	na	0.0	0.0	0.0	0.0	0.0	0.0	0.0
THBD	na	0.0	0.0	0.0	0.0	0.0	0.0	0.0
CD93	na	0.0	0.0	0.0	0.0	0.0	0.0	0.0
NXT1	na	0.0	0.0	0.0	0.0	0.0	0.0	0.0
LINC01431	na	0.0	0.0	0.0	0.0	0.0	0.0	0.0
GZF1	na	0.0	0.0	0.0	0.0	0.0	0.0	0.0
NAPB	na	0.0	0.0	0.0	0.0	0.0	0.0	0.0
CST3	na	0.27040493207897454	0.06907194240355023	0.3987396238943788	0.3488340219613353	0.2536713614527432	0.09673083547457945	0.3124954964384478
CST2	na	0.0	0.0	0.0	0.0	0.0	0.0	0.0
CST5	na	0.0	0.0	0.0	0.0	0.0	0.0	0.0
SYNDIG1	na	0.0	0.0	0.0	0.0	0.0	0.0	0.0
AL035661.1	na	0.0	0.0	0.0	0.0	0.0	0.0	0.0
CST7	na	0.0	0.0	0.0	0.0	0.0	0.0	0.0
APMAP	na	0.07989446764230075	5.40986460367337e-21	0.13828315420816711	0.162393536367499	0.10029196741609889	0.010158752812068869	0.06512689807776376
ACSS1	na	0.0	0.0	0.0	0.0	0.0	0.0	0.0
ENTPD6	na	0.0	0.0	0.0	0.0	0.0	0.0	0.0
PYGB	na	0.0	0.0	0.0	0.0	0.0	0.0	0.0
ABHD12	na	0.0	0.0	0.0	0.0	0.0	0.0	0.0
GINS1	na	0.0	0.0	0.0	0.0	0.0	0.0	0.0
NINL	na	0.0	0.0	0.0	0.0	0.0	0.0	0.0
NANP	na	0.0	0.0	0.0	0.0	0.0	0.0	0.0
ZNF337	na	0.0	0.0	0.0	0.0	0.0	0.0	0.0
AL390198.1	na	0.0	0.0	0.0	0.0	0.0	0.0	0.0
HM13	na	0.07161901386135043	2.0165460964156742e-14	0.16517957120142526	0.20580420494287757	0.11060843483394163	0.011035370503116563	0.05234047409103855
ID1	na	0.0	0.0	0.0	0.0	0.0	0.0	0.0
COX4I2	na	0.0	0.0	0.0	0.0	0.0	0.0	0.0
BCL2L1	na	0.0	0.0	0.0	0.0	0.0	0.0	0.0
TPX2	na	0.0	0.0	0.0	0.0	0.0	0.0	0.0
FOXS1	na	0.0	0.0	0.0	0.0	0.0	0.0	0.0
DUSP15	na	0.0	0.0	0.0	0.0	0.0	0.0	0.0
PDRG1	na	0.0	0.0	0.0	0.0	0.0	0.0	0.0
CCM2L	na	0.0	0.0	0.0	0.0	0.0	0.0	0.0
HCK	na	0.0	0.0	0.0	0.0	0.0	0.0	0.0
TM9SF4	na	0.0	0.0	0.0	0.0	0.0	0.0	0.0
PLAGL2	na	0.0	0.0	0.0	0.0	0.0	0.0	0.0
POFUT1	na	0.0	0.0	0.0	0.0	0.0	0.0	0.0
KIF3B	na	0.0	0.0	0.0	0.0	0.0	0.0	0.0
ASXL1	na	0.0	0.0	0.0	0.0	0.0	0.0	0.0
NOL4L	na	0.0	0.0	0.0	0.0	0.0	0.0	0.0
COMMD7	na	0.04259026746482834	0.0076422665041086385	0.09504271367266205	0.13922040571493116	0.0745309267419652	0.011577233626945647	0.06306244120791561
DNMT3B	na	0.0	0.0	0.0	0.0	0.0	0.0	0.0
MAPRE1	na	0.0	0.0	0.0	0.0	0.0	0.0	0.0
AL035071.1	na	0.0	0.0	0.0	0.0	0.0	0.0	0.0
BPIFB1	na	0.0	0.0	0.0	0.0	0.0	0.0	0.0
CDK5RAP1	na	0.0	0.0	0.0	0.0	0.0	0.0	0.0
SNTA1	na	0.0	0.0	0.0	0.0	0.0	0.0	0.0
CBFA2T2	na	0.0	0.0	0.0	0.0	0.0	0.0	0.0
AL121906.2	na	0.0	0.0	0.0	0.0	0.0	0.0	0.0
NECAB3	na	0.0	0.0	0.0	0.0	0.0	0.0	0.0
ACTL10	na	0.0	0.0	0.0	0.0	0.0	0.0	0.0
E2F1	na	0.0	0.0	0.0	0.0	0.0	0.0	0.0
PXMP4	na	0.0	0.0	0.0	0.0	0.0	0.0	0.0
ZNF341	na	0.0	0.0	0.0	0.0	0.0	0.0	0.0
CHMP4B	na	0.0	0.0	0.0	0.0	0.0	0.0	0.0
AL034549.1	na	0.0	0.0	0.0	0.0	0.0	0.0	0.0
RALY	na	0.08213487228196903	9.392270242742857e-16	0.14316657375093025	0.1356885469622663	0.08703100417915847	0.0422236290588069	0.05972998496653134
EIF2S2	na	0.0713022336687185	0.028068299622035456	0.10252464425877122	0.12582143235215698	0.08086269409854986	0.05848037864295383	0.07899132566723031
AHCY	na	0.0	0.0	0.0	0.0	0.0	0.0	0.0
ITCH	na	0.0	0.0	0.0	0.0	0.0	0.0	0.0
DYNLRB1	na	0.12524864819660347	0.07401841634718291	0.1252235863300031	0.13722062923393538	0.1004688835957643	0.11596302058686514	0.12652026413606376
MAP1LC3A	na	0.039369095021040676	0.002738281975235872	0.12349126809370027	0.12493973927082269	0.07177269582858951	0.01630982141335936	0.05606417385708024
PIGU	na	0.0	0.0	0.0	0.0	0.0	0.0	0.0
NCOA6	na	0.0	0.0	0.0	0.0	0.0	0.0	0.0
TP53INP2	na	0.0	0.0	0.0	0.0	0.0	0.0	0.0
GGT7	na	0.0	0.0	0.0	0.0	0.0	0.0	0.0
ACSS2	na	0.0	0.0	0.0	0.0	0.0	0.0	0.0
GSS	na	0.0	0.0	0.0	0.0	0.0	0.0	0.0
TRPC4AP	na	0.0	0.0	0.0	0.0	0.0	0.0	0.0
EDEM2	na	0.0	0.0	0.0	0.0	0.0	0.0	0.0
PROCR	na	0.0	0.0	0.0	0.0	0.0	0.0	0.0
MMP24OS	na	0.06879121684373019	4.619712440435595e-21	0.12332629421020681	0.13876831294303038	0.07855816879699334	0.027285432826813828	0.05280172413337368
EIF6	na	0.06727090890586969	8.994064812401848e-16	0.1308750693098925	0.13293836178204627	0.07912146811538173	0.024942063314481427	0.051440230463343194
UQCC1	na	0.0	0.0	0.0	0.0	0.0	0.0	0.0
CEP250	na	0.0	0.0	0.0	0.0	0.0	0.0	0.0
ERGIC3	na	0.0966762255541459	8.878053980534011e-16	0.13277007432148918	0.17528020917614884	0.0954700704259663	0.010794860134365782	0.03848060717530846
SPAG4	na	0.0	0.0	0.0	0.0	0.0	0.0	0.0
CPNE1	na	0.0	0.0	0.0	0.0	0.0	0.0	0.0
RBM12	na	0.0	0.0	0.0	0.0	0.0	0.0	0.0
NFS1	na	0.0	0.0	0.0	0.0	0.0	0.0	0.0
ROMO1	na	0.16042020373178975	0.14843285769843004	0.21250883710453083	0.25515302126734224	0.1754547056117088	0.17498609380812313	0.2691064109550832
RBM39	na	0.0686060824860596	2.1255064875023582e-15	0.1449712383252106	0.1629520453348826	0.09430870980096236	0.028796830171762412	0.05375923207666627
PHF20	na	0.0	0.0	0.0	0.0	0.0	0.0	0.0
SCAND1	na	0.07531108233884634	0.0004812695511450027	0.13499294151095306	0.17730397632265774	0.09833991242595759	0.0334505931392529	0.06423040090634449
CNBD2	na	0.0	0.0	0.0	0.0	0.0	0.0	0.0
NORAD	na	0.09290714437680214	3.6031389715570345e-20	0.27901544641820164	0.2980033964059925	0.1600705294793094	2.277271808437009e-18	0.07880103380291932
AL035420.3	na	0.0	0.0	0.0	0.0	0.0	0.0	0.0
EPB41L1	na	0.0	0.0	0.0	0.0	0.0	0.0	0.0
AAR2	na	0.0	0.0	0.0	0.0	0.0	0.0	0.0
DLGAP4	na	0.0	0.0	0.0	0.0	0.0	0.0	0.0
MYL9	na	0.12107705365969379	0.07083981848635583	0.16712066425362537	0.1544807553322484	0.12279679902067848	0.0774664359838057	0.19923026972601415
TGIF2	na	0.0	0.0	0.0	0.0	0.0	0.0	0.0
RAB5IF	na	0.07769877816628828	2.423429976246532e-20	0.11422652989858977	0.14142826612138895	0.08651172018023892	0.0322922430879871	0.048854442208980046
SLA2	na	0.0	0.0	0.0	0.0	0.0	0.0	0.0
NDRG3	na	0.0	0.0	0.0	0.0	0.0	0.0	0.0
DSN1	na	0.0	0.0	0.0	0.0	0.0	0.0	0.0
SOGA1	na	0.0	0.0	0.0	0.0	0.0	0.0	0.0
SAMHD1	na	0.0	0.0	0.0	0.0	0.0	0.0	0.0
RBL1	na	0.0	0.0	0.0	0.0	0.0	0.0	0.0
RPN2	na	0.14141645160991084	4.347453696632008e-21	0.30913988900108125	0.36917375613988557	0.1904600534950836	1.246891331579398e-18	0.05115014162444643
GHRH	na	0.0	0.0	0.0	0.0	0.0	0.0	0.0
MANBAL	na	0.0	0.0	0.0	0.0	0.0	0.0	0.0
SRC	na	0.0	0.0	0.0	0.0	0.0	0.0	0.0
BLCAP	na	0.0	0.0	0.0	0.0	0.0	0.0	0.0
CTNNBL1	na	0.0	0.0	0.0	0.0	0.0	0.0	0.0
TTI1	na	0.0	0.0	0.0	0.0	0.0	0.0	0.0
RPRD1B	na	0.0	0.0	0.0	0.0	0.0	0.0	0.0
TGM2	na	0.0	0.0	0.0	0.0	0.0	0.0	0.0
KIAA1755	na	0.0	0.0	0.0	0.0	0.0	0.0	0.0
RALGAPB	na	0.0	0.0	0.0	0.0	0.0	0.0	0.0
ARHGAP40	na	0.0	0.0	0.0	0.0	0.0	0.0	0.0
ACTR5	na	0.0	0.0	0.0	0.0	0.0	0.0	0.0
PPP1R16B	na	0.0	0.0	0.0	0.0	0.0	0.0	0.0
FAM83D	na	0.0	0.0	0.0	0.0	0.0	0.0	0.0
AL023803.1	na	0.0	0.0	0.0	0.0	0.0	0.0	0.0
DHX35	na	0.0	0.0	0.0	0.0	0.0	0.0	0.0
MAFB	na	0.0	0.0	0.0	0.0	0.0	0.0	0.0
TOP1	na	0.054417919751654165	6.2129268009134595e-15	0.12217061373505755	0.12573610833102844	0.07756736786961066	0.04362225792638987	0.07380499255092321
PLCG1	na	0.0	0.0	0.0	0.0	0.0	0.0	0.0
ZHX3	na	0.0	0.0	0.0	0.0	0.0	0.0	0.0
LPIN3	na	0.0	0.0	0.0	0.0	0.0	0.0	0.0
CHD6	na	0.0	0.0	0.0	0.0	0.0	0.0	0.0
PTPRT	na	0.0	0.0	0.0	0.0	0.0	0.0	0.0
SRSF6	na	0.059507565760679976	2.3502780083593992e-21	0.13350652464538582	0.14575741922785843	0.08822187059381446	0.006046834415932864	0.02503417569898155
IFT52	na	0.0	0.0	0.0	0.0	0.0	0.0	0.0
MYBL2	na	0.0	0.0	0.0	0.0	0.0	0.0	0.0
JPH2	na	0.0	0.0	0.0	0.0	0.0	0.0	0.0
OSER1	na	0.0	0.0	0.0	0.0	0.0	0.0	0.0
OSER1-DT	na	0.0	0.0	0.0	0.0	0.0	0.0	0.0
FITM2	na	0.0	0.0	0.0	0.0	0.0	0.0	0.0
TTPAL	na	0.0	0.0	0.0	0.0	0.0	0.0	0.0
SERINC3	na	0.08619009077924568	3.1933208088026703e-22	0.17449120951226985	0.2234292062344032	0.1159282276062017	0.005915084989202139	0.062407063586873576
PKIG	na	0.0	0.0	0.0	0.0	0.0	0.0	0.0
ADA	na	0.0	0.0	0.0	0.0	0.0	0.0	0.0
WISP2	na	0.0	0.0	0.0	0.0	0.0	0.0	0.0
RIMS4	na	0.0	0.0	0.0	0.0	0.0	0.0	0.0
YWHAB	na	0.08110157983374691	0.04613862503828244	0.1387718471014772	0.15252428368338947	0.10768591762188687	0.11413764484762656	0.13985031594303188
PABPC1L	na	0.0	0.0	0.0	0.0	0.0	0.0	0.0
TOMM34	na	0.0	0.0	0.0	0.0	0.0	0.0	0.0
STK4	na	0.0	0.0	0.0	0.0	0.0	0.0	0.0
SLPI	na	0.0	0.0	0.0	0.0	0.0	0.0	0.0
SDC4	na	0.06318696819821765	5.833652899835798e-23	0.17329894183474798	0.19102904356905248	0.11079749953721184	1.4609557350160738e-20	0.05850762976449491
SYS1	na	0.0	0.0	0.0	0.0	0.0	0.0	0.0
PIGT	na	0.06030862262531722	1.6800503070961313e-15	0.11834344753494365	0.14114868229895153	0.08694864075784213	0.0031392771253673127	0.04401782382035578
WFDC2	na	0.0	0.0	0.0	0.0	0.0	0.0	0.0
WFDC3	na	0.0	0.0	0.0	0.0	0.0	0.0	0.0
DNTTIP1	na	0.0	0.0	0.0	0.0	0.0	0.0	0.0
UBE2C	na	0.0515587014714103	0.0417170930271619	0.1256435911748093	0.12185846691359782	0.0818448871136084	0.0344625757205442	0.07057975040893802
TNNC2	na	0.0	0.0	0.0	0.0	0.0	0.0	0.0
SNX21	na	0.0	0.0	0.0	0.0	0.0	0.0	0.0
ACOT8	na	0.0	0.0	0.0	0.0	0.0	0.0	0.0
ZSWIM3	na	0.0	0.0	0.0	0.0	0.0	0.0	0.0
ZSWIM1	na	0.0	0.0	0.0	0.0	0.0	0.0	0.0
NEURL2	na	0.0	0.0	0.0	0.0	0.0	0.0	0.0
CTSA	na	0.05966826751841535	4.361620780209113e-23	0.13217341053992238	0.1320409309223268	0.08603646186811993	0.030924103659519222	0.0468145838738224
PLTP	na	0.0	0.0	0.0	0.0	0.0	0.0	0.0
PCIF1	na	0.0	0.0	0.0	0.0	0.0	0.0	0.0
ZNF335	na	0.0	0.0	0.0	0.0	0.0	0.0	0.0
MMP9	na	0.0	0.0	0.0	0.0	0.0	0.0	0.0
SLC12A5	na	0.0	0.0	0.0	0.0	0.0	0.0	0.0
NCOA5	na	0.0	0.0	0.0	0.0	0.0	0.0	0.0
CD40	na	0.0	0.0	0.0	0.0	0.0	0.0	0.0
SLC35C2	na	0.0	0.0	0.0	0.0	0.0	0.0	0.0
ELMO2	na	0.0	0.0	0.0	0.0	0.0	0.0	0.0
SLC13A3	na	0.0	0.0	0.0	0.0	0.0	0.0	0.0
TP53RK	na	0.0	0.0	0.0	0.0	0.0	0.0	0.0
SLC2A10	na	0.0	0.0	0.0	0.0	0.0	0.0	0.0
EYA2	na	0.0	0.0	0.0	0.0	0.0	0.0	0.0
ZMYND8	na	0.06348010193431797	4.100704345102243e-14	0.14638328239032777	0.16219888196472243	0.09815716232660927	0.031966494247050996	0.04491676217390017
NCOA3	na	0.0	0.0	0.0	0.0	0.0	0.0	0.0
SULF2	na	0.0	0.0	0.0	0.0	0.0	0.0	0.0
PREX1	na	0.0	0.0	0.0	0.0	0.0	0.0	0.0
ARFGEF2	na	0.0	0.0	0.0	0.0	0.0	0.0	0.0
CSE1L	na	0.0	0.0	0.0	0.0	0.0	0.0	0.0
STAU1	na	0.0	0.0	0.0	0.0	0.0	0.0	0.0
DDX27	na	0.0	0.0	0.0	0.0	0.0	0.0	0.0
ZNFX1	na	0.0	0.0	0.0	0.0	0.0	0.0	0.0
ZFAS1	na	0.08884459393217875	0.09575337912157014	0.07394578135924676	0.18080909384052815	0.09621036496523634	0.11718923022338582	0.11539488353954183
PTGIS	na	0.0	0.0	0.0	0.0	0.0	0.0	0.0
B4GALT5	na	0.0	0.0	0.0	0.0	0.0	0.0	0.0
SLC9A8	na	0.0	0.0	0.0	0.0	0.0	0.0	0.0
SPATA2	na	0.0	0.0	0.0	0.0	0.0	0.0	0.0
RNF114	na	0.061763268251444604	0.009907053523450006	0.11924376335616217	0.14591079801932588	0.08111793004743555	0.015987737920092518	0.050578408573272636
SNAI1	na	0.0	0.0	0.0	0.0	0.0	0.0	0.0
UBE2V1	na	0.0	0.0	0.0	0.0	0.0	0.0	0.0
TMEM189	na	0.0	0.0	0.0	0.0	0.0	0.0	0.0
CEBPB	na	0.08158172916971691	5.08214149936719e-13	0.12964805655450626	0.15181350196650187	0.08307376985719268	0.02506138476448691	0.058533179951168586
SMIM25	na	0.0	0.0	0.0	0.0	0.0	0.0	0.0
PTPN1	na	0.0	0.0	0.0	0.0	0.0	0.0	0.0
PARD6B	na	0.0	0.0	0.0	0.0	0.0	0.0	0.0
BCAS4	na	0.0	0.0	0.0	0.0	0.0	0.0	0.0
ADNP	na	0.07112085527025444	6.639926382909775e-13	0.12478712291412579	0.13775238632646256	0.08449908187204826	0.012938725076911274	0.04507900301257234
DPM1	na	0.0	0.0	0.0	0.0	0.0	0.0	0.0
MOCS3	na	0.0	0.0	0.0	0.0	0.0	0.0	0.0
NFATC2	na	0.0	0.0	0.0	0.0	0.0	0.0	0.0
ATP9A	na	0.060696925978667764	2.8100313958425675e-20	0.16610724040315158	0.1569537672627512	0.10595115626408193	9.322273500752008e-19	0.003317905977820462
SALL4	na	0.0	0.0	0.0	0.0	0.0	0.0	0.0
ZFP64	na	0.0	0.0	0.0	0.0	0.0	0.0	0.0
TSHZ2	na	0.0	0.0	0.0	0.0	0.0	0.0	0.0
AL354993.2	na	0.0	0.0	0.0	0.0	0.0	0.0	0.0
ZNF217	na	0.11633104239404378	2.185547089632738e-21	0.22107028441381316	0.26236895840497393	0.14822456182507968	1.385984181423239e-18	0.0692500560223523
BCAS1	na	0.0	0.0	0.0	0.0	0.0	0.0	0.0
PFDN4	na	0.0	0.0	0.0	0.0	0.0	0.0	0.0
FAM210B	na	0.07702877956104894	2.0933447383948785e-14	0.1409999792867661	0.1828093285912237	0.09652413955753542	0.024600380079351118	0.07726857730945735
AURKA	na	0.0	0.0	0.0	0.0	0.0	0.0	0.0
CSTF1	na	0.0	0.0	0.0	0.0	0.0	0.0	0.0
RTF2	na	0.06671316001393245	7.606759375386178e-21	0.10819769126738753	0.13814963892839874	0.07833951967615631	0.024959847532357984	0.04781390685612065
FAM209B	na	0.0	0.0	0.0	0.0	0.0	0.0	0.0
TFAP2C	na	0.0	0.0	0.0	0.0	0.0	0.0	0.0
BMP7	na	0.0	0.0	0.0	0.0	0.0	0.0	0.0
RAE1	na	0.0	0.0	0.0	0.0	0.0	0.0	0.0
MTRNR2L3	na	0.0	0.0	0.0	0.0	0.0	0.0	0.0
RBM38	na	0.0	0.0	0.0	0.0	0.0	0.0	0.0
PCK1	na	0.0	0.0	0.0	0.0	0.0	0.0	0.0
ZBP1	na	0.0	0.0	0.0	0.0	0.0	0.0	0.0
PMEPA1	na	0.07314653469623375	0.004115013165818714	0.1282603866551962	0.1458739145997304	0.08855376181878567	0.03939361546288778	0.06598595364621876
NKILA	na	0.0	0.0	0.0	0.0	0.0	0.0	0.0
RAB22A	na	0.0	0.0	0.0	0.0	0.0	0.0	0.0
VAPB	na	0.0	0.0	0.0	0.0	0.0	0.0	0.0
STX16	na	0.0	0.0	0.0	0.0	0.0	0.0	0.0
NPEPL1	na	0.0	0.0	0.0	0.0	0.0	0.0	0.0
GNAS	na	0.4591415757788599	0.3864800212125907	0.7486080078427736	0.5223200793005539	0.47477800052335384	0.44275636350685155	0.8206238512312843
NELFCD	na	0.05631799845906567	1.1498277115159225e-13	0.1153681000628126	0.13413016972930875	0.08313285321982314	0.010945078717581847	0.0593750902036782
CTSZ	na	0.0	0.0	0.0	0.0	0.0	0.0	0.0
ATP5F1E	na	0.8115294804456168	1.3139904202618844	0.6121754960762548	0.7829181978276764	0.6599909171736289	1.1039316821185474	1.358848121453037
PRELID3B	na	0.045628657263269985	4.223313854052304e-17	0.11614638002620517	0.13077911012910415	0.0747473466462522	0.028752529219690855	0.06739250501973697
SYCP2	na	0.07099941885738888	0.004697310749689694	0.12439310551806307	0.1273375572480122	0.0730249915048383	0.018168551605402837	0.07120278981291228
FAM217B	na	0.0	0.0	0.0	0.0	0.0	0.0	0.0
PPP1R3D	na	0.0	0.0	0.0	0.0	0.0	0.0	0.0
TAF4	na	0.0	0.0	0.0	0.0	0.0	0.0	0.0
AL137077.2	na	0.0	0.0	0.0	0.0	0.0	0.0	0.0
LSM14B	na	0.0	0.0	0.0	0.0	0.0	0.0	0.0
PSMA7	na	0.15419633360235846	0.1851434437914188	0.14689747212426807	0.3104121511985807	0.17080174803013268	0.17749527689966535	0.23850373968685235
SS18L1	na	0.0	0.0	0.0	0.0	0.0	0.0	0.0
MTG2	na	0.0	0.0	0.0	0.0	0.0	0.0	0.0
HRH3	na	0.0	0.0	0.0	0.0	0.0	0.0	0.0
OSBPL2	na	0.05222851031281928	4.539494904166774e-22	0.12169587489874108	0.1466958776805325	0.08293761022019208	9.583469007795027e-22	0.04441441730578037
ADRM1	na	0.07248470048166424	7.145291743999303e-15	0.14717422824107804	0.17840028331407515	0.09534033327083176	0.04290283769908017	0.10367604586211876
AL354836.1	na	0.0	0.0	0.0	0.0	0.0	0.0	0.0
LAMA5	na	0.06251945325783292	2.2366160008834757e-20	0.1283353755844108	0.1498746181010657	0.09684918432341069	3.853124442726256e-18	0.02016689941835326
AL121832.2	na	0.0	0.0	0.0	0.0	0.0	0.0	0.0
RPS21	na	1.6738719599395375	2.682333234847076	1.4950081820692258	0.6753469824159286	1.2556435535969546	2.32762966374612	3.2639910525361917
CABLES2	na	0.0	0.0	0.0	0.0	0.0	0.0	0.0
RBBP8NL	na	0.0	0.0	0.0	0.0	0.0	0.0	0.0
AL121832.1	na	0.0	0.0	0.0	0.0	0.0	0.0	0.0
SLCO4A1	na	0.0	0.0	0.0	0.0	0.0	0.0	0.0
MRGBP	na	0.0	0.0	0.0	0.0	0.0	0.0	0.0
OGFR	na	0.050357280114261854	5.542468562500618e-23	0.11533109139192932	0.14363719021791677	0.08228338236330997	0.003343699594422579	0.04132102547258511
COL9A3	na	0.0	0.0	0.0	0.0	0.0	0.0	0.0
TCFL5	na	0.0	0.0	0.0	0.0	0.0	0.0	0.0
DIDO1	na	0.0	0.0	0.0	0.0	0.0	0.0	0.0
AL117379.1	na	0.0	0.0	0.0	0.0	0.0	0.0	0.0
GID8	na	0.05891685894381903	1.3008960740373548e-18	0.13876274869780558	0.16610759351983065	0.0961016869460764	1.486791376308735e-14	0.04360134913635825
SLC17A9	na	0.0	0.0	0.0	0.0	0.0	0.0	0.0
YTHDF1	na	0.0	0.0	0.0	0.0	0.0	0.0	0.0
ARFGAP1	na	0.0	0.0	0.0	0.0	0.0	0.0	0.0
AL121827.1	na	0.0	0.0	0.0	0.0	0.0	0.0	0.0
KCNQ2	na	0.0	0.0	0.0	0.0	0.0	0.0	0.0
EEF1A2	na	0.06749528249394296	2.3254801594928895e-22	0.1842091646211697	0.20851406669575753	0.12096008944534027	1.4522884331601666e-21	0.05906226229555833
PPDPF	na	0.2809381084430971	1.510013296830665e-19	1.0267788954354022	0.9005431612721142	0.5206408642891852	1.6043263623224298e-18	0.185951366848817
PTK6	na	0.0	0.0	0.0	0.0	0.0	0.0	0.0
AL121829.2	na	0.0	0.0	0.0	0.0	0.0	0.0	0.0
HELZ2	na	0.0	0.0	0.0	0.0	0.0	0.0	0.0
GMEB2	na	0.0	0.0	0.0	0.0	0.0	0.0	0.0
MHENCR	na	0.0	0.0	0.0	0.0	0.0	0.0	0.0
STMN3	na	0.0	0.0	0.0	0.0	0.0	0.0	0.0
ARFRP1	na	0.048912022947572686	1.7367240433075396e-16	0.15216328473040858	0.15853688546910089	0.10113424116342154	1.6250921008753565e-15	0.021847266896890753
SLC2A4RG	na	0.09975392146651914	1.4066186121625062e-21	0.25086254154596327	0.2645782561578324	0.1560542291717064	7.634338093996579e-20	0.03772960990129741
ZBTB46	na	0.0	0.0	0.0	0.0	0.0	0.0	0.0
AL121845.1	na	0.0	0.0	0.0	0.0	0.0	0.0	0.0
AL118506.1	na	0.0	0.0	0.0	0.0	0.0	0.0	0.0
TPD52L2	na	0.07842504545392609	0.0007048868580652288	0.14510751815468192	0.1704110599891928	0.10186973858901831	0.031698264996937564	0.08076269745921778
DNAJC5	na	0.0490259833039223	7.5283673717993e-20	0.14317475682305575	0.1478108315598013	0.09510006263951118	8.10107821844844e-18	0.025365028657569698
UCKL1	na	0.05619566568174417	3.412496458583436e-21	0.11787751792747092	0.1481174159111282	0.0852452860395994	0.006756903859572292	0.04269959261199521
ZNF512B	na	0.0	0.0	0.0	0.0	0.0	0.0	0.0
SAMD10	na	0.0	0.0	0.0	0.0	0.0	0.0	0.0
PRPF6	na	0.09126489528255405	3.563988001023778e-18	0.19458776949721288	0.23604830427675105	0.12599599221893504	5.279635157461206e-14	0.07717307732472004
C20orf204	na	0.0	0.0	0.0	0.0	0.0	0.0	0.0
SOX18	na	0.0	0.0	0.0	0.0	0.0	0.0	0.0
TCEA2	na	0.0	0.0	0.0	0.0	0.0	0.0	0.0
RGS19	na	0.0	0.0	0.0	0.0	0.0	0.0	0.0
LKAAEAR1	na	0.0	0.0	0.0	0.0	0.0	0.0	0.0
MYT1	na	0.0	0.0	0.0	0.0	0.0	0.0	0.0
PCMTD2	na	0.058108880888231525	8.457629018966047e-20	0.14853445439635246	0.15829873128831057	0.0956316938577845	3.5574562807922655e-18	0.027857186635005114
AC016588.2	na	0.0	0.0	0.0	0.0	0.0	0.0	0.0
PLPP2	na	0.10216296827111418	0.00014063290885589193	0.18227870304970833	0.2090624556325145	0.11875598587460882	0.04470914762236653	0.1119532684944369
MIER2	na	0.0	0.0	0.0	0.0	0.0	0.0	0.0
C2CD4C	na	0.0	0.0	0.0	0.0	0.0	0.0	0.0
SHC2	na	0.0	0.0	0.0	0.0	0.0	0.0	0.0
TPGS1	na	0.0	0.0	0.0	0.0	0.0	0.0	0.0
CDC34	na	0.05998479572208298	3.138600230624179e-17	0.12161964757137349	0.12734183018342946	0.07724205563051165	0.02302232993378938	0.04841383670048301
GZMM	na	0.0	0.0	0.0	0.0	0.0	0.0	0.0
AC009005.1	na	0.0	0.0	0.0	0.0	0.0	0.0	0.0
BSG	na	0.19864653623285936	5.055566104016494e-29	0.4820572114376937	0.6117343684420862	0.307006923977646	3.4931195072228636e-22	0.1998907707945331
HCN2	na	0.0	0.0	0.0	0.0	0.0	0.0	0.0
POLRMT	na	0.0	0.0	0.0	0.0	0.0	0.0	0.0
RNF126	na	0.0	0.0	0.0	0.0	0.0	0.0	0.0
FSTL3	na	0.0	0.0	0.0	0.0	0.0	0.0	0.0
PALM	na	0.0	0.0	0.0	0.0	0.0	0.0	0.0
MISP	na	0.0	0.0	0.0	0.0	0.0	0.0	0.0
PTBP1	na	0.10112876381509496	2.99879182932236e-20	0.184582998060296	0.24104767320702167	0.12941242137811276	9.538878999354986e-17	0.05582372298546447
AZU1	na	0.0	0.0	0.0	0.0	0.0	0.0	0.0
PRTN3	na	0.0	0.0	0.0	0.0	0.0	0.0	0.0
CFD	na	0.0	0.0	0.0	0.0	0.0	0.0	0.0
MED16	na	0.0	0.0	0.0	0.0	0.0	0.0	0.0
R3HDM4	na	0.0	0.0	0.0	0.0	0.0	0.0	0.0
KISS1R	na	0.0	0.0	0.0	0.0	0.0	0.0	0.0
ARID3A	na	0.0	0.0	0.0	0.0	0.0	0.0	0.0
WDR18	na	0.0	0.0	0.0	0.0	0.0	0.0	0.0
GRIN3B	na	0.0	0.0	0.0	0.0	0.0	0.0	0.0
TMEM259	na	0.0	0.0	0.0	0.0	0.0	0.0	0.0
CNN2	na	0.0	0.0	0.0	0.0	0.0	0.0	0.0
ABCA7	na	0.0	0.0	0.0	0.0	0.0	0.0	0.0
ARHGAP45	na	0.0	0.0	0.0	0.0	0.0	0.0	0.0
POLR2E	na	0.07973923977561868	3.6646080076379153e-13	0.14077950002185963	0.19211185564722016	0.10444399884079862	0.02443511694265539	0.06385466478950176
GPX4	na	0.3881235316111627	0.3442740140710469	0.4924235298907966	0.5676510201390563	0.3833753813732274	0.36375341670545935	0.5959821068944953
SBNO2	na	0.0	0.0	0.0	0.0	0.0	0.0	0.0
STK11	na	0.0	0.0	0.0	0.0	0.0	0.0	0.0
CBARP	na	0.0	0.0	0.0	0.0	0.0	0.0	0.0
ATP5F1D	na	0.07287485274825062	4.934338252368164e-15	0.18800338279103793	0.23681443903285698	0.1251095881849286	0.04045544802170114	0.07705170776389855
MIDN	na	0.07679399836612028	7.428291373959278e-14	0.1451246653980659	0.165747376726568	0.09049716563188225	0.02275520315629586	0.05702249898265379
CIRBP	na	0.08325015548211416	4.41665489635952e-23	0.18526438958059108	0.18832716386619056	0.11579347124993149	0.00024292708125917703	0.016887693992321793
CIRBP-AS1	na	0.0	0.0	0.0	0.0	0.0	0.0	0.0
C19orf24	na	0.0	0.0	0.0	0.0	0.0	0.0	0.0
MUM1	na	0.0	0.0	0.0	0.0	0.0	0.0	0.0
AC005329.2	na	0.0	0.0	0.0	0.0	0.0	0.0	0.0
NDUFS7	na	0.07702929201601728	0.0033456938712405127	0.12183107005399718	0.14562965448512383	0.08523004509748845	0.040706532623557015	0.06936888136788537
GAMT	na	0.0	0.0	0.0	0.0	0.0	0.0	0.0
DAZAP1	na	0.041067983123550596	4.184276013473291e-25	0.11744215323813378	0.1551940875945056	0.08628114928222663	3.1883874620280354e-22	0.03678193876688865
RPS15	na	1.5969125571724228	2.9860983737992846	0.9380264602901757	0.9808971024179303	1.1496953150108682	2.152387677664415	2.8989272210238095
AC027307.2	na	0.0	0.0	0.0	0.0	0.0	0.0	0.0
C19orf25	na	0.0	0.0	0.0	0.0	0.0	0.0	0.0
PCSK4	na	0.0	0.0	0.0	0.0	0.0	0.0	0.0
REEP6	na	0.0	0.0	0.0	0.0	0.0	0.0	0.0
ADAMTSL5	na	0.0	0.0	0.0	0.0	0.0	0.0	0.0
MEX3D	na	0.0	0.0	0.0	0.0	0.0	0.0	0.0
MBD3	na	0.0	0.0	0.0	0.0	0.0	0.0	0.0
UQCR11	na	0.32163952626492726	0.5747230718626019	0.2966448111220119	0.37952807349786144	0.3090130331321722	0.4899590428007048	0.5379557995279671
TCF3	na	0.0	0.0	0.0	0.0	0.0	0.0	0.0
ATP8B3	na	0.0	0.0	0.0	0.0	0.0	0.0	0.0
REXO1	na	0.0	0.0	0.0	0.0	0.0	0.0	0.0
KLF16	na	0.0	0.0	0.0	0.0	0.0	0.0	0.0
AC012615.1	na	0.0	0.0	0.0	0.0	0.0	0.0	0.0
ABHD17A	na	0.05027229962689876	2.4844429311282572e-14	0.11262195149776161	0.13122211653490942	0.07237603117392193	0.01970256717163749	0.058581617748380554
SCAMP4	na	0.0	0.0	0.0	0.0	0.0	0.0	0.0
ADAT3	na	0.0	0.0	0.0	0.0	0.0	0.0	0.0
CSNK1G2	na	0.0	0.0	0.0	0.0	0.0	0.0	0.0
BTBD2	na	0.0	0.0	0.0	0.0	0.0	0.0	0.0
MKNK2	na	0.05613820323618659	9.526839851590928e-15	0.1330292963475786	0.15353742866264397	0.09081817451531206	0.0022681737507332296	0.03837351324551708
MOB3A	na	0.0	0.0	0.0	0.0	0.0	0.0	0.0
IZUMO4	na	0.0	0.0	0.0	0.0	0.0	0.0	0.0
AP3D1	na	0.05325608855335949	7.486460504466737e-15	0.12624894970102243	0.14717516562577118	0.09082108690555347	0.0030923846460004308	0.035911326124667145
DOT1L	na	0.0	0.0	0.0	0.0	0.0	0.0	0.0
PLEKHJ1	na	0.05223317011944599	8.745228731958224e-20	0.11815474875676515	0.14487526790041777	0.08548205378610936	0.012166257496873192	0.03872237605382651
SF3A2	na	0.0	0.0	0.0	0.0	0.0	0.0	0.0
AMH	na	0.0	0.0	0.0	0.0	0.0	0.0	0.0
JSRP1	na	0.0	0.0	0.0	0.0	0.0	0.0	0.0
OAZ1	na	0.2535724723135971	0.24938121496405688	0.3049154774985661	0.3808362793895267	0.25045788346290454	0.2585068532250138	0.34893108019005303
LSM7	na	0.12541179267404937	0.05315197129011234	0.1788378854684959	0.21709172031781312	0.13361360276537096	0.0726557659796039	0.140889772135053
SPPL2B	na	0.0	0.0	0.0	0.0	0.0	0.0	0.0
TIMM13	na	0.10698317303272847	0.012841817237609824	0.18516132385263268	0.2541836170251872	0.13639594525334914	0.06472183609748834	0.10833840045430977
LMNB2	na	0.0	0.0	0.0	0.0	0.0	0.0	0.0
GADD45B	na	0.0	0.0	0.0	0.0	0.0	0.0	0.0
GNG7	na	0.0	0.0	0.0	0.0	0.0	0.0	0.0
DIRAS1	na	0.0	0.0	0.0	0.0	0.0	0.0	0.0
SLC39A3	na	0.0	0.0	0.0	0.0	0.0	0.0	0.0
SGTA	na	0.0	0.0	0.0	0.0	0.0	0.0	0.0
THOP1	na	0.0	0.0	0.0	0.0	0.0	0.0	0.0
ZNF554	na	0.0	0.0	0.0	0.0	0.0	0.0	0.0
ZNF555	na	0.0	0.0	0.0	0.0	0.0	0.0	0.0
ZNF57	na	0.0	0.0	0.0	0.0	0.0	0.0	0.0
ZNF77	na	0.0	0.0	0.0	0.0	0.0	0.0	0.0
TLE6	na	0.0	0.0	0.0	0.0	0.0	0.0	0.0
TLE2	na	0.0	0.0	0.0	0.0	0.0	0.0	0.0
AC005944.1	na	0.0	0.0	0.0	0.0	0.0	0.0	0.0
AES	na	0.10265723233106644	3.169188351210261e-17	0.16913340608068642	0.2149354084637551	0.12095871344990702	0.0476222238540734	0.0919262205327902
GNA11	na	0.0	0.0	0.0	0.0	0.0	0.0	0.0
GNA15	na	0.0	0.0	0.0	0.0	0.0	0.0	0.0
S1PR4	na	0.0	0.0	0.0	0.0	0.0	0.0	0.0
NCLN	na	0.0	0.0	0.0	0.0	0.0	0.0	0.0
CELF5	na	0.0	0.0	0.0	0.0	0.0	0.0	0.0
NFIC	na	0.0	0.0	0.0	0.0	0.0	0.0	0.0
DOHH	na	0.0	0.0	0.0	0.0	0.0	0.0	0.0
FZR1	na	0.0	0.0	0.0	0.0	0.0	0.0	0.0
MFSD12	na	0.0	0.0	0.0	0.0	0.0	0.0	0.0
HMG20B	na	0.12145248755838857	9.36656715100154e-16	0.22789864193286088	0.3180345836364945	0.16090931161062733	0.05400484541808681	0.07412290293461134
GIPC3	na	0.0	0.0	0.0	0.0	0.0	0.0	0.0
TBXA2R	na	0.0	0.0	0.0	0.0	0.0	0.0	0.0
CACTIN	na	0.0	0.0	0.0	0.0	0.0	0.0	0.0
PIP5K1C	na	0.0	0.0	0.0	0.0	0.0	0.0	0.0
TJP3	na	0.0	0.0	0.0	0.0	0.0	0.0	0.0
APBA3	na	0.0	0.0	0.0	0.0	0.0	0.0	0.0
MRPL54	na	0.09295427341388383	0.031492371395714515	0.12314283635379242	0.15285109432303332	0.08792148647908536	0.0713549068817227	0.09655126521372513
MATK	na	0.0	0.0	0.0	0.0	0.0	0.0	0.0
ZFR2	na	0.0	0.0	0.0	0.0	0.0	0.0	0.0
DAPK3	na	0.062396926054543556	7.836410175084129e-19	0.11822957417616298	0.13541080318984908	0.08096888507813982	0.013426654543689118	0.041394967471223676
EEF2	na	0.19989629712859677	0.043541403900168016	0.3458195552525577	0.40528490628704394	0.2314046052914151	0.12750820788793704	0.2253888806226816
PIAS4	na	0.0	0.0	0.0	0.0	0.0	0.0	0.0
ZBTB7A	na	0.0	0.0	0.0	0.0	0.0	0.0	0.0
MAP2K2	na	0.04144919137360772	1.103397578542261e-15	0.12171694798672615	0.13660980670105513	0.0891545036570205	0.01859616709604758	0.045810407825537136
SIRT6	na	0.0	0.0	0.0	0.0	0.0	0.0	0.0
EBI3	na	0.0	0.0	0.0	0.0	0.0	0.0	0.0
YJU2	na	0.0	0.0	0.0	0.0	0.0	0.0	0.0
STAP2	na	0.0	0.0	0.0	0.0	0.0	0.0	0.0
MPND	na	0.0	0.0	0.0	0.0	0.0	0.0	0.0
SH3GL1	na	0.0	0.0	0.0	0.0	0.0	0.0	0.0
AC007292.1	na	0.0	0.0	0.0	0.0	0.0	0.0	0.0
CHAF1A	na	0.0	0.0	0.0	0.0	0.0	0.0	0.0
UBXN6	na	0.0	0.0	0.0	0.0	0.0	0.0	0.0
HDGFL2	na	0.0	0.0	0.0	0.0	0.0	0.0	0.0
PLIN4	na	0.0	0.0	0.0	0.0	0.0	0.0	0.0
PLIN5	na	0.0	0.0	0.0	0.0	0.0	0.0	0.0
LRG1	na	0.0	0.0	0.0	0.0	0.0	0.0	0.0
SEMA6B	na	0.0	0.0	0.0	0.0	0.0	0.0	0.0
TNFAIP8L1	na	0.0	0.0	0.0	0.0	0.0	0.0	0.0
MYDGF	na	0.0758494002386805	2.645970237694923e-22	0.12334888786436062	0.14613308466470182	0.08112377271969795	0.03291573260194544	0.053310639902913196
DPP9	na	0.0	0.0	0.0	0.0	0.0	0.0	0.0
AC005523.1	na	0.0	0.0	0.0	0.0	0.0	0.0	0.0
FEM1A	na	0.0	0.0	0.0	0.0	0.0	0.0	0.0
AC005523.2	na	0.0	0.0	0.0	0.0	0.0	0.0	0.0
TICAM1	na	0.0	0.0	0.0	0.0	0.0	0.0	0.0
PLIN3	na	0.0	0.0	0.0	0.0	0.0	0.0	0.0
UHRF1	na	0.0	0.0	0.0	0.0	0.0	0.0	0.0
KDM4B	na	0.0	0.0	0.0	0.0	0.0	0.0	0.0
PTPRS	na	0.0	0.0	0.0	0.0	0.0	0.0	0.0
TINCR	na	0.0	0.0	0.0	0.0	0.0	0.0	0.0
SAFB2	na	0.0	0.0	0.0	0.0	0.0	0.0	0.0
SAFB	na	0.0	0.0	0.0	0.0	0.0	0.0	0.0
RPL36	na	1.645643949755366	2.348645683236279	1.555730596305358	1.673167632242253	1.4283794992189474	1.962939475978698	2.816809557735459
C19orf70	na	0.057655579975055174	0.035931863958373736	0.11320180760204952	0.13970215433774272	0.07677501572869258	0.058396041799872886	0.10052601597449795
HSD11B1L	na	0.0	0.0	0.0	0.0	0.0	0.0	0.0
LONP1	na	0.06824985709105755	2.5958215438730177e-17	0.13138485843434292	0.1533810593791292	0.09363489384891362	0.01622608814015061	0.039864665454679996
PRR22	na	0.0	0.0	0.0	0.0	0.0	0.0	0.0
DUS3L	na	0.0	0.0	0.0	0.0	0.0	0.0	0.0
NRTN	na	0.0	0.0	0.0	0.0	0.0	0.0	0.0
NDUFA11	na	0.15859634004135417	0.09790394940911029	0.18354539223694155	0.2429630109077593	0.14303215634941613	0.12944882319944748	0.17274086383729848
VMAC	na	0.0	0.0	0.0	0.0	0.0	0.0	0.0
CAPS	na	0.21799301067790247	3.1412161789716205e-19	0.38760885113406934	0.46444279119385024	0.2533290970580574	0.02706931941927193	0.19609161487025206
RANBP3	na	0.0	0.0	0.0	0.0	0.0	0.0	0.0
RFX2	na	0.0	0.0	0.0	0.0	0.0	0.0	0.0
MLLT1	na	0.0	0.0	0.0	0.0	0.0	0.0	0.0
CLPP	na	0.0	0.0	0.0	0.0	0.0	0.0	0.0
ALKBH7	na	0.09775912051803966	0.03611240133794758	0.11420244053936386	0.1708337348308393	0.09164790130150059	0.04389627175248047	0.09202138732411719
PSPN	na	0.0	0.0	0.0	0.0	0.0	0.0	0.0
GTF2F1	na	0.0	0.0	0.0	0.0	0.0	0.0	0.0
KHSRP	na	0.0	0.0	0.0	0.0	0.0	0.0	0.0
SLC25A23	na	0.0	0.0	0.0	0.0	0.0	0.0	0.0
CRB3	na	0.0	0.0	0.0	0.0	0.0	0.0	0.0
DENND1C	na	0.0	0.0	0.0	0.0	0.0	0.0	0.0
AC010503.4	na	0.0	0.0	0.0	0.0	0.0	0.0	0.0
TNFSF9	na	0.0	0.0	0.0	0.0	0.0	0.0	0.0
C3	na	0.10591181621539453	0.03770109521534061	0.11615673099121303	0.11913391307423661	0.08501062009534882	0.06318091299212951	0.09157925893412126
GPR108	na	0.0	0.0	0.0	0.0	0.0	0.0	0.0
TRIP10	na	0.0	0.0	0.0	0.0	0.0	0.0	0.0
SH2D3A	na	0.0	0.0	0.0	0.0	0.0	0.0	0.0
VAV1	na	0.0	0.0	0.0	0.0	0.0	0.0	0.0
ZNF557	na	0.0	0.0	0.0	0.0	0.0	0.0	0.0
INSR	na	0.0	0.0	0.0	0.0	0.0	0.0	0.0
PEX11G	na	0.0	0.0	0.0	0.0	0.0	0.0	0.0
ZNF358	na	0.0	0.0	0.0	0.0	0.0	0.0	0.0
MCOLN1	na	0.0	0.0	0.0	0.0	0.0	0.0	0.0
PNPLA6	na	0.0	0.0	0.0	0.0	0.0	0.0	0.0
CAMSAP3	na	0.0	0.0	0.0	0.0	0.0	0.0	0.0
XAB2	na	0.06220745619861546	1.545157319160789e-15	0.11279796947358148	0.15140401217137311	0.08467150260986445	0.0731072623923266	0.04806859610472855
PET100	na	0.12884191643075824	0.08911362739088514	0.1776691723070123	0.1925362970382491	0.13282415732087577	0.18476202727334515	0.19094494603962234
STXBP2	na	0.0	0.0	0.0	0.0	0.0	0.0	0.0
TRAPPC5	na	0.0	0.0	0.0	0.0	0.0	0.0	0.0
EVI5L	na	0.0	0.0	0.0	0.0	0.0	0.0	0.0
PRR36	na	0.0	0.0	0.0	0.0	0.0	0.0	0.0
LRRC8E	na	0.0	0.0	0.0	0.0	0.0	0.0	0.0
MAP2K7	na	0.0	0.0	0.0	0.0	0.0	0.0	0.0
TGFBR3L	na	0.0	0.0	0.0	0.0	0.0	0.0	0.0
SNAPC2	na	0.0	0.0	0.0	0.0	0.0	0.0	0.0
CTXN1	na	0.0	0.0	0.0	0.0	0.0	0.0	0.0
TIMM44	na	0.0	0.0	0.0	0.0	0.0	0.0	0.0
ELAVL1	na	0.0	0.0	0.0	0.0	0.0	0.0	0.0
CERS4	na	0.06497693000881484	2.2698368142467305e-24	0.1512733007836881	0.1692836662307604	0.10136195701905963	4.976967627250056e-23	0.011745364225847254
CD320	na	0.0	0.0	0.0	0.0	0.0	0.0	0.0
NDUFA7	na	0.0	0.0	0.0	0.0	0.0	0.0	0.0
RPS28	na	0.9613453664501227	1.5197573226217087	0.8665410900657688	1.2903513811799392	0.911180903423181	1.2702385505670655	1.5911796914591883
KANK3	na	0.0	0.0	0.0	0.0	0.0	0.0	0.0
ANGPTL4	na	0.0	0.0	0.0	0.0	0.0	0.0	0.0
RAB11B-AS1	na	0.0	0.0	0.0	0.0	0.0	0.0	0.0
RAB11B	na	0.0	0.0	0.0	0.0	0.0	0.0	0.0
MARCH2	na	0.0	0.0	0.0	0.0	0.0	0.0	0.0
HNRNPM	na	0.07476602583057824	8.260668767239516e-16	0.15673721514580038	0.21477627951333514	0.11412579217920724	0.010552434026128519	0.06676249492083149
PRAM1	na	0.0	0.0	0.0	0.0	0.0	0.0	0.0
ZNF414	na	0.0	0.0	0.0	0.0	0.0	0.0	0.0
MYO1F	na	0.0	0.0	0.0	0.0	0.0	0.0	0.0
ADAMTS10	na	0.0	0.0	0.0	0.0	0.0	0.0	0.0
ZNF558	na	0.0	0.0	0.0	0.0	0.0	0.0	0.0
ZNF317	na	0.0	0.0	0.0	0.0	0.0	0.0	0.0
OR7D2	na	0.0	0.0	0.0	0.0	0.0	0.0	0.0
ZNF559	na	0.0	0.0	0.0	0.0	0.0	0.0	0.0
ZNF266	na	0.0	0.0	0.0	0.0	0.0	0.0	0.0
ZNF426	na	0.0	0.0	0.0	0.0	0.0	0.0	0.0
ZNF426-DT	na	0.0	0.0	0.0	0.0	0.0	0.0	0.0
ZNF121	na	0.0	0.0	0.0	0.0	0.0	0.0	0.0
ZNF561	na	0.0	0.0	0.0	0.0	0.0	0.0	0.0
ZNF562	na	0.0	0.0	0.0	0.0	0.0	0.0	0.0
ZNF846	na	0.0	0.0	0.0	0.0	0.0	0.0	0.0
FBXL12	na	0.0	0.0	0.0	0.0	0.0	0.0	0.0
UBL5	na	0.22609400522566686	0.32582567137788565	0.1832002914342661	0.15668967350643745	0.17362104056971386	0.2541736465794524	0.35651417363762467
PIN1	na	0.0	0.0	0.0	0.0	0.0	0.0	0.0
OLFM2	na	0.0	0.0	0.0	0.0	0.0	0.0	0.0
COL5A3	na	0.0	0.0	0.0	0.0	0.0	0.0	0.0
C19orf66	na	0.0	0.0	0.0	0.0	0.0	0.0	0.0
PPAN	na	0.0	0.0	0.0	0.0	0.0	0.0	0.0
P2RY11	na	0.0	0.0	0.0	0.0	0.0	0.0	0.0
EIF3G	na	0.052463869385574374	1.7683368778213914e-18	0.11614192658833516	0.1287709253227332	0.0822031717957552	0.013710864820628568	0.04604624860454876
DNMT1	na	0.0	0.0	0.0	0.0	0.0	0.0	0.0
S1PR2	na	0.0	0.0	0.0	0.0	0.0	0.0	0.0
MRPL4	na	0.0	0.0	0.0	0.0	0.0	0.0	0.0
ICAM1	na	0.0	0.0	0.0	0.0	0.0	0.0	0.0
ICAM5	na	0.0	0.0	0.0	0.0	0.0	0.0	0.0
ZGLP1	na	0.0	0.0	0.0	0.0	0.0	0.0	0.0
FDX2	na	0.0	0.0	0.0	0.0	0.0	0.0	0.0
RAVER1	na	0.0	0.0	0.0	0.0	0.0	0.0	0.0
AC114271.1	na	0.0	0.0	0.0	0.0	0.0	0.0	0.0
ICAM3	na	0.0	0.0	0.0	0.0	0.0	0.0	0.0
TYK2	na	0.0	0.0	0.0	0.0	0.0	0.0	0.0
CDC37	na	0.0	0.0	0.0	0.0	0.0	0.0	0.0
PDE4A	na	0.0	0.0	0.0	0.0	0.0	0.0	0.0
KEAP1	na	0.0	0.0	0.0	0.0	0.0	0.0	0.0
ATG4D	na	0.0	0.0	0.0	0.0	0.0	0.0	0.0
KRI1	na	0.0	0.0	0.0	0.0	0.0	0.0	0.0
CDKN2D	na	0.0	0.0	0.0	0.0	0.0	0.0	0.0
AP1M2	na	0.0	0.0	0.0	0.0	0.0	0.0	0.0
SLC44A2	na	0.0712122274828005	8.448550752132955e-21	0.12658067972059453	0.15735870621174924	0.09119851398837163	3.59181219355889e-18	0.030388312297489364
ILF3-DT	na	0.0	0.0	0.0	0.0	0.0	0.0	0.0
ILF3	na	0.058680920045233904	3.4670274467490414e-15	0.13161242887589014	0.15651033988958551	0.09345376068881282	0.002871782044221639	0.01902955498119253
QTRT1	na	0.0	0.0	0.0	0.0	0.0	0.0	0.0
DNM2	na	0.0	0.0	0.0	0.0	0.0	0.0	0.0
TMED1	na	0.0	0.0	0.0	0.0	0.0	0.0	0.0
C19orf38	na	0.0	0.0	0.0	0.0	0.0	0.0	0.0
CARM1	na	0.0	0.0	0.0	0.0	0.0	0.0	0.0
YIPF2	na	0.0	0.0	0.0	0.0	0.0	0.0	0.0
TIMM29	na	0.0	0.0	0.0	0.0	0.0	0.0	0.0
SMARCA4	na	0.0	0.0	0.0	0.0	0.0	0.0	0.0
LDLR	na	0.0	0.0	0.0	0.0	0.0	0.0	0.0
SPC24	na	0.0	0.0	0.0	0.0	0.0	0.0	0.0
KANK2	na	0.0	0.0	0.0	0.0	0.0	0.0	0.0
DOCK6	na	0.0	0.0	0.0	0.0	0.0	0.0	0.0
RAB3D	na	0.0	0.0	0.0	0.0	0.0	0.0	0.0
TMEM205	na	0.05554421750780773	3.798351734963171e-18	0.1284136560438415	0.130505196789523	0.07772288032443951	0.026240784011828968	0.038559396926116575
CCDC159	na	0.0	0.0	0.0	0.0	0.0	0.0	0.0
PLPPR2	na	0.0	0.0	0.0	0.0	0.0	0.0	0.0
SWSAP1	na	0.0	0.0	0.0	0.0	0.0	0.0	0.0
EPOR	na	0.0	0.0	0.0	0.0	0.0	0.0	0.0
RGL3	na	0.0	0.0	0.0	0.0	0.0	0.0	0.0
CCDC151	na	0.0	0.0	0.0	0.0	0.0	0.0	0.0
PRKCSH	na	0.06180712177021769	3.195571519314957e-16	0.14245327399820337	0.15526790199451948	0.09566334818406114	9.16973925921588e-14	0.03355640772566347
ZNF653	na	0.0	0.0	0.0	0.0	0.0	0.0	0.0
ECSIT	na	0.0	0.0	0.0	0.0	0.0	0.0	0.0
CNN1	na	0.0	0.0	0.0	0.0	0.0	0.0	0.0
ELOF1	na	0.0	0.0	0.0	0.0	0.0	0.0	0.0
ZNF627	na	0.0	0.0	0.0	0.0	0.0	0.0	0.0
ACP5	na	0.0	0.0	0.0	0.0	0.0	0.0	0.0
AC008543.1	na	0.0	0.0	0.0	0.0	0.0	0.0	0.0
ZNF823	na	0.0	0.0	0.0	0.0	0.0	0.0	0.0
ZNF441	na	0.0	0.0	0.0	0.0	0.0	0.0	0.0
ZNF440	na	0.0	0.0	0.0	0.0	0.0	0.0	0.0
ZNF69	na	0.0	0.0	0.0	0.0	0.0	0.0	0.0
ZNF700	na	0.0	0.0	0.0	0.0	0.0	0.0	0.0
ZNF433	na	0.0	0.0	0.0	0.0	0.0	0.0	0.0
ZNF844	na	0.0	0.0	0.0	0.0	0.0	0.0	0.0
ZNF788P	na	0.0	0.0	0.0	0.0	0.0	0.0	0.0
ZNF20	na	0.0	0.0	0.0	0.0	0.0	0.0	0.0
ZNF625	na	0.0	0.0	0.0	0.0	0.0	0.0	0.0
ZNF136	na	0.0	0.0	0.0	0.0	0.0	0.0	0.0
ZNF44	na	0.0	0.0	0.0	0.0	0.0	0.0	0.0
ZNF563	na	0.0	0.0	0.0	0.0	0.0	0.0	0.0
ZNF442	na	0.0	0.0	0.0	0.0	0.0	0.0	0.0
ZNF799	na	0.0	0.0	0.0	0.0	0.0	0.0	0.0
ZNF443	na	0.0	0.0	0.0	0.0	0.0	0.0	0.0
ZNF709	na	0.0	0.0	0.0	0.0	0.0	0.0	0.0
ZNF564	na	0.0	0.0	0.0	0.0	0.0	0.0	0.0
ZNF791	na	0.0	0.0	0.0	0.0	0.0	0.0	0.0
AC010422.3	na	0.0	0.0	0.0	0.0	0.0	0.0	0.0
MAN2B1	na	0.0	0.0	0.0	0.0	0.0	0.0	0.0
WDR83	na	0.0	0.0	0.0	0.0	0.0	0.0	0.0
WDR83OS	na	0.12751034168288478	0.06042425914829113	0.17151753423754254	0.1933988849913393	0.1130580291889213	0.06507783212576301	0.10909460386781938
DHPS	na	0.0	0.0	0.0	0.0	0.0	0.0	0.0
FBXW9	na	0.0	0.0	0.0	0.0	0.0	0.0	0.0
TNPO2	na	0.0	0.0	0.0	0.0	0.0	0.0	0.0
TRIR	na	0.13079296020331477	0.03592239364720301	0.1757694296831242	0.2341376583894981	0.1314643608437838	0.07011094893308921	0.14613100383115044
ASNA1	na	0.0	0.0	0.0	0.0	0.0	0.0	0.0
HOOK2	na	0.0	0.0	0.0	0.0	0.0	0.0	0.0
JUNB	na	0.06942528869732903	0.008045267097218109	0.12226814356455482	0.10568031226768526	0.07631932788795541	0.05186501341792002	0.06839627465056462
PRDX2	na	0.1589135395927356	0.08364337342967	0.18859431242077343	0.2277648948616681	0.13985573870658996	0.07987509812187209	0.16722994825063048
RNASEH2A	na	0.0	0.0	0.0	0.0	0.0	0.0	0.0
MAST1	na	0.0	0.0	0.0	0.0	0.0	0.0	0.0
DNASE2	na	0.0	0.0	0.0	0.0	0.0	0.0	0.0
GCDH	na	0.0	0.0	0.0	0.0	0.0	0.0	0.0
FARSA	na	0.0	0.0	0.0	0.0	0.0	0.0	0.0
CALR	na	0.11795459508676417	5.463703014855215e-27	0.30339106751042666	0.3315629949326468	0.17017297257088151	1.0797543835577156e-18	0.10294061693967296
AC092069.1	na	0.0	0.0	0.0	0.0	0.0	0.0	0.0
RAD23A	na	0.0	0.0	0.0	0.0	0.0	0.0	0.0
GADD45GIP1	na	0.09371044131946481	0.034937368263147923	0.14069058953729272	0.1603266077956725	0.09783505362973481	0.05606193922310806	0.1081369288283828
NFIX	na	0.0	0.0	0.0	0.0	0.0	0.0	0.0
LYL1	na	0.0	0.0	0.0	0.0	0.0	0.0	0.0
TRMT1	na	0.0	0.0	0.0	0.0	0.0	0.0	0.0
NACC1	na	0.0	0.0	0.0	0.0	0.0	0.0	0.0
STX10	na	0.0	0.0	0.0	0.0	0.0	0.0	0.0
IER2	na	0.07086541265887013	1.0869247899915556e-14	0.11115263851707263	0.11959641753572536	0.07316441714820693	0.04163607931473065	0.06244565738519587
CCDC130	na	0.0	0.0	0.0	0.0	0.0	0.0	0.0
MRI1	na	0.0	0.0	0.0	0.0	0.0	0.0	0.0
C19orf53	na	0.10588428696410072	0.0809702835514299	0.1306358221472451	0.14559886115734375	0.10098723094218001	0.09156424844333973	0.1480194817611648
ZSWIM4	na	0.0	0.0	0.0	0.0	0.0	0.0	0.0
AC020916.1	na	0.0	0.0	0.0	0.0	0.0	0.0	0.0
NANOS3	na	0.0	0.0	0.0	0.0	0.0	0.0	0.0
C19orf57	na	0.0	0.0	0.0	0.0	0.0	0.0	0.0
CC2D1A	na	0.0	0.0	0.0	0.0	0.0	0.0	0.0
PODNL1	na	0.0	0.0	0.0	0.0	0.0	0.0	0.0
DCAF15	na	0.0	0.0	0.0	0.0	0.0	0.0	0.0
RFX1	na	0.0	0.0	0.0	0.0	0.0	0.0	0.0
IL27RA	na	0.0	0.0	0.0	0.0	0.0	0.0	0.0
PALM3	na	0.0	0.0	0.0	0.0	0.0	0.0	0.0
MISP3	na	0.0	0.0	0.0	0.0	0.0	0.0	0.0
SAMD1	na	0.0	0.0	0.0	0.0	0.0	0.0	0.0
PRKACA	na	0.0	0.0	0.0	0.0	0.0	0.0	0.0
ASF1B	na	0.0	0.0	0.0	0.0	0.0	0.0	0.0
AC022098.1	na	0.0	0.0	0.0	0.0	0.0	0.0	0.0
ADGRL1	na	0.0	0.0	0.0	0.0	0.0	0.0	0.0
ADGRE5	na	0.0	0.0	0.0	0.0	0.0	0.0	0.0
DDX39A	na	0.0	0.0	0.0	0.0	0.0	0.0	0.0
PKN1	na	0.0	0.0	0.0	0.0	0.0	0.0	0.0
GIPC1	na	0.0	0.0	0.0	0.0	0.0	0.0	0.0
DNAJB1	na	0.0	0.0	0.0	0.0	0.0	0.0	0.0
TECR	na	0.0	0.0	0.0	0.0	0.0	0.0	0.0
NDUFB7	na	0.10214320940413397	0.08060477944825903	0.12061005094085614	0.14597552697396066	0.10119745542086933	0.072292182477161	0.12713780127343385
ZNF333	na	0.0	0.0	0.0	0.0	0.0	0.0	0.0
ADGRE2	na	0.0	0.0	0.0	0.0	0.0	0.0	0.0
CASP14	na	0.0	0.0	0.0	0.0	0.0	0.0	0.0
SYDE1	na	0.0	0.0	0.0	0.0	0.0	0.0	0.0
ILVBL	na	0.0	0.0	0.0	0.0	0.0	0.0	0.0
NOTCH3	na	0.05208296861572587	2.2972933077774034e-16	0.11972653894215701	0.13104961954583022	0.08150757273419647	0.01604701956338645	0.056595811024038815
BRD4	na	0.0	0.0	0.0	0.0	0.0	0.0	0.0
AKAP8	na	0.0	0.0	0.0	0.0	0.0	0.0	0.0
AKAP8L	na	0.0	0.0	0.0	0.0	0.0	0.0	0.0
WIZ	na	0.0	0.0	0.0	0.0	0.0	0.0	0.0
RASAL3	na	0.0	0.0	0.0	0.0	0.0	0.0	0.0
TPM4	na	0.07400719345292231	0.0342745464553706	0.12664878399299279	0.14026043096426904	0.08788857669183921	0.05820863963814303	0.09719154038226276
RAB8A	na	0.0	0.0	0.0	0.0	0.0	0.0	0.0
AC008894.2	na	0.0	0.0	0.0	0.0	0.0	0.0	0.0
HSH2D	na	0.0	0.0	0.0	0.0	0.0	0.0	0.0
CIB3	na	0.0	0.0	0.0	0.0	0.0	0.0	0.0
FAM32A	na	0.0	0.0	0.0	0.0	0.0	0.0	0.0
AP1M1	na	0.0	0.0	0.0	0.0	0.0	0.0	0.0
KLF2	na	0.0	0.0	0.0	0.0	0.0	0.0	0.0
EPS15L1	na	0.0	0.0	0.0	0.0	0.0	0.0	0.0
C19orf44	na	0.0	0.0	0.0	0.0	0.0	0.0	0.0
CHERP	na	0.0	0.0	0.0	0.0	0.0	0.0	0.0
SLC35E1	na	0.0	0.0	0.0	0.0	0.0	0.0	0.0
MED26	na	0.0	0.0	0.0	0.0	0.0	0.0	0.0
SMIM7	na	0.0	0.0	0.0	0.0	0.0	0.0	0.0
TMEM38A	na	0.0	0.0	0.0	0.0	0.0	0.0	0.0
SIN3B	na	0.0	0.0	0.0	0.0	0.0	0.0	0.0
F2RL3	na	0.0	0.0	0.0	0.0	0.0	0.0	0.0
CPAMD8	na	0.0	0.0	0.0	0.0	0.0	0.0	0.0
HAUS8	na	0.0	0.0	0.0	0.0	0.0	0.0	0.0
MYO9B	na	0.0	0.0	0.0	0.0	0.0	0.0	0.0
USE1	na	0.0	0.0	0.0	0.0	0.0	0.0	0.0
OCEL1	na	0.0	0.0	0.0	0.0	0.0	0.0	0.0
NR2F6	na	0.06514287968329438	3.5239495642156335e-14	0.12015390796869128	0.15088792151557312	0.08528446967836274	0.02280581630404004	0.05575978700438003
USHBP1	na	0.0	0.0	0.0	0.0	0.0	0.0	0.0
BABAM1	na	0.0	0.0	0.0	0.0	0.0	0.0	0.0
ABHD8	na	0.0	0.0	0.0	0.0	0.0	0.0	0.0
MRPL34	na	0.0	0.0	0.0	0.0	0.0	0.0	0.0
DDA1	na	0.0	0.0	0.0	0.0	0.0	0.0	0.0
ANO8	na	0.0	0.0	0.0	0.0	0.0	0.0	0.0
GTPBP3	na	0.0	0.0	0.0	0.0	0.0	0.0	0.0
PLVAP	na	0.0	0.0	0.0	0.0	0.0	0.0	0.0
BST2	na	0.20282871726705598	1.2697994653338975e-20	0.3750524397335864	0.40421455376655896	0.23221846202476384	0.02386161683361181	0.20808234102892106
BISPR	na	0.0	0.0	0.0	0.0	0.0	0.0	0.0
MVB12A	na	0.0	0.0	0.0	0.0	0.0	0.0	0.0
SLC27A1	na	0.0	0.0	0.0	0.0	0.0	0.0	0.0
PGLS	na	0.05132202545280673	0.008156082985096952	0.09734077509005983	0.12289263855792193	0.07396930681102755	0.04022585917473939	0.055404632337094174
COLGALT1	na	0.0	0.0	0.0	0.0	0.0	0.0	0.0
MAP1S	na	0.0	0.0	0.0	0.0	0.0	0.0	0.0
FCHO1	na	0.0	0.0	0.0	0.0	0.0	0.0	0.0
B3GNT3	na	0.0	0.0	0.0	0.0	0.0	0.0	0.0
JAK3	na	0.0	0.0	0.0	0.0	0.0	0.0	0.0
RPL18A	na	1.3207754248453345	2.076085664197813	0.9097864668139357	0.5941646550701865	0.9100103446768847	1.495832850994009	2.4141082013675987
SLC5A5	na	0.0	0.0	0.0	0.0	0.0	0.0	0.0
CCDC124	na	0.0	0.0	0.0	0.0	0.0	0.0	0.0
ARRDC2	na	0.0	0.0	0.0	0.0	0.0	0.0	0.0
IL12RB1	na	0.0	0.0	0.0	0.0	0.0	0.0	0.0
MAST3	na	0.0	0.0	0.0	0.0	0.0	0.0	0.0
PIK3R2	na	0.05581875536860427	2.9030978544603913e-16	0.14050726374165087	0.15279953846902133	0.09880697503766606	7.200238095646565e-14	0.012550468693269147
IFI30	na	0.0	0.0	0.0	0.0	0.0	0.0	0.0
MPV17L2	na	0.0	0.0	0.0	0.0	0.0	0.0	0.0
RAB3A	na	0.0	0.0	0.0	0.0	0.0	0.0	0.0
AC005759.1	na	0.0	0.0	0.0	0.0	0.0	0.0	0.0
IQCN	na	0.0	0.0	0.0	0.0	0.0	0.0	0.0
JUND	na	0.0780282065343698	5.686436527752701e-16	0.21619905051483806	0.22571322117708514	0.1292451350846104	5.369396348627254e-14	0.07834025577443442
LSM4	na	0.10181779412494625	0.02708089153458699	0.15866310704184972	0.19946396361120067	0.11534798668882248	0.06645046030889824	0.0976050864059898
PGPEP1	na	0.0	0.0	0.0	0.0	0.0	0.0	0.0
GDF15	na	0.0	0.0	0.0	0.0	0.0	0.0	0.0
LRRC25	na	0.0	0.0	0.0	0.0	0.0	0.0	0.0
SSBP4	na	0.0	0.0	0.0	0.0	0.0	0.0	0.0
ISYNA1	na	0.07244289735702804	3.0729073341193166e-16	0.13302440932665843	0.18174956723179522	0.09445118014175628	0.023817973667199982	0.0563403767522948
ELL	na	0.0	0.0	0.0	0.0	0.0	0.0	0.0
FKBP8	na	0.07409020764247101	3.211092519710979e-22	0.11800459937101822	0.12624158786469858	0.08048707771596016	0.0211457555542983	0.02541102961196642
KXD1	na	0.0	0.0	0.0	0.0	0.0	0.0	0.0
UBA52	na	0.5651866101766848	0.7590420959412905	0.5353495814367899	0.6749191191414501	0.5089276417805338	0.6392793488902657	0.9076601949592935
CRLF1	na	0.0	0.0	0.0	0.0	0.0	0.0	0.0
REX1BD	na	0.05419561882338822	6.1853702578520585e-22	0.11350628541869641	0.12130640331015174	0.07483870775681413	0.029244688903827237	0.06103979235424012
TMEM59L	na	0.0	0.0	0.0	0.0	0.0	0.0	0.0
KLHL26	na	0.0	0.0	0.0	0.0	0.0	0.0	0.0
CRTC1	na	0.0	0.0	0.0	0.0	0.0	0.0	0.0
COMP	na	0.09056533026986847	0.0921630733012276	0.18763104834995925	0.2254732905339086	0.1438131323106744	0.17461022611222862	0.1205972463150432
UPF1	na	0.0	0.0	0.0	0.0	0.0	0.0	0.0
CERS1	na	0.0	0.0	0.0	0.0	0.0	0.0	0.0
COPE	na	0.10709535534363535	0.04366381219899606	0.15195993587088522	0.1964344860308275	0.11254899494159509	0.07569041007433334	0.13395241784149556
DDX49	na	0.0	0.0	0.0	0.0	0.0	0.0	0.0
HOMER3	na	0.0	0.0	0.0	0.0	0.0	0.0	0.0
SUGP2	na	0.0	0.0	0.0	0.0	0.0	0.0	0.0
ARMC6	na	0.0	0.0	0.0	0.0	0.0	0.0	0.0
SLC25A42	na	0.0	0.0	0.0	0.0	0.0	0.0	0.0
TMEM161A	na	0.0	0.0	0.0	0.0	0.0	0.0	0.0
BORCS8	na	0.0	0.0	0.0	0.0	0.0	0.0	0.0
RFXANK	na	0.0	0.0	0.0	0.0	0.0	0.0	0.0
NR2C2AP	na	0.0	0.0	0.0	0.0	0.0	0.0	0.0
SUGP1	na	0.0	0.0	0.0	0.0	0.0	0.0	0.0
MAU2	na	0.0	0.0	0.0	0.0	0.0	0.0	0.0
GATAD2A	na	0.0	0.0	0.0	0.0	0.0	0.0	0.0
NDUFA13	na	0.1809706903105186	0.06521325640703485	0.29318133610947655	0.35540761859229203	0.21491145783756552	0.11271936608478025	0.2434547978706001
YJEFN3	na	0.0	0.0	0.0	0.0	0.0	0.0	0.0
CILP2	na	0.0	0.0	0.0	0.0	0.0	0.0	0.0
LPAR2	na	0.0	0.0	0.0	0.0	0.0	0.0	0.0
GMIP	na	0.0	0.0	0.0	0.0	0.0	0.0	0.0
ATP13A1	na	0.0	0.0	0.0	0.0	0.0	0.0	0.0
ZNF101	na	0.0	0.0	0.0	0.0	0.0	0.0	0.0
ZNF14	na	0.0	0.0	0.0	0.0	0.0	0.0	0.0
ZNF506	na	0.0	0.0	0.0	0.0	0.0	0.0	0.0
ZNF253	na	0.0	0.0	0.0	0.0	0.0	0.0	0.0
ZNF93	na	0.0	0.0	0.0	0.0	0.0	0.0	0.0
ZNF682	na	0.0	0.0	0.0	0.0	0.0	0.0	0.0
ZNF90	na	0.0	0.0	0.0	0.0	0.0	0.0	0.0
ZNF737	na	0.0	0.0	0.0	0.0	0.0	0.0	0.0
ZNF626	na	0.0	0.0	0.0	0.0	0.0	0.0	0.0
AC010329.1	na	0.0	0.0	0.0	0.0	0.0	0.0	0.0
ZNF430	na	0.0	0.0	0.0	0.0	0.0	0.0	0.0
ZNF431	na	0.0	0.0	0.0	0.0	0.0	0.0	0.0
ZNF708	na	0.0	0.0	0.0	0.0	0.0	0.0	0.0
ZNF429	na	0.0	0.0	0.0	0.0	0.0	0.0	0.0
ZNF100	na	0.0	0.0	0.0	0.0	0.0	0.0	0.0
ZNF43	na	0.0	0.0	0.0	0.0	0.0	0.0	0.0
AC025811.1	na	0.0	0.0	0.0	0.0	0.0	0.0	0.0
ZNF91	na	0.0	0.0	0.0	0.0	0.0	0.0	0.0
ZNF675	na	0.0	0.0	0.0	0.0	0.0	0.0	0.0
ZNF681	na	0.0	0.0	0.0	0.0	0.0	0.0	0.0
ZNF726	na	0.0	0.0	0.0	0.0	0.0	0.0	0.0
ZNF254	na	0.0	0.0	0.0	0.0	0.0	0.0	0.0
LINC00662	na	0.0	0.0	0.0	0.0	0.0	0.0	0.0
AC006504.5	na	0.0	0.0	0.0	0.0	0.0	0.0	0.0
UQCRFS1	na	0.07905044289220649	0.0032273756066796876	0.11737068798574268	0.13500643370837864	0.07734571439431139	0.03126757324503119	0.04929923274848171
POP4	na	0.0	0.0	0.0	0.0	0.0	0.0	0.0
PLEKHF1	na	0.0	0.0	0.0	0.0	0.0	0.0	0.0
C19orf12	na	0.0	0.0	0.0	0.0	0.0	0.0	0.0
CCNE1	na	0.0	0.0	0.0	0.0	0.0	0.0	0.0
URI1	na	0.0	0.0	0.0	0.0	0.0	0.0	0.0
TSHZ3	na	0.0	0.0	0.0	0.0	0.0	0.0	0.0
ZNF507	na	0.0	0.0	0.0	0.0	0.0	0.0	0.0
DPY19L3	na	0.0	0.0	0.0	0.0	0.0	0.0	0.0
PDCD5	na	0.08971739659341237	0.04764676919651168	0.10989850310400118	0.13153752328906637	0.07584634827300536	0.052383633834965984	0.08290097598057133
ANKRD27	na	0.0	0.0	0.0	0.0	0.0	0.0	0.0
AC008736.1	na	0.0	0.0	0.0	0.0	0.0	0.0	0.0
NUDT19	na	0.0	0.0	0.0	0.0	0.0	0.0	0.0
TDRD12	na	0.0	0.0	0.0	0.0	0.0	0.0	0.0
CEP89	na	0.0	0.0	0.0	0.0	0.0	0.0	0.0
FAAP24	na	0.0	0.0	0.0	0.0	0.0	0.0	0.0
RHPN2	na	0.0	0.0	0.0	0.0	0.0	0.0	0.0
GPATCH1	na	0.0	0.0	0.0	0.0	0.0	0.0	0.0
LRP3	na	0.0	0.0	0.0	0.0	0.0	0.0	0.0
CEBPA	na	0.0	0.0	0.0	0.0	0.0	0.0	0.0
CEBPG	na	0.0	0.0	0.0	0.0	0.0	0.0	0.0
PEPD	na	0.0	0.0	0.0	0.0	0.0	0.0	0.0
CHST8	na	0.0	0.0	0.0	0.0	0.0	0.0	0.0
KCTD15	na	0.0	0.0	0.0	0.0	0.0	0.0	0.0
AC008556.1	na	0.0	0.0	0.0	0.0	0.0	0.0	0.0
LSM14A	na	0.0	0.0	0.0	0.0	0.0	0.0	0.0
KIAA0355	na	0.0	0.0	0.0	0.0	0.0	0.0	0.0
GPI	na	0.10038933028488439	4.3053180532690947e-20	0.17231413462858697	0.21835311008290118	0.11785953452110273	0.02510913820477788	0.08748733480896903
PDCD2L	na	0.0	0.0	0.0	0.0	0.0	0.0	0.0
UBA2	na	0.0	0.0	0.0	0.0	0.0	0.0	0.0
WTIP	na	0.0	0.0	0.0	0.0	0.0	0.0	0.0
ZNF302	na	0.0	0.0	0.0	0.0	0.0	0.0	0.0
AC020910.4	na	0.0	0.0	0.0	0.0	0.0	0.0	0.0
ZNF181	na	0.0	0.0	0.0	0.0	0.0	0.0	0.0
ZNF599	na	0.0	0.0	0.0	0.0	0.0	0.0	0.0
AC008555.1	na	0.0	0.0	0.0	0.0	0.0	0.0	0.0
AC008555.5	na	0.0	0.0	0.0	0.0	0.0	0.0	0.0
ZNF30	na	0.0	0.0	0.0	0.0	0.0	0.0	0.0
ZNF792	na	0.0	0.0	0.0	0.0	0.0	0.0	0.0
GRAMD1A	na	0.0	0.0	0.0	0.0	0.0	0.0	0.0
SCN1B	na	0.0	0.0	0.0	0.0	0.0	0.0	0.0
HPN	na	0.0	0.0	0.0	0.0	0.0	0.0	0.0
FXYD3	na	0.187989817035221	0.11769405940428704	0.29702095109795945	0.2648228874926178	0.1930493854863398	0.07080738508124364	0.2841490604757607
LGI4	na	0.0	0.0	0.0	0.0	0.0	0.0	0.0
FXYD1	na	0.0	0.0	0.0	0.0	0.0	0.0	0.0
FXYD5	na	0.0	0.0	0.0	0.0	0.0	0.0	0.0
LSR	na	0.07085965942719631	8.221007162733741e-19	0.1454070744501372	0.17138709406505637	0.08853707126898022	0.0045009286483300055	0.05647486127860134
USF2	na	0.0	0.0	0.0	0.0	0.0	0.0	0.0
HAMP	na	0.0	0.0	0.0	0.0	0.0	0.0	0.0
FFAR2	na	0.0	0.0	0.0	0.0	0.0	0.0	0.0
DMKN	na	0.0	0.0	0.0	0.0	0.0	0.0	0.0
TMEM147-AS1	na	0.0	0.0	0.0	0.0	0.0	0.0	0.0
TMEM147	na	0.0	0.0	0.0	0.0	0.0	0.0	0.0
HAUS5	na	0.0	0.0	0.0	0.0	0.0	0.0	0.0
RBM42	na	0.0	0.0	0.0	0.0	0.0	0.0	0.0
ETV2	na	0.0	0.0	0.0	0.0	0.0	0.0	0.0
COX6B1	na	0.19557185200779229	0.21845073920842212	0.18943230762583554	0.2313056596382142	0.1706060207293278	0.1907639861294452	0.30045633815621187
KMT2B	na	0.0	0.0	0.0	0.0	0.0	0.0	0.0
IGFLR1	na	0.0	0.0	0.0	0.0	0.0	0.0	0.0
U2AF1L4	na	0.0	0.0	0.0	0.0	0.0	0.0	0.0
PSENEN	na	0.06710119002767727	0.023599187714990994	0.0945935031023201	0.11545219493359202	0.07333699337088968	0.040665794145748786	0.058029126922164484
LIN37	na	0.0	0.0	0.0	0.0	0.0	0.0	0.0
HSPB6	na	0.0	0.0	0.0	0.0	0.0	0.0	0.0
PROSER3	na	0.0	0.0	0.0	0.0	0.0	0.0	0.0
ARHGAP33	na	0.0	0.0	0.0	0.0	0.0	0.0	0.0
APLP1	na	0.0	0.0	0.0	0.0	0.0	0.0	0.0
NFKBID	na	0.0	0.0	0.0	0.0	0.0	0.0	0.0
HCST	na	0.0	0.0	0.0	0.0	0.0	0.0	0.0
TYROBP	na	0.07729128749328879	0.10684671091711292	0.09549999043111897	0.10163665754301028	0.09006832094654539	0.14233598843957268	0.13786912039163682
LRFN3	na	0.0	0.0	0.0	0.0	0.0	0.0	0.0
SDHAF1	na	0.0	0.0	0.0	0.0	0.0	0.0	0.0
SYNE4	na	0.0	0.0	0.0	0.0	0.0	0.0	0.0
ALKBH6	na	0.0	0.0	0.0	0.0	0.0	0.0	0.0
CLIP3	na	0.0	0.0	0.0	0.0	0.0	0.0	0.0
THAP8	na	0.0	0.0	0.0	0.0	0.0	0.0	0.0
WDR62	na	0.0	0.0	0.0	0.0	0.0	0.0	0.0
POLR2I	na	0.0818784446361039	0.0436110588793947	0.10349703178584028	0.13760360272852298	0.07863796265517844	0.06099643615385252	0.09922789465313155
TBCB	na	0.04518912908893176	5.399039743361286e-18	0.10278824417969983	0.14394710416967638	0.07685732465898858	0.009375780912125316	0.06816554888317607
CAPNS1	na	0.09477030555851619	1.3260748012736055e-15	0.17642919870894172	0.20782961571629724	0.11701340076197596	0.04157419052207599	0.09910295505795183
COX7A1	na	0.0	0.0	0.0	0.0	0.0	0.0	0.0
ZNF565	na	0.0	0.0	0.0	0.0	0.0	0.0	0.0
ZNF146	na	0.0	0.0	0.0	0.0	0.0	0.0	0.0
LINC00665	na	0.0	0.0	0.0	0.0	0.0	0.0	0.0
ZFP14	na	0.0	0.0	0.0	0.0	0.0	0.0	0.0
ZFP82	na	0.0	0.0	0.0	0.0	0.0	0.0	0.0
ZNF566	na	0.0	0.0	0.0	0.0	0.0	0.0	0.0
ZNF260	na	0.0	0.0	0.0	0.0	0.0	0.0	0.0
ZNF529	na	0.0	0.0	0.0	0.0	0.0	0.0	0.0
ZNF529-AS1	na	0.0	0.0	0.0	0.0	0.0	0.0	0.0
ZNF382	na	0.0	0.0	0.0	0.0	0.0	0.0	0.0
ZNF461	na	0.0	0.0	0.0	0.0	0.0	0.0	0.0
LINC01534	na	0.0	0.0	0.0	0.0	0.0	0.0	0.0
ZNF567	na	0.0	0.0	0.0	0.0	0.0	0.0	0.0
ZNF850	na	0.0	0.0	0.0	0.0	0.0	0.0	0.0
AC020928.2	na	0.0	0.0	0.0	0.0	0.0	0.0	0.0
AC020928.1	na	0.0	0.0	0.0	0.0	0.0	0.0	0.0
ZNF790	na	0.0	0.0	0.0	0.0	0.0	0.0	0.0
ZNF345	na	0.0	0.0	0.0	0.0	0.0	0.0	0.0
ZNF829	na	0.0	0.0	0.0	0.0	0.0	0.0	0.0
ZNF568	na	0.0	0.0	0.0	0.0	0.0	0.0	0.0
ZNF420	na	0.0	0.0	0.0	0.0	0.0	0.0	0.0
ZNF585A	na	0.0	0.0	0.0	0.0	0.0	0.0	0.0
ZNF585B	na	0.0	0.0	0.0	0.0	0.0	0.0	0.0
ZNF383	na	0.0	0.0	0.0	0.0	0.0	0.0	0.0
HKR1	na	0.0	0.0	0.0	0.0	0.0	0.0	0.0
ZNF527	na	0.0	0.0	0.0	0.0	0.0	0.0	0.0
ZNF569	na	0.0	0.0	0.0	0.0	0.0	0.0	0.0
ZNF570	na	0.0	0.0	0.0	0.0	0.0	0.0	0.0
ZNF793-AS1	na	0.0	0.0	0.0	0.0	0.0	0.0	0.0
ZNF793	na	0.0	0.0	0.0	0.0	0.0	0.0	0.0
ZNF571	na	0.0	0.0	0.0	0.0	0.0	0.0	0.0
ZFP30	na	0.0	0.0	0.0	0.0	0.0	0.0	0.0
ZNF607	na	0.0	0.0	0.0	0.0	0.0	0.0	0.0
AC093227.1	na	0.0	0.0	0.0	0.0	0.0	0.0	0.0
SIPA1L3	na	0.0	0.0	0.0	0.0	0.0	0.0	0.0
SPINT2	na	0.14467902805356148	2.654150694724042e-14	0.31653769345722116	0.4173554865827339	0.20687230861302944	0.034977761428829995	0.1439517793863629
PPP1R14A	na	0.0	0.0	0.0	0.0	0.0	0.0	0.0
YIF1B	na	0.0	0.0	0.0	0.0	0.0	0.0	0.0
KCNK6	na	0.0	0.0	0.0	0.0	0.0	0.0	0.0
CATSPERG	na	0.0	0.0	0.0	0.0	0.0	0.0	0.0
PSMD8	na	0.08270039285652214	0.016234158523036495	0.1160356656447635	0.15286786333271582	0.08893887147744899	0.029666938382480777	0.060422649811438724
SPRED3	na	0.0	0.0	0.0	0.0	0.0	0.0	0.0
FAM98C	na	0.0	0.0	0.0	0.0	0.0	0.0	0.0
RYR1	na	0.0	0.0	0.0	0.0	0.0	0.0	0.0
MAP4K1	na	0.0	0.0	0.0	0.0	0.0	0.0	0.0
EIF3K	na	0.08753789887124828	0.00022508070945886902	0.13225897636686929	0.1865702783577568	0.10269525714667477	0.04675299815633363	0.080884666812325
ACTN4	na	0.07430201857953764	2.5521228005710174e-25	0.15135300102402918	0.19849047946566342	0.10131052786363708	0.007225299460585787	0.08235769165819308
CAPN12	na	0.0	0.0	0.0	0.0	0.0	0.0	0.0
ECH1	na	0.059383000638742224	2.4567641180389093e-16	0.1374899338395079	0.16818831624708497	0.08609573693298095	0.032350704096116165	0.06210025994856912
HNRNPL	na	0.05940656683798763	4.663516537790183e-18	0.1407405148252745	0.16671910813895363	0.09320879012237314	3.2352133733124807e-13	0.0457892038925191
RINL	na	0.0	0.0	0.0	0.0	0.0	0.0	0.0
SIRT2	na	0.0	0.0	0.0	0.0	0.0	0.0	0.0
NFKBIB	na	0.0	0.0	0.0	0.0	0.0	0.0	0.0
SARS2	na	0.0	0.0	0.0	0.0	0.0	0.0	0.0
MRPS12	na	0.0	0.0	0.0	0.0	0.0	0.0	0.0
FBXO17	na	0.0	0.0	0.0	0.0	0.0	0.0	0.0
FBXO27	na	0.0	0.0	0.0	0.0	0.0	0.0	0.0
PAK4	na	0.0	0.0	0.0	0.0	0.0	0.0	0.0
NCCRP1	na	0.0	0.0	0.0	0.0	0.0	0.0	0.0
LRFN1	na	0.0	0.0	0.0	0.0	0.0	0.0	0.0
GMFG	na	0.0	0.0	0.0	0.0	0.0	0.0	0.0
AC011445.2	na	0.0	0.0	0.0	0.0	0.0	0.0	0.0
SAMD4B	na	0.0	0.0	0.0	0.0	0.0	0.0	0.0
PAF1	na	0.0	0.0	0.0	0.0	0.0	0.0	0.0
MED29	na	0.0	0.0	0.0	0.0	0.0	0.0	0.0
ZFP36	na	0.0	0.0	0.0	0.0	0.0	0.0	0.0
PLEKHG2	na	0.0	0.0	0.0	0.0	0.0	0.0	0.0
RPS16	na	0.5277000805461519	0.80323243879223	0.38866946225213395	0.35682914643803576	0.3809024176577095	0.5775420118976753	0.8798507444527996
SUPT5H	na	0.0	0.0	0.0	0.0	0.0	0.0	0.0
TIMM50	na	0.0	0.0	0.0	0.0	0.0	0.0	0.0
DLL3	na	0.0	0.0	0.0	0.0	0.0	0.0	0.0
EID2B	na	0.0	0.0	0.0	0.0	0.0	0.0	0.0
EID2	na	0.0	0.0	0.0	0.0	0.0	0.0	0.0
AC005393.1	na	0.0	0.0	0.0	0.0	0.0	0.0	0.0
DYRK1B	na	0.0	0.0	0.0	0.0	0.0	0.0	0.0
FBL	na	0.0	0.0	0.0	0.0	0.0	0.0	0.0
FCGBP	na	0.0	0.0	0.0	0.0	0.0	0.0	0.0
PSMC4	na	0.0	0.0	0.0	0.0	0.0	0.0	0.0
ZNF780B	na	0.0	0.0	0.0	0.0	0.0	0.0	0.0
ZNF780A	na	0.0	0.0	0.0	0.0	0.0	0.0	0.0
MAP3K10	na	0.0	0.0	0.0	0.0	0.0	0.0	0.0
CNTD2	na	0.0	0.0	0.0	0.0	0.0	0.0	0.0
AKT2	na	0.0	0.0	0.0	0.0	0.0	0.0	0.0
C19orf47	na	0.0	0.0	0.0	0.0	0.0	0.0	0.0
PLD3	na	0.0	0.0	0.0	0.0	0.0	0.0	0.0
PRX	na	0.0	0.0	0.0	0.0	0.0	0.0	0.0
SERTAD1	na	0.0	0.0	0.0	0.0	0.0	0.0	0.0
SERTAD3	na	0.0	0.0	0.0	0.0	0.0	0.0	0.0
BLVRB	na	0.06992431730590871	0.0032029596811037637	0.1055933540731783	0.11712593551807558	0.0675723040147355	0.03931671019946464	0.05364557343449774
SPTBN4	na	0.0	0.0	0.0	0.0	0.0	0.0	0.0
SHKBP1	na	0.0	0.0	0.0	0.0	0.0	0.0	0.0
LTBP4	na	0.0	0.0	0.0	0.0	0.0	0.0	0.0
NUMBL	na	0.0	0.0	0.0	0.0	0.0	0.0	0.0
COQ8B	na	0.0	0.0	0.0	0.0	0.0	0.0	0.0
ITPKC	na	0.0	0.0	0.0	0.0	0.0	0.0	0.0
C19orf54	na	0.0	0.0	0.0	0.0	0.0	0.0	0.0
SNRPA	na	0.0	0.0	0.0	0.0	0.0	0.0	0.0
MIA-RAB4B	na	0.0	0.0	0.0	0.0	0.0	0.0	0.0
EGLN2	na	0.0	0.0	0.0	0.0	0.0	0.0	0.0
CYP2S1	na	0.0	0.0	0.0	0.0	0.0	0.0	0.0
AXL	na	0.0	0.0	0.0	0.0	0.0	0.0	0.0
HNRNPUL1	na	0.0	0.0	0.0	0.0	0.0	0.0	0.0
TGFB1	na	0.0	0.0	0.0	0.0	0.0	0.0	0.0
CCDC97	na	0.0	0.0	0.0	0.0	0.0	0.0	0.0
TMEM91	na	0.0	0.0	0.0	0.0	0.0	0.0	0.0
B9D2	na	0.0	0.0	0.0	0.0	0.0	0.0	0.0
EXOSC5	na	0.0	0.0	0.0	0.0	0.0	0.0	0.0
BCKDHA	na	0.0	0.0	0.0	0.0	0.0	0.0	0.0
B3GNT8	na	0.0	0.0	0.0	0.0	0.0	0.0	0.0
DMAC2	na	0.0	0.0	0.0	0.0	0.0	0.0	0.0
PCAT19	na	0.0	0.0	0.0	0.0	0.0	0.0	0.0
CEACAM7	na	0.0	0.0	0.0	0.0	0.0	0.0	0.0
CEACAM6	na	0.0	0.0	0.0	0.0	0.0	0.0	0.0
RPS19	na	0.9638923789751477	1.9106591098394234	0.5370432321805919	0.40755303513641045	0.682140535082179	1.4044599666091047	1.9661099995938929
CD79A	na	0.0	0.0	0.0	0.0	0.0	0.0	0.0
ARHGEF1	na	0.0	0.0	0.0	0.0	0.0	0.0	0.0
RABAC1	na	0.07003852059532688	0.009138828042195747	0.11013084135033133	0.1395683105080045	0.07950877347529689	0.04456555507724607	0.06180038631957308
ZNF574	na	0.0	0.0	0.0	0.0	0.0	0.0	0.0
POU2F2	na	0.0	0.0	0.0	0.0	0.0	0.0	0.0
DEDD2	na	0.0	0.0	0.0	0.0	0.0	0.0	0.0
ZNF526	na	0.0	0.0	0.0	0.0	0.0	0.0	0.0
GSK3A	na	0.0	0.0	0.0	0.0	0.0	0.0	0.0
ERF	na	0.0	0.0	0.0	0.0	0.0	0.0	0.0
CIC	na	0.0	0.0	0.0	0.0	0.0	0.0	0.0
PAFAH1B3	na	0.07578283438952532	0.0165988946708629	0.11482180745979617	0.14286609965530872	0.08672026735922099	0.03876043887171275	0.07402915015172888
PRR19	na	0.0	0.0	0.0	0.0	0.0	0.0	0.0
MEGF8	na	0.0	0.0	0.0	0.0	0.0	0.0	0.0
CNFN	na	0.0	0.0	0.0	0.0	0.0	0.0	0.0
LIPE-AS1	na	0.0	0.0	0.0	0.0	0.0	0.0	0.0
LIPE	na	0.0	0.0	0.0	0.0	0.0	0.0	0.0
CXCL17	na	0.0	0.0	0.0	0.0	0.0	0.0	0.0
CEACAM1	na	0.0	0.0	0.0	0.0	0.0	0.0	0.0
LYPD3	na	0.0	0.0	0.0	0.0	0.0	0.0	0.0
PHLDB3	na	0.0	0.0	0.0	0.0	0.0	0.0	0.0
ETHE1	na	0.0	0.0	0.0	0.0	0.0	0.0	0.0
ZNF575	na	0.0	0.0	0.0	0.0	0.0	0.0	0.0
XRCC1	na	0.0	0.0	0.0	0.0	0.0	0.0	0.0
PINLYP	na	0.0	0.0	0.0	0.0	0.0	0.0	0.0
IRGQ	na	0.0	0.0	0.0	0.0	0.0	0.0	0.0
ZNF576	na	0.0	0.0	0.0	0.0	0.0	0.0	0.0
ZNF428	na	0.0	0.0	0.0	0.0	0.0	0.0	0.0
CADM4	na	0.0	0.0	0.0	0.0	0.0	0.0	0.0
PLAUR	na	0.0	0.0	0.0	0.0	0.0	0.0	0.0
SMG9	na	0.0	0.0	0.0	0.0	0.0	0.0	0.0
KCNN4	na	0.0	0.0	0.0	0.0	0.0	0.0	0.0
LYPD5	na	0.0	0.0	0.0	0.0	0.0	0.0	0.0
ZNF283	na	0.0	0.0	0.0	0.0	0.0	0.0	0.0
ZNF404	na	0.0	0.0	0.0	0.0	0.0	0.0	0.0
ZNF45	na	0.0	0.0	0.0	0.0	0.0	0.0	0.0
ZNF155	na	0.0	0.0	0.0	0.0	0.0	0.0	0.0
ZNF230	na	0.0	0.0	0.0	0.0	0.0	0.0	0.0
ZNF222	na	0.0	0.0	0.0	0.0	0.0	0.0	0.0
ZNF223	na	0.0	0.0	0.0	0.0	0.0	0.0	0.0
ZNF284	na	0.0	0.0	0.0	0.0	0.0	0.0	0.0
ZNF224	na	0.0	0.0	0.0	0.0	0.0	0.0	0.0
AC021092.1	na	0.0	0.0	0.0	0.0	0.0	0.0	0.0
ZNF225	na	0.0	0.0	0.0	0.0	0.0	0.0	0.0
ZNF234	na	0.0	0.0	0.0	0.0	0.0	0.0	0.0
ZNF226	na	0.0	0.0	0.0	0.0	0.0	0.0	0.0
ZNF227	na	0.0	0.0	0.0	0.0	0.0	0.0	0.0
ZNF235	na	0.0	0.0	0.0	0.0	0.0	0.0	0.0
ZNF229	na	0.0	0.0	0.0	0.0	0.0	0.0	0.0
ZNF180	na	0.0	0.0	0.0	0.0	0.0	0.0	0.0
AC243964.2	na	0.0	0.0	0.0	0.0	0.0	0.0	0.0
PVR	na	0.0	0.0	0.0	0.0	0.0	0.0	0.0
CEACAM19	na	0.0	0.0	0.0	0.0	0.0	0.0	0.0
BCL3	na	0.0	0.0	0.0	0.0	0.0	0.0	0.0
CBLC	na	0.0	0.0	0.0	0.0	0.0	0.0	0.0
BCAM	na	0.0	0.0	0.0	0.0	0.0	0.0	0.0
NECTIN2	na	0.07436200531080188	4.3514340186537795e-20	0.14080749560344236	0.165061306053912	0.09569693717482111	0.018198415772834778	0.044764073887855846
TOMM40	na	0.0	0.0	0.0	0.0	0.0	0.0	0.0
APOE	na	0.23423052918548518	0.06011401824815046	0.41927079247684484	0.36684496311402215	0.2744618136675034	0.20057334218353245	0.38981470447424005
APOC1	na	0.19698306276882283	0.12139191579734189	0.20376892371964447	0.2651387441075782	0.17801911788615563	0.2614333234625414	0.2312586035482085
APOC2	na	0.0	0.0	0.0	0.0	0.0	0.0	0.0
CLPTM1	na	0.0	0.0	0.0	0.0	0.0	0.0	0.0
RELB	na	0.0	0.0	0.0	0.0	0.0	0.0	0.0
CLASRP	na	0.0	0.0	0.0	0.0	0.0	0.0	0.0
ZNF296	na	0.0	0.0	0.0	0.0	0.0	0.0	0.0
GEMIN7	na	0.0	0.0	0.0	0.0	0.0	0.0	0.0
MARK4	na	0.0	0.0	0.0	0.0	0.0	0.0	0.0
PPP1R37	na	0.0	0.0	0.0	0.0	0.0	0.0	0.0
TRAPPC6A	na	0.0	0.0	0.0	0.0	0.0	0.0	0.0
BLOC1S3	na	0.0	0.0	0.0	0.0	0.0	0.0	0.0
EXOC3L2	na	0.0	0.0	0.0	0.0	0.0	0.0	0.0
KLC3	na	0.0	0.0	0.0	0.0	0.0	0.0	0.0
ERCC2	na	0.0	0.0	0.0	0.0	0.0	0.0	0.0
PPP1R13L	na	0.0	0.0	0.0	0.0	0.0	0.0	0.0
CD3EAP	na	0.0	0.0	0.0	0.0	0.0	0.0	0.0
ERCC1	na	0.0	0.0	0.0	0.0	0.0	0.0	0.0
FOSB	na	0.0	0.0	0.0	0.0	0.0	0.0	0.0
RTN2	na	0.0	0.0	0.0	0.0	0.0	0.0	0.0
PPM1N	na	0.0	0.0	0.0	0.0	0.0	0.0	0.0
VASP	na	0.058097347739345634	4.064776893479243e-17	0.11263135030450784	0.1318196136431568	0.0765826327703963	0.024347752190056113	0.05792232987105635
OPA3	na	0.0	0.0	0.0	0.0	0.0	0.0	0.0
GPR4	na	0.0	0.0	0.0	0.0	0.0	0.0	0.0
EML2	na	0.0	0.0	0.0	0.0	0.0	0.0	0.0
GIPR	na	0.0	0.0	0.0	0.0	0.0	0.0	0.0
SNRPD2	na	0.28249594585055543	0.39540801792150704	0.262688338554134	0.2547125273499828	0.24518349247863463	0.3302654836618406	0.4988112649498105
QPCTL	na	0.0	0.0	0.0	0.0	0.0	0.0	0.0
FBXO46	na	0.0	0.0	0.0	0.0	0.0	0.0	0.0
SIX5	na	0.0	0.0	0.0	0.0	0.0	0.0	0.0
DMPK	na	0.0	0.0	0.0	0.0	0.0	0.0	0.0
DMWD	na	0.0	0.0	0.0	0.0	0.0	0.0	0.0
SYMPK	na	0.0	0.0	0.0	0.0	0.0	0.0	0.0
IRF2BP1	na	0.0	0.0	0.0	0.0	0.0	0.0	0.0
MYPOP	na	0.0	0.0	0.0	0.0	0.0	0.0	0.0
NOVA2	na	0.0	0.0	0.0	0.0	0.0	0.0	0.0
CCDC61	na	0.0	0.0	0.0	0.0	0.0	0.0	0.0
IGFL2	na	0.0	0.0	0.0	0.0	0.0	0.0	0.0
PPP5C	na	0.0	0.0	0.0	0.0	0.0	0.0	0.0
CCDC8	na	0.0	0.0	0.0	0.0	0.0	0.0	0.0
PNMA8A	na	0.0	0.0	0.0	0.0	0.0	0.0	0.0
CALM3	na	0.09132172910576497	6.992818581453433e-16	0.153428959686274	0.1829164831908413	0.099336685560842	0.03889986045503654	0.09092320102260701
AC093503.2	na	0.0	0.0	0.0	0.0	0.0	0.0	0.0
PTGIR	na	0.0	0.0	0.0	0.0	0.0	0.0	0.0
DACT3	na	0.0	0.0	0.0	0.0	0.0	0.0	0.0
PRKD2	na	0.0	0.0	0.0	0.0	0.0	0.0	0.0
STRN4	na	0.0	0.0	0.0	0.0	0.0	0.0	0.0
FKRP	na	0.0	0.0	0.0	0.0	0.0	0.0	0.0
SLC1A5	na	0.06288138682213161	0.007680432834423936	0.12327370561683099	0.13228135150481402	0.0778172745765849	0.042864970476615465	0.06102549258950287
AP2S1	na	0.09969147744597258	0.09737978651430759	0.1184337330910247	0.20990717514875318	0.11497891669208131	0.11725277543293447	0.11471613276448311
ARHGAP35	na	0.0	0.0	0.0	0.0	0.0	0.0	0.0
NPAS1	na	0.0	0.0	0.0	0.0	0.0	0.0	0.0
TMEM160	na	0.06369386032678925	0.01951983620423842	0.10897561733001483	0.10852327706714428	0.07425026418365113	0.04455912913799361	0.05777713516153683
ZC3H4	na	0.0	0.0	0.0	0.0	0.0	0.0	0.0
SAE1	na	0.0	0.0	0.0	0.0	0.0	0.0	0.0
BBC3	na	0.0	0.0	0.0	0.0	0.0	0.0	0.0
CCDC9	na	0.0	0.0	0.0	0.0	0.0	0.0	0.0
INAFM1	na	0.0	0.0	0.0	0.0	0.0	0.0	0.0
C5AR1	na	0.0	0.0	0.0	0.0	0.0	0.0	0.0
C5AR2	na	0.0	0.0	0.0	0.0	0.0	0.0	0.0
DHX34	na	0.0	0.0	0.0	0.0	0.0	0.0	0.0
MEIS3	na	0.0	0.0	0.0	0.0	0.0	0.0	0.0
SLC8A2	na	0.0	0.0	0.0	0.0	0.0	0.0	0.0
KPTN	na	0.0	0.0	0.0	0.0	0.0	0.0	0.0
NAPA-AS1	na	0.0	0.0	0.0	0.0	0.0	0.0	0.0
NAPA	na	0.093740495306204	0.008371393379794164	0.16767865206675103	0.19608572945348832	0.11060294355331604	0.03466228791563575	0.09360251692499254
AC010331.1	na	0.0	0.0	0.0	0.0	0.0	0.0	0.0
BICRA	na	0.0	0.0	0.0	0.0	0.0	0.0	0.0
EHD2	na	0.0	0.0	0.0	0.0	0.0	0.0	0.0
NOP53	na	0.09687624134529943	0.001652784515010336	0.16367164766951897	0.1719443798568198	0.10134708560253038	0.016159885389743875	0.0783499550402889
SELENOW	na	0.19642432497379464	0.18930880883029896	0.2224513212200288	0.3315974562054162	0.20424923598239964	0.18505942333126094	0.2970635164084284
PLA2G4C	na	0.0	0.0	0.0	0.0	0.0	0.0	0.0
LIG1	na	0.0	0.0	0.0	0.0	0.0	0.0	0.0
ZSWIM9	na	0.0	0.0	0.0	0.0	0.0	0.0	0.0
CARD8	na	0.0	0.0	0.0	0.0	0.0	0.0	0.0
CARD8-AS1	na	0.0	0.0	0.0	0.0	0.0	0.0	0.0
EMP3	na	0.0	0.0	0.0	0.0	0.0	0.0	0.0
TMEM143	na	0.0	0.0	0.0	0.0	0.0	0.0	0.0
KDELR1	na	0.07052545887818006	4.035331678996577e-27	0.13923123978498894	0.16738247740947113	0.09895262251129511	1.2403452116197608e-21	0.029955341789096507
GRWD1	na	0.0	0.0	0.0	0.0	0.0	0.0	0.0
CYTH2	na	0.05615198637651782	4.6240412524086636e-15	0.11276875106124123	0.13381733309618535	0.07963974415716345	0.007596604038263207	0.044882150388705674
LMTK3	na	0.0	0.0	0.0	0.0	0.0	0.0	0.0
SULT2B1	na	0.0	0.0	0.0	0.0	0.0	0.0	0.0
RPL18	na	0.8180126603485621	1.1994175319253215	0.6672427657802839	0.6296742196970586	0.6533633069667849	0.9466463177774306	1.4112296146953451
SPHK2	na	0.0	0.0	0.0	0.0	0.0	0.0	0.0
DBP	na	0.0	0.0	0.0	0.0	0.0	0.0	0.0
CA11	na	0.0	0.0	0.0	0.0	0.0	0.0	0.0
RASIP1	na	0.0	0.0	0.0	0.0	0.0	0.0	0.0
FUT1	na	0.0	0.0	0.0	0.0	0.0	0.0	0.0
BCAT2	na	0.0	0.0	0.0	0.0	0.0	0.0	0.0
HSD17B14	na	0.0	0.0	0.0	0.0	0.0	0.0	0.0
PLEKHA4	na	0.0	0.0	0.0	0.0	0.0	0.0	0.0
PPP1R15A	na	0.0	0.0	0.0	0.0	0.0	0.0	0.0
NUCB1	na	0.0	0.0	0.0	0.0	0.0	0.0	0.0
BAX	na	0.0	0.0	0.0	0.0	0.0	0.0	0.0
FTL	na	0.9623264069701409	1.8848792229040106	0.6036442757382432	0.7098352634613588	0.815624856675606	1.7438982816160935	2.105156966275158
GYS1	na	0.0	0.0	0.0	0.0	0.0	0.0	0.0
RUVBL2	na	0.06346072133685955	2.5374876006218675e-22	0.1337129039883791	0.15282480653537645	0.09013457415186996	1.7998399028164572e-19	0.04152181255010647
SNRNP70	na	0.07810275093445716	3.910771926235389e-17	0.1328048627192115	0.1607120235577378	0.09556974831289214	1.8045170544007475e-15	0.04220151164343456
LIN7B	na	0.0	0.0	0.0	0.0	0.0	0.0	0.0
C19orf73	na	0.0	0.0	0.0	0.0	0.0	0.0	0.0
PPFIA3	na	0.0	0.0	0.0	0.0	0.0	0.0	0.0
HRC	na	0.0	0.0	0.0	0.0	0.0	0.0	0.0
TRPM4	na	0.039234280545701536	5.2587013792347905e-18	0.12580079823045162	0.13668469273915748	0.08560263035641262	0.019517699849036386	0.03956730640514316
SLC6A16	na	0.0	0.0	0.0	0.0	0.0	0.0	0.0
CD37	na	0.0	0.0	0.0	0.0	0.0	0.0	0.0
TEAD2	na	0.0	0.0	0.0	0.0	0.0	0.0	0.0
PIH1D1	na	0.0	0.0	0.0	0.0	0.0	0.0	0.0
ALDH16A1	na	0.0	0.0	0.0	0.0	0.0	0.0	0.0
FLT3LG	na	0.0	0.0	0.0	0.0	0.0	0.0	0.0
RPL13A	na	0.9235148027908908	1.4131242184322805	0.7110955353149333	0.9382724899576403	0.755924800517452	1.1076102073315752	1.6458935182804482
RPS11	na	0.7942093485746775	0.879558205810094	1.0577368363819566	0.7261178738251138	0.7467457840867867	0.6807859729587846	1.4831254436967294
FCGRT	na	0.09915362147330703	0.003361944509970174	0.11323864526336129	0.13761559917035784	0.08941103859740294	0.0363710011346138	0.08783248493912603
RCN3	na	0.0	0.0	0.0	0.0	0.0	0.0	0.0
NOSIP	na	0.06076239272999057	8.388638835847564e-18	0.12430725467402169	0.14882714772162295	0.07638528889098717	0.0018866132783108343	0.0426243503453324
PRRG2	na	0.0	0.0	0.0	0.0	0.0	0.0	0.0
PRR12	na	0.0	0.0	0.0	0.0	0.0	0.0	0.0
RRAS	na	0.0	0.0	0.0	0.0	0.0	0.0	0.0
SCAF1	na	0.0	0.0	0.0	0.0	0.0	0.0	0.0
IRF3	na	0.0	0.0	0.0	0.0	0.0	0.0	0.0
BCL2L12	na	0.0	0.0	0.0	0.0	0.0	0.0	0.0
PRMT1	na	0.07655087222587109	2.4182691837386105e-15	0.11163041225996405	0.13968527971577774	0.08158630592955245	0.01267766229874268	0.03934201638233349
ADM5	na	0.0	0.0	0.0	0.0	0.0	0.0	0.0
CPT1C	na	0.0	0.0	0.0	0.0	0.0	0.0	0.0
AP2A1	na	0.0	0.0	0.0	0.0	0.0	0.0	0.0
FUZ	na	0.0	0.0	0.0	0.0	0.0	0.0	0.0
AC006942.1	na	0.0	0.0	0.0	0.0	0.0	0.0	0.0
MED25	na	0.0	0.0	0.0	0.0	0.0	0.0	0.0
PTOV1-AS1	na	0.0	0.0	0.0	0.0	0.0	0.0	0.0
PTOV1	na	0.08332649142587122	4.1468854363604284e-19	0.14575793056671055	0.17874909639217745	0.09621251289446991	0.012189122363938942	0.058215498979738343
PNKP	na	0.0	0.0	0.0	0.0	0.0	0.0	0.0
AKT1S1	na	0.0	0.0	0.0	0.0	0.0	0.0	0.0
TBC1D17	na	0.0	0.0	0.0	0.0	0.0	0.0	0.0
IL4I1	na	0.0	0.0	0.0	0.0	0.0	0.0	0.0
NUP62	na	0.0	0.0	0.0	0.0	0.0	0.0	0.0
ATF5	na	0.0	0.0	0.0	0.0	0.0	0.0	0.0
VRK3	na	0.0	0.0	0.0	0.0	0.0	0.0	0.0
ZNF473	na	0.0	0.0	0.0	0.0	0.0	0.0	0.0
MYH14	na	0.0	0.0	0.0	0.0	0.0	0.0	0.0
KCNC3	na	0.0	0.0	0.0	0.0	0.0	0.0	0.0
NR1H2	na	0.0	0.0	0.0	0.0	0.0	0.0	0.0
POLD1	na	0.0	0.0	0.0	0.0	0.0	0.0	0.0
FAM71E1	na	0.0	0.0	0.0	0.0	0.0	0.0	0.0
EMC10	na	0.0757300645826484	8.026649952041298e-16	0.14825002429068665	0.20095588810824405	0.1110610881629324	0.002833287897601093	0.026662634710079226
JOSD2	na	0.0	0.0	0.0	0.0	0.0	0.0	0.0
CLEC11A	na	0.0	0.0	0.0	0.0	0.0	0.0	0.0
C19orf48	na	0.0	0.0	0.0	0.0	0.0	0.0	0.0
KLK4	na	0.0	0.0	0.0	0.0	0.0	0.0	0.0
CTU1	na	0.0	0.0	0.0	0.0	0.0	0.0	0.0
SIGLEC9	na	0.0	0.0	0.0	0.0	0.0	0.0	0.0
SIGLEC7	na	0.0	0.0	0.0	0.0	0.0	0.0	0.0
CD33	na	0.0	0.0	0.0	0.0	0.0	0.0	0.0
VSIG10L	na	0.0	0.0	0.0	0.0	0.0	0.0	0.0
ETFB	na	0.06911443703170432	2.9463679049475875e-20	0.13068250539405368	0.1639472077284417	0.09047642636376066	0.021902916699052175	0.030969677474308118
CLDND2	na	0.0	0.0	0.0	0.0	0.0	0.0	0.0
NKG7	na	0.0	0.0	0.0	0.0	0.0	0.0	0.0
SIGLEC10	na	0.0	0.0	0.0	0.0	0.0	0.0	0.0
SIGLEC8	na	0.0	0.0	0.0	0.0	0.0	0.0	0.0
SIGLEC12	na	0.0	0.0	0.0	0.0	0.0	0.0	0.0
ZNF175	na	0.0	0.0	0.0	0.0	0.0	0.0	0.0
SIGLEC5	na	0.0	0.0	0.0	0.0	0.0	0.0	0.0
SIGLEC14	na	0.0	0.0	0.0	0.0	0.0	0.0	0.0
SPACA6	na	0.0	0.0	0.0	0.0	0.0	0.0	0.0
FPR1	na	0.0	0.0	0.0	0.0	0.0	0.0	0.0
FPR3	na	0.0	0.0	0.0	0.0	0.0	0.0	0.0
ZNF577	na	0.0	0.0	0.0	0.0	0.0	0.0	0.0
ZNF649	na	0.0	0.0	0.0	0.0	0.0	0.0	0.0
ZNF613	na	0.0	0.0	0.0	0.0	0.0	0.0	0.0
ZNF350	na	0.0	0.0	0.0	0.0	0.0	0.0	0.0
ZNF615	na	0.0	0.0	0.0	0.0	0.0	0.0	0.0
ZNF614	na	0.0	0.0	0.0	0.0	0.0	0.0	0.0
ZNF432	na	0.0	0.0	0.0	0.0	0.0	0.0	0.0
ZNF841	na	0.0	0.0	0.0	0.0	0.0	0.0	0.0
ZNF616	na	0.0	0.0	0.0	0.0	0.0	0.0	0.0
ZNF836	na	0.0	0.0	0.0	0.0	0.0	0.0	0.0
PPP2R1A	na	0.10412562795740264	0.02031452130482892	0.21699184357700907	0.2547867822379463	0.14863641915847908	0.04164674870320242	0.14022197215445775
ZNF766	na	0.0	0.0	0.0	0.0	0.0	0.0	0.0
ZNF480	na	0.0	0.0	0.0	0.0	0.0	0.0	0.0
ZNF610	na	0.0	0.0	0.0	0.0	0.0	0.0	0.0
ZNF880	na	0.0	0.0	0.0	0.0	0.0	0.0	0.0
ZNF528	na	0.0	0.0	0.0	0.0	0.0	0.0	0.0
ZNF808	na	0.0	0.0	0.0	0.0	0.0	0.0	0.0
ZNF701	na	0.0	0.0	0.0	0.0	0.0	0.0	0.0
ZNF83	na	0.0	0.0	0.0	0.0	0.0	0.0	0.0
ZNF611	na	0.0	0.0	0.0	0.0	0.0	0.0	0.0
ZNF600	na	0.0	0.0	0.0	0.0	0.0	0.0	0.0
ZNF28	na	0.0	0.0	0.0	0.0	0.0	0.0	0.0
ZNF468	na	0.0	0.0	0.0	0.0	0.0	0.0	0.0
ZNF888	na	0.0	0.0	0.0	0.0	0.0	0.0	0.0
ZNF816-ZNF321P	na	0.0	0.0	0.0	0.0	0.0	0.0	0.0
ZNF816	na	0.0	0.0	0.0	0.0	0.0	0.0	0.0
ERVV-1	na	0.0	0.0	0.0	0.0	0.0	0.0	0.0
ZNF160	na	0.0	0.0	0.0	0.0	0.0	0.0	0.0
ZNF415	na	0.0	0.0	0.0	0.0	0.0	0.0	0.0
ZNF347	na	0.0	0.0	0.0	0.0	0.0	0.0	0.0
ZNF677	na	0.0	0.0	0.0	0.0	0.0	0.0	0.0
ZNF845	na	0.0	0.0	0.0	0.0	0.0	0.0	0.0
ZNF525	na	0.0	0.0	0.0	0.0	0.0	0.0	0.0
ZNF765	na	0.0	0.0	0.0	0.0	0.0	0.0	0.0
ZNF761	na	0.0	0.0	0.0	0.0	0.0	0.0	0.0
ZNF813	na	0.0	0.0	0.0	0.0	0.0	0.0	0.0
ZNF331	na	0.0	0.0	0.0	0.0	0.0	0.0	0.0
MYADM	na	0.0	0.0	0.0	0.0	0.0	0.0	0.0
OSCAR	na	0.0	0.0	0.0	0.0	0.0	0.0	0.0
NDUFA3	na	0.17644140410841544	0.12873339851999552	0.21098500638802903	0.2521069204627713	0.1689829577375861	0.12461464897498215	0.24837632820339667
TFPT	na	0.0	0.0	0.0	0.0	0.0	0.0	0.0
PRPF31	na	0.0	0.0	0.0	0.0	0.0	0.0	0.0
CNOT3	na	0.0	0.0	0.0	0.0	0.0	0.0	0.0
LENG1	na	0.0	0.0	0.0	0.0	0.0	0.0	0.0
TMC4	na	0.0	0.0	0.0	0.0	0.0	0.0	0.0
MBOAT7	na	0.05615508100950902	8.792055948219008e-25	0.14344595297259868	0.1695001390582224	0.10136359836259283	2.0926981257472562e-19	0.029369846295080115
TSEN34	na	0.0	0.0	0.0	0.0	0.0	0.0	0.0
RPS9	na	0.3926264712341196	0.6182029029739584	0.35031961941966183	0.2898475192152563	0.32398325461899874	0.4961114610474983	0.751991807970165
LILRB3	na	0.0	0.0	0.0	0.0	0.0	0.0	0.0
LILRA6	na	0.0	0.0	0.0	0.0	0.0	0.0	0.0
LILRB5	na	0.0	0.0	0.0	0.0	0.0	0.0	0.0
LILRB2	na	0.0	0.0	0.0	0.0	0.0	0.0	0.0
LILRA5	na	0.0	0.0	0.0	0.0	0.0	0.0	0.0
LAIR1	na	0.0	0.0	0.0	0.0	0.0	0.0	0.0
TTYH1	na	0.0	0.0	0.0	0.0	0.0	0.0	0.0
AC245884.8	na	0.0	0.0	0.0	0.0	0.0	0.0	0.0
LENG8	na	0.0	0.0	0.0	0.0	0.0	0.0	0.0
LENG9	na	0.0	0.0	0.0	0.0	0.0	0.0	0.0
CDC42EP5	na	0.0	0.0	0.0	0.0	0.0	0.0	0.0
LILRA2	na	0.0	0.0	0.0	0.0	0.0	0.0	0.0
LILRB1	na	0.0	0.0	0.0	0.0	0.0	0.0	0.0
LILRB4	na	0.0	0.0	0.0	0.0	0.0	0.0	0.0
NLRP2	na	0.0	0.0	0.0	0.0	0.0	0.0	0.0
RDH13	na	0.0	0.0	0.0	0.0	0.0	0.0	0.0
EPS8L1	na	0.0	0.0	0.0	0.0	0.0	0.0	0.0
PPP1R12C	na	0.0	0.0	0.0	0.0	0.0	0.0	0.0
TNNT1	na	0.0	0.0	0.0	0.0	0.0	0.0	0.0
TNNI3	na	0.0	0.0	0.0	0.0	0.0	0.0	0.0
DNAAF3	na	0.0	0.0	0.0	0.0	0.0	0.0	0.0
TMEM86B	na	0.0	0.0	0.0	0.0	0.0	0.0	0.0
PPP6R1	na	0.0	0.0	0.0	0.0	0.0	0.0	0.0
HSPBP1	na	0.0	0.0	0.0	0.0	0.0	0.0	0.0
BRSK1	na	0.0	0.0	0.0	0.0	0.0	0.0	0.0
KMT5C	na	0.0	0.0	0.0	0.0	0.0	0.0	0.0
IL11	na	0.0	0.0	0.0	0.0	0.0	0.0	0.0
TMEM238	na	0.0	0.0	0.0	0.0	0.0	0.0	0.0
RPL28	na	1.3616481240889025	2.1832468694624416	1.0307291701077153	1.0968433955519663	1.1109169927403029	1.7562341475569807	2.5529690192452286
UBE2S	na	0.06242513443422418	8.870352885862654e-22	0.11759247797061509	0.1283849860661598	0.07581615059847951	0.05191957779640352	0.07187681913506841
ISOC2	na	0.0	0.0	0.0	0.0	0.0	0.0	0.0
ZNF628	na	0.0	0.0	0.0	0.0	0.0	0.0	0.0
NAT14	na	0.0	0.0	0.0	0.0	0.0	0.0	0.0
SSC5D	na	0.0	0.0	0.0	0.0	0.0	0.0	0.0
ZNF579	na	0.0	0.0	0.0	0.0	0.0	0.0	0.0
FIZ1	na	0.0	0.0	0.0	0.0	0.0	0.0	0.0
ZNF524	na	0.0	0.0	0.0	0.0	0.0	0.0	0.0
ZNF865	na	0.0	0.0	0.0	0.0	0.0	0.0	0.0
ZNF784	na	0.0	0.0	0.0	0.0	0.0	0.0	0.0
ZNF580	na	0.0	0.0	0.0	0.0	0.0	0.0	0.0
ZNF581	na	0.0	0.0	0.0	0.0	0.0	0.0	0.0
CCDC106	na	0.0	0.0	0.0	0.0	0.0	0.0	0.0
U2AF2	na	0.0	0.0	0.0	0.0	0.0	0.0	0.0
EPN1	na	0.08105444972651459	6.261525583772385e-14	0.1080182233653938	0.14384597628328877	0.0794309427391738	0.00527011936011647	0.030439078734676002
ZNF787	na	0.0	0.0	0.0	0.0	0.0	0.0	0.0
ZNF444	na	0.0	0.0	0.0	0.0	0.0	0.0	0.0
ZSCAN5A	na	0.0	0.0	0.0	0.0	0.0	0.0	0.0
ZNF582	na	0.0	0.0	0.0	0.0	0.0	0.0	0.0
ZNF583	na	0.0	0.0	0.0	0.0	0.0	0.0	0.0
ZNF667	na	0.0	0.0	0.0	0.0	0.0	0.0	0.0
ZNF667-AS1	na	0.0	0.0	0.0	0.0	0.0	0.0	0.0
ZNF471	na	0.0	0.0	0.0	0.0	0.0	0.0	0.0
AC005498.2	na	0.0	0.0	0.0	0.0	0.0	0.0	0.0
ZFP28	na	0.0	0.0	0.0	0.0	0.0	0.0	0.0
ZNF470	na	0.0	0.0	0.0	0.0	0.0	0.0	0.0
ZNF71	na	0.0	0.0	0.0	0.0	0.0	0.0	0.0
AC007228.2	na	0.0	0.0	0.0	0.0	0.0	0.0	0.0
PEG3	na	0.0	0.0	0.0	0.0	0.0	0.0	0.0
ZNF264	na	0.0	0.0	0.0	0.0	0.0	0.0	0.0
AURKC	na	0.0	0.0	0.0	0.0	0.0	0.0	0.0
AC005261.3	na	0.0	0.0	0.0	0.0	0.0	0.0	0.0
AC005261.1	na	0.0	0.0	0.0	0.0	0.0	0.0	0.0
ZNF543	na	0.0	0.0	0.0	0.0	0.0	0.0	0.0
AC005261.2	na	0.0	0.0	0.0	0.0	0.0	0.0	0.0
ZNF304	na	0.0	0.0	0.0	0.0	0.0	0.0	0.0
ZNF547	na	0.0	0.0	0.0	0.0	0.0	0.0	0.0
TRAPPC2B	na	0.0	0.0	0.0	0.0	0.0	0.0	0.0
ZNF548	na	0.0	0.0	0.0	0.0	0.0	0.0	0.0
ZNF17	na	0.0	0.0	0.0	0.0	0.0	0.0	0.0
ZNF749	na	0.0	0.0	0.0	0.0	0.0	0.0	0.0
AC004076.2	na	0.0	0.0	0.0	0.0	0.0	0.0	0.0
ZNF772	na	0.0	0.0	0.0	0.0	0.0	0.0	0.0
ZNF419	na	0.0	0.0	0.0	0.0	0.0	0.0	0.0
ZNF773	na	0.0	0.0	0.0	0.0	0.0	0.0	0.0
ZNF549	na	0.0	0.0	0.0	0.0	0.0	0.0	0.0
ZNF550	na	0.0	0.0	0.0	0.0	0.0	0.0	0.0
ZNF416	na	0.0	0.0	0.0	0.0	0.0	0.0	0.0
ZNF530	na	0.0	0.0	0.0	0.0	0.0	0.0	0.0
ZNF134	na	0.0	0.0	0.0	0.0	0.0	0.0	0.0
ZNF211	na	0.0	0.0	0.0	0.0	0.0	0.0	0.0
ZNF551	na	0.0	0.0	0.0	0.0	0.0	0.0	0.0
ZNF154	na	0.0	0.0	0.0	0.0	0.0	0.0	0.0
ZNF671	na	0.0	0.0	0.0	0.0	0.0	0.0	0.0
ZNF776	na	0.0	0.0	0.0	0.0	0.0	0.0	0.0
ZNF586	na	0.0	0.0	0.0	0.0	0.0	0.0	0.0
ZNF552	na	0.0	0.0	0.0	0.0	0.0	0.0	0.0
ZNF587B	na	0.0	0.0	0.0	0.0	0.0	0.0	0.0
ZNF814	na	0.0	0.0	0.0	0.0	0.0	0.0	0.0
ZNF587	na	0.0	0.0	0.0	0.0	0.0	0.0	0.0
ZNF417	na	0.0	0.0	0.0	0.0	0.0	0.0	0.0
ZNF418	na	0.0	0.0	0.0	0.0	0.0	0.0	0.0
ZNF256	na	0.0	0.0	0.0	0.0	0.0	0.0	0.0
C19orf18	na	0.0	0.0	0.0	0.0	0.0	0.0	0.0
ZNF606	na	0.0	0.0	0.0	0.0	0.0	0.0	0.0
ZSCAN1	na	0.0	0.0	0.0	0.0	0.0	0.0	0.0
ZSCAN18	na	0.0	0.0	0.0	0.0	0.0	0.0	0.0
ZNF329	na	0.0	0.0	0.0	0.0	0.0	0.0	0.0
ZNF274	na	0.0	0.0	0.0	0.0	0.0	0.0	0.0
ZNF544	na	0.0	0.0	0.0	0.0	0.0	0.0	0.0
AC020915.3	na	0.0	0.0	0.0	0.0	0.0	0.0	0.0
ZNF8	na	0.0	0.0	0.0	0.0	0.0	0.0	0.0
ERVK3-1	na	0.0	0.0	0.0	0.0	0.0	0.0	0.0
AC010642.2	na	0.0	0.0	0.0	0.0	0.0	0.0	0.0
ZSCAN22	na	0.0	0.0	0.0	0.0	0.0	0.0	0.0
A1BG	na	0.0	0.0	0.0	0.0	0.0	0.0	0.0
A1BG-AS1	na	0.0	0.0	0.0	0.0	0.0	0.0	0.0
ZNF497	na	0.0	0.0	0.0	0.0	0.0	0.0	0.0
ZNF837	na	0.0	0.0	0.0	0.0	0.0	0.0	0.0
RPS5	na	0.5330294818414697	0.6015856621011669	0.36516891146339026	0.4877202185925111	0.36571594591616857	0.4369271982364113	0.6989710927036619
ZNF584	na	0.0	0.0	0.0	0.0	0.0	0.0	0.0
AC012313.1	na	0.0	0.0	0.0	0.0	0.0	0.0	0.0
ZNF324B	na	0.0	0.0	0.0	0.0	0.0	0.0	0.0
ZNF324	na	0.0	0.0	0.0	0.0	0.0	0.0	0.0
ZNF446	na	0.0	0.0	0.0	0.0	0.0	0.0	0.0
SLC27A5	na	0.0	0.0	0.0	0.0	0.0	0.0	0.0
ZBTB45	na	0.0	0.0	0.0	0.0	0.0	0.0	0.0
TRIM28	na	0.09848206239633615	4.760117463687235e-22	0.18776071098545957	0.2418863802725187	0.1279133178667855	0.012825841348475947	0.07196993347314525
CHMP2A	na	0.0677793455702943	1.9925213562878983e-16	0.1269604086632008	0.1358929028887139	0.08049527899674398	0.047815739235664144	0.08632023070861636
UBE2M	na	0.0	0.0	0.0	0.0	0.0	0.0	0.0
MZF1-AS1	na	0.0	0.0	0.0	0.0	0.0	0.0	0.0
MZF1	na	0.0	0.0	0.0	0.0	0.0	0.0	0.0
IL17RA	na	0.0	0.0	0.0	0.0	0.0	0.0	0.0
TMEM121B	na	0.0	0.0	0.0	0.0	0.0	0.0	0.0
HDHD5	na	0.0	0.0	0.0	0.0	0.0	0.0	0.0
HDHD5-AS1	na	0.0	0.0	0.0	0.0	0.0	0.0	0.0
ADA2	na	0.0	0.0	0.0	0.0	0.0	0.0	0.0
CECR2	na	0.0	0.0	0.0	0.0	0.0	0.0	0.0
SLC25A18	na	0.0	0.0	0.0	0.0	0.0	0.0	0.0
ATP6V1E1	na	0.06556119242856365	0.0035731666997019505	0.11106407706240735	0.12961040247810984	0.07674349094819262	0.03412059647189541	0.06747104080472027
BCL2L13	na	0.0	0.0	0.0	0.0	0.0	0.0	0.0
BID	na	0.0	0.0	0.0	0.0	0.0	0.0	0.0
MICAL3	na	0.0	0.0	0.0	0.0	0.0	0.0	0.0
AC016027.1	na	0.0	0.0	0.0	0.0	0.0	0.0	0.0
PEX26	na	0.0	0.0	0.0	0.0	0.0	0.0	0.0
USP18	na	0.0	0.0	0.0	0.0	0.0	0.0	0.0
TMEM191B	na	0.0	0.0	0.0	0.0	0.0	0.0	0.0
DGCR6	na	0.0	0.0	0.0	0.0	0.0	0.0	0.0
DGCR2	na	0.0	0.0	0.0	0.0	0.0	0.0	0.0
ESS2	na	0.0	0.0	0.0	0.0	0.0	0.0	0.0
LINC01311	na	0.0	0.0	0.0	0.0	0.0	0.0	0.0
SLC25A1	na	0.07099677043541724	1.0173412669704198e-18	0.1277148672567669	0.13994951855864968	0.08510490210626132	0.03396495149604227	0.0568918473524544
CLTCL1	na	0.0	0.0	0.0	0.0	0.0	0.0	0.0
HIRA	na	0.0	0.0	0.0	0.0	0.0	0.0	0.0
C22orf39	na	0.0	0.0	0.0	0.0	0.0	0.0	0.0
MRPL40	na	0.0	0.0	0.0	0.0	0.0	0.0	0.0
UFD1	na	0.0	0.0	0.0	0.0	0.0	0.0	0.0
AC000068.3	na	0.0	0.0	0.0	0.0	0.0	0.0	0.0
CDC45	na	0.0	0.0	0.0	0.0	0.0	0.0	0.0
CLDN5	na	0.0	0.0	0.0	0.0	0.0	0.0	0.0
GNB1L	na	0.0	0.0	0.0	0.0	0.0	0.0	0.0
RTL10	na	0.0	0.0	0.0	0.0	0.0	0.0	0.0
TXNRD2	na	0.0	0.0	0.0	0.0	0.0	0.0	0.0
COMT	na	0.13130248986130763	0.0795764836656881	0.2103458286220891	0.22409005748902194	0.1472586330577396	0.06696289805526116	0.20113139400377153
ARVCF	na	0.0	0.0	0.0	0.0	0.0	0.0	0.0
TANGO2	na	0.0	0.0	0.0	0.0	0.0	0.0	0.0
DGCR8	na	0.0	0.0	0.0	0.0	0.0	0.0	0.0
TRMT2A	na	0.0	0.0	0.0	0.0	0.0	0.0	0.0
RANBP1	na	0.08542515148413811	0.015406953544197919	0.11890201043432413	0.13400329408252004	0.08594818562679876	0.05918188465026443	0.07529294241201728
ZDHHC8	na	0.0	0.0	0.0	0.0	0.0	0.0	0.0
RTN4R	na	0.0	0.0	0.0	0.0	0.0	0.0	0.0
DGCR6L	na	0.04512443873413369	0.012740379603850115	0.10498902825509922	0.1259909342783065	0.0732682113488761	0.03672074986108902	0.06900756593050568
AC007731.3	na	0.0	0.0	0.0	0.0	0.0	0.0	0.0
ZNF74	na	0.0	0.0	0.0	0.0	0.0	0.0	0.0
SCARF2	na	0.0	0.0	0.0	0.0	0.0	0.0	0.0
KLHL22	na	0.0	0.0	0.0	0.0	0.0	0.0	0.0
MED15	na	0.0	0.0	0.0	0.0	0.0	0.0	0.0
PI4KA	na	0.0	0.0	0.0	0.0	0.0	0.0	0.0
SNAP29	na	0.0	0.0	0.0	0.0	0.0	0.0	0.0
CRKL	na	0.0	0.0	0.0	0.0	0.0	0.0	0.0
LINC01637	na	0.0	0.0	0.0	0.0	0.0	0.0	0.0
AIFM3	na	0.0	0.0	0.0	0.0	0.0	0.0	0.0
LZTR1	na	0.0	0.0	0.0	0.0	0.0	0.0	0.0
THAP7	na	0.0	0.0	0.0	0.0	0.0	0.0	0.0
THAP7-AS1	na	0.0	0.0	0.0	0.0	0.0	0.0	0.0
HIC2	na	0.0	0.0	0.0	0.0	0.0	0.0	0.0
TMEM191C	na	0.0	0.0	0.0	0.0	0.0	0.0	0.0
UBE2L3	na	0.10324582504954738	0.05395494254175199	0.14400849602311666	0.164670580115147	0.1055498835466168	0.0736294530885784	0.10576463123205884
YDJC	na	0.0	0.0	0.0	0.0	0.0	0.0	0.0
SDF2L1	na	0.0	0.0	0.0	0.0	0.0	0.0	0.0
PPIL2	na	0.0	0.0	0.0	0.0	0.0	0.0	0.0
YPEL1	na	0.0	0.0	0.0	0.0	0.0	0.0	0.0
MAPK1	na	0.0	0.0	0.0	0.0	0.0	0.0	0.0
PPM1F	na	0.0	0.0	0.0	0.0	0.0	0.0	0.0
TOP3B	na	0.0	0.0	0.0	0.0	0.0	0.0	0.0
IGLV6-57	na	0.0	0.0	0.0	0.0	0.0	0.0	0.0
AC245060.5	na	0.0	0.0	0.0	0.0	0.0	0.0	0.0
IGLV1-44	na	0.0	0.0	0.0	0.0	0.0	0.0	0.0
IGLV1-40	na	0.0	0.0	0.0	0.0	0.0	0.0	0.0
PRAME	na	0.0	0.0	0.0	0.0	0.0	0.0	0.0
IGLV3-25	na	0.0	0.0	0.0	0.0	0.0	0.0	0.0
IGLV3-21	na	0.0	0.0	0.0	0.0	0.0	0.0	0.0
IGLV3-19	na	0.0	0.0	0.0	0.0	0.0	0.0	0.0
IGLV2-14	na	0.0	0.0	0.0	0.0	0.0	0.0	0.0
IGLV2-11	na	0.0	0.0	0.0	0.0	0.0	0.0	0.0
IGLV3-1	na	0.0	0.0	0.0	0.0	0.0	0.0	0.0
IGLL5	na	0.0	0.0	0.0	0.0	0.0	0.0	0.0
IGLC2	na	0.13522293463647395	2.681152002244051	3.732565272440307e-21	0.7300987081944368	0.4615375679187962	0.6385282852939334	0.40565866687959085
IGLC3	na	0.5943882953537578	1.919881028596529	0.003717417224910071	0.3776252785048253	0.48240537557330965	1.5900479811643122	0.47955005867438716
IGLC7	na	0.0	0.0	0.0	0.0	0.0	0.0	0.0
RSPH14	na	0.0	0.0	0.0	0.0	0.0	0.0	0.0
GNAZ	na	0.0	0.0	0.0	0.0	0.0	0.0	0.0
RAB36	na	0.0	0.0	0.0	0.0	0.0	0.0	0.0
BCR	na	0.0	0.0	0.0	0.0	0.0	0.0	0.0
PCAT14	na	0.0	0.0	0.0	0.0	0.0	0.0	0.0
ZNF70	na	0.0	0.0	0.0	0.0	0.0	0.0	0.0
CHCHD10	na	0.0	0.0	0.0	0.0	0.0	0.0	0.0
MMP11	na	0.0	0.0	0.0	0.0	0.0	0.0	0.0
SMARCB1	na	0.0	0.0	0.0	0.0	0.0	0.0	0.0
DERL3	na	0.0	0.0	0.0	0.0	0.0	0.0	0.0
SLC2A11	na	0.0	0.0	0.0	0.0	0.0	0.0	0.0
MIF	na	0.8541971325665438	1.3946396656717321	0.29914694262294667	0.395525153934108	0.49680486717016065	0.9877811714926322	1.3638372019075382
MIF-AS1	na	0.0	0.0	0.0	0.0	0.0	0.0	0.0
GSTT2B	na	0.0	0.0	0.0	0.0	0.0	0.0	0.0
DDTL	na	0.0	0.0	0.0	0.0	0.0	0.0	0.0
DDT	na	0.1329245097942969	0.11637762846282744	0.1695199310340763	0.2466105511281255	0.14495229906972953	0.08182825574058217	0.17678081230786147
CABIN1	na	0.0	0.0	0.0	0.0	0.0	0.0	0.0
SUSD2	na	0.0	0.0	0.0	0.0	0.0	0.0	0.0
GGT5	na	0.0	0.0	0.0	0.0	0.0	0.0	0.0
SPECC1L	na	0.0	0.0	0.0	0.0	0.0	0.0	0.0
GUCD1	na	0.0	0.0	0.0	0.0	0.0	0.0	0.0
SNRPD3	na	0.1014112331904507	0.026733616307965346	0.152008607615329	0.18476144938607283	0.10785344781789832	0.051704589589504656	0.11952284595706726
GGT1	na	0.0	0.0	0.0	0.0	0.0	0.0	0.0
LRRC75B	na	0.0	0.0	0.0	0.0	0.0	0.0	0.0
SGSM1	na	0.0	0.0	0.0	0.0	0.0	0.0	0.0
KIAA1671	na	0.0	0.0	0.0	0.0	0.0	0.0	0.0
AL022323.1	na	0.0	0.0	0.0	0.0	0.0	0.0	0.0
CRYBB3	na	0.0	0.0	0.0	0.0	0.0	0.0	0.0
LRP5L	na	0.0	0.0	0.0	0.0	0.0	0.0	0.0
GRK3	na	0.0	0.0	0.0	0.0	0.0	0.0	0.0
ASPHD2	na	0.0	0.0	0.0	0.0	0.0	0.0	0.0
HPS4	na	0.0	0.0	0.0	0.0	0.0	0.0	0.0
SRRD	na	0.0	0.0	0.0	0.0	0.0	0.0	0.0
TFIP11	na	0.0	0.0	0.0	0.0	0.0	0.0	0.0
Z95115.1	na	0.0	0.0	0.0	0.0	0.0	0.0	0.0
TPST2	na	0.0	0.0	0.0	0.0	0.0	0.0	0.0
CRYBB1	na	0.0	0.0	0.0	0.0	0.0	0.0	0.0
MIAT	na	0.0	0.0	0.0	0.0	0.0	0.0	0.0
MIATNB	na	0.0	0.0	0.0	0.0	0.0	0.0	0.0
MN1	na	0.0	0.0	0.0	0.0	0.0	0.0	0.0
PITPNB	na	0.0	0.0	0.0	0.0	0.0	0.0	0.0
TTC28	na	0.0	0.0	0.0	0.0	0.0	0.0	0.0
CHEK2	na	0.0	0.0	0.0	0.0	0.0	0.0	0.0
HSCB	na	0.0	0.0	0.0	0.0	0.0	0.0	0.0
CCDC117	na	0.0	0.0	0.0	0.0	0.0	0.0	0.0
XBP1	na	0.16474963064732304	2.648948494269754e-12	0.28705589967236556	0.3925310933331787	0.21428817930562652	0.05465472689601096	0.15143005603410584
Z93930.2	na	0.0	0.0	0.0	0.0	0.0	0.0	0.0
ZNRF3	na	0.0	0.0	0.0	0.0	0.0	0.0	0.0
KREMEN1	na	0.0	0.0	0.0	0.0	0.0	0.0	0.0
EMID1	na	0.0	0.0	0.0	0.0	0.0	0.0	0.0
RHBDD3	na	0.0	0.0	0.0	0.0	0.0	0.0	0.0
EWSR1	na	0.08021763115415916	1.548514405750645e-29	0.20826966530937818	0.2451147619564398	0.13504439658676468	3.7613638058657064e-17	0.059200340119500504
GAS2L1	na	0.0	0.0	0.0	0.0	0.0	0.0	0.0
RASL10A	na	0.0	0.0	0.0	0.0	0.0	0.0	0.0
AP1B1	na	0.058116479863794354	2.6215451445236458e-17	0.11625624454858569	0.12115020475087256	0.07600124471477991	0.028764734730000612	0.0466736390114963
THOC5	na	0.0	0.0	0.0	0.0	0.0	0.0	0.0
NIPSNAP1	na	0.0	0.0	0.0	0.0	0.0	0.0	0.0
NF2	na	0.0	0.0	0.0	0.0	0.0	0.0	0.0
ZMAT5	na	0.0	0.0	0.0	0.0	0.0	0.0	0.0
UQCR10	na	0.310590938144353	0.4133748157315929	0.30499076454885937	0.2772749785263705	0.2628084545539309	0.30451491885020193	0.49156026402548864
ASCC2	na	0.0	0.0	0.0	0.0	0.0	0.0	0.0
MTMR3	na	0.0	0.0	0.0	0.0	0.0	0.0	0.0
AC003681.1	na	0.0	0.0	0.0	0.0	0.0	0.0	0.0
OSM	na	0.0	0.0	0.0	0.0	0.0	0.0	0.0
CASTOR1	na	0.0	0.0	0.0	0.0	0.0	0.0	0.0
TBC1D10A	na	0.0	0.0	0.0	0.0	0.0	0.0	0.0
SF3A1	na	0.0	0.0	0.0	0.0	0.0	0.0	0.0
CCDC157	na	0.0	0.0	0.0	0.0	0.0	0.0	0.0
RNF215	na	0.0	0.0	0.0	0.0	0.0	0.0	0.0
SEC14L2	na	0.0	0.0	0.0	0.0	0.0	0.0	0.0
MTFP1	na	0.0	0.0	0.0	0.0	0.0	0.0	0.0
PES1	na	0.0	0.0	0.0	0.0	0.0	0.0	0.0
TCN2	na	0.0	0.0	0.0	0.0	0.0	0.0	0.0
SLC35E4	na	0.0	0.0	0.0	0.0	0.0	0.0	0.0
DUSP18	na	0.0	0.0	0.0	0.0	0.0	0.0	0.0
OSBP2	na	0.0	0.0	0.0	0.0	0.0	0.0	0.0
MORC2	na	0.0	0.0	0.0	0.0	0.0	0.0	0.0
SMTN	na	0.0	0.0	0.0	0.0	0.0	0.0	0.0
SELENOM	na	0.0	0.0	0.0	0.0	0.0	0.0	0.0
INPP5J	na	0.0	0.0	0.0	0.0	0.0	0.0	0.0
RNF185	na	0.0	0.0	0.0	0.0	0.0	0.0	0.0
LIMK2	na	0.0	0.0	0.0	0.0	0.0	0.0	0.0
PIK3IP1	na	0.0	0.0	0.0	0.0	0.0	0.0	0.0
PATZ1	na	0.0	0.0	0.0	0.0	0.0	0.0	0.0
DRG1	na	0.0	0.0	0.0	0.0	0.0	0.0	0.0
EIF4ENIF1	na	0.0	0.0	0.0	0.0	0.0	0.0	0.0
SFI1	na	0.0	0.0	0.0	0.0	0.0	0.0	0.0
PISD	na	0.0	0.0	0.0	0.0	0.0	0.0	0.0
PRR14L	na	0.0	0.0	0.0	0.0	0.0	0.0	0.0
DEPDC5	na	0.0	0.0	0.0	0.0	0.0	0.0	0.0
YWHAH	na	0.08731456468909599	4.090831337173155e-22	0.1845178419402688	0.19702099536734244	0.11025470754553855	5.7815884557152196e-18	0.07326726332615077
RFPL3S	na	0.0	0.0	0.0	0.0	0.0	0.0	0.0
RTCB	na	0.0	0.0	0.0	0.0	0.0	0.0	0.0
FBXO7	na	0.0	0.0	0.0	0.0	0.0	0.0	0.0
TIMP3	na	0.08784875997154507	0.0773779429693019	0.12053661407137208	0.17328184194994375	0.12210133633832196	0.14014379651983885	0.09706658391806748
LARGE1	na	0.0	0.0	0.0	0.0	0.0	0.0	0.0
HMGXB4	na	0.0	0.0	0.0	0.0	0.0	0.0	0.0
TOM1	na	0.0	0.0	0.0	0.0	0.0	0.0	0.0
HMOX1	na	0.0	0.0	0.0	0.0	0.0	0.0	0.0
MCM5	na	0.0	0.0	0.0	0.0	0.0	0.0	0.0
RASD2	na	0.0	0.0	0.0	0.0	0.0	0.0	0.0
MB	na	0.0	0.0	0.0	0.0	0.0	0.0	0.0
APOL6	na	0.0	0.0	0.0	0.0	0.0	0.0	0.0
RBFOX2	na	0.0	0.0	0.0	0.0	0.0	0.0	0.0
APOL3	na	0.0	0.0	0.0	0.0	0.0	0.0	0.0
APOL4	na	0.0	0.0	0.0	0.0	0.0	0.0	0.0
APOL2	na	0.0	0.0	0.0	0.0	0.0	0.0	0.0
APOL1	na	0.0	0.0	0.0	0.0	0.0	0.0	0.0
MYH9	na	0.14077535716674447	0.029181612683943377	0.23799227846564633	0.27259222705722763	0.15941493855869393	0.10315944119984619	0.18958945350305098
TXN2	na	0.05903313832818707	0.004435307207720111	0.12221074917013612	0.12000757680889862	0.07419003082602987	0.025846148813428203	0.057008187475638634
FOXRED2	na	0.0	0.0	0.0	0.0	0.0	0.0	0.0
EIF3D	na	0.07984377359229336	0.007621827161185607	0.1272901071852103	0.173659482251316	0.09161194966915968	0.04144724845312138	0.08696196915004778
IFT27	na	0.0	0.0	0.0	0.0	0.0	0.0	0.0
PVALB	na	0.0	0.0	0.0	0.0	0.0	0.0	0.0
NCF4	na	0.0	0.0	0.0	0.0	0.0	0.0	0.0
CSF2RB	na	0.0	0.0	0.0	0.0	0.0	0.0	0.0
TST	na	0.0	0.0	0.0	0.0	0.0	0.0	0.0
MPST	na	0.0	0.0	0.0	0.0	0.0	0.0	0.0
KCTD17	na	0.0	0.0	0.0	0.0	0.0	0.0	0.0
TMPRSS6	na	0.0	0.0	0.0	0.0	0.0	0.0	0.0
IL2RB	na	0.0	0.0	0.0	0.0	0.0	0.0	0.0
C1QTNF6	na	0.0	0.0	0.0	0.0	0.0	0.0	0.0
RAC2	na	0.0	0.0	0.0	0.0	0.0	0.0	0.0
CYTH4	na	0.0	0.0	0.0	0.0	0.0	0.0	0.0
ELFN2	na	0.0	0.0	0.0	0.0	0.0	0.0	0.0
MFNG	na	0.0	0.0	0.0	0.0	0.0	0.0	0.0
CARD10	na	0.0	0.0	0.0	0.0	0.0	0.0	0.0
CDC42EP1	na	0.0	0.0	0.0	0.0	0.0	0.0	0.0
GGA1	na	0.0	0.0	0.0	0.0	0.0	0.0	0.0
SH3BP1	na	0.0	0.0	0.0	0.0	0.0	0.0	0.0
LGALS1	na	0.26994905552828347	0.5434884768357982	0.09137461757068135	0.28093069413458865	0.22862151565516647	0.5191125467182555	0.44264460867114874
NOL12	na	0.0	0.0	0.0	0.0	0.0	0.0	0.0
TRIOBP	na	0.0	0.0	0.0	0.0	0.0	0.0	0.0
H1F0	na	0.07419186459720373	1.6860882482638755e-14	0.18542611358830563	0.23359239631938203	0.12810407401810775	0.006196684801827383	0.0630077282761506
GCAT	na	0.0	0.0	0.0	0.0	0.0	0.0	0.0
ANKRD54	na	0.0	0.0	0.0	0.0	0.0	0.0	0.0
EIF3L	na	0.09772473036765769	0.005766685974599906	0.15802526311298057	0.19560005458522853	0.10641476710000371	0.027049666017303606	0.08861661894006416
MICALL1	na	0.0	0.0	0.0	0.0	0.0	0.0	0.0
POLR2F	na	0.06262419571401688	0.02350819711107565	0.13867182150108284	0.14082910472870838	0.0892488905477349	0.050970466876714124	0.0741067195352239
PICK1	na	0.0	0.0	0.0	0.0	0.0	0.0	0.0
BAIAP2L2	na	0.0	0.0	0.0	0.0	0.0	0.0	0.0
AL022322.1	na	0.0	0.0	0.0	0.0	0.0	0.0	0.0
PLA2G6	na	0.0	0.0	0.0	0.0	0.0	0.0	0.0
MAFF	na	0.0	0.0	0.0	0.0	0.0	0.0	0.0
TMEM184B	na	0.0	0.0	0.0	0.0	0.0	0.0	0.0
CSNK1E	na	0.05868296691503065	2.81090092377069e-20	0.15497830289560593	0.15342271512772335	0.10064924497544471	4.383443220022591e-18	0.03486351820928685
KDELR3	na	0.0	0.0	0.0	0.0	0.0	0.0	0.0
DDX17	na	0.08053061589571309	5.900288356628696e-20	0.24809707164311406	0.25406279063291176	0.1405211322782551	2.111413358524907e-18	0.0473689356675739
DMC1	na	0.0	0.0	0.0	0.0	0.0	0.0	0.0
FAM227A	na	0.0	0.0	0.0	0.0	0.0	0.0	0.0
CBY1	na	0.0	0.0	0.0	0.0	0.0	0.0	0.0
TOMM22	na	0.049737367556369566	2.3252035515885215e-18	0.11636094388032575	0.15043688587226375	0.08294009589708073	0.0050442389295847915	0.04756791942693819
JOSD1	na	0.0	0.0	0.0	0.0	0.0	0.0	0.0
GTPBP1	na	0.0	0.0	0.0	0.0	0.0	0.0	0.0
SUN2	na	0.0	0.0	0.0	0.0	0.0	0.0	0.0
AL021707.6	na	0.0	0.0	0.0	0.0	0.0	0.0	0.0
DNAL4	na	0.0	0.0	0.0	0.0	0.0	0.0	0.0
NPTXR	na	0.0	0.0	0.0	0.0	0.0	0.0	0.0
CBX6	na	0.0	0.0	0.0	0.0	0.0	0.0	0.0
APOBEC3A	na	0.0	0.0	0.0	0.0	0.0	0.0	0.0
APOBEC3B	na	0.0	0.0	0.0	0.0	0.0	0.0	0.0
APOBEC3C	na	0.0	0.0	0.0	0.0	0.0	0.0	0.0
APOBEC3F	na	0.0	0.0	0.0	0.0	0.0	0.0	0.0
APOBEC3G	na	0.0	0.0	0.0	0.0	0.0	0.0	0.0
CBX7	na	0.0	0.0	0.0	0.0	0.0	0.0	0.0
PDGFB	na	0.0	0.0	0.0	0.0	0.0	0.0	0.0
RPL3	na	0.5787705840133079	0.5100595530182999	0.7882736985823416	0.7529088540495738	0.5524641182302067	0.5226586066366171	0.8936543427603237
SYNGR1	na	0.0	0.0	0.0	0.0	0.0	0.0	0.0
TAB1	na	0.0	0.0	0.0	0.0	0.0	0.0	0.0
MIEF1	na	0.0	0.0	0.0	0.0	0.0	0.0	0.0
ATF4	na	0.09947746744709358	0.009531207994117063	0.14214142048173467	0.16773071453087507	0.09550305083307876	0.041031303983552744	0.08810488871203719
RPS19BP1	na	0.06814036387452842	0.019292707004410454	0.13949506053358166	0.14446837012337166	0.08928328548521895	0.039259136317350715	0.08463045524368674
CACNA1I	na	0.0	0.0	0.0	0.0	0.0	0.0	0.0
FAM83F	na	0.0	0.0	0.0	0.0	0.0	0.0	0.0
TNRC6B	na	0.0	0.0	0.0	0.0	0.0	0.0	0.0
ADSL	na	0.0	0.0	0.0	0.0	0.0	0.0	0.0
SGSM3	na	0.0	0.0	0.0	0.0	0.0	0.0	0.0
MKL1	na	0.0	0.0	0.0	0.0	0.0	0.0	0.0
SLC25A17	na	0.0	0.0	0.0	0.0	0.0	0.0	0.0
ST13	na	0.13271436415332458	0.07447473892284649	0.17502727759271466	0.2149762131199096	0.1253461240516859	0.09529966181343201	0.15482418721065389
XPNPEP3	na	0.0	0.0	0.0	0.0	0.0	0.0	0.0
RBX1	na	0.1042912384719621	0.10144567886492646	0.12290190990000974	0.18043390829532502	0.11640786267648609	0.09381499986023875	0.14312988543317234
EP300	na	0.0	0.0	0.0	0.0	0.0	0.0	0.0
L3MBTL2	na	0.0	0.0	0.0	0.0	0.0	0.0	0.0
CHADL	na	0.0	0.0	0.0	0.0	0.0	0.0	0.0
RANGAP1	na	0.07788945263022039	3.0259012562210757e-19	0.13922286676205783	0.17692947564352157	0.09726760024182075	0.01071016967694825	0.04687678149270254
ZC3H7B	na	0.0	0.0	0.0	0.0	0.0	0.0	0.0
TEF	na	0.0	0.0	0.0	0.0	0.0	0.0	0.0
TOB2	na	0.0	0.0	0.0	0.0	0.0	0.0	0.0
PHF5A	na	0.0	0.0	0.0	0.0	0.0	0.0	0.0
ACO2	na	0.05186226863845472	2.9875306329032288e-25	0.1241196860276038	0.142788373686645	0.08012756526584155	4.433564329309772e-20	0.047618864648225366
POLR3H	na	0.0	0.0	0.0	0.0	0.0	0.0	0.0
PMM1	na	0.0	0.0	0.0	0.0	0.0	0.0	0.0
DESI1	na	0.0	0.0	0.0	0.0	0.0	0.0	0.0
XRCC6	na	0.1183541082393006	0.0412946661559691	0.16774281874590388	0.19101914309561627	0.1144136151949351	0.09356964703006491	0.1403915135440413
SNU13	na	0.10613728714356786	0.06504951545041948	0.1759601262466415	0.17193540068684204	0.1107352217971725	0.09962533594912869	0.1349053457949562
C22orf46	na	0.0	0.0	0.0	0.0	0.0	0.0	0.0
MEI1	na	0.0	0.0	0.0	0.0	0.0	0.0	0.0
CCDC134	na	0.0	0.0	0.0	0.0	0.0	0.0	0.0
AL021453.1	na	0.0	0.0	0.0	0.0	0.0	0.0	0.0
SREBF2	na	0.07752194485932729	4.270505171681649e-19	0.13579384704003813	0.14716264410425797	0.08762483498285298	9.584004512115885e-16	0.023282813335999637
SHISA8	na	0.0	0.0	0.0	0.0	0.0	0.0	0.0
TNFRSF13C	na	0.0	0.0	0.0	0.0	0.0	0.0	0.0
CENPM	na	0.0	0.0	0.0	0.0	0.0	0.0	0.0
SEPT3	na	0.0	0.0	0.0	0.0	0.0	0.0	0.0
NAGA	na	0.0	0.0	0.0	0.0	0.0	0.0	0.0
PHETA2	na	0.0	0.0	0.0	0.0	0.0	0.0	0.0
SMDT1	na	0.08858548413026988	0.030476153882862435	0.1289037692009335	0.13787503084252994	0.08715160881391225	0.05607443209203753	0.09783401745781946
NDUFA6	na	0.12155282681685335	0.11894076811433706	0.1545611226941453	0.19315491065856463	0.1250265368172207	0.11342686986647794	0.16601489311352202
CYP2D6	na	0.0	0.0	0.0	0.0	0.0	0.0	0.0
TCF20	na	0.0	0.0	0.0	0.0	0.0	0.0	0.0
LINC01315	na	0.0	0.0	0.0	0.0	0.0	0.0	0.0
NFAM1	na	0.0	0.0	0.0	0.0	0.0	0.0	0.0
RRP7A	na	0.0	0.0	0.0	0.0	0.0	0.0	0.0
SERHL2	na	0.0	0.0	0.0	0.0	0.0	0.0	0.0
POLDIP3	na	0.0	0.0	0.0	0.0	0.0	0.0	0.0
Z93241.1	na	0.0	0.0	0.0	0.0	0.0	0.0	0.0
CYB5R3	na	0.05958858213765189	0.004431911850385311	0.11045792579033631	0.13540796259661753	0.07245667912256593	0.037263111051624415	0.07266091374819066
ATP5MGL	na	0.0	0.0	0.0	0.0	0.0	0.0	0.0
A4GALT	na	0.0	0.0	0.0	0.0	0.0	0.0	0.0
ARFGAP3	na	0.0	0.0	0.0	0.0	0.0	0.0	0.0
PACSIN2	na	0.0	0.0	0.0	0.0	0.0	0.0	0.0
TTLL1	na	0.0	0.0	0.0	0.0	0.0	0.0	0.0
BIK	na	0.11071293371465396	0.006672477532181297	0.16680669222263406	0.1734121340039383	0.11070981255920355	2.1434297427941156e-23	0.10525729717991265
MCAT	na	0.0	0.0	0.0	0.0	0.0	0.0	0.0
TSPO	na	0.13386490343839985	0.09897336327720282	0.15638874151176835	0.1350136006595991	0.11354764263447366	0.07556407400685923	0.1922538526647875
TTLL12	na	0.0	0.0	0.0	0.0	0.0	0.0	0.0
EFCAB6	na	0.0	0.0	0.0	0.0	0.0	0.0	0.0
SULT4A1	na	0.0	0.0	0.0	0.0	0.0	0.0	0.0
SAMM50	na	0.0	0.0	0.0	0.0	0.0	0.0	0.0
PARVB	na	0.0	0.0	0.0	0.0	0.0	0.0	0.0
PARVG	na	0.0	0.0	0.0	0.0	0.0	0.0	0.0
RTL6	na	0.0	0.0	0.0	0.0	0.0	0.0	0.0
PRR5	na	0.0	0.0	0.0	0.0	0.0	0.0	0.0
PRR5-ARHGAP8	na	0.0	0.0	0.0	0.0	0.0	0.0	0.0
ARHGAP8	na	0.0	0.0	0.0	0.0	0.0	0.0	0.0
PHF21B	na	0.0	0.0	0.0	0.0	0.0	0.0	0.0
NUP50-DT	na	0.0	0.0	0.0	0.0	0.0	0.0	0.0
NUP50	na	0.0	0.0	0.0	0.0	0.0	0.0	0.0
KIAA0930	na	0.0	0.0	0.0	0.0	0.0	0.0	0.0
FAM118A	na	0.0	0.0	0.0	0.0	0.0	0.0	0.0
RIBC2	na	0.0	0.0	0.0	0.0	0.0	0.0	0.0
FBLN1	na	0.0	0.0	0.0	0.0	0.0	0.0	0.0
ATXN10	na	0.0	0.0	0.0	0.0	0.0	0.0	0.0
WNT7B	na	0.0	0.0	0.0	0.0	0.0	0.0	0.0
BX537318.1	na	0.0	0.0	0.0	0.0	0.0	0.0	0.0
PRR34-AS1	na	0.0	0.0	0.0	0.0	0.0	0.0	0.0
MIRLET7BHG	na	0.0	0.0	0.0	0.0	0.0	0.0	0.0
PPARA	na	0.0	0.0	0.0	0.0	0.0	0.0	0.0
CDPF1	na	0.0	0.0	0.0	0.0	0.0	0.0	0.0
TTC38	na	0.0	0.0	0.0	0.0	0.0	0.0	0.0
GTSE1	na	0.0	0.0	0.0	0.0	0.0	0.0	0.0
TRMU	na	0.0	0.0	0.0	0.0	0.0	0.0	0.0
CELSR1	na	0.0	0.0	0.0	0.0	0.0	0.0	0.0
GRAMD4	na	0.0	0.0	0.0	0.0	0.0	0.0	0.0
CERK	na	0.0	0.0	0.0	0.0	0.0	0.0	0.0
AL118516.1	na	0.0	0.0	0.0	0.0	0.0	0.0	0.0
TBC1D22A	na	0.0	0.0	0.0	0.0	0.0	0.0	0.0
FAM19A5	na	0.0	0.0	0.0	0.0	0.0	0.0	0.0
BRD1	na	0.0	0.0	0.0	0.0	0.0	0.0	0.0
ZBED4	na	0.0	0.0	0.0	0.0	0.0	0.0	0.0
ALG12	na	0.0	0.0	0.0	0.0	0.0	0.0	0.0
CRELD2	na	0.0	0.0	0.0	0.0	0.0	0.0	0.0
PIM3	na	0.0	0.0	0.0	0.0	0.0	0.0	0.0
TRABD	na	0.0	0.0	0.0	0.0	0.0	0.0	0.0
AL022328.4	na	0.0	0.0	0.0	0.0	0.0	0.0	0.0
SELENOO	na	0.0	0.0	0.0	0.0	0.0	0.0	0.0
TUBGCP6	na	0.0	0.0	0.0	0.0	0.0	0.0	0.0
HDAC10	na	0.0	0.0	0.0	0.0	0.0	0.0	0.0
MAPK12	na	0.0	0.0	0.0	0.0	0.0	0.0	0.0
MAPK11	na	0.0	0.0	0.0	0.0	0.0	0.0	0.0
PLXNB2	na	0.0593269805251811	8.58172206956701e-15	0.10743753636215159	0.15250290234174382	0.09272748542425821	0.0014558301239708546	0.04290738989885895
DENND6B	na	0.0	0.0	0.0	0.0	0.0	0.0	0.0
PPP6R2	na	0.0	0.0	0.0	0.0	0.0	0.0	0.0
SBF1	na	0.0	0.0	0.0	0.0	0.0	0.0	0.0
ADM2	na	0.0	0.0	0.0	0.0	0.0	0.0	0.0
LMF2	na	0.0	0.0	0.0	0.0	0.0	0.0	0.0
NCAPH2	na	0.0	0.0	0.0	0.0	0.0	0.0	0.0
U62317.3	na	0.0	0.0	0.0	0.0	0.0	0.0	0.0
TYMP	na	0.04341605343724177	1.986269411274093e-14	0.11398500970350305	0.13693720685444244	0.08052463113120617	0.05749404287723369	0.06724065158165035
ODF3B	na	0.0	0.0	0.0	0.0	0.0	0.0	0.0
U62317.2	na	0.0	0.0	0.0	0.0	0.0	0.0	0.0
U62317.5	na	0.0	0.0	0.0	0.0	0.0	0.0	0.0
KLHDC7B	na	0.0	0.0	0.0	0.0	0.0	0.0	0.0
SYCE3	na	0.0	0.0	0.0	0.0	0.0	0.0	0.0
CPT1B	na	0.0	0.0	0.0	0.0	0.0	0.0	0.0
CHKB	na	0.0	0.0	0.0	0.0	0.0	0.0	0.0
CHKB-DT	na	0.0	0.0	0.0	0.0	0.0	0.0	0.0
MAPK8IP2	na	0.0	0.0	0.0	0.0	0.0	0.0	0.0
ARSA	na	0.0	0.0	0.0	0.0	0.0	0.0	0.0
SHANK3	na	0.0	0.0	0.0	0.0	0.0	0.0	0.0
RABL2B	na	0.0	0.0	0.0	0.0	0.0	0.0	0.0
FP565260.3	na	0.0	0.0	0.0	0.0	0.0	0.0	0.0
GATD3B	na	0.0	0.0	0.0	0.0	0.0	0.0	0.0
FP565260.1	na	0.0	0.0	0.0	0.0	0.0	0.0	0.0
FP565260.6	na	0.0	0.0	0.0	0.0	0.0	0.0	0.0
U2AF1L5	na	0.0	0.0	0.0	0.0	0.0	0.0	0.0
RBM11	na	0.0	0.0	0.0	0.0	0.0	0.0	0.0
HSPA13	na	0.0	0.0	0.0	0.0	0.0	0.0	0.0
SAMSN1	na	0.0	0.0	0.0	0.0	0.0	0.0	0.0
AF127577.4	na	0.0	0.0	0.0	0.0	0.0	0.0	0.0
LINC02246	na	0.0	0.0	0.0	0.0	0.0	0.0	0.0
NRIP1	na	0.0	0.0	0.0	0.0	0.0	0.0	0.0
USP25	na	0.0	0.0	0.0	0.0	0.0	0.0	0.0
MIR99AHG	na	0.0	0.0	0.0	0.0	0.0	0.0	0.0
CXADR	na	0.0	0.0	0.0	0.0	0.0	0.0	0.0
BTG3	na	0.0	0.0	0.0	0.0	0.0	0.0	0.0
C21orf91	na	0.0	0.0	0.0	0.0	0.0	0.0	0.0
NCAM2	na	0.0	0.0	0.0	0.0	0.0	0.0	0.0
MIR155HG	na	0.0	0.0	0.0	0.0	0.0	0.0	0.0
MRPL39	na	0.0	0.0	0.0	0.0	0.0	0.0	0.0
JAM2	na	0.0	0.0	0.0	0.0	0.0	0.0	0.0
ATP5PF	na	0.10097558154444508	0.11947845125608327	0.0974115608718548	0.1630899594474875	0.10806052919130334	0.1421260649733296	0.13011788706196178
GABPA	na	0.0	0.0	0.0	0.0	0.0	0.0	0.0
APP	na	0.08679342105059643	2.4918200013796336e-16	0.14998148701871022	0.16283999440210853	0.09908076605787877	0.06018476719691302	0.06245919730478263
CYYR1	na	0.0	0.0	0.0	0.0	0.0	0.0	0.0
ADAMTS1	na	0.0	0.0	0.0	0.0	0.0	0.0	0.0
ADAMTS5	na	0.0	0.0	0.0	0.0	0.0	0.0	0.0
N6AMT1	na	0.0	0.0	0.0	0.0	0.0	0.0	0.0
LTN1	na	0.0	0.0	0.0	0.0	0.0	0.0	0.0
RWDD2B	na	0.0	0.0	0.0	0.0	0.0	0.0	0.0
USP16	na	0.0	0.0	0.0	0.0	0.0	0.0	0.0
CCT8	na	0.06297910086444976	0.021854913852464918	0.09386344452823393	0.12733737355600902	0.0801657600726148	0.07314890376976035	0.06266994552785839
MAP3K7CL	na	0.0	0.0	0.0	0.0	0.0	0.0	0.0
BACH1	na	0.0	0.0	0.0	0.0	0.0	0.0	0.0
TIAM1	na	0.0	0.0	0.0	0.0	0.0	0.0	0.0
AP000251.1	na	0.0	0.0	0.0	0.0	0.0	0.0	0.0
SOD1	na	0.09038188542240665	0.10263714970706946	0.1139688924936981	0.18562248483647986	0.11050381304537236	0.14887009152179723	0.127345568034716
AP000254.1	na	0.0	0.0	0.0	0.0	0.0	0.0	0.0
SCAF4	na	0.0	0.0	0.0	0.0	0.0	0.0	0.0
MIS18A	na	0.0	0.0	0.0	0.0	0.0	0.0	0.0
URB1	na	0.0	0.0	0.0	0.0	0.0	0.0	0.0
URB1-AS1	na	0.0	0.0	0.0	0.0	0.0	0.0	0.0
EVA1C	na	0.0	0.0	0.0	0.0	0.0	0.0	0.0
TCP10L	na	0.0	0.0	0.0	0.0	0.0	0.0	0.0
CFAP298	na	0.0	0.0	0.0	0.0	0.0	0.0	0.0
SYNJ1	na	0.0	0.0	0.0	0.0	0.0	0.0	0.0
PAXBP1	na	0.0	0.0	0.0	0.0	0.0	0.0	0.0
OLIG1	na	0.0	0.0	0.0	0.0	0.0	0.0	0.0
IFNAR2	na	0.0	0.0	0.0	0.0	0.0	0.0	0.0
IL10RB-DT	na	0.0	0.0	0.0	0.0	0.0	0.0	0.0
IL10RB	na	0.0	0.0	0.0	0.0	0.0	0.0	0.0
IFNAR1	na	0.055480782436010484	3.124111327906117e-22	0.14517957994092198	0.1555639709427563	0.09864074352449018	2.6133656698490523e-20	0.014779955750163791
IFNGR2	na	0.06419408616797298	5.769090137938107e-18	0.19548428958705147	0.20170528843031213	0.11888850014600581	9.3860488144898e-15	0.03511444585647036
TMEM50B	na	0.05839535607900222	6.330990961827401e-20	0.14972948944553097	0.15958000683796644	0.0949558738673127	0.0199845686072801	0.03999230126424302
DNAJC28	na	0.0	0.0	0.0	0.0	0.0	0.0	0.0
GART	na	0.0	0.0	0.0	0.0	0.0	0.0	0.0
SON	na	0.09947298851735635	9.693043611340368e-14	0.1977006037347023	0.28159607101440404	0.1479539790495746	0.07070033260256114	0.09033608138668514
DONSON	na	0.0	0.0	0.0	0.0	0.0	0.0	0.0
CRYZL1	na	0.0	0.0	0.0	0.0	0.0	0.0	0.0
ITSN1	na	0.0	0.0	0.0	0.0	0.0	0.0	0.0
ATP5PO	na	0.1761544574397647	0.15880709624455425	0.23530373070163935	0.28241398448125826	0.18172766714087674	0.15372434088790565	0.2535389109578644
LINC00649	na	0.0	0.0	0.0	0.0	0.0	0.0	0.0
MRPS6	na	0.0	0.0	0.0	0.0	0.0	0.0	0.0
SLC5A3	na	0.0	0.0	0.0	0.0	0.0	0.0	0.0
RCAN1	na	0.0	0.0	0.0	0.0	0.0	0.0	0.0
CLIC6	na	0.0	0.0	0.0	0.0	0.0	0.0	0.0
RUNX1	na	0.0	0.0	0.0	0.0	0.0	0.0	0.0
SETD4	na	0.0	0.0	0.0	0.0	0.0	0.0	0.0
CBR1	na	0.0	0.0	0.0	0.0	0.0	0.0	0.0
CBR3	na	0.0	0.0	0.0	0.0	0.0	0.0	0.0
DOPEY2	na	0.0	0.0	0.0	0.0	0.0	0.0	0.0
MORC3	na	0.0	0.0	0.0	0.0	0.0	0.0	0.0
CHAF1B	na	0.0	0.0	0.0	0.0	0.0	0.0	0.0
HLCS	na	0.0	0.0	0.0	0.0	0.0	0.0	0.0
AP000704.1	na	0.0	0.0	0.0	0.0	0.0	0.0	0.0
PIGP	na	0.0	0.0	0.0	0.0	0.0	0.0	0.0
TTC3	na	0.05149643940189274	4.394984103899525e-15	0.09692137248478293	0.13453351865551263	0.07829425303301807	0.030639150768637075	0.04820515113263523
VPS26C	na	0.0	0.0	0.0	0.0	0.0	0.0	0.0
DYRK1A	na	0.0	0.0	0.0	0.0	0.0	0.0	0.0
DSCR8	na	0.0	0.0	0.0	0.0	0.0	0.0	0.0
KCNJ15	na	0.0	0.0	0.0	0.0	0.0	0.0	0.0
ERG	na	0.0	0.0	0.0	0.0	0.0	0.0	0.0
ETS2	na	0.0	0.0	0.0	0.0	0.0	0.0	0.0
PSMG1	na	0.0	0.0	0.0	0.0	0.0	0.0	0.0
BRWD1	na	0.0	0.0	0.0	0.0	0.0	0.0	0.0
HMGN1	na	0.09677702047382264	0.10544818294647189	0.142350543344401	0.23427821456130943	0.13064760806461426	0.19691193581604977	0.14409973632860823
WRB	na	0.0	0.0	0.0	0.0	0.0	0.0	0.0
LCA5L	na	0.0	0.0	0.0	0.0	0.0	0.0	0.0
SH3BGR	na	0.0	0.0	0.0	0.0	0.0	0.0	0.0
B3GALT5	na	0.0	0.0	0.0	0.0	0.0	0.0	0.0
BACE2	na	0.0	0.0	0.0	0.0	0.0	0.0	0.0
FAM3B	na	0.0	0.0	0.0	0.0	0.0	0.0	0.0
MX2	na	0.0	0.0	0.0	0.0	0.0	0.0	0.0
MX1	na	0.0	0.0	0.0	0.0	0.0	0.0	0.0
TMPRSS2	na	0.0	0.0	0.0	0.0	0.0	0.0	0.0
RIPK4	na	0.0	0.0	0.0	0.0	0.0	0.0	0.0
PRDM15	na	0.0	0.0	0.0	0.0	0.0	0.0	0.0
C2CD2	na	0.0	0.0	0.0	0.0	0.0	0.0	0.0
ZBTB21	na	0.0	0.0	0.0	0.0	0.0	0.0	0.0
UMODL1	na	0.0	0.0	0.0	0.0	0.0	0.0	0.0
ABCG1	na	0.0	0.0	0.0	0.0	0.0	0.0	0.0
TFF3	na	0.4749093230484021	0.14803001702385354	0.7581195609187672	1.130108219455331	0.5571908757113655	0.30343560872320957	0.4463945517903677
TFF1	na	0.0716291236844823	0.04636606408213529	0.11355314460686926	0.18517726240636043	0.10357347389903374	0.11646238332549846	0.05611015938018357
TMPRSS3	na	0.0	0.0	0.0	0.0	0.0	0.0	0.0
RSPH1	na	0.0	0.0	0.0	0.0	0.0	0.0	0.0
SLC37A1	na	0.0	0.0	0.0	0.0	0.0	0.0	0.0
PDE9A	na	0.0	0.0	0.0	0.0	0.0	0.0	0.0
WDR4	na	0.0	0.0	0.0	0.0	0.0	0.0	0.0
NDUFV3	na	0.0	0.0	0.0	0.0	0.0	0.0	0.0
PKNOX1	na	0.0	0.0	0.0	0.0	0.0	0.0	0.0
U2AF1	na	0.0	0.0	0.0	0.0	0.0	0.0	0.0
SIK1	na	0.0	0.0	0.0	0.0	0.0	0.0	0.0
RRP1B	na	0.0	0.0	0.0	0.0	0.0	0.0	0.0
PDXK	na	0.07439829907129386	5.519970098022421e-21	0.1270700199621532	0.14489234738251344	0.08761916403468276	0.011598385101143189	0.01968057216460545
CSTB	na	0.1076126245624817	0.10446914546744769	0.1399660085330703	0.20662736731583262	0.1258074711707052	0.1587672559746631	0.1600779185465529
RRP1	na	0.0	0.0	0.0	0.0	0.0	0.0	0.0
AGPAT3	na	0.0	0.0	0.0	0.0	0.0	0.0	0.0
TRAPPC10	na	0.0	0.0	0.0	0.0	0.0	0.0	0.0
PWP2	na	0.0	0.0	0.0	0.0	0.0	0.0	0.0
GATD3A	na	0.0	0.0	0.0	0.0	0.0	0.0	0.0
ICOSLG	na	0.0	0.0	0.0	0.0	0.0	0.0	0.0
PFKL	na	0.07533783919629536	2.0374383915686205e-24	0.19913179557428437	0.21560203053613472	0.1205491354490715	4.136799713624449e-22	0.025038895116639114
C21orf2	na	0.0	0.0	0.0	0.0	0.0	0.0	0.0
AP001062.1	na	0.0	0.0	0.0	0.0	0.0	0.0	0.0
TRPM2	na	0.0	0.0	0.0	0.0	0.0	0.0	0.0
TRPM2-AS	na	0.0	0.0	0.0	0.0	0.0	0.0	0.0
LRRC3	na	0.0	0.0	0.0	0.0	0.0	0.0	0.0
UBE2G2	na	0.0	0.0	0.0	0.0	0.0	0.0	0.0
SUMO3	na	0.08131964838412846	7.679958074131159e-19	0.1325030171456314	0.17306103337341383	0.09515324530799893	0.05002789222414649	0.04359684620312238
PTTG1IP	na	0.071607903049533	0.011175838441065608	0.13293167712995446	0.13458502443718548	0.0876593512305779	0.05316831794486281	0.04252402652442632
ITGB2	na	0.0	0.0	0.0	0.0	0.0	0.0	0.0
ITGB2-AS1	na	0.0	0.0	0.0	0.0	0.0	0.0	0.0
LINC01547	na	0.0	0.0	0.0	0.0	0.0	0.0	0.0
FAM207A	na	0.0	0.0	0.0	0.0	0.0	0.0	0.0
AP001505.1	na	0.0	0.0	0.0	0.0	0.0	0.0	0.0
ADARB1	na	0.0	0.0	0.0	0.0	0.0	0.0	0.0
POFUT2	na	0.0	0.0	0.0	0.0	0.0	0.0	0.0
COL18A1	na	0.04970957846668706	0.008584211177368255	0.1253983340328995	0.11681491163726701	0.08988991994184772	0.04285562873516489	0.09632800950023283
SLC19A1	na	0.0	0.0	0.0	0.0	0.0	0.0	0.0
COL6A1	na	0.06668567721390092	0.0009333328275007612	0.12448733337837264	0.11361358955725265	0.07975646596223195	0.04432146098766816	0.04536058322725785
COL6A2	na	0.10152649350555637	0.03890140653398024	0.14763010937832866	0.12106198229128758	0.09405676984370383	0.08821741632169446	0.0988692362054549
SPATC1L	na	0.0	0.0	0.0	0.0	0.0	0.0	0.0
LSS	na	0.0	0.0	0.0	0.0	0.0	0.0	0.0
MCM3AP	na	0.0	0.0	0.0	0.0	0.0	0.0	0.0
YBEY	na	0.0	0.0	0.0	0.0	0.0	0.0	0.0
C21orf58	na	0.0	0.0	0.0	0.0	0.0	0.0	0.0
PCNT	na	0.0	0.0	0.0	0.0	0.0	0.0	0.0
DIP2A	na	0.0	0.0	0.0	0.0	0.0	0.0	0.0
S100B	na	0.0	0.0	0.0	0.0	0.0	0.0	0.0
PRMT2	na	0.0	0.0	0.0	0.0	0.0	0.0	0.0
MT-ND1	na	3.5610506222651237	7.506517901435407	1.8911810649141654	2.9997667691107984e-18	2.285792729293626	5.859314488925675	9.196044931522673
MT-ND2	na	1.3972989618842824	3.248222560921002	0.7811474554547508	2.292521761908825e-19	1.004781524128116	2.950302096350358	3.689507046783907
MT-CO1	na	8.183798454453658	19.034567992369087	3.155595789619217	4.01149660265004e-12	5.222879423887986	18.25284880854141	18.23723991606577
MT-CO2	na	6.111380806034792	13.089086441230098	4.1712010074496355	2.3340952218072735	4.744050636584406	12.28609974418391	13.082456876112412
MT-ATP8	na	0.0	0.0	0.0	0.0	0.0	0.0	0.0
MT-ATP6	na	3.022162410573143	6.203698782241438	2.4606934470444717	4.956652346055566e-20	2.1878139820304856	5.183814844976645	7.6303779917048935
MT-CO3	na	7.7447902921375595	18.07800982819894	3.5056005991678316	2.747950863568271e-20	5.023133641449713	16.060264089323496	17.7887021834187
MT-ND3	na	2.858719949336486	6.985330627235849	1.293188879148676	1.4744908009063995e-19	1.884903792072164	5.692887729054181	7.2241001173769686
MT-ND4L	na	0.16067881255090594	0.28302237227689286	0.08414605885713125	0.12724259310972502	0.1477817164245919	0.34582111063807375	0.2734235817281463
MT-ND4	na	4.685600151301134	10.194695979834066	3.0646641526203355	4.677911711574438e-18	3.244407406261898	9.503205363768966	10.832675649256545
MT-ND5	na	0.2665694065375335	0.6011499200099817	0.1748595412476004	0.1471657124456995	0.25345107049742366	0.6629996381855126	0.6263130002184301
MT-ND6	na	0.0	0.0	0.0	0.0	0.0	0.0	0.0
MT-CYB	na	2.430920678677497	5.662648704543597	1.4244950483583438	2.5329924717598813e-19	1.7289654566287966	4.969497493724164	6.333388387995513
AC145212.1	na	0.0	0.0	0.0	0.0	0.0	0.0	0.0
MAFIP	na	0.0	0.0	0.0	0.0	0.0	0.0	0.0
AC011043.1	na	0.0	0.0	0.0	0.0	0.0	0.0	0.0
AC007325.4	na	0.0	0.0	0.0	0.0	0.0	0.0	0.0
