,0
0,1345
1,1660
2,2021
3,3098
4,1812
5,2532
6,2844
7,1696
8,2177
9,3695
10,1319
11,1753
12,2208
13,2515
14,3694
15,3829
16,3396
17,3255
18,3212
19,2143
20,1875
21,1598
22,2300
23,2883
24,2702
25,2507
26,1937
27,3036
28,2795
29,3904
30,3180
31,2767
32,2488
33,2148
34,2280
35,3198
36,1491
37,1492
38,1650
39,1872
40,2573
41,1309
42,1352
43,1736
44,3743
45,2021
46,2193
47,1809
48,2355
49,2043
50,2602
51,1783
52,1168
53,1934
54,1915
55,1627
56,1748
57,1222
58,1602
59,3753
60,3688
61,1829
62,2319
63,2666
64,3618
65,2612
66,2796
67,2223
68,1988
69,2298
70,1984
71,2421
72,1914
73,2453
74,1559
75,2375
76,2181
77,1173
78,1517
79,2314
80,3840
81,2388
82,2338
83,3130
84,2033
85,2777
86,2417
87,2401
88,2040
89,1527
90,1577
91,3021
92,2532
93,2416
94,1816
95,2029
96,2895
97,3300
98,1694
99,2679
100,2900
101,1800
102,2926
103,2472
104,2097
105,1567
106,2586
107,1918
108,2458
109,1326
110,2423
111,2066
112,2023
113,2267
114,2345
115,3320
116,2629
117,1570
118,2111
119,2585
120,2063
121,3337
122,1827
123,1668
124,3472
125,2364
126,2378
127,4552
128,3697
129,3143
130,2880
131,2424
132,1791
133,1798
134,2241
135,1452
136,1837
137,2354
138,2324
139,2200
140,2898
141,2305
142,1883
143,2223
144,2350
145,1640
146,1923
147,2198
148,1742
149,2559
150,2015
151,2030
152,2172
153,1767
154,1832
155,1717
156,1563
157,1270
158,3387
159,3218
160,4188
161,2787
162,2399
163,3113
164,1749
165,2046
166,2862
167,3913
168,2825
169,2247
170,1652
171,2417
172,1983
173,3266
174,3207
175,2682
176,1330
177,2316
178,2115
179,1771
180,1561
181,1784
182,1284
183,1131
184,1877
185,1506
186,1529
187,2293
188,3616
189,2753
190,1673
191,2231
192,2609
193,1614
194,3491
195,3287
196,2502
197,2280
198,1834
199,2560
200,2909
201,2320
202,3472
203,2066
204,2303
205,2548
206,1079
207,1527
208,1961
209,2021
210,1418
211,2052
212,1369
213,1110
214,2250
215,1334
216,2766
217,3210
218,2595
219,4440
220,3598
221,2206
222,2958
223,2444
224,3521
225,2118
226,2309
227,2248
228,3079
229,1886
230,2310
231,1488
232,2090
233,1058
234,1205
235,2053
236,1256
237,1908
238,1473
239,1178
240,1840
241,1383
242,1876
243,2818
244,3954
245,1927
246,5106
247,2420
248,2412
249,3080
250,1928
251,2660
252,3800
253,3359
254,2398
255,2556
256,1259
257,1698
258,1613
259,1253
260,1888
261,729
262,1858
263,1392
264,2146
265,1820
266,2234
267,2023
268,1968
269,1628
270,1334
271,1342
272,2499
273,1302
274,1670
275,3955
276,1670
277,1537
278,3337
279,1103
280,2444
281,1938
282,3689
283,2684
284,3388
285,3999
286,3530
287,2676
288,1282
289,1443
290,2877
291,3120
292,2100
293,3055
294,2097
295,2311
296,1668
297,1809
298,1580
299,1511
300,1629
301,1486
302,1226
303,1801
304,2243
305,2280
306,2609
307,2841
308,2440
309,2320
310,2410
311,1578
312,4296
313,1136
314,2565
315,4362
316,4381
317,2486
318,3633
319,1622
320,2619
321,3105
322,2364
323,3014
324,1889
325,4267
326,3554
327,3104
328,1685
329,2242
330,1929
331,1748
332,1859
333,1817
334,1927
335,1748
336,1500
337,886
338,2073
339,3629
340,3715
341,3388
342,4263
343,4075
344,1762
345,1045
346,3149
347,2201
348,3749
349,1701
350,3794
351,3474
352,2692
353,2597
354,3337
355,3248
356,1980
357,1637
358,2259
359,2248
360,2659
361,1711
362,2277
363,1807
364,2339
365,2795
366,4348
367,2128
368,3641
369,4389
370,3415
371,3623
372,2045
373,3937
374,1839
375,2480
376,958
377,2183
378,1695
379,1432
380,4116
381,1299
382,3014
383,1610
384,2403
385,3467
386,1249
387,1901
388,2440
389,1795
390,1739
391,3418
392,2409
393,2468
394,1718
395,1692
396,1142
397,1472
398,970
399,1569
400,1074
401,1068
402,2061
403,1274
404,1264
405,1717
406,2005
407,805
408,879
409,2385
410,1617
411,1643
412,1129
413,994
414,928
415,1752
416,1797
417,1119
418,853
419,1368
420,868
421,1515
422,1327
423,1620
424,1396
425,1627
426,1368
427,1813
428,1735
429,2609
430,1542
431,1160
432,1022
433,1160
434,892
435,1360
436,1396
437,2201
438,2829
439,2059
440,2032
441,1201
442,1921
443,1574
444,1445
445,2034
446,1207
447,1085
448,1166
449,1362
450,868
451,3252
452,2258
453,2758
454,2246
455,2496
456,756
457,2325
458,2413
459,1902
460,1719
461,655
462,1202
463,1272
464,1734
465,2083
466,2379
467,1228
468,1605
469,1826
470,1886
471,2188
472,988
473,2165
474,1632
475,1260
476,1409
477,1938
478,1153
479,1265
480,2040
481,2557
482,3143
483,2749
484,1803
485,2622
486,2848
487,2149
488,3371
489,2918
490,1682
491,1355
492,2630
493,1016
494,868
495,1732
496,1520
497,2274
498,1334
499,1477
500,1923
501,2901
502,1913
503,2049
504,1285
505,1974
506,1605
507,1160
508,1369
509,1276
510,835
511,2521
512,3215
513,2373
514,2300
515,2373
516,2354
517,2089
518,2187
519,1936
520,1801
521,2487
522,3175
523,1337
524,2738
525,2082
526,1057
527,1225
528,1372
529,1552
530,1973
531,1448
532,1125
533,1320
534,2139
535,1307
536,1229
537,1191
538,1558
539,1412
540,892
541,1722
542,1247
543,1818
544,1036
545,1062
546,2493
547,2359
548,2825
549,2968
550,3545
551,2763
552,3472
553,1301
554,2158
555,1043
556,1999
557,961
558,1557
559,1951
560,1998
561,1661
562,2087
563,796
564,1242
565,1908
566,1341
567,2116
568,963
569,1560
570,1755
571,1204
572,1415
573,1578
574,1488
575,1468
576,1894
577,1105
578,1523
579,1874
580,1750
581,1220
582,1770
583,2581
584,1779
585,1115
586,1780
587,1681
588,3045
589,3642
590,2922
591,2528
592,2179
593,2455
594,2308
595,3122
596,1299
597,3088
598,2224
599,2342
600,1451
601,2461
602,1327
603,1014
604,1251
605,1171
606,1964
607,1498
608,1686
609,1735
610,1648
611,1400
612,990
613,1314
614,1635
615,792
616,968
617,1127
618,1827
619,1557
620,1617
621,695
622,1578
623,1425
624,1286
625,1513
626,1430
627,2507
628,2162
629,3121
630,4227
631,2237
632,2288
633,3229
634,2089
635,1780
636,2334
637,3311
638,2760
639,3055
640,2610
641,2430
642,2089
643,2513
644,1991
645,1835
646,2345
647,2720
648,2240
649,2097
650,1702
651,2166
652,1658
653,1998
654,2927
655,1860
656,1143
657,3092
658,2014
659,1660
660,1249
661,1307
662,1989
663,2205
664,1747
665,1798
666,909
667,1369
668,830
669,1288
670,1462
671,1508
672,1691
673,1468
674,1597
675,1401
676,1782
677,2332
678,2525
679,1974
680,3242
681,2300
682,1765
683,2997
684,3237
685,2628
686,1696
687,2604
688,2629
689,3176
690,2663
691,2374
692,3182
693,3222
694,1707
695,1538
696,2326
697,3048
698,2380
699,3152
700,2002
701,2308
702,1395
703,1911
704,943
705,2085
706,1661
707,1273
708,2075
709,2839
710,2730
711,2121
712,2831
713,1852
714,1744
715,1994
716,2109
717,1176
718,1074
719,1139
720,819
721,1050
722,1011
723,1007
724,1771
725,1173
726,1938
727,2392
728,1732
729,1710
730,1367
731,1040
732,2341
733,2957
734,2428
735,1957
736,2851
737,2758
738,2887
739,2568
740,2739
741,2686
742,3007
743,1640
744,1663
745,2473
746,3018
747,2151
748,2726
749,3275
750,1652
751,1684
752,3000
753,1309
754,1549
755,2582
756,2931
757,1875
758,1430
759,1439
760,2209
761,1425
762,1311
763,1289
764,1696
765,1688
766,1391
767,2431
768,1328
769,2085
770,1630
771,2004
772,1489
773,908
774,1313
775,1408
776,1669
777,1297
778,1428
779,852
780,1670
781,1396
782,1725
783,1558
784,1070
785,1592
786,1343
787,2132
788,1697
789,968
790,1790
791,1959
792,1743
793,3063
794,2416
795,2045
796,1783
797,3119
798,2406
799,1447
800,3284
801,1992
802,2610
803,2121
804,1718
805,2109
806,2861
807,1775
808,2403
809,2448
810,2400
811,3317
812,2554
813,2273
814,2184
815,1104
816,1414
817,1290
818,2591
819,1936
820,1288
821,2022
822,1361
823,1419
824,1058
825,1113
826,1136
827,1372
828,1652
829,1316
830,1135
831,1375
832,1611
833,1612
834,1144
835,772
836,1412
837,1048
838,1572
839,1025
840,1654
841,1252
842,2207
843,1818
844,1332
845,1477
846,1585
847,1572
848,2191
849,2027
850,2349
851,2799
852,2205
853,2177
854,1854
855,2168
856,3045
857,2603
858,2089
859,3045
860,3276
861,3219
862,1826
863,3350
864,3348
865,2016
866,2024
867,2891
868,2515
869,2415
870,910
871,1611
872,1604
873,2641
874,2605
875,2722
876,1582
877,1550
878,1780
879,2457
880,2266
881,2117
882,1966
883,2288
884,1607
885,883
886,1369
887,601
888,1395
889,1534
890,1541
891,1278
892,2426
893,2004
894,785
895,1362
896,763
897,1068
898,1347
899,1261
900,1421
901,2295
902,2784
903,1924
904,2128
905,1492
906,1400
907,2451
908,3232
909,2633
910,2745
911,2713
912,2067
913,1394
914,2240
915,1893
916,3053
917,3121
918,2305
919,3135
920,2581
921,4616
922,2846
923,2765
924,2841
925,2576
926,3762
927,2732
928,2247
929,2476
930,1561
931,2256
932,2978
933,3420
934,1953
935,1806
936,2427
937,930
938,1033
939,2288
940,1768
941,2926
942,2458
943,2708
944,580
945,1295
946,2545
947,2927
948,3120
949,1158
950,1211
951,2865
952,1866
953,2335
954,1496
955,1116
956,1573
957,664
958,586
959,999
960,1271
961,2993
962,2418
963,1800
964,2873
965,2479
966,2021
967,1993
968,2059
969,1503
970,347
971,2024
972,2756
973,2229
974,1574
975,2036
976,3007
977,2137
978,2769
979,1944
980,4148
981,2283
982,2524
983,2497
984,2654
985,2941
986,3079
987,3184
988,2589
989,2654
990,2553
991,2548
992,1788
993,2313
994,2566
995,1974
996,1959
997,3522
998,3159
999,3028
1000,3441
1001,3053
1002,2996
1003,2404
1004,1010
1005,2247
1006,3955
1007,2546
1008,1608
1009,1783
1010,1936
1011,1669
1012,2249
1013,2396
1014,1548
1015,1999
1016,1414
1017,1245
1018,1335
1019,1755
1020,1802
1021,1766
1022,1856
1023,3180
1024,1209
1025,1969
1026,2765
1027,3387
1028,2803
1029,3390
1030,1578
1031,2810
1032,3143
1033,2111
1034,3986
1035,2606
1036,2530
1037,1791
1038,1867
1039,3266
1040,2670
1041,2339
1042,3699
1043,3539
1044,3514
1045,3354
1046,2069
1047,3440
1048,2204
1049,1825
1050,3620
1051,2789
1052,2064
1053,2092
1054,2137
1055,2424
1056,2685
1057,2963
1058,3835
1059,2473
1060,2605
1061,3338
1062,2061
1063,1231
1064,3119
1065,1664
1066,3023
1067,1030
1068,1811
1069,1743
1070,1867
1071,1124
1072,1389
1073,3430
1074,2121
1075,1358
1076,1115
1077,1289
1078,2138
1079,1314
1080,1268
1081,1187
1082,2414
1083,1650
1084,1644
1085,1732
1086,1855
1087,1256
1088,1723
1089,1990
1090,1296
1091,2025
1092,3005
1093,2770
1094,3406
1095,1663
1096,1908
1097,2873
1098,3132
1099,2970
1100,2243
1101,2166
1102,2808
1103,2411
1104,2676
1105,2444
1106,2566
1107,1919
1108,1651
1109,4186
1110,1819
1111,1458
1112,2844
1113,2085
1114,4365
1115,3464
1116,2535
1117,2039
1118,2860
1119,2097
1120,1872
1121,3304
1122,1837
1123,2275
1124,2803
1125,3085
1126,2722
1127,1965
1128,2119
1129,1658
1130,1097
1131,1091
1132,2305
1133,3144
1134,1531
1135,1656
1136,2371
1137,2239
1138,1683
1139,1407
1140,2100
1141,1832
1142,1318
1143,1457
1144,2389
1145,1490
1146,1815
1147,1612
1148,1491
1149,1408
1150,1516
1151,1386
1152,1676
1153,1361
1154,1680
1155,1941
1156,2391
1157,1822
1158,1815
1159,1374
1160,1742
1161,2779
1162,1484
1163,3786
1164,2238
1165,2204
1166,2221
1167,2385
1168,2497
1169,3262
1170,3134
1171,2205
1172,1557
1173,2670
1174,2792
1175,2364
1176,1433
1177,2920
1178,3074
1179,2596
1180,3691
1181,3586
1182,2976
1183,2103
1184,2430
1185,4132
1186,2353
1187,2818
1188,2679
1189,2450
1190,1908
1191,2391
1192,3417
1193,3754
1194,1345
1195,2866
1196,2203
1197,2160
1198,1961
1199,1220
1200,1205
1201,886
1202,1013
1203,2042
1204,2099
1205,3086
1206,3330
1207,1225
1208,1279
1209,1014
1210,1442
1211,1869
1212,1861
1213,1210
1214,2659
1215,739
1216,1208
1217,2307
1218,2515
1219,1613
1220,1231
1221,2264
1222,2980
1223,2330
1224,3382
1225,1646
1226,2227
1227,2259
1228,2362
1229,1889
1230,2491
1231,2248
1232,2802
1233,2349
1234,1583
1235,2586
1236,3431
1237,2737
1238,4051
1239,2286
1240,2824
1241,2239
1242,4640
1243,2182
1244,2970
1245,1633
1246,4464
1247,1669
1248,3838
1249,2222
1250,2979
1251,2800
1252,2779
1253,2224
1254,1694
1255,1751
1256,927
1257,1723
1258,1262
1259,2150
1260,2943
1261,1080
1262,1064
1263,3694
1264,2714
1265,1222
1266,959
1267,1130
1268,2929
1269,1495
1270,1374
1271,1768
1272,1147
1273,2299
1274,1822
1275,1852
1276,1146
1277,2718
1278,1326
1279,2896
1280,1057
1281,1635
1282,2268
1283,2032
1284,2274
1285,2592
1286,3386
1287,2321
1288,3363
1289,1901
1290,2647
1291,2620
1292,3208
1293,3015
1294,2069
1295,2988
1296,2938
1297,4217
1298,4249
1299,2900
1300,1411
1301,1241
1302,1799
1303,2346
1304,2966
1305,1836
1306,2647
1307,2919
1308,1022
1309,2077
1310,1860
1311,3660
1312,1478
1313,1406
1314,1673
1315,1555
1316,1357
1317,1399
1318,1272
1319,1218
1320,1830
1321,1858
1322,1639
1323,2147
1324,2010
1325,1231
1326,2179
1327,1900
1328,1636
1329,1344
1330,1407
1331,2646
1332,2673
1333,2384
1334,1922
1335,1542
1336,1531
1337,1300
1338,2361
1339,2322
1340,2653
1341,2444
1342,1933
1343,3242
1344,1929
1345,1661
1346,2925
1347,2388
1348,2221
1349,3219
1350,3263
1351,2752
1352,3159
1353,3550
1354,2789
1355,1651
1356,1495
1357,1476
1358,4035
1359,2123
1360,1244
1361,3654
1362,686
1363,2557
1364,1567
1365,2870
1366,3547
1367,1087
1368,1714
1369,1353
1370,2571
1371,2997
1372,1152
1373,2498
1374,2073
1375,2836
1376,1408
1377,2053
1378,2232
1379,2440
1380,3119
1381,1168
1382,1995
1383,1059
1384,1681
1385,2677
1386,1650
1387,1606
1388,2673
1389,3598
1390,1110
1391,1938
1392,2848
1393,2543
1394,1544
1395,2175
1396,1578
1397,1524
1398,2412
1399,1491
1400,3008
1401,4357
1402,2783
1403,2774
1404,991
1405,802
1406,1552
1407,2152
1408,2472
1409,1309
1410,2569
1411,2117
1412,915
1413,1106
1414,1324
1415,1364
1416,2544
1417,2763
1418,2800
1419,867
1420,1671
1421,1237
1422,1951
1423,1819
1424,1119
1425,1137
1426,2092
1427,2638
1428,1640
1429,2499
1430,2522
1431,2354
1432,1513
1433,3203
1434,1828
1435,1955
1436,2699
1437,1545
1438,1999
1439,2120
1440,2349
1441,1375
1442,1596
1443,2773
1444,1328
1445,2638
1446,2896
1447,2441
1448,1903
1449,1547
1450,3353
1451,2881
1452,2182
1453,1778
1454,2458
1455,2789
1456,2146
1457,1422
1458,970
1459,2244
1460,1340
1461,1201
1462,1533
1463,1411
1464,3374
1465,1777
1466,1257
1467,2033
1468,2643
1469,3837
1470,1054
1471,3072
1472,2378
1473,982
1474,1000
1475,2026
1476,1697
1477,1946
1478,1852
1479,967
1480,1971
1481,2483
1482,955
1483,1470
1484,2469
1485,1508
1486,1127
1487,1867
1488,1148
1489,1513
1490,2696
1491,1123
1492,1872
1493,1796
1494,2264
1495,2244
1496,1770
1497,1747
1498,1243
1499,1948
1500,1813
1501,2656
1502,2439
1503,2005
1504,1634
1505,4145
1506,2755
1507,1712
1508,1886
1509,1514
1510,2677
1511,1473
1512,2502
1513,1896
1514,1040
1515,2428
1516,2585
1517,2128
1518,1110
1519,1367
1520,2436
1521,3905
1522,2064
1523,1846
1524,1075
1525,2284
1526,1322
1527,2488
1528,2582
1529,2881
1530,1218
1531,2936
1532,3130
1533,2495
1534,1470
1535,2432
1536,753
1537,1500
1538,945
1539,1280
1540,3768
1541,3422
1542,3578
1543,2125
1544,2587
1545,3628
1546,2252
1547,2351
1548,2150
1549,2012
1550,3054
1551,2675
1552,1834
1553,2139
1554,1451
1555,1082
1556,1528
1557,1221
1558,1060
1559,1920
1560,959
1561,1411
1562,1182
1563,2156
1564,1319
1565,2721
1566,2538
1567,922
1568,2528
1569,2362
1570,2589
1571,2102
1572,2713
1573,895
1574,2248
1575,1919
1576,2072
1577,1144
1578,1720
1579,1723
1580,2712
1581,2436
1582,1651
1583,1111
1584,1052
1585,2299
1586,1479
1587,2136
1588,3222
1589,2961
1590,1708
1591,3109
1592,1338
1593,799
1594,781
1595,1604
1596,1826
1597,2288
1598,1203
1599,1525
1600,1286
1601,1981
1602,2537
1603,939
1604,2022
1605,1824
1606,3721
1607,2339
1608,2710
1609,2000
1610,3220
1611,2005
1612,1933
1613,3884
1614,3058
1615,2364
1616,1757
1617,506
1618,1467
1619,735
1620,1286
1621,1416
1622,2073
1623,1343
1624,1705
1625,2076
1626,2841
1627,2552
1628,2759
1629,3150
1630,1499
1631,3438
1632,1426
1633,4588
1634,4343
1635,3337
1636,2051
1637,1562
1638,1352
1639,1839
1640,1284
1641,2270
1642,3313
1643,1802
1644,1071
1645,1068
1646,1312
1647,1423
1648,2213
1649,1863
1650,1889
1651,1512
1652,1948
1653,1227
1654,877
1655,1060
1656,832
1657,1979
1658,2185
1659,2103
1660,3780
1661,3220
1662,2101
1663,1219
1664,2228
1665,1026
1666,2448
1667,1185
1668,3022
1669,1246
1670,1655
1671,1735
1672,1123
1673,1311
1674,1162
1675,2650
1676,2688
1677,3664
1678,2200
1679,2912
1680,2383
1681,2040
1682,3370
1683,2041
1684,1791
1685,1038
1686,2341
1687,1945
1688,2819
1689,3186
1690,2067
1691,788
1692,3512
1693,1037
1694,1221
1695,1431
1696,951
1697,1006
1698,848
1699,881
1700,1523
1701,1835
1702,1494
1703,2550
1704,2551
1705,2492
1706,2436
1707,1127
1708,1160
1709,1042
1710,815
1711,1529
1712,1632
1713,2528
1714,1898
1715,1156
1716,1029
1717,1552
1718,721
1719,1803
1720,1246
1721,2653
1722,1158
1723,1592
1724,2501
1725,2946
1726,2970
1727,3874
1728,4517
1729,3515
1730,4499
1731,3139
1732,2482
1733,3345
1734,1730
1735,1398
1736,3087
1737,4943
1738,3210
1739,3368
1740,2628
1741,4476
1742,2981
1743,2449
1744,1670
1745,3004
1746,2867
1747,2277
1748,1803
1749,2196
1750,1742
1751,2178
1752,3383
1753,4207
1754,3453
1755,2795
1756,4075
1757,3741
1758,3635
1759,3248
1760,2332
1761,2031
1762,2272
1763,1745
1764,2965
1765,2205
1766,3445
1767,2494
1768,1498
1769,3046
1770,3003
1771,3827
1772,4360
1773,2666
1774,2190
1775,2986
1776,2607
1777,3312
1778,2789
1779,3414
1780,3012
1781,2402
1782,3783
1783,2700
1784,2883
1785,2394
1786,2764
1787,3950
1788,3169
1789,3272
1790,2707
1791,2443
1792,2936
1793,2770
1794,2509
1795,2070
1796,1938
1797,3467
1798,2452
1799,2843
1800,3296
1801,1642
1802,1585
1803,3487
1804,2308
1805,3077
1806,3457
1807,2275
1808,2593
1809,3350
1810,2445
1811,2781
1812,2612
1813,1929
1814,2486
1815,2287
1816,1825
1817,2247
1818,2238
1819,1318
1820,1296
1821,2620
1822,1469
1823,1869
1824,1589
1825,2256
1826,1296
1827,1876
1828,1454
1829,4028
1830,1813
1831,2866
1832,2081
1833,2823
1834,2328
1835,3715
1836,3104
1837,2786
1838,2766
1839,2457
1840,2634
1841,2673
1842,3669
1843,4145
1844,3556
1845,2054
1846,3861
1847,2068
1848,2970
1849,3861
1850,3272
1851,2463
1852,3149
1853,2834
1854,1910
1855,2657
1856,2610
1857,3287
1858,3020
1859,3661
1860,3162
1861,3933
1862,3911
1863,4548
1864,4006
1865,4485
1866,5720
1867,2783
1868,2997
1869,3231
1870,2074
1871,3230
1872,2950
1873,3724
1874,3038
1875,4683
1876,4874
1877,4552
1878,4281
1879,4765
1880,5096
1881,2415
1882,3595
1883,3586
1884,4276
1885,3255
1886,1194
1887,2852
1888,1788
1889,4963
1890,3861
1891,4058
1892,4530
1893,4231
1894,4240
1895,3996
1896,3030
1897,2362
1898,2642
1899,3926
1900,3951
1901,3481
1902,3920
1903,2054
1904,3218
1905,4369
1906,3857
1907,3466
1908,3668
1909,3782
1910,4301
1911,4984
1912,5338
1913,4244
1914,4275
1915,4139
1916,4720
1917,4415
1918,4033
1919,2777
1920,2509
1921,2789
1922,3745
1923,5071
1924,3917
1925,2787
1926,2888
1927,2294
1928,1709
1929,3704
1930,4202
1931,3640
1932,5242
1933,3550
1934,5094
1935,3644
1936,4167
1937,3703
1938,4730
1939,4090
1940,4276
1941,3173
1942,3148
1943,3116
1944,2930
1945,4389
1946,3632
1947,2182
1948,1994
1949,2952
1950,2530
1951,2243
1952,2868
1953,2153
1954,2675
1955,2325
1956,2132
1957,1974
1958,2711
1959,1518
1960,1153
1961,1857
1962,2525
1963,3910
1964,2983
1965,3495
1966,3497
1967,4171
1968,3611
1969,3230
1970,3984
1971,4656
1972,3479
1973,3111
1974,3456
1975,2697
1976,4115
1977,1897
1978,2905
1979,1542
1980,3818
1981,2056
1982,2435
1983,2668
1984,2644
1985,2466
1986,3458
1987,2193
1988,3585
1989,2574
1990,3994
1991,2726
1992,2792
1993,3212
1994,3668
1995,2625
1996,4762
1997,4116
1998,1942
1999,2823
2000,3724
2001,4432
2002,3609
2003,2317
2004,2794
2005,3186
2006,2011
2007,3277
2008,3414
2009,3765
2010,3160
2011,5021
2012,3751
2013,3801
2014,3549
2015,3440
2016,2921
2017,1938
2018,3014
2019,3496
2020,4094
2021,3598
2022,3102
2023,2529
2024,3903
2025,4209
2026,4418
2027,5355
2028,4687
2029,3954
2030,2621
2031,3118
2032,3043
2033,2514
2034,2947
2035,3799
2036,3214
2037,2647
2038,4290
2039,2631
2040,2257
2041,3060
2042,3012
2043,2928
2044,3008
2045,2056
2046,3130
2047,2303
2048,2556
2049,2392
2050,1930
2051,1998
2052,1577
2053,3835
2054,3119
2055,2345
2056,3944
2057,3231
2058,3637
2059,3406
2060,2547
2061,2199
2062,2232
2063,3489
2064,2532
2065,2253
2066,4981
2067,4602
2068,2733
2069,4380
2070,3290
2071,3424
2072,3628
2073,2901
2074,3117
2075,4303
2076,3425
2077,2697
2078,1473
2079,3868
2080,2954
2081,2941
2082,3166
2083,3453
2084,3280
2085,4524
2086,4860
2087,4099
2088,3678
2089,3005
2090,2539
2091,2853
2092,2310
2093,2795
2094,2553
2095,1694
2096,1645
2097,3287
2098,2968
2099,1605
2100,1945
2101,1135
2102,3355
2103,4282
2104,3202
2105,4710
2106,2137
2107,3959
2108,4448
2109,2999
2110,2433
2111,3545
2112,4478
2113,5257
2114,4799
2115,4822
2116,4023
2117,4814
2118,4898
2119,3467
2120,3438
2121,4179
2122,3585
2123,4572
2124,3870
2125,2431
2126,3394
2127,1230
2128,2766
2129,2922
2130,3916
2131,1826
2132,1267
2133,1484
2134,2784
2135,1811
2136,3214
2137,4655
2138,4720
2139,2335
2140,2319
2141,3845
2142,3749
2143,3365
2144,3824
2145,3677
2146,2242
2147,4026
2148,4745
2149,3082
2150,4674
2151,2033
2152,3892
2153,3125
2154,2576
2155,2694
2156,1353
2157,2967
2158,2957
2159,4126
2160,5202
2161,3577
2162,3179
2163,2203
2164,2281
2165,3956
2166,3665
2167,2967
2168,2794
2169,4608
2170,5281
2171,3659
2172,3145
2173,4792
2174,3542
2175,3030
2176,2156
2177,3274
2178,3296
2179,2294
2180,1289
2181,3837
2182,2283
2183,4595
2184,3977
2185,3695
2186,2377
2187,4208
2188,1578
2189,3728
2190,1644
2191,1717
2192,1868
2193,2398
2194,2102
2195,3521
2196,3506
2197,2735
2198,1917
2199,2171
2200,2244
2201,4088
2202,3596
2203,3865
2204,2974
2205,2953
2206,3628
2207,1494
2208,2975
2209,1672
2210,1839
2211,2883
2212,3314
2213,1429
2214,1958
2215,2772
2216,1362
2217,1614
2218,2739
2219,2493
2220,2580
2221,2418
2222,1870
2223,1555
2224,1950
2225,2099
2226,1830
2227,3238
2228,2231
2229,2709
2230,3140
2231,2093
2232,2826
2233,1974
2234,3077
2235,1883
2236,2129
2237,1916
2238,1915
2239,2067
2240,2576
2241,2591
2242,2072
2243,2521
2244,2637
2245,1994
2246,2000
2247,2286
2248,2053
2249,2265
2250,1702
2251,2582
2252,2318
2253,1964
2254,2982
2255,1751
2256,2190
2257,3075
2258,2933
2259,1812
2260,2971
2261,2199
2262,3362
2263,2865
2264,3158
2265,2062
2266,1984
2267,2094
2268,2032
2269,2203
2270,3283
2271,2689
2272,2004
2273,2741
2274,2417
2275,2468
2276,1407
2277,2799
2278,2406
2279,2866
2280,2520
2281,2157
2282,2540
2283,2355
2284,853
2285,3407
2286,2418
2287,2259
2288,1848
2289,2949
2290,2065
2291,3054
2292,3150
2293,3005
2294,1867
2295,2226
2296,2982
2297,2480
2298,3014
2299,2714
2300,1886
2301,3291
2302,2383
2303,3173
2304,2802
2305,2454
2306,3267
2307,1937
2308,3310
2309,2007
2310,1149
2311,1363
2312,1284
2313,2096
2314,2226
2315,2034
2316,2182
2317,2270
2318,3186
2319,1810
2320,3035
2321,3132
2322,2058
2323,1679
2324,688
2325,1179
2326,731
2327,919
2328,2320
2329,2421
2330,2164
2331,1636
2332,1542
2333,1934
2334,1950
2335,2078
2336,2066
2337,2781
2338,2637
2339,1929
2340,2981
2341,2907
2342,2334
2343,2186
2344,2790
2345,2706
2346,2089
2347,1252
2348,1058
2349,1434
2350,1302
2351,1794
2352,2559
2353,1326
2354,975
2355,2391
2356,2239
2357,2068
2358,2522
2359,2144
2360,2340
2361,2287
2362,1477
2363,1617
2364,1912
2365,2720
2366,2554
2367,1599
2368,2904
2369,2184
2370,2598
2371,1988
2372,2285
2373,2461
2374,1194
2375,3456
2376,2484
2377,4045
2378,1650
2379,882
2380,706
2381,2652
2382,1032
2383,2867
2384,929
2385,582
2386,1124
2387,1314
2388,2479
2389,2232
2390,2230
2391,2321
2392,1478
2393,1364
2394,1878
2395,1875
2396,2552
2397,1851
2398,1809
2399,1889
2400,2268
2401,3011
2402,2709
2403,1570
2404,2497
2405,2022
2406,2918
2407,1724
2408,1715
2409,1827
2410,2878
2411,2492
2412,1740
2413,1946
2414,1399
2415,854
2416,1162
2417,1773
2418,2602
2419,2310
2420,2683
2421,3031
2422,2588
2423,2029
2424,2363
2425,2366
2426,2733
2427,1725
2428,1000
2429,998
2430,958
2431,2224
2432,2009
2433,1642
2434,1964
2435,2590
2436,2483
2437,1965
2438,2008
2439,2303
2440,2141
2441,1606
2442,2588
2443,2834
2444,1820
2445,1217
2446,1684
2447,2181
2448,2448
2449,3026
2450,2632
2451,3334
2452,2662
2453,3194
2454,1864
2455,2725
2456,2356
2457,2364
2458,2571
2459,743
2460,2967
2461,2750
2462,4047
2463,2988
2464,3117
2465,2477
2466,2272
2467,1726
2468,3195
2469,2538
2470,4235
2471,1987
2472,1305
2473,2160
2474,1922
2475,2355
2476,3612
2477,2950
2478,2871
2479,2249
2480,2539
2481,952
2482,1888
2483,2435
2484,1612
2485,2494
2486,2804
2487,2310
2488,2300
2489,2037
2490,2240
2491,2642
2492,3583
2493,2356
2494,2581
2495,1572
2496,1892
2497,390
2498,3023
2499,2720
2500,2853
2501,3394
2502,1549
2503,2066
2504,1672
2505,3298
2506,2449
2507,1517
2508,1655
2509,1912
2510,1826
2511,1312
2512,1577
2513,1128
2514,1692
2515,2164
2516,3397
2517,2382
2518,2611
2519,2205
2520,2994
2521,3194
2522,4043
2523,3240
2524,2665
2525,1950
2526,982
2527,1795
2528,2248
2529,2264
2530,2649
2531,2170
2532,1493
2533,1116
2534,1097
2535,881
2536,820
2537,2886
2538,2411
2539,3275
2540,2427
2541,1129
2542,2086
2543,1549
2544,2543
2545,2251
2546,2110
2547,3381
2548,1608
2549,1973
2550,2544
2551,1777
2552,2024
2553,1566
2554,2861
2555,2056
2556,3241
2557,2400
2558,3430
2559,2199
2560,2170
2561,2892
2562,2170
2563,1875
2564,2617
2565,2316
2566,1582
2567,1861
2568,2650
2569,1773
2570,2293
2571,1998
2572,2384
2573,3482
2574,1950
2575,3114
2576,2522
2577,2262
2578,3578
2579,2111
2580,2147
2581,2031
2582,2294
2583,2771
2584,2851
2585,3430
2586,2344
2587,1613
2588,1536
2589,3503
2590,1545
2591,3291
2592,1392
2593,2010
2594,2645
2595,1413
2596,1915
2597,2390
2598,2395
2599,2865
2600,3477
2601,2575
2602,3006
2603,3566
2604,3009
2605,3216
2606,2817
2607,2973
2608,1771
2609,2049
2610,3325
2611,2158
2612,1865
2613,4034
2614,2492
2615,2399
2616,3466
2617,2061
2618,3379
2619,1569
2620,2748
2621,1853
2622,2629
2623,2760
2624,2315
2625,2143
2626,1687
2627,3231
2628,1208
2629,1952
2630,1554
2631,3103
2632,2463
2633,1899
2634,2055
2635,1958
2636,3397
2637,1734
2638,1288
2639,3101
2640,2104
2641,2227
2642,1975
2643,3060
2644,2074
2645,2073
2646,1609
2647,1929
2648,1709
2649,2427
2650,2007
2651,2306
2652,2198
2653,1752
2654,2290
2655,2897
2656,2769
2657,2243
2658,2859
2659,3147
2660,2178
2661,2319
2662,1706
2663,3941
2664,3108
2665,3487
2666,3698
2667,4590
2668,4043
2669,1428
2670,2971
2671,2698
2672,2607
2673,2536
2674,2539
2675,3035
2676,3404
2677,2851
2678,3766
2679,3704
2680,1983
2681,4109
2682,3531
2683,3192
2684,2517
2685,2035
2686,1669
2687,1136
2688,677
2689,1418
2690,2117
2691,2984
2692,2312
2693,2955
2694,2070
2695,2977
2696,3128
2697,2005
2698,2325
2699,1820
2700,2016
2701,2291
2702,1986
2703,1419
2704,2771
2705,2055
2706,2592
2707,2160
2708,2130
2709,2341
2710,2239
2711,1624
2712,2102
2713,2417
2714,2372
2715,1826
2716,2783
2717,2840
2718,2002
2719,2019
2720,2197
2721,2540
2722,2911
2723,3284
2724,2078
2725,3638
2726,2164
2727,2473
2728,4405
2729,3531
2730,2797
2731,3233
2732,3743
2733,3552
2734,3599
2735,3687
2736,3315
2737,4395
2738,3087
2739,2058
2740,3706
2741,3781
2742,3006
2743,3546
2744,1838
2745,3088
2746,3199
2747,3117
2748,3866
2749,3991
2750,1225
2751,1442
2752,1334
2753,1045
2754,1230
2755,1012
2756,1560
2757,2490
2758,2248
2759,2925
2760,2504
2761,3457
2762,2339
2763,2046
2764,2071
2765,2175
2766,2233
2767,2150
2768,1987
2769,1842
2770,2302
2771,2237
2772,1731
2773,1881
2774,2015
2775,2485
2776,2202
2777,2202
2778,2425
2779,1918
2780,986
2781,2494
2782,1638
2783,1889
2784,2303
2785,3289
2786,2579
2787,3881
2788,3724
2789,3091
2790,3689
2791,3213
2792,2925
2793,3749
2794,4277
2795,4150
2796,3888
2797,2994
2798,2681
2799,3532
2800,2516
2801,3009
2802,2898
2803,3074
2804,2100
2805,1819
2806,2053
2807,2683
2808,2168
2809,3254
2810,2320
2811,4125
2812,4289
2813,3611
2814,4623
2815,3631
2816,3826
2817,4620
2818,3936
2819,2200
2820,2342
2821,2967
2822,1701
2823,3304
2824,1835
2825,2365
2826,2580
2827,2433
2828,1516
2829,2123
2830,2244
2831,1207
2832,1706
2833,1418
2834,1443
2835,1665
2836,1695
2837,1733
2838,1943
2839,1032
2840,1074
2841,1494
2842,2023
2843,663
2844,1600
2845,2576
2846,1351
2847,2243
2848,2307
2849,2682
2850,1845
2851,3449
2852,2716
2853,1694
2854,3456
2855,3241
2856,4374
2857,1157
2858,1881
2859,2510
2860,4275
2861,4009
2862,4030
2863,3893
2864,3720
2865,2741
2866,3332
2867,3461
2868,3500
2869,3460
2870,2762
2871,3793
2872,3721
2873,3711
2874,2871
2875,3425
2876,4190
2877,4128
2878,3978
2879,4036
2880,2097
2881,3834
2882,2856
2883,4428
2884,3801
2885,3638
2886,2678
2887,3151
2888,1377
2889,3095
2890,2950
2891,1790
2892,1317
2893,3586
2894,1704
2895,2203
2896,3145
2897,2019
2898,1867
2899,1692
2900,1795
2901,1765
2902,1927
2903,1922
2904,2140
2905,1801
2906,1276
2907,1657
2908,1644
2909,2642
2910,2554
2911,1569
2912,3070
2913,3042
2914,3196
2915,3446
2916,2749
2917,2453
2918,2712
2919,1915
2920,4096
2921,2823
2922,4455
2923,3739
2924,3076
2925,3129
2926,2502
2927,2859
2928,2265
2929,4634
2930,3727
2931,3398
2932,4049
2933,3436
2934,2178
2935,2633
2936,4501
2937,3255
2938,4550
2939,3705
2940,2526
2941,3088
2942,3844
2943,1678
2944,2765
2945,4352
2946,3124
2947,3304
2948,3825
2949,4769
2950,3909
2951,3180
2952,4013
2953,2795
2954,4783
2955,2192
2956,2745
2957,1920
2958,3417
2959,1743
2960,1820
2961,2704
2962,2287
2963,1904
2964,1584
2965,1488
2966,1132
2967,2328
2968,1043
2969,2143
2970,1913
2971,1687
2972,1660
2973,1953
2974,2300
2975,1593
2976,1982
2977,2736
2978,1258
2979,1383
2980,2516
2981,2479
2982,1861
2983,2422
2984,2238
2985,3519
2986,1865
2987,2812
2988,1953
2989,3873
2990,3155
2991,1460
2992,2210
2993,2422
2994,3446
2995,3708
2996,4142
2997,3863
2998,4050
2999,1541
3000,2473
3001,3054
3002,4003
3003,2251
3004,3346
3005,2041
3006,3967
3007,4234
3008,3823
3009,4307
3010,3634
3011,2320
3012,4506
3013,4205
3014,4046
3015,4207
3016,1913
3017,2920
3018,3570
3019,4088
3020,3058
3021,3410
3022,3503
3023,3025
3024,2359
3025,1935
3026,2414
3027,2624
3028,1518
3029,3182
3030,1381
3031,1618
3032,3560
3033,2686
3034,3321
3035,1601
3036,1813
3037,2523
3038,2187
3039,2340
3040,2937
3041,3000
3042,2664
3043,2249
3044,1674
3045,1540
3046,3755
3047,1748
3048,2442
3049,2258
3050,2153
3051,2207
3052,3384
3053,2605
3054,2452
3055,3082
3056,1934
3057,1164
3058,2015
3059,2920
3060,2877
3061,4675
3062,2889
3063,2053
3064,2374
3065,3408
3066,3540
3067,3146
3068,3553
3069,3221
3070,1433
3071,1672
3072,4700
3073,1624
3074,3570
3075,1862
3076,3814
3077,5027
3078,3165
3079,3259
3080,2117
3081,3517
3082,3792
3083,3034
3084,4249
3085,3684
3086,3647
3087,4901
3088,4461
3089,3255
3090,3108
3091,4819
3092,2424
3093,2640
3094,2828
3095,3102
3096,3168
3097,3837
3098,1832
3099,2028
3100,2493
3101,1763
3102,2766
3103,1779
3104,2308
3105,2675
3106,2144
3107,1815
3108,2199
3109,3320
3110,2318
3111,1911
3112,3180
3113,1719
3114,2225
3115,3034
3116,1980
3117,1135
3118,1534
3119,1133
3120,964
3121,1734
3122,1775
3123,2814
3124,2116
3125,3608
3126,3811
3127,3979
3128,2300
3129,3895
3130,2081
3131,2707
3132,5145
3133,2971
3134,3718
3135,1462
3136,3339
3137,2446
3138,3936
3139,3380
3140,1962
3141,3555
3142,2986
3143,2253
3144,2532
3145,1220
3146,1218
3147,1189
3148,2887
3149,2177
3150,2309
3151,1524
3152,1230
3153,2240
3154,1764
3155,4637
3156,3578
3157,3754
3158,3790
3159,4796
3160,6027
3161,5681
3162,4101
3163,2651
3164,4339
3165,4492
3166,1568
3167,1360
3168,2709
3169,1536
3170,1965
3171,2096
3172,2676
3173,2784
3174,2403
3175,3585
3176,3014
3177,2910
3178,2754
3179,2038
3180,1823
3181,2207
3182,1815
3183,3817
3184,2625
3185,2278
3186,1824
3187,1464
3188,2363
3189,2341
3190,2572
3191,3466
3192,2687
3193,2779
3194,2381
3195,2354
3196,1380
3197,1854
3198,3888
3199,3490
3200,1204
3201,3700
3202,2979
3203,3549
3204,2635
3205,3353
3206,2559
3207,2292
3208,4793
3209,2304
3210,3077
3211,2929
3212,2657
3213,2880
3214,2347
3215,3222
3216,2547
3217,1836
3218,1288
3219,2555
3220,1545
3221,993
3222,1319
3223,4059
3224,2163
3225,4212
3226,3711
3227,4575
3228,1485
3229,2655
3230,4212
3231,1958
3232,4321
3233,2827
3234,2457
3235,1988
3236,1465
3237,2146
3238,2282
3239,3970
3240,2274
3241,3423
3242,4614
3243,3431
3244,4975
3245,2683
3246,1900
3247,3472
3248,1698
3249,3721
3250,1915
3251,3643
3252,3336
3253,3273
3254,2709
3255,1378
3256,1914
3257,2958
3258,3108
3259,1681
3260,2432
3261,2067
3262,2631
3263,2025
3264,2540
3265,3727
3266,3961
3267,4118
3268,2898
3269,2832
3270,2269
3271,3525
3272,3638
3273,3025
3274,1590
3275,2026
3276,3645
3277,3376
3278,3298
3279,4214
3280,1752
3281,2551
3282,2067
3283,1332
3284,2178
3285,1924
3286,1303
3287,647
3288,1443
3289,2689
3290,1637
3291,2917
3292,1573
3293,1971
3294,3787
3295,3536
3296,3130
3297,1400
3298,827
3299,1658
3300,1888
3301,1719
3302,2950
3303,2461
3304,3061
3305,2010
3306,2285
3307,1246
3308,2922
3309,2188
3310,1570
3311,891
3312,2227
3313,1273
3314,1743
3315,1474
3316,2008
3317,1684
3318,1061
3319,1657
3320,1274
3321,1518
3322,2136
3323,3014
3324,2757
3325,1823
3326,3144
3327,2322
3328,2750
3329,2742
3330,2316
3331,2754
3332,1970
3333,3000
3334,3066
3335,3605
3336,3364
3337,1628
3338,2723
3339,1176
3340,1334
3341,2643
3342,4528
3343,2458
3344,3164
3345,4287
3346,4275
3347,2796
3348,1719
3349,1101
3350,4290
3351,2558
3352,1089
3353,1038
3354,1156
3355,4367
3356,1656
3357,1940
3358,1306
3359,2402
3360,2121
3361,2438
3362,2483
3363,2437
3364,3736
3365,3194
3366,1561
3367,1518
3368,2619
3369,1451
3370,2796
3371,3115
3372,1175
3373,1499
3374,3215
3375,2300
3376,1490
3377,2698
3378,2280
3379,3501
3380,1899
3381,2648
3382,1932
3383,1682
3384,1702
3385,3801
3386,1480
3387,1952
3388,1659
3389,2121
3390,2511
3391,4373
3392,3409
3393,2608
3394,1241
3395,3147
3396,2343
3397,2320
3398,2088
3399,1118
3400,4234
3401,1863
3402,2514
3403,4268
3404,3657
3405,4133
3406,4088
3407,1763
3408,1031
3409,2743
3410,5560
3411,1417
3412,1841
3413,1728
3414,2232
3415,3074
3416,1662
3417,3230
3418,2798
3419,2198
3420,1569
3421,1611
3422,1317
3423,1986
3424,1229
3425,1695
3426,1615
3427,1787
3428,2715
3429,2974
3430,2437
3431,2531
3432,2504
3433,1431
3434,3051
3435,1895
3436,3207
3437,2274
3438,1586
3439,3206
3440,997
3441,929
3442,2248
3443,2164
3444,4486
3445,2276
3446,3096
3447,1752
3448,1774
3449,3153
3450,2039
3451,2530
3452,1474
3453,2996
3454,2984
3455,2554
3456,1377
3457,2344
3458,1975
3459,1284
3460,2882
3461,3060
3462,1462
3463,1673
3464,4319
3465,2623
3466,4484
3467,1244
3468,1835
3469,3459
3470,3300
3471,2605
3472,2503
3473,2319
3474,3044
3475,2116
3476,3306
3477,2517
3478,1061
3479,1571
3480,5119
3481,2261
3482,1118
3483,2815
3484,3347
3485,2269
3486,2584
3487,2453
3488,2008
3489,2087
3490,2488
3491,3410
3492,1962
3493,4966
3494,2104
3495,2030
3496,2244
3497,1021
3498,1889
3499,2537
3500,1569
3501,3585
3502,4693
3503,2612
3504,1907
3505,1298
3506,5409
3507,2785
3508,3096
3509,1703
3510,2369
3511,2311
3512,1234
3513,1367
3514,2508
3515,1235
3516,1308
3517,2647
3518,4615
3519,3608
3520,1344
3521,1454
3522,2592
3523,2175
3524,3147
3525,2886
3526,3657
3527,4275
3528,2208
3529,2251
3530,2982
3531,1177
3532,2306
3533,2144
3534,3661
3535,1761
3536,2614
3537,2359
3538,3117
3539,2161
3540,2752
3541,2877
3542,1995
3543,1434
3544,1916
3545,3347
3546,1886
3547,2165
3548,2353
3549,2753
3550,3011
3551,3203
3552,4030
3553,1444
3554,1621
3555,3580
3556,2946
3557,2550
3558,3157
3559,3278
3560,2027
3561,3443
3562,2160
3563,2313
3564,3956
3565,3372
3566,3707
3567,3465
3568,1355
3569,2903
3570,4299
3571,3650
3572,1551
3573,1784
3574,1088
3575,2817
3576,4756
3577,3270
3578,2974
3579,1710
3580,1310
3581,1480
3582,2222
3583,2117
3584,3980
3585,2609
3586,3773
3587,4144
3588,2823
3589,2400
3590,1360
3591,1175
3592,1132
3593,1838
3594,1548
3595,2035
3596,1647
3597,1472
3598,1569
3599,3060
3600,2451
3601,3282
3602,2337
3603,1860
3604,2796
3605,2822
3606,2688
3607,2942
3608,1774
3609,4026
3610,3581
3611,2776
3612,2122
3613,1569
3614,2052
3615,2386
3616,3065
3617,1795
3618,4058
3619,1717
3620,3735
3621,3421
3622,2528
3623,3371
3624,2611
3625,2207
3626,4448
3627,3985
3628,3361
3629,2547
3630,2935
3631,1679
3632,2017
3633,2340
3634,3182
3635,1943
3636,3809
3637,1608
3638,1500
3639,3406
3640,3023
3641,3199
3642,2209
3643,2564
3644,4004
3645,4316
3646,3491
3647,4693
3648,3666
3649,2848
3650,4054
3651,4281
3652,3864
3653,4048
3654,3639
3655,1719
3656,1716
3657,2325
3658,803
3659,2666
3660,1311
3661,1249
3662,1876
3663,1498
3664,2577
3665,1576
3666,4427
3667,1007
3668,1260
3669,1444
3670,2491
3671,2389
3672,1896
3673,1613
3674,2477
3675,1859
3676,1999
3677,3475
3678,2486
3679,5012
3680,3922
3681,4694
3682,3128
3683,1887
3684,4102
3685,1110
3686,2091
3687,3182
3688,2831
3689,4828
3690,1848
3691,3414
3692,3030
3693,2416
3694,1278
3695,2377
3696,1718
3697,3443
3698,1938
3699,3478
3700,2985
3701,2878
3702,2755
3703,3954
3704,3410
3705,2437
3706,1774
3707,2514
3708,1896
3709,1845
3710,1323
3711,2682
3712,1750
3713,2826
3714,2430
3715,4784
3716,1725
3717,3805
3718,1306
3719,1425
3720,1266
3721,3525
3722,1656
3723,2766
3724,3022
3725,3109
3726,2570
3727,3631
3728,2728
3729,1525
3730,2018
3731,3169
3732,2620
3733,2414
3734,1413
3735,2357
3736,2314
3737,4566
3738,3846
3739,4844
3740,2774
3741,2690
3742,1048
3743,1995
3744,4626
3745,599
3746,1346
3747,2070
3748,1660
3749,2454
3750,3312
3751,3151
3752,2082
3753,1464
3754,2569
3755,3538
3756,2694
3757,2106
3758,3969
3759,3186
3760,1203
3761,2983
3762,3917
3763,3904
3764,1880
3765,1212
3766,2525
3767,4476
3768,2071
3769,4328
3770,2324
3771,2472
3772,2845
3773,2138
3774,3991
3775,2716
3776,1590
3777,4361
3778,3157
3779,5688
3780,6150
3781,6137
3782,7142
3783,6205
3784,6741
3785,6183
3786,5865
3787,5649
3788,5732
3789,5868
3790,6453
3791,5566
3792,2740
3793,6402
3794,6379
3795,6455
3796,6235
3797,6286
3798,6289
3799,5712
3800,6169
3801,6294
3802,5343
3803,5318
3804,5106
3805,5477
3806,4636
3807,5012
3808,5016
3809,4840
3810,6154
3811,5983
3812,4454
3813,5077
3814,2842
3815,3536
3816,3799
3817,4257
3818,5110
3819,6901
3820,5549
3821,6033
3822,6634
3823,5786
3824,4843
3825,5530
3826,5959
3827,5791
3828,5672
3829,5257
3830,4546
3831,4863
3832,5606
3833,5123
3834,4897
3835,5280
3836,2815
3837,4988
3838,3311
3839,4768
3840,2492
3841,5541
3842,6228
3843,4248
3844,4501
3845,3886
3846,4975
3847,4622
3848,3301
3849,3369
3850,4428
3851,4062
3852,2610
3853,2185
3854,4337
3855,2992
3856,3745
3857,4204
3858,3138
3859,3044
3860,3304
3861,3401
3862,5139
3863,4692
3864,4735
3865,2616
3866,2886
3867,3678
3868,5189
3869,6147
3870,5255
3871,5559
3872,4947
3873,5139
3874,3664
3875,3528
3876,4423
3877,4703
3878,4823
3879,5345
3880,4806
3881,5460
3882,4994
3883,2956
3884,2401
3885,4217
3886,4051
3887,5314
3888,5101
3889,5566
3890,5713
3891,4396
3892,3849
3893,2430
3894,3867
3895,4735
3896,5158
3897,4491
3898,4672
3899,2705
3900,4836
3901,4656
3902,5456
3903,5312
3904,5462
3905,3146
3906,1920
3907,2653
3908,2621
3909,2372
3910,2707
3911,3322
3912,4054
3913,4802
3914,4025
3915,3245
3916,4032
3917,4350
3918,3201
3919,2450
3920,3936
3921,5415
3922,5584
3923,3641
3924,4746
3925,4986
3926,4261
3927,5088
3928,3453
3929,4237
3930,3516
3931,4385
3932,5054
3933,3717
3934,3496
3935,2820
3936,2410
3937,4007
3938,2650
3939,4348
3940,4886
3941,4070
3942,4435
3943,3178
3944,3331
3945,2401
3946,5177
3947,4416
3948,5319
3949,3084
3950,2720
3951,4615
3952,4512
3953,2664
3954,2233
3955,3763
3956,4359
3957,3603
3958,2739
3959,4276
3960,4534
3961,4313
3962,4838
3963,4914
3964,4840
3965,4393
3966,3691
3967,5439
3968,3260
3969,2422
3970,2561
3971,4020
3972,4107
3973,3214
3974,1255
3975,4290
3976,3978
3977,3029
3978,5013
3979,2469
3980,4308
3981,2012
3982,1431
3983,1940
3984,2555
3985,2625
3986,2820
3987,4186
3988,4502
3989,3918
3990,3242
3991,3974
3992,4813
3993,3354
3994,4662
3995,3972
3996,2313
3997,1933
3998,1834
3999,4949
4000,4355
4001,3875
4002,3043
4003,4985
4004,2549
4005,3275
4006,3161
4007,4881
4008,1961
4009,4299
4010,3649
4011,5451
4012,3777
4013,3439
4014,1971
4015,4717
4016,1523
4017,1732
4018,2492
4019,2477
4020,3633
4021,4177
4022,4212
4023,3387
4024,3633
4025,5490
4026,3616
4027,4322
4028,1883
4029,3709
4030,3921
4031,3393
4032,4469
4033,4218
4034,4798
4035,2161
4036,2225
4037,1237
4038,1379
4039,3543
4040,3783
4041,1861
4042,4167
4043,3733
4044,4023
4045,2020
4046,4212
4047,3874
4048,4449
4049,2425
4050,3180
4051,2603
4052,1470
4053,1827
4054,3695
4055,1143
4056,5238
4057,3296
4058,4589
4059,4055
4060,4752
4061,3729
4062,3466
4063,5775
4064,2800
4065,3295
4066,4140
4067,3533
4068,2833
4069,3458
4070,2336
4071,2247
4072,2236
4073,2103
4074,2698
4075,1738
4076,3361
4077,1901
4078,4339
4079,3424
4080,3861
4081,3495
4082,2305
4083,4411
4084,1423
4085,1072
4086,1145
4087,1750
4088,3585
4089,3502
4090,3985
4091,4977
4092,2820
4093,5606
4094,5081
4095,5265
4096,3911
4097,4949
4098,4820
4099,4571
4100,3200
4101,3726
4102,2487
4103,4573
4104,2909
4105,3586
4106,2291
4107,2399
4108,1302
4109,1058
4110,1792
4111,4088
4112,2137
4113,3346
4114,1677
4115,4255
4116,2602
4117,3944
4118,5799
4119,3661
4120,3308
4121,4826
4122,470
4123,4705
4124,4391
4125,4246
4126,4607
4127,4096
4128,3642
4129,3810
4130,2450
4131,3015
4132,2615
4133,4925
4134,4054
4135,4036
4136,2970
4137,2580
4138,5950
4139,3781
4140,4100
4141,3231
4142,4694
4143,3920
4144,5092
4145,2815
4146,4790
4147,4428
4148,5068
4149,5232
4150,3831
4151,4784
4152,3766
4153,4573
4154,3606
4155,3585
4156,3709
4157,2180
4158,4261
4159,3350
4160,4412
4161,2358
4162,3625
4163,4404
4164,5049
4165,3546
4166,3136
4167,4850
4168,4503
4169,3817
4170,4406
4171,4507
4172,4492
4173,3497
4174,4724
4175,5762
4176,5172
4177,5136
4178,4177
4179,5014
4180,4674
4181,5625
4182,3165
4183,5275
4184,4775
4185,4402
4186,4107
4187,2788
4188,2287
4189,2056
4190,3032
4191,2416
4192,4906
4193,4469
4194,5759
4195,6440
4196,5443
4197,4756
4198,3663
4199,5605
4200,4378
4201,4278
4202,4632
4203,5869
4204,5140
4205,4976
4206,4408
4207,3329
4208,3824
4209,4214
4210,4601
4211,4914
4212,4446
4213,4910
4214,4475
4215,4155
4216,4508
4217,4229
4218,3826
4219,4097
4220,4081
4221,4576
4222,5191
4223,4716
4224,5010
4225,4502
4226,5012
4227,3595
4228,4645
4229,4953
4230,5041
4231,4536
4232,5306
4233,4524
4234,5554
4235,5279
4236,6089
4237,3683
4238,3554
4239,2121
4240,3162
4241,3108
4242,5358
4243,3815
4244,3740
4245,3573
4246,5447
4247,3874
4248,5258
4249,4708
4250,5182
4251,4392
4252,5589
4253,5203
4254,5948
4255,4380
4256,5378
4257,4846
4258,4746
4259,4128
4260,4258
4261,3902
4262,4891
4263,5000
4264,5440
4265,4259
4266,5170
4267,3629
4268,4101
4269,3843
4270,3048
4271,3785
4272,4492
4273,4587
4274,4528
4275,4778
4276,4835
4277,6011
4278,5767
4279,4994
4280,5360
4281,4906
4282,4471
4283,4343
4284,6289
4285,5965
4286,5585
4287,5633
4288,4495
4289,3455
4290,5168
4291,4473
4292,4617
4293,5491
4294,4349
4295,3802
4296,4983
4297,2761
4298,4550
4299,5582
4300,5673
4301,5110
4302,4738
4303,5534
4304,5730
4305,5287
4306,5082
4307,4701
4308,5608
4309,5166
4310,5080
4311,4788
4312,5252
4313,4111
4314,2720
4315,5107
4316,4941
4317,4271
4318,3842
4319,4634
4320,4458
4321,4800
4322,4264
4323,4841
4324,3525
4325,6473
4326,5306
4327,4582
4328,4761
4329,5833
4330,4784
4331,5703
4332,4125
4333,5121
4334,4225
4335,4796
4336,5130
4337,4541
4338,5675
4339,5662
4340,3765
4341,5048
4342,4518
4343,5497
4344,6182
4345,5015
4346,5031
4347,5860
4348,4417
4349,4452
4350,6149
4351,6329
4352,5349
4353,4973
4354,5508
4355,5321
4356,5266
4357,6348
4358,5354
4359,4512
4360,4289
4361,4395
4362,5789
4363,4977
4364,4368
4365,3764
4366,3419
4367,4178
4368,3019
4369,3737
4370,4196
4371,3920
4372,3642
4373,3280
4374,3705
4375,4821
4376,3696
4377,4080
4378,1014
4379,4958
4380,5295
4381,5504
4382,4639
4383,4962
4384,5020
4385,5661
4386,6532
4387,5611
4388,5290
4389,4558
4390,4528
4391,4821
4392,5898
4393,5490
4394,5904
4395,4661
4396,6097
4397,5124
4398,5723
4399,5991
4400,3704
4401,3542
4402,3151
4403,3008
4404,3934
4405,3927
4406,3933
4407,3770
4408,3777
4409,4017
4410,4503
4411,5178
4412,4545
4413,4786
4414,5928
4415,5286
4416,5655
4417,5339
4418,5078
4419,6168
4420,6063
4421,5706
4422,5568
4423,5692
4424,5233
4425,6973
4426,5090
4427,5341
4428,5515
4429,4479
4430,4291
4431,4819
4432,6131
4433,6290
4434,5519
4435,5080
4436,6069
4437,4356
4438,4985
4439,4951
4440,5837
4441,6370
4442,3075
4443,2519
4444,3268
4445,4926
4446,5213
4447,5388
4448,4791
4449,5638
4450,179
4451,5604
4452,4243
4453,5742
4454,5354
4455,6384
4456,2490
4457,6033
4458,5699
4459,4926
4460,5771
4461,5575
4462,5376
4463,5291
4464,5580
4465,6023
4466,5602
4467,5557
4468,6225
4469,4676
4470,5450
4471,5929
4472,6359
4473,5736
4474,6042
4475,5463
4476,4644
4477,6440
4478,5023
4479,4606
4480,4370
4481,3190
4482,4909
4483,3988
4484,4099
4485,4030
4486,4402
4487,4305
4488,6329
4489,5476
4490,5747
4491,5228
4492,4837
4493,5720
4494,5556
4495,5400
4496,3795
4497,5427
4498,5060
4499,5038
4500,5435
4501,4741
4502,5344
4503,5443
4504,5428
4505,4869
4506,5387
4507,4271
4508,4514
4509,5041
4510,4617
4511,4372
4512,4432
4513,5200
4514,4684
4515,4747
4516,5174
4517,4979
4518,5020
4519,4810
4520,4593
4521,5039
4522,5531
4523,4017
4524,5237
4525,4729
4526,4480
4527,4150
4528,4600
4529,4975
4530,4821
4531,5025
4532,4065
4533,4116
4534,4127
4535,2843
4536,4223
4537,4757
4538,4518
4539,5213
4540,5486
4541,6017
4542,5148
4543,4819
4544,5328
4545,4834
4546,5115
4547,5623
4548,5743
4549,5073
4550,5136
4551,4641
4552,5427
4553,4826
4554,4275
4555,4576
4556,4119
4557,4981
4558,4413
4559,3961
4560,5057
4561,5013
4562,4398
4563,4358
4564,5390
4565,4682
4566,5552
4567,5871
4568,4699
4569,5010
4570,5310
4571,5517
4572,4911
4573,5336
4574,5894
4575,6172
4576,2044
4577,5624
4578,5485
4579,5101
4580,4419
4581,4940
4582,4996
4583,4096
4584,4624
4585,4606
4586,4610
4587,4293
4588,3853
4589,5554
4590,5315
4591,4807
4592,5394
4593,5205
4594,5395
4595,4714
4596,5691
4597,4343
4598,4962
4599,5563
4600,5372
4601,4483
4602,4946
4603,4406
4604,5588
4605,4612
4606,4315
4607,3991
4608,4708
4609,4680
4610,2725
4611,4232
4612,5105
4613,4373
4614,4194
4615,4636
4616,3743
4617,4093
4618,3045
4619,5096
4620,3797
4621,3454
4622,3522
4623,2010
4624,3766
4625,3761
4626,2281
4627,1085
4628,2978
4629,2425
4630,3238
4631,3342
4632,1928
4633,1580
4634,486
4635,1929
4636,2960
4637,4821
4638,1694
4639,5533
4640,3487
4641,5194
4642,3997
4643,3065
4644,4376
4645,3342
4646,3972
4647,3631
4648,2366
4649,2816
4650,1931
4651,2108
4652,4658
4653,5485
4654,4127
4655,4463
4656,5709
4657,4857
4658,4664
4659,4489
4660,3321
4661,4226
4662,3193
4663,5301
4664,4877
4665,2046
4666,3537
4667,1089
4668,3298
4669,1589
4670,2025
4671,2012
4672,2228
4673,4766
4674,2130
4675,5893
4676,4345
4677,4601
4678,5055
4679,4734
4680,2516
4681,4643
4682,2570
4683,4624
4684,3511
4685,1449
4686,2265
4687,2347
4688,3905
4689,2513
4690,463
4691,2494
4692,845
4693,704
4694,2477
4695,1026
4696,2210
4697,2795
4698,5156
4699,4017
4700,3819
4701,5088
4702,4804
4703,6565
4704,2843
4705,1398
4706,1153
4707,2992
4708,957
4709,3138
4710,1224
4711,2397
4712,1349
4713,3735
4714,677
4715,1265
4716,1235
4717,1782
4718,1544
4719,4720
4720,4622
4721,3406
4722,5676
4723,1632
4724,2810
4725,1497
4726,2703
4727,1664
4728,3542
4729,3569
4730,1719
4731,2877
4732,1317
4733,2663
4734,1648
4735,916
4736,1650
4737,1654
4738,1285
4739,1004
4740,1811
4741,2066
4742,4383
4743,3819
4744,4727
4745,2897
4746,3847
4747,1384
4748,4995
4749,1609
4750,1399
4751,1331
4752,1773
4753,3789
4754,1714
4755,4617
4756,2057
4757,4503
4758,2491
4759,3050
4760,3972
4761,3345
4762,4061
4763,3698
4764,3641
4765,1239
4766,718
4767,1113
4768,974
4769,1676
4770,1652
4771,1830
4772,1644
4773,3660
4774,1732
4775,2884
4776,2412
4777,1576
4778,3127
4779,1925
4780,3187
4781,2021
4782,3731
4783,3003
4784,2564
4785,3085
4786,1751
4787,2539
4788,1929
4789,2690
4790,1529
4791,2376
4792,2470
4793,2993
4794,1635
4795,1099
4796,2490
4797,2083
4798,1364
4799,4277
4800,1530
4801,1530
4802,2255
4803,1868
4804,2894
4805,1551
4806,1604
4807,1935
4808,1559
4809,1217
4810,3588
4811,1140
4812,1318
4813,1245
4814,1486
4815,944
4816,2512
4817,1506
4818,3301
4819,2903
4820,3668
4821,2611
4822,1111
4823,2362
4824,2551
4825,1386
4826,3878
4827,2068
4828,2092
4829,2484
4830,1942
4831,3053
4832,1472
4833,2859
4834,1832
4835,3037
4836,2200
4837,3334
4838,2367
4839,1877
4840,2348
4841,3204
4842,1260
4843,4948
4844,2880
4845,1648
4846,2748
4847,2154
4848,4165
4849,3542
4850,2683
4851,4067
4852,1961
4853,3307
4854,4082
4855,495
4856,2826
4857,1819
4858,2418
4859,2999
4860,3063
4861,4440
4862,4420
4863,2923
4864,2734
4865,3106
4866,1900
4867,4069
4868,3404
4869,4520
4870,3920
4871,4184
4872,3927
4873,1112
4874,3044
4875,1530
4876,2118
4877,1507
4878,1963
4879,1501
4880,1695
4881,2702
4882,2535
4883,4427
4884,2573
4885,2507
4886,4191
4887,3896
4888,3819
4889,3999
4890,5840
4891,3788
4892,2171
4893,3193
4894,3240
4895,3625
4896,2141
4897,3222
4898,2840
4899,3911
4900,4628
4901,2485
4902,3412
4903,2191
4904,3983
4905,3172
4906,5244
4907,3404
4908,3137
4909,3256
4910,3025
4911,1932
4912,4008
4913,2462
4914,4472
4915,2735
4916,4173
4917,3681
4918,5457
4919,4793
4920,4191
4921,2419
4922,4769
4923,2977
4924,4511
4925,1925
4926,2197
4927,2773
4928,3666
4929,2165
4930,3513
4931,2284
4932,4173
4933,4969
4934,6238
4935,4229
4936,5162
4937,4172
4938,3377
4939,5540
4940,2083
4941,1950
4942,3878
4943,4472
4944,5963
4945,3958
4946,3780
4947,5098
4948,4642
4949,4579
4950,4990
4951,5011
4952,5384
4953,4204
4954,3124
4955,3328
4956,4090
4957,2355
4958,2573
4959,4364
4960,3773
4961,4138
4962,2569
4963,4606
4964,2808
4965,3556
4966,4468
4967,4894
4968,4598
4969,3775
4970,4734
4971,2295
4972,4675
4973,3166
4974,5287
4975,4161
4976,4993
4977,3869
4978,4381
4979,2943
4980,4000
4981,4061
4982,5013
4983,4155
4984,5879
4985,5765
4986,3621
4987,5954
4988,5295
4989,3081
4990,4387
4991,3547
4992,4481
4993,5100
4994,3428
4995,2562
4996,3072
4997,3522
4998,4486
4999,5225
5000,3270
5001,3946
5002,2833
5003,4042
5004,4032
5005,4143
5006,2773
5007,3799
5008,2845
5009,3393
5010,3545
5011,3704
5012,3357
5013,3855
5014,4797
5015,5752
5016,3843
5017,4720
5018,4366
5019,4441
5020,3911
5021,2611
5022,4383
5023,4440
5024,4222
5025,3260
5026,5208
5027,6260
5028,6152
5029,4269
5030,5198
5031,4467
5032,5944
5033,3388
5034,2528
5035,2570
5036,2064
5037,4113
5038,2586
5039,4589
5040,4205
5041,4660
5042,3918
5043,4955
5044,5769
5045,4713
5046,4886
5047,5549
5048,3898
5049,4229
5050,3290
5051,4576
5052,5651
5053,4393
5054,5351
5055,5351
5056,3848
5057,4786
5058,4020
5059,3317
5060,5938
5061,3415
5062,4093
5063,3886
5064,4613
5065,4530
5066,4800
5067,4000
5068,4591
5069,3099
5070,4078
5071,3204
5072,4131
5073,4481
5074,1366
5075,1482
5076,3132
5077,1466
5078,3463
5079,1839
5080,3505
5081,3501
5082,4582
5083,3000
5084,4890
5085,3551
5086,4781
5087,4462
5088,1914
5089,2717
5090,2862
5091,4354
5092,5143
5093,4221
5094,4779
5095,4717
5096,3957
5097,5165
5098,4728
5099,2457
5100,6198
5101,4730
5102,5062
5103,4785
5104,3534
5105,5877
5106,5064
5107,3993
5108,4499
5109,4914
5110,4013
5111,1480
5112,1706
5113,1972
5114,1887
5115,5426
5116,1957
5117,2365
5118,2623
5119,3396
5120,5156
5121,4662
5122,2614
5123,4313
5124,2836
5125,1517
5126,2421
5127,5413
5128,1750
5129,5765
5130,1832
5131,5761
5132,4415
5133,5103
5134,1134
5135,3757
5136,1053
5137,1616
5138,3335
5139,784
5140,5352
5141,3093
5142,5099
5143,4416
5144,3276
5145,1714
5146,4029
5147,1696
5148,2939
5149,5728
5150,5626
5151,1530
5152,1591
5153,3767
5154,4322
5155,4082
5156,4702
5157,4843
5158,4134
5159,4514
5160,5463
5161,3726
5162,5314
5163,6019
5164,5923
5165,4970
5166,4526
5167,4594
5168,2140
5169,947
5170,3587
5171,4946
5172,4651
5173,3963
5174,5090
5175,5579
5176,5498
5177,5776
5178,5518
5179,4370
5180,3832
5181,3383
5182,4655
5183,3082
5184,3378
5185,5946
5186,3015
5187,1674
5188,1287
5189,2800
5190,1477
5191,5485
5192,3743
5193,3829
5194,5402
5195,5126
5196,3628
5197,5132
5198,5183
5199,5832
5200,5365
5201,4385
5202,4250
5203,4942
5204,963
5205,1990
5206,4699
5207,3307
5208,3328
5209,2543
5210,1422
5211,1052
5212,4938
5213,1803
5214,4728
5215,2499
5216,4671
5217,3795
5218,3921
5219,5873
5220,4245
5221,4705
5222,5398
5223,5517
5224,1592
5225,1299
5226,2074
5227,1351
5228,3755
5229,1457
5230,5238
5231,1557
5232,2229
5233,2949
5234,4664
5235,1115
5236,4638
5237,1328
5238,3169
5239,3656
5240,4444
5241,4601
5242,1453
5243,3827
5244,1640
5245,3506
5246,2094
5247,3760
5248,2467
5249,4205
5250,3439
5251,4000
5252,2389
5253,1998
5254,2470
5255,1841
5256,798
5257,860
5258,1668
5259,759
5260,1169
5261,1896
5262,2074
5263,1226
5264,3051
5265,3418
5266,4524
5267,2301
5268,3016
5269,2358
5270,2689
5271,2719
5272,4977
5273,2750
5274,5979
5275,4925
5276,5142
5277,3928
5278,3664
5279,4220
5280,4070
5281,2832
5282,3907
5283,3660
5284,2667
5285,3655
5286,2171
5287,1165
5288,545
5289,725
5290,1138
5291,1244
5292,1305
5293,2103
5294,2727
5295,2026
5296,4590
5297,3144
5298,5045
5299,4186
5300,4692
5301,2482
5302,2594
5303,3603
5304,1712
5305,2621
5306,2224
5307,3228
5308,3517
5309,5101
5310,3710
5311,4473
5312,4199
5313,1470
5314,2097
5315,2769
5316,1810
5317,1963
5318,1674
5319,1310
5320,1090
5321,1044
5322,3521
5323,1378
5324,1981
5325,1884
5326,2359
5327,2783
5328,3044
5329,2170
5330,3302
5331,4660
5332,4497
5333,2563
5334,3618
5335,2066
5336,2958
5337,3527
5338,2713
5339,1945
5340,2709
5341,2558
5342,3733
5343,2337
5344,2403
5345,3476
5346,4385
5347,2109
5348,1972
5349,6060
5350,5673
5351,2771
5352,3446
5353,2716
5354,1836
5355,3025
5356,2830
5357,2676
5358,2205
5359,2064
5360,3104
5361,2137
5362,3045
5363,2643
5364,2084
5365,1957
5366,3276
5367,2708
5368,3394
5369,2274
5370,3257
5371,3915
5372,5790
5373,5538
5374,3898
5375,3938
5376,3713
5377,4152
5378,3474
5379,2445
5380,2375
5381,2123
5382,1907
5383,3612
5384,3776
5385,4382
5386,3022
5387,3511
5388,4871
5389,3108
5390,3680
5391,1802
5392,3557
5393,3054
5394,3356
5395,3225
5396,4291
5397,3182
5398,2611
5399,3969
5400,2032
5401,3890
5402,3079
5403,4423
5404,5675
5405,4356
5406,4802
5407,4107
5408,6262
5409,3983
5410,2702
5411,5173
5412,2102
5413,1933
5414,1702
5415,3700
5416,2096
5417,3632
5418,3434
5419,3227
5420,3877
5421,2913
5422,3881
5423,2956
5424,4496
5425,4164
5426,4997
5427,5399
5428,2479
5429,3514
5430,1464
5431,3518
5432,2980
5433,3436
5434,3519
5435,4326
5436,3762
5437,3669
5438,2958
5439,4409
5440,3804
5441,4564
5442,4768
5443,4570
5444,3423
5445,5237
5446,4155
5447,5547
5448,5572
5449,2500
5450,4042
5451,1567
5452,1479
5453,2709
5454,2621
5455,3626
5456,3277
5457,2495
5458,3788
5459,4713
5460,4060
5461,4750
5462,2322
5463,2900
5464,1759
5465,3848
5466,3528
5467,5339
5468,4603
5469,5063
5470,5310
5471,5894
5472,4935
5473,2273
5474,3126
5475,2230
5476,3344
5477,2667
5478,3375
5479,2574
5480,3273
5481,2911
5482,2180
5483,2884
5484,2270
5485,3214
5486,3133
5487,3153
5488,4314
5489,2713
5490,2512
5491,2362
5492,1429
5493,2127
5494,2013
5495,3788
5496,3307
5497,4744
5498,2816
5499,2483
5500,2948
5501,2462
5502,3346
5503,3632
5504,3876
5505,4585
5506,4357
5507,3599
5508,4309
5509,2609
5510,3661
5511,3385
5512,3821
5513,2616
5514,4675
5515,3132
5516,2789
5517,1651
5518,1646
5519,4156
5520,3266
5521,3414
5522,2270
5523,4278
5524,1838
5525,2381
5526,3795
5527,3745
5528,3472
5529,4346
5530,4129
5531,1975
5532,1585
5533,3792
5534,2417
5535,4476
5536,4136
5537,2998
5538,2276
5539,3188
5540,2916
5541,2394
5542,3581
5543,2576
5544,4365
5545,4642
5546,4493
5547,3039
5548,4510
5549,4431
5550,3477
5551,4957
5552,3598
5553,5254
5554,4299
5555,4807
5556,4684
5557,4217
5558,1667
5559,1204
5560,2221
5561,5150
5562,3268
5563,3994
5564,3570
5565,3111
5566,2807
5567,2262
5568,2503
5569,3254
5570,3416
5571,3833
5572,2891
5573,3638
5574,2993
5575,4307
5576,2965
5577,4402
5578,2600
5579,246
5580,3923
5581,4131
5582,4582
5583,5277
5584,4217
5585,3382
5586,2689
5587,2328
5588,2435
5589,1413
5590,1884
5591,2463
5592,2572
5593,4352
5594,4846
5595,5281
5596,4886
5597,4442
5598,3657
5599,5716
5600,4442
5601,3310
5602,4140
5603,5606
5604,5229
5605,5043
5606,3552
5607,3682
5608,3830
5609,2630
5610,2363
5611,5539
5612,4796
5613,2685
5614,3026
5615,5496
5616,4270
5617,4291
5618,1381
5619,4318
5620,3886
5621,4407
5622,4271
5623,3202
5624,2175
5625,2736
5626,2691
5627,3587
5628,4491
5629,2875
5630,2697
5631,4463
5632,2831
5633,4637
5634,3379
5635,4164
5636,4627
5637,5500
5638,5686
5639,4818
5640,2771
5641,3069
5642,1657
5643,2247
5644,1958
5645,3959
5646,3271
5647,3282
5648,4728
5649,3936
5650,3537
5651,4862
5652,3532
5653,5003
5654,4260
5655,4723
5656,5203
5657,5217
5658,5593
5659,4655
5660,4093
5661,4068
5662,4215
5663,4592
5664,4469
5665,3899
5666,4213
5667,3723
5668,3132
5669,4533
5670,4013
5671,4224
5672,3910
5673,3751
5674,2143
5675,2692
5676,2744
5677,4133
5678,3207
5679,3342
5680,3632
5681,5288
5682,3467
5683,4041
5684,5191
5685,5220
5686,5332
5687,4008
5688,4791
5689,5368
5690,5318
5691,4859
5692,5535
5693,4048
5694,4077
5695,2828
5696,4408
5697,2771
5698,3044
5699,3550
5700,4181
5701,3358
5702,5613
5703,3414
5704,4310
5705,3473
5706,3780
5707,4021
5708,5258
5709,4733
5710,5330
5711,4882
5712,4714
5713,5023
5714,5431
5715,4179
5716,5843
5717,4734
5718,4169
5719,4452
5720,4516
5721,4763
5722,4737
5723,4987
5724,5975
5725,5159
5726,4865
5727,2637
5728,2880
5729,3519
5730,4090
5731,4549
5732,4031
5733,5003
5734,3686
5735,4792
5736,4191
5737,4070
5738,5748
5739,3738
5740,5025
5741,4947
5742,4736
5743,4223
5744,4679
5745,4275
5746,4553
5747,3501
5748,5117
5749,5062
5750,3637
5751,3732
5752,4421
5753,4758
5754,5300
5755,4136
5756,4449
5757,4771
5758,3886
5759,4680
5760,5430
5761,2058
5762,5002
5763,5143
5764,6626
5765,5800
5766,4933
5767,5281
5768,5424
5769,4941
5770,4259
5771,4943
5772,3231
5773,4151
5774,4354
5775,4478
5776,4692
5777,3037
5778,4763
5779,5387
5780,5195
5781,5685
5782,4211
5783,4352
5784,4462
5785,4488
5786,3880
5787,2646
5788,4250
5789,3865
5790,5298
5791,3817
5792,5355
5793,4996
5794,5301
5795,4991
5796,4866
5797,4551
5798,5054
5799,5665
5800,4948
5801,4818
5802,4519
5803,5261
5804,4861
5805,5968
5806,5148
5807,6053
5808,4103
5809,5376
5810,5579
5811,5708
5812,6043
5813,6033
5814,5866
5815,5549
5816,5787
5817,6170
5818,5251
5819,6449
5820,3030
5821,4093
5822,4544
5823,4336
5824,4248
5825,4474
5826,3974
5827,4171
5828,4458
5829,3514
5830,5009
5831,3656
5832,4282
5833,4653
5834,4906
5835,5162
5836,3739
5837,4713
5838,1143
5839,4476
5840,5351
5841,4369
5842,4674
5843,4825
5844,5899
5845,4402
5846,5458
5847,6441
5848,5076
5849,6157
5850,4677
5851,5733
5852,4873
5853,4585
5854,5643
5855,4494
5856,5473
5857,5571
5858,4293
5859,6052
5860,5323
5861,5379
5862,6175
5863,6496
5864,4980
5865,5193
5866,2622
5867,3667
5868,6439
5869,7013
5870,6842
5871,7304
5872,6412
5873,6748
5874,7371
5875,6490
5876,5321
5877,6390
5878,4901
5879,5818
5880,3025
5881,3498
5882,6116
5883,5653
5884,5988
5885,6676
5886,6409
5887,6609
5888,6397
5889,6360
5890,6530
5891,6359
5892,6419
5893,6494
5894,5714
5895,5575
5896,6635
5897,5399
5898,6338
5899,4390
5900,4216
5901,4096
5902,5341
5903,5086
5904,3965
5905,4827
5906,5457
5907,5802
5908,5621
5909,5969
5910,5954
5911,4012
5912,6598
5913,6012
5914,6333
5915,5047
5916,6158
5917,5883
5918,4978
5919,5830
5920,5688
5921,5350
5922,5482
5923,5387
5924,3735
5925,3711
5926,4248
5927,3013
5928,4394
5929,4553
5930,4930
5931,3772
5932,4256
5933,5120
5934,5475
5935,4669
5936,3757
5937,3836
5938,3195
5939,5112
5940,3105
5941,5196
5942,2267
5943,5177
5944,3335
5945,3689
5946,3831
5947,1159
5948,2019
5949,5097
5950,1536
5951,3843
5952,1489
5953,4757
5954,1959
5955,2229
5956,2124
5957,1698
5958,2888
5959,3313
5960,3121
5961,1141
5962,1760
5963,1048
5964,1774
5965,1549
5966,1859
5967,1348
5968,6037
5969,3803
5970,3127
5971,2361
5972,3162
5973,4477
5974,3827
5975,3955
5976,5974
5977,3742
5978,3954
5979,2377
5980,1120
5981,4181
5982,2152
5983,2279
5984,5186
5985,2578
5986,4717
5987,3309
5988,3856
5989,2417
5990,1224
5991,2086
5992,1789
5993,5487
5994,1951
5995,5265
5996,2426
5997,2971
5998,4847
5999,3702
6000,2542
6001,4434
6002,3484
6003,3496
6004,3893
6005,5217
6006,4896
6007,6533
6008,2860
6009,2818
6010,4600
6011,4485
6012,2575
6013,2878
6014,1796
6015,4040
6016,3096
6017,2388
6018,5005
6019,3468
6020,4323
6021,3544
6022,6175
6023,4543
6024,6596
6025,4623
6026,4043
6027,5317
6028,3646
6029,6083
6030,3789
6031,3386
6032,4091
6033,1761
6034,5155
6035,4819
6036,4958
6037,6017
6038,4593
6039,4381
6040,5446
6041,6109
6042,5752
6043,2907
6044,3442
6045,5195
6046,3111
6047,2636
6048,2480
6049,2933
6050,2506
6051,3412
6052,5692
6053,4959
6054,2613
6055,2520
6056,5253
6057,2174
6058,5619
6059,5394
6060,6341
6061,4451
6062,2654
6063,3795
6064,3849
6065,3713
6066,6032
6067,4241
6068,4278
6069,5434
6070,3659
6071,6123
6072,3358
6073,3238
6074,5838
6075,5057
6076,5137
6077,5409
6078,5483
6079,3264
6080,4217
6081,4463
6082,2839
6083,3620
6084,3993
6085,5841
6086,5005
6087,3168
6088,4521
6089,4346
6090,5353
6091,5561
6092,4276
6093,4168
6094,4431
6095,3211
6096,2922
6097,5245
6098,3961
6099,3428
6100,3195
6101,5062
6102,1751
6103,2104
6104,4781
6105,5993
6106,5245
6107,6132
6108,4598
6109,7701
6110,4902
6111,5119
6112,2425
6113,2632
6114,5258
6115,2902
6116,4891
6117,4872
6118,6550
6119,5964
6120,5077
6121,4110
6122,5546
6123,2774
6124,5716
6125,5443
6126,3574
6127,4209
6128,2406
6129,2863
6130,3712
6131,5599
6132,4976
6133,4602
6134,4666
6135,3319
6136,6099
6137,5681
6138,6062
6139,6087
6140,4557
6141,4770
6142,3795
6143,3981
6144,5108
6145,3938
6146,5912
6147,6523
6148,4251
6149,4914
6150,4872
6151,5360
6152,3859
6153,4889
6154,4450
6155,5541
6156,3622
6157,2640
6158,5544
6159,4140
6160,5883
6161,4865
6162,3490
6163,5239
6164,4908
6165,3868
6166,2873
6167,2563
6168,1779
6169,3441
6170,3762
6171,2586
6172,4957
6173,3393
6174,4627
6175,3636
6176,3639
6177,4374
6178,4229
6179,4834
6180,2601
6181,3249
6182,3517
6183,4207
6184,6004
6185,3752
6186,4667
6187,4565
6188,4158
6189,4716
6190,3651
6191,4608
6192,6004
6193,5459
6194,5999
6195,4743
6196,5565
6197,5760
6198,4359
6199,3696
6200,2982
6201,4405
6202,3812
6203,3790
6204,4055
6205,3473
6206,4152
6207,3551
6208,5579
6209,5117
6210,3476
6211,4687
6212,3592
6213,3150
6214,2956
6215,4310
6216,1729
6217,5372
6218,4478
6219,1443
6220,3187
6221,2634
6222,3206
6223,1642
6224,2605
6225,4928
6226,3900
6227,2610
6228,3225
6229,1738
6230,2882
6231,2201
6232,3714
6233,3828
6234,4667
6235,3525
6236,5119
6237,2861
6238,4319
6239,4369
6240,5325
6241,4893
6242,4952
6243,5137
6244,3577
6245,4262
6246,5653
6247,3651
6248,3708
6249,5803
6250,4114
6251,4814
6252,3081
6253,4622
6254,3338
6255,3530
6256,2773
6257,6078
6258,3747
6259,5204
6260,6102
6261,6478
6262,5852
6263,5909
6264,5002
6265,4144
6266,2839
6267,3994
6268,4517
6269,4501
6270,4778
6271,4499
6272,5089
6273,5182
6274,4848
6275,4215
6276,4726
6277,4189
6278,755
6279,1506
6280,1269
6281,1746
6282,1448
6283,2435
6284,2213
6285,2299
6286,5586
6287,5566
6288,5557
6289,5260
6290,5583
6291,4635
6292,3115
6293,4497
6294,4995
6295,3347
6296,5245
6297,4759
6298,6607
6299,5687
6300,5672
6301,4365
6302,4292
6303,4575
6304,4989
6305,5707
6306,2390
6307,1567
6308,2998
6309,1809
6310,2727
6311,3629
6312,4444
6313,3620
6314,4838
6315,5578
6316,4919
6317,5123
6318,5565
6319,5053
6320,5787
6321,7151
6322,4953
6323,4777
6324,3859
6325,5542
6326,3021
6327,2129
6328,5766
6329,3559
6330,4758
6331,5227
6332,5141
6333,4816
6334,4378
6335,6031
6336,5160
6337,5684
6338,5588
6339,5287
6340,5253
6341,3544
6342,5155
6343,4258
6344,6201
6345,6833
6346,4085
6347,3544
6348,5502
6349,4473
6350,4624
6351,3622
6352,4409
6353,4386
6354,3900
6355,5820
6356,5911
6357,5565
6358,5291
6359,5832
6360,6530
6361,5860
6362,4503
6363,2824
6364,3479
6365,2814
6366,5127
6367,2992
6368,3938
6369,3775
6370,3925
6371,2716
6372,5257
6373,3711
6374,3943
6375,2805
6376,4477
6377,3838
6378,6508
6379,5169
6380,969
6381,4159
6382,5679
6383,5813
6384,5283
6385,5943
6386,5689
6387,5049
6388,4583
6389,4343
6390,4980
6391,4965
6392,4324
6393,4541
6394,3665
6395,4888
6396,5463
6397,4676
6398,4786
6399,5086
6400,4664
6401,4918
6402,4847
6403,5700
6404,4359
6405,4518
6406,5460
6407,4877
6408,4847
6409,5892
6410,5369
6411,5217
6412,4316
6413,5060
6414,6220
6415,4856
6416,4874
6417,4729
6418,4705
6419,5520
6420,5144
6421,5259
6422,6096
6423,5012
6424,4207
6425,4428
6426,3561
6427,3782
6428,4112
6429,3650
6430,4910
6431,5032
6432,4958
6433,4349
6434,5550
6435,1447
6436,5370
6437,5143
6438,5175
6439,4935
6440,5911
6441,3967
6442,4736
6443,5173
6444,5236
6445,4770
6446,6310
6447,4627
6448,4620
6449,6499
6450,4514
6451,5695
6452,5050
6453,4571
6454,4794
6455,4514
6456,4404
6457,3456
6458,5159
6459,4323
6460,4916
6461,4602
6462,4041
6463,4277
6464,3576
6465,4112
6466,4692
6467,4230
6468,4764
6469,5240
6470,4360
6471,5521
6472,5015
6473,4875
6474,5088
6475,4532
6476,5273
6477,5110
6478,4477
6479,4073
6480,4571
6481,5188
6482,5963
6483,5025
6484,4356
6485,5360
6486,5092
6487,4543
6488,3624
6489,3965
6490,6040
6491,4063
6492,4773
6493,5653
6494,4920
6495,3372
6496,4855
6497,4487
6498,5079
6499,4744
6500,4677
6501,5187
6502,5347
6503,4908
6504,4935
6505,4865
6506,4832
6507,4835
6508,4054
6509,5500
6510,5001
6511,4358
6512,4047
6513,4588
6514,4331
6515,4460
6516,3940
6517,4149
6518,5175
6519,5356
6520,4848
6521,5709
6522,5549
6523,5084
6524,5455
6525,4495
6526,4987
6527,4887
6528,4509
6529,4414
6530,5788
6531,4361
6532,5551
6533,4583
6534,4818
6535,4501
6536,4926
6537,4783
6538,5361
6539,3893
6540,5278
6541,3734
6542,6461
6543,5143
6544,5101
6545,4670
6546,5382
6547,4585
6548,4370
6549,4159
6550,4715
6551,4352
6552,3666
6553,3401
6554,4405
6555,4202
6556,4213
6557,6138
6558,898
6559,4056
6560,5091
6561,4273
6562,4782
6563,4228
6564,3867
6565,4287
6566,3895
6567,5602
6568,2681
6569,3280
6570,4476
6571,4591
6572,4472
6573,4557
6574,6092
6575,4911
6576,4961
6577,4148
6578,4929
6579,4881
6580,4740
6581,4297
6582,4733
6583,4616
6584,5256
6585,4853
6586,4762
6587,5810
6588,5881
6589,5322
6590,4788
6591,5538
6592,4978
6593,4873
6594,4976
6595,5290
6596,5720
6597,5523
6598,5666
6599,5173
6600,5157
6601,4608
6602,5345
6603,5647
6604,5510
6605,5415
6606,5199
6607,5800
6608,4967
6609,5203
6610,5254
6611,4479
6612,5187
6613,4931
6614,5066
6615,5532
6616,4594
6617,5581
6618,4191
6619,4816
6620,5415
6621,4890
6622,4929
6623,4258
6624,5382
6625,4586
6626,4929
6627,4234
6628,5195
6629,4451
6630,5532
6631,4794
6632,4672
6633,1468
6634,1805
6635,2065
6636,2991
6637,2112
6638,4487
6639,3093
6640,2470
6641,1998
6642,4721
6643,2963
6644,4365
6645,3825
6646,3709
6647,3309
6648,3590
6649,4553
6650,1867
6651,2611
6652,4141
6653,3147
6654,3823
6655,3720
6656,3201
6657,3508
6658,4167
6659,3979
6660,4422
6661,4120
6662,5339
6663,4241
6664,5497
6665,4747
6666,4815
6667,3879
6668,4957
6669,4565
6670,4994
6671,4216
6672,3833
6673,4028
6674,4690
6675,5555
6676,4847
6677,5231
6678,5414
6679,4950
6680,4983
6681,5656
6682,4918
6683,5749
6684,4442
6685,4796
6686,4774
6687,4146
6688,5133
6689,4818
6690,2808
6691,4927
6692,4491
6693,4858
6694,5122
6695,5824
6696,5415
6697,4148
6698,6210
6699,4930
6700,4538
6701,4744
6702,4701
6703,4364
6704,4364
6705,5055
6706,4474
6707,4761
6708,3406
6709,2670
6710,3764
6711,5088
6712,3889
6713,4238
6714,4192
6715,5170
6716,4924
6717,5235
6718,5198
6719,5495
6720,4894
6721,4769
6722,4918
6723,5448
6724,4278
6725,4586
6726,4666
6727,3969
6728,4557
6729,3902
6730,4843
6731,4044
6732,3156
6733,6553
6734,4815
6735,5448
6736,4868
6737,4127
6738,3188
6739,3931
6740,3487
6741,3764
6742,3303
6743,5132
6744,3662
6745,4330
6746,4694
6747,5589
6748,4865
6749,5131
6750,4054
6751,4813
6752,3828
6753,4506
6754,4058
6755,4129
6756,4311
6757,4639
6758,5134
6759,4488
6760,3419
6761,3626
6762,6193
6763,5777
6764,4249
6765,5079
6766,4867
6767,4451
6768,4574
6769,4630
6770,3950
6771,3940
6772,5572
6773,3912
6774,4416
6775,4488
6776,5410
6777,4356
6778,4763
6779,4106
6780,3444
6781,5425
6782,4171
6783,5567
6784,5282
6785,4800
6786,4485
6787,4566
6788,4204
6789,4484
6790,4574
6791,4633
6792,4786
6793,4374
6794,3940
6795,3717
6796,3590
6797,2796
6798,3122
6799,2922
6800,3252
6801,2976
6802,3361
6803,3571
6804,3294
6805,5305
6806,4527
6807,5815
6808,4261
6809,4406
6810,4343
6811,3623
6812,4784
6813,4444
6814,4885
6815,4475
6816,4127
6817,4583
6818,4970
6819,4128
6820,4338
6821,4478
6822,4174
6823,4104
6824,5546
6825,5028
6826,5485
6827,4536
6828,3595
6829,4108
6830,4997
6831,4216
6832,3666
6833,3539
6834,4371
6835,2658
6836,3805
6837,3512
6838,4167
6839,2827
6840,3595
6841,2583
6842,2947
6843,2634
6844,3530
6845,3713
6846,3015
6847,3755
6848,3399
6849,3361
6850,4802
6851,3836
6852,4200
6853,4155
6854,4031
6855,3492
6856,4443
6857,3709
6858,4427
6859,4035
6860,3796
6861,4507
6862,4283
6863,4883
6864,4152
6865,4410
6866,5297
6867,5290
6868,5611
6869,4655
6870,5396
6871,4457
6872,5400
6873,4695
6874,4809
6875,4133
6876,4213
6877,4543
6878,4583
6879,3861
6880,5074
6881,4716
6882,5027
6883,4252
6884,5339
6885,4584
6886,4528
6887,4728
6888,4717
6889,4820
6890,4377
6891,3689
6892,3225
6893,2777
6894,2689
6895,2406
6896,2176
6897,1534
6898,2516
6899,2685
6900,2767
6901,3205
6902,4080
6903,3613
6904,3868
6905,3671
6906,3874
6907,3935
6908,4034
6909,3888
6910,4628
6911,4118
6912,2942
6913,3750
6914,3855
6915,4001
6916,3225
6917,3367
6918,3645
6919,3795
6920,4434
6921,4661
6922,4524
6923,4927
6924,5236
6925,4610
6926,4846
6927,4998
6928,4549
6929,6069
6930,4898
6931,5039
6932,4518
6933,4255
6934,4776
6935,4379
6936,4986
6937,5056
6938,3705
6939,3396
6940,4241
6941,4596
6942,5267
6943,2557
6944,4420
6945,5592
6946,5068
6947,5500
6948,4244
6949,4912
6950,3350
6951,4354
6952,2949
6953,3715
6954,3033
6955,3105
6956,3027
6957,3092
6958,3427
6959,3427
6960,3478
6961,4583
6962,3858
6963,4258
6964,3924
6965,3526
6966,4439
6967,4428
6968,3315
6969,4147
6970,4920
6971,3797
6972,4349
6973,4528
6974,3097
6975,3598
6976,2821
6977,3771
6978,4288
6979,5122
6980,4381
6981,4800
6982,5060
6983,5013
6984,4638
6985,5178
6986,4921
6987,4673
6988,4741
6989,5033
6990,4693
6991,4760
6992,4894
6993,4372
6994,4766
6995,3255
6996,4477
6997,5091
6998,4561
6999,4417
7000,4463
7001,4242
7002,5551
7003,4946
7004,5587
7005,5555
7006,4915
7007,5122
7008,4308
7009,5318
7010,3274
7011,2595
7012,1992
7013,2355
7014,3313
7015,3081
7016,3685
7017,4104
7018,4200
7019,4056
7020,4051
7021,4981
7022,4615
7023,4367
7024,4259
7025,4156
7026,3823
7027,3899
7028,4379
7029,3888
7030,3978
7031,3972
7032,3520
7033,3627
7034,3957
7035,4146
7036,2680
7037,3971
7038,4703
7039,3857
7040,4316
7041,4353
7042,5928
7043,4250
7044,4858
7045,4948
7046,4440
7047,4504
7048,5330
7049,4001
7050,3541
7051,4385
7052,3172
7053,3903
7054,3944
7055,4356
7056,3778
7057,3620
7058,3715
7059,3454
7060,3193
7061,3523
7062,4599
7063,5364
7064,4562
7065,5024
7066,5347
7067,5444
7068,4944
7069,3960
7070,4593
7071,4764
7072,4369
7073,2769
7074,3618
7075,2963
7076,3441
7077,3128
7078,3637
7079,5543
7080,3968
7081,4534
7082,3889
7083,3980
7084,4616
7085,3699
7086,4018
7087,4253
7088,3603
7089,3593
7090,2973
7091,3427
7092,3503
7093,3403
7094,3542
7095,4420
7096,3805
7097,3946
7098,3899
7099,3190
7100,3314
7101,4647
7102,4292
7103,4752
7104,3288
7105,4368
7106,4816
7107,4407
7108,4568
7109,3895
7110,795
7111,4627
7112,4819
7113,4792
7114,4323
7115,3725
7116,3530
7117,4362
7118,4365
7119,4609
7120,4723
7121,5020
7122,5616
7123,4617
7124,5126
7125,4593
7126,3735
7127,5097
7128,3764
7129,4006
7130,3155
7131,3122
7132,3765
7133,4524
7134,5182
7135,4980
7136,5055
7137,4895
7138,4937
7139,4917
7140,4444
7141,5346
7142,3684
7143,4936
7144,3434
7145,4360
7146,4886
7147,4203
7148,4528
7149,5041
7150,4167
7151,4243
7152,3358
7153,4878
7154,2609
7155,3343
7156,3406
7157,2285
7158,2018
7159,3060
7160,3475
7161,3470
7162,4058
7163,3369
7164,4111
7165,2997
7166,3221
7167,4417
7168,4274
7169,4396
7170,4420
7171,4765
7172,3456
7173,3675
7174,4309
7175,4238
7176,4587
7177,4260
7178,4686
7179,4203
7180,4618
7181,4510
7182,5222
7183,4801
7184,4694
7185,4531
7186,4986
7187,4617
7188,4481
7189,3957
7190,4233
7191,3771
7192,4793
7193,3823
7194,3271
7195,3575
7196,3543
7197,4483
7198,4315
7199,4257
7200,4875
7201,3514
7202,4248
7203,3788
7204,4763
7205,3025
7206,4287
7207,3328
7208,4461
7209,4571
7210,4132
7211,5229
7212,4880
7213,4424
7214,5379
7215,6022
7216,5363
7217,4111
7218,4606
7219,4695
7220,5239
7221,5033
7222,5410
7223,4607
7224,4877
7225,4544
7226,4831
7227,4370
7228,4481
7229,3717
7230,4286
7231,2974
7232,2984
7233,3303
7234,3222
7235,3138
7236,3926
7237,4055
7238,4241
7239,4734
7240,3874
7241,3967
7242,3810
7243,4442
7244,4799
7245,3464
7246,4111
7247,4109
7248,4453
7249,4436
7250,4102
7251,4660
7252,4790
7253,5115
7254,4469
7255,4386
7256,3983
7257,4388
7258,4546
7259,4936
7260,4626
7261,4013
7262,4451
7263,4684
7264,3948
7265,4483
7266,4419
7267,4096
7268,3683
7269,3174
7270,3124
7271,4559
7272,4325
7273,5033
7274,4396
7275,3850
7276,4520
7277,4811
7278,3785
7279,3214
7280,3224
7281,6016
7282,4041
7283,4181
7284,3690
7285,4926
7286,4471
7287,4359
7288,5298
7289,4769
7290,4639
7291,4585
7292,5676
7293,4954
7294,4392
7295,4403
7296,4173
7297,3799
7298,2083
7299,3394
7300,4091
7301,3420
7302,4068
7303,2688
7304,3484
7305,4839
7306,3676
7307,4554
7308,4073
7309,4192
7310,3854
7311,3904
7312,4013
7313,4038
7314,4267
7315,4125
7316,4186
7317,4297
7318,3502
7319,3920
7320,4647
7321,4505
7322,4999
7323,4575
7324,4475
7325,5184
7326,4183
7327,4152
7328,4272
7329,3796
7330,3626
7331,3677
7332,4354
7333,4070
7334,4331
7335,3624
7336,3668
7337,3626
7338,3684
7339,3611
7340,3964
7341,3085
7342,2955
7343,2939
7344,2964
7345,2445
7346,3615
7347,3286
7348,3044
7349,3100
7350,3200
7351,3309
7352,4253
7353,3309
7354,3232
7355,4010
7356,3608
7357,4655
7358,4617
7359,3570
7360,3208
7361,3637
7362,3970
7363,3752
7364,4043
7365,4378
7366,4886
7367,4010
7368,3922
7369,4132
7370,4732
7371,5567
7372,4450
7373,4232
7374,3319
7375,3954
7376,4140
7377,3678
7378,3211
7379,3951
7380,4366
7381,3949
7382,4209
7383,4437
7384,4110
7385,4899
7386,4057
7387,3969
7388,3553
7389,2895
7390,3017
7391,3592
7392,3129
7393,3753
7394,3810
7395,4329
7396,3862
7397,3999
7398,3800
7399,4169
7400,4394
7401,4401
7402,3806
7403,3749
7404,3972
7405,3999
7406,3929
7407,5054
7408,4290
7409,3976
7410,3997
7411,3087
7412,3045
7413,2469
7414,2532
7415,3244
7416,3482
7417,3241
7418,3689
7419,3842
7420,3487
7421,3312
7422,2780
7423,2840
7424,3054
7425,3500
7426,163
7427,3173
7428,3141
7429,4043
7430,2328
7431,3104
7432,3831
7433,3881
7434,3777
7435,4387
7436,3903
7437,4179
7438,4164
7439,3991
7440,4397
7441,3703
7442,3738
7443,3517
7444,3557
7445,3624
7446,3148
7447,3265
7448,2893
7449,2143
7450,3310
7451,1792
7452,2041
7453,3555
7454,3638
7455,3800
7456,3338
7457,3845
7458,3991
7459,2945
7460,3706
7461,3900
7462,3702
7463,3719
7464,3448
7465,3084
7466,1485
7467,2462
7468,2481
7469,1865
7470,4768
7471,2810
7472,4586
7473,4051
7474,4881
7475,3836
7476,3955
7477,4196
7478,5029
7479,4057
7480,5304
7481,4499
7482,4974
7483,3077
7484,3965
7485,3205
7486,4739
7487,2906
7488,3981
7489,4211
7490,3650
7491,2244
7492,3244
7493,2732
7494,2874
7495,3966
7496,3520
7497,3588
7498,4332
7499,2982
7500,4509
7501,2889
7502,4795
7503,4045
7504,4460
7505,4486
7506,3967
7507,3744
7508,3404
7509,3238
7510,3646
7511,4670
7512,4344
7513,3593
7514,3375
7515,2189
7516,2716
7517,2309
7518,2695
7519,2337
7520,3004
7521,2279
7522,2540
7523,2525
7524,2825
7525,2749
7526,2817
7527,2359
7528,3206
7529,3649
7530,3897
7531,3089
7532,3586
7533,2438
7534,3763
7535,3314
7536,3674
7537,3989
7538,3477
7539,3149
7540,2677
7541,2961
7542,2368
7543,3498
7544,2993
7545,3054
7546,2015
7547,2669
7548,2445
7549,3013
7550,2782
7551,2856
7552,615
7553,1274
7554,2545
7555,1907
7556,2120
7557,1175
7558,1556
7559,1384
7560,625
7561,512
7562,398
7563,868
7564,2811
7565,1440
7566,1714
7567,1922
7568,2152
7569,2735
7570,2012
7571,2760
7572,1484
7573,1943
7574,1377
7575,2214
7576,1580
7577,1816
7578,1859
7579,1860
7580,2464
7581,2288
7582,2973
7583,2682
7584,2690
7585,2698
7586,3097
7587,2401
7588,1308
7589,1621
7590,2238
7591,2256
7592,2554
7593,2605
7594,2640
7595,2727
7596,2727
7597,2442
7598,1530
7599,2705
7600,675
7601,2331
7602,1848
7603,2046
7604,4461
7605,3364
7606,1720
7607,2809
7608,3343
7609,2278
7610,2153
7611,3874
7612,2029
7613,1593
7614,2145
7615,3306
7616,3030
7617,1720
7618,1369
7619,3058
7620,1396
7621,1418
7622,2265
7623,1259
7624,2485
7625,2589
7626,2330
7627,2424
7628,3414
7629,3268
7630,4704
7631,3465
7632,3581
7633,2765
7634,3050
7635,2566
7636,3008
7637,2297
7638,3080
7639,3251
7640,2358
7641,3158
7642,3747
7643,3201
7644,2842
7645,3155
7646,2634
7647,2958
7648,3017
7649,2721
7650,1946
7651,2288
7652,2724
7653,3255
7654,2520
7655,3694
7656,3371
7657,2294
7658,2794
7659,1535
7660,2824
7661,3418
7662,2128
7663,2312
7664,3109
7665,1154
7666,2431
7667,1822
7668,1828
7669,2176
7670,2530
7671,4091
7672,2877
7673,3125
7674,3845
7675,3546
7676,4098
7677,5387
7678,2914
7679,3410
7680,4000
7681,3453
7682,2610
7683,3355
7684,2218
7685,4415
7686,2994
7687,4271
7688,3153
7689,4131
7690,3302
7691,3756
7692,4442
7693,4167
7694,3655
7695,3669
7696,4115
7697,2966
7698,3291
7699,3741
7700,3173
7701,2722
7702,2683
7703,3000
7704,1878
7705,2878
7706,4100
7707,3861
7708,2437
7709,2416
7710,2146
7711,2438
7712,2465
7713,2157
7714,2729
7715,3075
7716,3620
7717,2740
7718,2794
7719,2493
7720,2037
7721,3101
7722,2776
7723,3025
7724,3385
7725,2124
7726,3698
7727,4024
7728,4767
7729,4648
7730,5074
7731,4837
7732,5134
7733,5951
7734,5236
7735,4000
7736,4008
7737,5314
7738,3872
7739,3806
7740,4341
7741,3721
7742,4338
7743,3848
7744,4014
7745,4198
7746,2784
7747,4423
7748,3387
7749,3793
7750,2990
7751,3604
7752,3538
7753,3533
7754,3535
7755,2614
7756,3344
7757,2700
7758,2994
7759,2636
7760,3727
7761,3244
7762,2692
7763,1931
7764,2168
7765,3193
7766,2250
7767,3017
7768,2320
7769,2238
7770,2594
7771,2091
7772,2405
7773,2145
7774,2756
7775,3161
7776,4019
7777,3614
7778,4066
7779,2761
7780,3718
7781,2594
7782,3339
7783,2863
7784,3233
7785,2399
7786,2927
7787,2646
7788,4153
7789,4189
7790,4937
7791,4440
7792,5281
7793,5764
7794,5765
7795,5014
7796,5251
7797,5477
7798,5332
7799,5087
7800,4684
7801,4932
7802,5110
7803,4570
7804,3972
7805,4195
7806,4502
7807,4486
7808,5341
7809,4097
7810,4308
7811,2519
7812,4302
7813,1922
7814,2215
7815,2374
7816,2719
7817,3516
7818,3460
7819,3799
7820,3085
7821,3076
7822,2875
7823,4361
7824,4353
7825,3223
7826,3234
7827,3139
7828,3130
7829,3222
7830,3307
7831,2956
7832,2408
7833,3137
7834,2670
7835,3682
7836,3522
7837,3601
7838,2874
7839,2371
7840,3454
7841,3407
7842,3020
7843,2772
7844,2295
7845,2932
7846,3201
7847,2856
7848,2945
7849,2988
7850,2957
7851,3806
7852,3144
7853,3815
7854,3590
7855,3467
7856,2586
7857,4741
7858,1440
7859,2468
7860,1671
7861,1813
7862,2060
7863,2545
7864,3557
7865,5066
7866,5028
7867,4875
7868,4446
7869,5725
7870,5819
7871,4787
7872,4332
7873,4679
7874,4942
7875,4879
7876,4060
7877,5161
7878,5521
7879,5786
7880,4709
7881,5161
7882,4507
7883,5072
7884,5354
7885,5450
7886,4459
7887,5155
7888,5299
7889,4386
7890,4116
7891,4730
7892,2903
7893,4184
7894,3304
7895,2508
7896,2977
7897,2323
7898,2814
7899,3042
7900,3228
7901,3243
7902,4513
7903,4488
7904,3601
7905,3467
7906,2284
7907,2873
7908,3307
7909,3547
7910,3298
7911,3566
7912,4004
7913,4186
7914,3198
7915,4471
7916,3367
7917,3503
7918,2842
7919,2437
7920,3807
7921,3474
7922,3976
7923,1900
7924,2102
7925,2844
7926,2917
7927,3396
7928,3672
7929,3730
7930,4205
7931,3474
7932,3648
7933,3911
7934,2621
7935,3737
7936,3801
7937,3311
7938,3199
7939,3865
7940,3629
7941,3843
7942,2583
7943,3745
7944,2929
7945,2971
7946,3576
7947,4206
7948,4099
7949,5074
7950,4648
7951,4775
7952,4084
7953,5322
7954,4320
7955,5472
7956,5395
7957,5149
7958,5159
7959,4717
7960,5025
7961,5683
7962,5676
7963,5530
7964,4962
7965,5035
7966,5180
7967,5411
7968,6040
7969,4789
7970,5567
7971,5021
7972,5810
7973,5143
7974,5359
7975,5154
7976,3694
7977,4782
7978,5138
7979,2723
7980,2703
7981,2875
7982,2458
7983,3142
7984,2761
7985,3740
7986,2990
7987,4121
7988,2765
7989,2952
7990,3191
7991,2385
7992,2434
7993,3911
7994,3486
7995,2924
7996,4213
7997,4316
7998,3993
7999,3853
8000,3267
8001,3564
8002,3164
8003,2923
8004,3563
8005,3357
8006,3422
8007,3627
8008,3203
8009,3764
8010,2998
8011,2347
8012,3181
8013,3899
8014,3572
8015,3985
8016,3259
8017,2681
8018,3374
8019,2466
8020,2900
8021,1983
8022,2482
8023,2043
8024,2526
8025,2158
8026,1249
8027,2944
8028,3162
8029,4124
8030,4462
8031,4292
8032,5590
8033,3647
8034,4606
8035,4696
8036,4675
8037,5235
8038,4074
8039,6399
8040,5380
8041,5436
8042,5679
8043,5982
8044,5811
8045,5728
8046,5794
8047,5310
8048,5289
8049,4364
8050,5633
8051,5879
8052,5381
8053,4971
8054,4231
8055,5225
8056,5606
8057,5400
8058,4906
8059,5486
8060,5601
8061,5232
8062,4534
8063,4630
8064,4921
8065,3771
8066,2417
8067,2875
8068,2526
8069,3347
8070,2765
8071,4173
8072,3274
8073,4129
8074,3041
8075,4226
8076,2987
8077,3090
8078,3567
8079,4225
8080,3480
8081,3881
8082,3396
8083,3661
8084,3532
8085,4570
8086,3066
8087,2874
8088,3822
8089,3634
8090,3888
8091,3375
8092,3221
8093,3712
8094,2677
8095,2566
8096,2328
8097,2919
8098,1837
8099,2958
8100,2828
8101,2578
8102,1748
8103,3906
8104,2833
8105,2578
8106,2299
8107,2725
8108,2137
8109,2758
8110,2133
8111,1360
8112,1847
8113,1427
8114,4331
8115,3993
8116,4424
8117,4300
8118,4942
8119,5188
8120,4743
8121,4994
8122,4593
8123,4722
8124,6139
8125,5012
8126,5460
8127,5997
8128,4819
8129,5693
8130,4921
8131,5555
8132,5112
8133,6022
8134,4670
8135,5885
8136,5477
8137,5282
8138,4399
8139,5357
8140,5469
8141,5512
8142,5149
8143,5048
8144,4917
8145,4756
8146,5349
8147,4953
8148,3860
8149,5297
8150,4224
8151,4278
8152,4242
8153,4609
8154,4358
8155,3700
8156,3580
8157,2959
8158,3639
8159,3577
8160,3300
8161,4586
8162,4014
8163,3626
8164,4399
8165,3969
8166,3755
8167,3436
8168,3559
8169,3995
8170,4001
8171,3835
8172,3728
8173,4078
8174,3158
8175,2760
8176,3385
8177,4125
8178,4211
8179,3517
8180,3254
8181,4060
8182,2755
8183,2764
8184,2478
8185,3416
8186,3082
8187,2753
8188,2597
8189,1982
8190,2632
8191,2131
8192,2449
8193,3724
8194,3463
8195,2611
8196,2585
8197,1740
8198,3667
8199,1326
8200,1183
8201,2152
8202,1720
8203,1548
8204,4083
8205,3293
8206,4409
8207,5067
8208,4323
8209,4745
8210,5805
8211,3723
8212,6152
8213,5285
8214,5888
8215,5943
8216,5846
8217,4631
8218,5092
8219,5385
8220,5026
8221,5201
8222,4853
8223,5103
8224,4522
8225,5248
8226,5094
8227,4587
8228,5396
8229,5501
8230,5463
8231,5696
8232,5513
8233,4986
8234,6295
8235,4701
8236,3627
8237,4235
8238,4192
8239,3393
8240,3338
8241,2278
8242,2178
8243,2180
8244,2647
8245,3740
8246,3579
8247,3621
8248,4309
8249,3645
8250,3994
8251,3426
8252,3897
8253,4369
8254,4055
8255,3327
8256,3921
8257,3277
8258,3633
8259,1670
8260,3842
8261,2693
8262,3204
8263,3792
8264,2944
8265,4137
8266,3394
8267,4706
8268,3917
8269,3503
8270,3680
8271,3672
8272,4431
8273,3446
8274,3448
8275,2353
8276,2832
8277,2644
8278,2377
8279,2984
8280,3491
8281,2704
8282,2500
8283,2879
8284,3350
8285,2595
8286,1676
8287,2098
8288,2219
8289,1653
8290,1175
8291,5108
8292,5189
8293,5257
8294,5764
8295,2193
8296,4394
8297,4437
8298,6052
8299,5707
8300,6807
8301,5639
8302,5823
8303,4631
8304,5424
8305,5113
8306,5428
8307,5141
8308,5459
8309,5103
8310,4580
8311,3664
8312,4003
8313,3594
8314,4121
8315,2636
8316,3130
8317,2092
8318,2626
8319,3346
8320,3680
8321,3935
8322,3362
8323,3639
8324,2768
8325,4369
8326,3688
8327,3819
8328,2983
8329,2674
8330,3886
8331,2414
8332,2997
8333,2371
8334,2622
8335,3266
8336,3391
8337,3656
8338,4261
8339,4371
8340,4345
8341,3932
8342,4715
8343,4202
8344,4085
8345,4794
8346,3812
8347,3230
8348,3915
8349,2749
8350,3192
8351,3054
8352,3219
8353,2497
8354,3020
8355,3837
8356,3427
8357,3703
8358,2954
8359,2744
8360,2272
8361,2139
8362,2735
8363,2141
8364,2888
8365,2662
8366,1361
8367,1418
8368,878
8369,5386
8370,6447
8371,5300
8372,5568
8373,4923
8374,4399
8375,4620
8376,4609
8377,4032
8378,3929
8379,3946
8380,2903
8381,2821
8382,2786
8383,2903
8384,3495
8385,3351
8386,3261
8387,3535
8388,4028
8389,4229
8390,3354
8391,2446
8392,3492
8393,3734
8394,3248
8395,3649
8396,3198
8397,3139
8398,3453
8399,3170
8400,3098
8401,4052
8402,4253
8403,3894
8404,3432
8405,3799
8406,3248
8407,4235
8408,2183
8409,4074
8410,3876
8411,3633
8412,2509
8413,3488
8414,4897
8415,3944
8416,3594
8417,4345
8418,3939
8419,3408
8420,4189
8421,3516
8422,3301
8423,2064
8424,2968
8425,3428
8426,2978
8427,4262
8428,3636
8429,2859
8430,3741
8431,3084
8432,2667
8433,1154
8434,1880
8435,648
8436,1345
8437,5522
8438,3100
8439,2885
8440,3059
8441,3585
8442,3480
8443,4039
8444,3686
8445,3470
8446,3755
8447,3592
8448,4684
8449,4001
8450,3793
8451,4116
8452,2968
8453,3333
8454,3330
8455,3585
8456,3830
8457,2871
8458,2406
8459,3288
8460,3896
8461,2700
8462,3756
8463,3944
8464,3180
8465,4065
8466,4356
8467,2652
8468,4384
8469,4203
8470,4634
8471,4177
8472,4316
8473,3967
8474,3036
8475,3627
8476,3296
8477,3130
8478,3733
8479,4386
8480,4634
8481,4651
8482,3676
8483,3520
8484,3068
8485,2114
8486,2881
8487,2476
8488,1376
8489,1019
8490,788
8491,1305
8492,1306
8493,1431
8494,2637
8495,3343
8496,3415
8497,3305
8498,3426
8499,4073
8500,4975
8501,5019
8502,4464
8503,4519
8504,3906
8505,4088
8506,5028
8507,3991
8508,4115
8509,3912
8510,3206
8511,4019
8512,3983
8513,3687
8514,3505
8515,3747
8516,4247
8517,4086
8518,4054
8519,4296
8520,3887
8521,2830
8522,3359
8523,2228
8524,2188
8525,3669
8526,3145
8527,4196
8528,3619
8529,4747
8530,3436
8531,4736
8532,4262
8533,3906
8534,3906
8535,2769
8536,3513
8537,3249
8538,3352
8539,4029
8540,3724
8541,4176
8542,4262
8543,4207
8544,3681
8545,3982
8546,3721
8547,3587
8548,3275
8549,2515
8550,3233
8551,1643
8552,2991
8553,1137
8554,2617
8555,1074
8556,1727
8557,3732
8558,4293
8559,4104
8560,3852
8561,3810
8562,3949
8563,4100
8564,3891
8565,4212
8566,4355
8567,3469
8568,3448
8569,4055
8570,3354
8571,4080
8572,3623
8573,4191
8574,3617
8575,3919
8576,4222
8577,4496
8578,3836
8579,3927
8580,4378
8581,4234
8582,3712
8583,3288
8584,3900
8585,3325
8586,3295
8587,4253
8588,2987
8589,3281
8590,3683
8591,3397
8592,4656
8593,3884
8594,3467
8595,4140
8596,3639
8597,3523
8598,3208
8599,3640
8600,3255
8601,3966
8602,2653
8603,3576
8604,3915
8605,4263
8606,3786
8607,3855
8608,2843
8609,2758
8610,3461
8611,3204
8612,3517
8613,3291
8614,3398
8615,2248
8616,2855
8617,2693
8618,2892
8619,2934
8620,1987
8621,2712
8622,2733
8623,4208
8624,3927
8625,3763
8626,4346
8627,3432
8628,3863
8629,3636
8630,3521
8631,3315
8632,4036
8633,3723
8634,4034
8635,3965
8636,3628
8637,2152
8638,3954
8639,3816
8640,4405
8641,3433
8642,3693
8643,3835
8644,3655
8645,3805
8646,4106
8647,4151
8648,4229
8649,394
8650,3900
8651,5088
8652,4083
8653,3725
8654,3749
8655,2959
8656,4343
8657,3824
8658,3924
8659,3902
8660,4009
8661,3983
8662,3549
8663,3892
8664,3802
8665,4087
8666,3188
8667,2700
8668,2297
8669,3037
8670,2035
8671,3520
8672,1851
8673,4229
8674,3032
8675,3424
8676,3098
8677,3468
8678,3293
8679,2549
8680,3592
8681,2413
8682,2461
8683,3918
8684,4073
8685,3853
8686,4147
8687,4515
8688,3628
8689,3403
8690,3705
8691,3409
8692,3972
8693,3742
8694,3665
8695,3869
8696,3134
8697,4168
8698,2849
8699,4125
8700,4100
8701,4707
8702,4217
8703,4475
8704,3528
8705,3807
8706,4491
8707,3695
8708,4123
8709,3827
8710,3740
8711,4579
8712,3145
8713,4635
8714,3455
8715,3697
8716,4816
8717,3795
8718,2702
8719,3841
8720,2791
8721,3301
8722,3680
8723,3352
8724,3386
8725,3494
8726,2805
8727,3068
8728,4817
8729,2526
8730,2795
8731,2405
8732,3625
8733,2231
8734,1856
8735,2028
8736,2605
8737,2511
8738,2729
8739,3167
8740,3675
8741,4726
8742,4003
8743,3383
8744,3687
8745,3953
8746,4095
8747,3950
8748,4646
8749,3681
8750,4091
8751,4203
8752,3719
8753,3958
8754,4233
8755,4066
8756,4243
8757,3890
8758,4147
8759,4348
8760,3882
8761,4424
8762,4817
8763,3833
8764,5106
8765,4417
8766,4697
8767,4692
8768,4730
8769,4324
8770,5021
8771,4242
8772,4313
8773,3024
8774,3290
8775,3535
8776,3580
8777,4371
8778,4156
8779,3600
8780,4332
8781,3742
8782,3508
8783,3281
8784,2377
8785,2922
8786,3883
8787,2369
8788,4886
8789,2285
8790,3464
8791,3896
8792,3046
8793,4166
8794,3828
8795,2277
8796,4189
8797,3481
8798,3996
8799,3601
8800,3802
8801,3711
8802,3199
8803,2850
8804,4078
8805,4204
8806,4294
8807,4629
8808,3822
8809,5217
8810,4535
8811,4985
8812,4591
8813,4805
8814,4451
8815,4338
8816,4373
8817,4086
8818,4665
8819,4287
8820,4026
8821,4142
8822,3984
8823,5106
8824,3359
8825,3382
8826,4175
8827,2778
8828,3257
8829,3650
8830,3198
8831,4149
8832,3780
8833,2486
8834,3298
8835,3565
8836,3769
8837,3531
8838,4347
8839,4128
8840,4290
8841,4091
8842,3801
8843,3777
8844,3337
8845,3117
8846,1478
8847,3251
8848,3658
8849,3846
8850,4074
8851,2663
8852,3794
8853,3226
8854,3958
8855,4077
8856,4270
8857,4386
8858,4706
8859,4344
8860,5048
8861,4484
8862,4519
8863,4219
8864,4258
8865,4850
8866,3727
8867,3926
8868,4400
8869,3505
8870,4152
8871,4911
8872,3577
8873,4059
8874,4024
8875,3976
8876,2961
8877,3763
8878,2426
8879,2755
8880,3188
8881,3361
8882,2926
8883,2652
8884,2508
8885,3561
8886,4452
8887,2645
8888,4816
8889,2830
8890,3130
8891,4175
8892,3788
8893,3767
8894,4942
8895,3470
8896,4064
8897,4566
8898,4185
8899,4663
8900,4226
8901,3751
8902,4801
8903,4427
8904,3976
8905,2925
8906,4444
8907,3672
8908,3574
8909,3648
8910,4361
8911,2733
8912,3070
8913,3003
8914,3568
8915,3011
8916,4034
8917,4396
8918,4266
8919,3331
8920,1958
8921,2630
8922,2673
8923,2299
8924,1504
8925,2797
8926,3668
8927,3609
8928,3516
8929,4125
8930,4150
8931,4197
8932,4267
8933,2930
8934,3530
8935,4297
8936,3912
8937,4466
8938,4491
8939,4382
8940,4604
8941,3378
8942,4107
8943,2518
8944,4130
8945,2877
8946,2909
8947,3813
8948,3662
8949,3793
8950,3384
8951,2798
8952,3604
8953,3280
8954,2373
8955,2477
8956,1261
8957,4363
8958,4689
8959,3816
8960,3111
8961,2946
8962,2533
8963,4354
8964,3355
8965,4687
8966,3862
8967,4148
8968,4879
8969,3328
8970,2707
8971,2722
8972,3837
8973,2982
8974,3572
8975,4027
8976,3816
8977,3585
8978,3270
8979,3355
8980,4022
8981,2908
8982,562
8983,3171
8984,2626
8985,3482
8986,3942
8987,2360
8988,2543
8989,2800
8990,4329
8991,3333
8992,3895
8993,3746
8994,2922
8995,3938
8996,3225
8997,3594
8998,3726
8999,4288
9000,4207
9001,2423
9002,3071
9003,3009
9004,3187
9005,3097
9006,2171
9007,2605
9008,2900
9009,3539
9010,2016
9011,2926
9012,4450
9013,3713
9014,4164
9015,1807
9016,1896
9017,3186
9018,3593
9019,2870
9020,2653
9021,2946
9022,3833
9023,1912
9024,4225
9025,3319
9026,2871
9027,751
9028,1886
9029,1451
9030,2383
9031,2345
9032,4143
9033,2523
9034,4286
9035,3118
9036,4383
9037,4147
9038,3687
9039,3469
9040,4154
9041,948
9042,2887
9043,2997
9044,2357
9045,2068
9046,3448
9047,3072
9048,3097
9049,2781
9050,4129
9051,3240
9052,3346
9053,3372
9054,4835
9055,3117
9056,3832
9057,1561
9058,2308
9059,2557
9060,2792
9061,5071
9062,4007
9063,3698
9064,1849
9065,3569
9066,2602
9067,2835
9068,2195
9069,1604
9070,1339
9071,2348
9072,1885
9073,1888
9074,3729
9075,5369
9076,3406
9077,5580
9078,3056
9079,4135
9080,4770
9081,5215
9082,3276
9083,4567
9084,3152
9085,3449
9086,4033
9087,3786
9088,3035
9089,4833
9090,3401
9091,1650
9092,2246
9093,2866
9094,1596
9095,2234
9096,2596
9097,2254
9098,3182
9099,1894
9100,3042
9101,4075
9102,3886
9103,2885
9104,2406
9105,2798
9106,4925
9107,3201
9108,5618
9109,2584
9110,5302
9111,4398
9112,3722
9113,3299
9114,3502
9115,4374
9116,3371
9117,4802
9118,4223
9119,5434
9120,4883
9121,5396
9122,4006
9123,4465
9124,4784
9125,4330
9126,4752
9127,3722
9128,2725
9129,2587
9130,5109
9131,2803
9132,2998
9133,4093
9134,2336
9135,3879
9136,2753
9137,4154
9138,3647
9139,3751
9140,4744
9141,4633
9142,1893
9143,2253
9144,3243
9145,2782
9146,3359
9147,2944
9148,3811
9149,4240
9150,3700
9151,4003
9152,3340
9153,2717
9154,3674
9155,4311
9156,4548
9157,4280
9158,4700
9159,3550
9160,3845
9161,3554
9162,2541
9163,4072
9164,2472
9165,3566
9166,2876
9167,5059
9168,3683
9169,4208
9170,3717
9171,5105
9172,4916
9173,5461
9174,4764
9175,4357
9176,5087
9177,4817
9178,5229
9179,4057
9180,4322
9181,3647
9182,3294
9183,3174
9184,3732
9185,2913
9186,4993
9187,5156
9188,4348
9189,3838
9190,2502
9191,3945
9192,2484
9193,3849
9194,2566
9195,3606
9196,3118
9197,4501
9198,2916
9199,3517
9200,2837
9201,2992
9202,3806
9203,3555
9204,3906
9205,4087
9206,4210
9207,2956
9208,3084
9209,3363
9210,4192
9211,4247
9212,4994
9213,4471
9214,4080
9215,5207
9216,4678
9217,4523
9218,3723
9219,3942
9220,4403
9221,5627
9222,4155
9223,4201
9224,4336
9225,4455
9226,4234
9227,4406
9228,4395
9229,4501
9230,5057
9231,4899
9232,4119
9233,4296
9234,4947
9235,4095
9236,3404
9237,3496
9238,3218
9239,4286
9240,4157
9241,4924
9242,3919
9243,3646
9244,2874
9245,2783
9246,3361
9247,2648
9248,3763
9249,3863
9250,2704
9251,1947
9252,4219
9253,3637
9254,3558
9255,3107
9256,4486
9257,4271
9258,3460
9259,3260
9260,3196
9261,3178
9262,4020
9263,4049
9264,1801
9265,4823
9266,3530
9267,2808
9268,3840
9269,2224
9270,3726
9271,1853
9272,2062
9273,3023
9274,2744
9275,3638
9276,3756
9277,3215
9278,4157
9279,5339
9280,3561
9281,4062
9282,3755
9283,5356
9284,4407
9285,5586
9286,4246
9287,5282
9288,5766
9289,4782
9290,5334
9291,5259
9292,3486
9293,4313
9294,4251
9295,3580
9296,4676
9297,3206
9298,3312
9299,3668
9300,4194
9301,4263
9302,3567
9303,3300
9304,3200
9305,3236
9306,4047
9307,4272
9308,4384
9309,4577
9310,5411
9311,4153
9312,4616
9313,4216
9314,4332
9315,3987
9316,3575
9317,3141
9318,3960
9319,4473
9320,3023
9321,4618
9322,5146
9323,3989
9324,3694
9325,2593
9326,3209
9327,4468
9328,3183
9329,2996
9330,3777
9331,2708
9332,3868
9333,4011
9334,4007
9335,3369
9336,3175
9337,3408
9338,4568
9339,3410
9340,3208
9341,2876
9342,3634
9343,3118
9344,3065
9345,2983
9346,2397
9347,3656
9348,2021
9349,2251
9350,1848
9351,2982
9352,2152
9353,3022
9354,4056
9355,4045
9356,5267
9357,4454
9358,5130
9359,3870
9360,4349
9361,4704
9362,4067
9363,4118
9364,5360
9365,4071
9366,3898
9367,5067
9368,4641
9369,3955
9370,4866
9371,5176
9372,5188
9373,5051
9374,4705
9375,3618
9376,3027
9377,3750
9378,4799
9379,3697
9380,4086
9381,3226
9382,3374
9383,2790
9384,3023
9385,2935
9386,3700
9387,4453
9388,2880
9389,4255
9390,4214
9391,3345
9392,4115
9393,3200
9394,4454
9395,2323
9396,3464
9397,3102
9398,4205
9399,3355
9400,3834
9401,5213
9402,4643
9403,4798
9404,3409
9405,3249
9406,2613
9407,2187
9408,4311
9409,4263
9410,3457
9411,3139
9412,2388
9413,3799
9414,2522
9415,2795
9416,4284
9417,3204
9418,3405
9419,3029
9420,2698
9421,2688
9422,1835
9423,2563
9424,2682
9425,1519
9426,1712
9427,1867
9428,2206
9429,1567
9430,2427
9431,1543
9432,1459
9433,1727
9434,2800
9435,3661
9436,1866
9437,2795
9438,3193
9439,4040
9440,4461
9441,5654
9442,4780
9443,4683
9444,4919
9445,4435
9446,4925
9447,4890
9448,4263
9449,4137
9450,4358
9451,4023
9452,4351
9453,4902
9454,3485
9455,4110
9456,4493
9457,3664
9458,4368
9459,4158
9460,4791
9461,3802
9462,3649
9463,3267
9464,4391
9465,4575
9466,4451
9467,4016
9468,3548
9469,2952
9470,3725
9471,3821
9472,3499
9473,2911
9474,3144
9475,2982
9476,3284
9477,4159
9478,4268
9479,4555
9480,2767
9481,3230
9482,3041
9483,3590
9484,4444
9485,3799
9486,4577
9487,3946
9488,4934
9489,4616
9490,4079
9491,4417
9492,4104
9493,3408
9494,4055
9495,3233
9496,4357
9497,4068
9498,3520
9499,3528
9500,3670
9501,2727
9502,3475
9503,2365
9504,3076
9505,3542
9506,3459
9507,2388
9508,2705
9509,3077
9510,3226
9511,3578
9512,1905
9513,2029
9514,2211
9515,2424
9516,875
9517,1852
9518,2638
9519,2891
9520,4340
9521,5111
9522,4340
9523,4575
9524,3212
9525,3512
9526,3563
9527,3862
9528,4193
9529,4911
9530,4852
9531,3856
9532,4520
9533,4621
9534,4101
9535,4435
9536,4764
9537,4709
9538,3853
9539,4678
9540,4688
9541,4389
9542,3888
9543,3367
9544,3146
9545,3649
9546,2866
9547,3706
9548,3342
9549,3568
9550,3466
9551,3742
9552,2648
9553,3900
9554,3765
9555,2928
9556,3132
9557,3253
9558,3058
9559,3511
9560,4025
9561,4012
9562,3698
9563,3478
9564,4281
9565,3620
9566,4362
9567,3372
9568,3337
9569,4729
9570,2950
9571,4441
9572,4827
9573,4477
9574,3097
9575,4965
9576,5091
9577,3582
9578,2903
9579,5224
9580,4277
9581,4122
9582,4879
9583,3790
9584,4460
9585,3441
9586,2943
9587,3706
9588,2469
9589,1970
9590,3025
9591,2780
9592,2618
9593,2606
9594,1932
9595,2991
9596,3071
9597,2555
9598,2750
9599,2220
9600,2329
9601,1973
9602,2162
9603,1425
9604,1269
9605,3192
9606,3236
9607,3806
9608,3323
9609,3439
9610,3773
9611,1014
9612,4204
9613,3862
9614,3749
9615,4347
9616,4130
9617,4276
9618,4413
9619,3654
9620,4278
9621,4842
9622,4317
9623,3799
9624,4235
9625,3425
9626,3797
9627,3753
9628,3780
9629,3414
9630,2495
9631,3560
9632,2559
9633,2758
9634,2990
9635,3131
9636,3278
9637,3987
9638,2808
9639,3844
9640,3304
9641,3642
9642,3594
9643,2900
9644,3677
9645,2744
9646,3376
9647,4209
9648,3451
9649,4250
9650,3874
9651,4045
9652,4004
9653,3120
9654,3539
9655,4001
9656,4322
9657,3306
9658,4474
9659,4783
9660,2724
9661,3725
9662,4002
9663,3332
9664,5301
9665,3050
9666,4693
9667,3471
9668,4849
9669,2943
9670,4628
9671,3730
9672,4305
9673,4646
9674,3326
9675,3731
9676,4014
9677,2462
9678,3379
9679,2474
9680,1712
9681,2573
9682,2022
9683,2862
9684,3398
9685,2923
9686,4511
9687,2673
9688,3348
9689,361
9690,3553
9691,3144
9692,3346
9693,2684
9694,1830
9695,3071
9696,3787
9697,3281
9698,5031
9699,4606
9700,4598
9701,4290
9702,4205
9703,4453
9704,4440
9705,4421
9706,4238
9707,4602
9708,3969
9709,4104
9710,3670
9711,3525
9712,4642
9713,2994
9714,2955
9715,3660
9716,3320
9717,2578
9718,2973
9719,3337
9720,2781
9721,2526
9722,3075
9723,2648
9724,3646
9725,4064
9726,4361
9727,3854
9728,3738
9729,3696
9730,4168
9731,3821
9732,3963
9733,3392
9734,3820
9735,3285
9736,3939
9737,4543
9738,4766
9739,4482
9740,4123
9741,4002
9742,4017
9743,4102
9744,3602
9745,3099
9746,4224
9747,3424
9748,3531
9749,4401
9750,2677
9751,3752
9752,4252
9753,2394
9754,4788
9755,4408
9756,4694
9757,4469
9758,5147
9759,4159
9760,5956
9761,4409
9762,4053
9763,4011
9764,4261
9765,4310
9766,4276
9767,2667
9768,3895
9769,3468
9770,3730
9771,5054
9772,5401
9773,3462
9774,3300
9775,4645
9776,3524
9777,3023
9778,4326
9779,3600
9780,4316
9781,1870
9782,2737
9783,3544
9784,4278
9785,4220
9786,3854
9787,3994
9788,3314
9789,3408
9790,3729
9791,3470
9792,3290
9793,3822
9794,3957
9795,3768
9796,4210
9797,3087
9798,4132
9799,2916
9800,3289
9801,3868
9802,3794
9803,3752
9804,3736
9805,3989
9806,3731
9807,3060
9808,3488
9809,3689
9810,3636
9811,3413
9812,4265
9813,3717
9814,3781
9815,3549
9816,3211
9817,2954
9818,3606
9819,3469
9820,4284
9821,4179
9822,2910
9823,4698
9824,4308
9825,4393
9826,3165
9827,4671
9828,5507
9829,4443
9830,4473
9831,5009
9832,5193
9833,4981
9834,4864
9835,4651
9836,4722
9837,5214
9838,4539
9839,4751
9840,4449
9841,4236
9842,4078
9843,4722
9844,2846
9845,4081
9846,4332
9847,4637
9848,2053
9849,3264
9850,3187
9851,3193
9852,3551
9853,5004
9854,4419
9855,4938
9856,1938
9857,4115
9858,3015
9859,1208
9860,3685
9861,3615
9862,3931
9863,4219
9864,4803
9865,5151
9866,4196
9867,3570
9868,3815
9869,4045
9870,3778
9871,3622
9872,3364
9873,3434
9874,4028
9875,3583
9876,3477
9877,3754
9878,3519
9879,3685
9880,3901
9881,3965
9882,3915
9883,3466
9884,3583
9885,4206
9886,3791
9887,3821
9888,3589
9889,3955
9890,3269
9891,3312
9892,4743
9893,4571
9894,4777
9895,4256
9896,5056
9897,3264
9898,3362
9899,2854
9900,3144
9901,4188
9902,3379
9903,4689
9904,4735
9905,4835
9906,4910
9907,5269
9908,5040
9909,5182
9910,4933
9911,6538
9912,3421
9913,2789
9914,2950
9915,3657
9916,5243
9917,4791
9918,5641
9919,4821
9920,3886
9921,3064
9922,4511
9923,3374
9924,2330
9925,2450
9926,1345
9927,2030
9928,3463
9929,4185
9930,4454
9931,4287
9932,4348
9933,4759
9934,5245
9935,4786
9936,3758
9937,4509
9938,3971
9939,4013
9940,4435
9941,3604
9942,4067
9943,4415
9944,3920
9945,4435
9946,3312
9947,4064
9948,3706
9949,3213
9950,3999
9951,2887
9952,3450
9953,2757
9954,3182
9955,2569
9956,2988
9957,3596
9958,3514
9959,4973
9960,3839
9961,5665
9962,5210
9963,4404
9964,5074
9965,4188
9966,4754
9967,3668
9968,3132
9969,3907
9970,3972
9971,3829
9972,3428
9973,3983
9974,3418
9975,5137
9976,2363
9977,5169
9978,3539
9979,3807
9980,3244
9981,3241
9982,3160
9983,3780
9984,4261
9985,3936
9986,4415
9987,4262
9988,3795
9989,5368
9990,4265
9991,4817
9992,4705
9993,4404
9994,3723
9995,3892
9996,4051
9997,4534
9998,4694
9999,4132
10000,5157
10001,4615
10002,3351
10003,3417
10004,1870
10005,2931
10006,1621
10007,2334
10008,2799
10009,4651
10010,2856
10011,4663
10012,3639
10013,2496
10014,2888
10015,2467
10016,3354
10017,3902
10018,2807
10019,2442
10020,1903
10021,3780
10022,2777
10023,4477
10024,4011
10025,4165
10026,4327
10027,4914
10028,4030
10029,4631
10030,4211
10031,3752
10032,4772
10033,4083
10034,3777
10035,4511
10036,3972
10037,5070
10038,4832
10039,4250
10040,4606
10041,4500
10042,6197
10043,4083
10044,3912
10045,5102
10046,4115
10047,4452
10048,2823
10049,4086
10050,4013
10051,4668
10052,5389
10053,5226
10054,4129
10055,2908
10056,3666
10057,2914
10058,2236
10059,3240
10060,3037
10061,1861
10062,946
10063,3486
10064,3189
10065,4510
10066,4855
10067,4162
10068,4355
10069,4340
10070,4866
10071,2837
10072,3705
10073,3435
10074,3227
10075,3671
10076,2614
10077,4136
10078,3306
10079,3783
10080,3783
10081,3783
10082,3207
10083,2461
10084,2532
10085,4093
10086,3708
10087,3569
10088,3772
10089,3143
10090,3551
10091,3441
10092,3613
10093,3431
10094,3110
10095,2939
10096,3185
10097,3095
10098,3657
10099,3290
10100,5398
10101,3932
10102,3983
10103,4421
10104,4139
10105,4824
10106,4434
10107,4654
10108,4224
10109,3802
10110,4120
10111,3514
10112,3926
10113,3873
10114,3380
10115,4291
10116,3508
10117,3941
10118,3778
10119,2753
10120,2011
10121,4298
10122,3654
10123,4053
10124,4828
10125,4169
10126,3523
10127,4430
10128,3819
10129,3314
10130,3291
10131,3498
10132,2948
10133,3245
10134,3597
10135,3199
10136,4137
10137,3338
10138,3667
10139,3980
10140,3408
10141,2373
10142,2555
10143,4232
10144,3449
10145,3543
10146,3991
10147,4392
10148,3833
10149,3761
10150,4413
10151,4655
10152,3572
10153,3351
10154,2731
10155,3006
10156,2092
10157,2618
10158,2948
10159,3493
10160,3586
10161,3979
10162,4631
10163,3718
10164,4241
10165,3864
10166,4067
10167,4397
10168,4628
10169,3550
10170,4277
10171,4512
10172,3837
10173,4357
10174,4564
10175,4295
10176,4665
10177,3783
10178,3903
10179,4797
10180,3001
10181,5289
10182,4351
10183,4208
10184,4774
10185,4002
10186,4307
10187,3314
10188,3672
10189,3299
10190,3696
10191,3254
10192,3858
10193,3052
10194,4062
10195,3327
10196,3380
10197,2977
10198,3276
10199,1961
10200,2390
10201,3108
10202,3697
10203,4210
10204,1890
10205,4583
10206,4996
10207,4937
10208,4544
10209,3164
10210,2760
10211,3517
10212,3966
10213,3588
10214,3081
10215,3477
10216,3207
10217,2988
10218,2703
10219,3633
10220,3695
10221,4264
10222,4800
10223,3722
10224,4447
10225,4579
10226,4639
10227,4562
10228,4066
10229,4756
10230,3992
10231,4194
10232,3764
10233,3532
10234,3382
10235,3350
10236,4211
10237,3793
10238,3636
10239,4055
10240,3140
10241,3369
10242,3365
10243,2712
10244,3739
10245,4464
10246,3349
10247,3283
10248,2123
10249,3734
10250,2023
10251,3684
10252,4302
10253,1682
10254,3395
10255,4556
10256,3623
10257,3737
10258,4377
10259,4330
10260,4769
10261,3609
10262,3601
10263,4554
10264,3283
10265,3246
10266,3674
10267,3570
10268,4321
10269,2639
10270,4454
10271,4239
10272,3968
10273,4332
10274,4184
10275,4492
10276,3835
10277,3876
10278,3624
10279,3595
10280,3873
10281,2898
10282,3699
10283,2783
10284,4186
10285,3490
10286,4014
10287,3455
10288,4037
10289,830
10290,4418
10291,4191
10292,4286
10293,2338
10294,2514
10295,1284
10296,3033
10297,2413
10298,3442
10299,3781
10300,4402
10301,2870
10302,3900
10303,3392
10304,3520
10305,3880
10306,3180
10307,3296
10308,3378
10309,2570
10310,3690
10311,3047
10312,3611
10313,3199
10314,4397
10315,4554
10316,4348
10317,3969
10318,4008
10319,3707
10320,3986
10321,4871
10322,4632
10323,4303
10324,3423
10325,3972
10326,3472
10327,4090
10328,3516
10329,4901
10330,4000
10331,3491
10332,3989
10333,3203
10334,3511
10335,4356
10336,3569
10337,3147
10338,2310
10339,2379
10340,3734
10341,3384
10342,3956
10343,4052
10344,2419
10345,3994
10346,3206
10347,3472
10348,3566
10349,2406
10350,3297
10351,3453
10352,3669
10353,5085
10354,3549
10355,4002
10356,3992
10357,4251
10358,3788
10359,4399
10360,4488
10361,2974
10362,2589
10363,1599
10364,2650
10365,3207
10366,2934
10367,3758
10368,3220
10369,2974
10370,2935
10371,4195
10372,3069
10373,3696
10374,2950
10375,3027
10376,3636
10377,3436
10378,2695
10379,3175
10380,3709
10381,4030
10382,3527
10383,3259
10384,3850
10385,2972
10386,2522
10387,1771
10388,1889
10389,2684
10390,2441
10391,3273
10392,3485
10393,3006
10394,3879
10395,4129
10396,3473
10397,2777
10398,2512
10399,3116
10400,2865
10401,2944
10402,3128
10403,3913
10404,3013
10405,2619
10406,4192
10407,2968
10408,3646
10409,4094
10410,3162
10411,3905
10412,2457
10413,3257
10414,2893
10415,3107
10416,3182
10417,917
10418,2716
10419,3237
10420,3707
10421,1749
10422,3365
10423,2413
10424,3913
10425,2655
10426,3058
10427,2698
10428,3148
10429,2572
10430,3050
10431,2987
10432,3470
10433,4433
10434,4213
10435,3997
10436,4245
10437,3382
10438,3732
10439,3289
10440,3770
10441,2680
10442,2343
10443,3599
10444,2193
10445,2109
10446,2531
10447,2496
10448,3665
10449,3372
10450,3078
10451,2713
10452,4116
10453,3539
10454,2984
10455,3463
10456,4074
10457,4243
10458,3429
10459,4634
10460,3460
10461,2914
10462,2274
10463,2462
10464,4320
10465,2564
10466,3088
10467,3321
10468,4175
10469,3832
10470,3384
10471,3947
10472,3631
10473,4082
10474,4291
10475,3250
10476,4191
10477,3172
10478,4776
10479,3716
10480,4511
10481,4326
10482,3632
10483,3496
10484,4099
10485,3996
10486,3850
10487,5537
10488,5449
10489,3860
10490,4143
10491,5327
10492,5377
10493,5465
10494,4910
10495,5570
10496,4255
10497,3663
10498,4533
10499,3944
10500,4936
10501,4972
10502,5786
10503,4774
10504,5197
10505,5004
10506,3914
10507,3883
10508,5334
10509,4693
10510,4946
10511,4252
10512,4408
10513,6265
10514,4307
10515,4770
10516,4460
10517,5019
10518,5833
10519,5363
10520,4174
10521,5517
10522,4195
10523,4140
10524,2947
10525,3530
10526,4312
10527,4241
10528,4199
10529,3401
10530,2019
10531,2406
10532,2647
10533,2762
10534,1974
10535,2723
10536,808
10537,2003
10538,1270
10539,2351
10540,2399
10541,2200
10542,2640
10543,2578
10544,2996
10545,3372
10546,3694
10547,2762
10548,3154
10549,2754
10550,1992
10551,2461
10552,1984
10553,2528
10554,2571
10555,2335
10556,2677
10557,2271
10558,1890
10559,2004
10560,2292
10561,2229
10562,514
10563,2130
10564,1940
10565,2246
10566,1358
10567,2086
10568,2793
10569,2010
10570,2525
10571,2694
10572,2838
10573,2658
10574,2730
10575,2981
10576,2498
10577,2754
10578,3004
10579,2467
10580,2872
10581,2621
10582,2896
10583,2287
10584,2710
10585,1516
10586,2564
10587,2051
10588,1788
10589,1331
10590,2351
10591,2140
10592,1690
10593,2153
10594,1391
10595,1055
10596,2437
10597,2561
10598,2514
10599,2765
10600,2502
10601,2685
10602,3093
10603,2228
10604,2100
10605,3127
10606,2640
10607,2557
10608,2985
10609,2785
10610,2506
10611,1955
10612,2266
10613,1481
10614,1617
10615,1485
10616,1342
10617,1633
10618,1617
10619,1469
10620,2975
10621,2033
10622,3234
10623,4363
10624,2279
10625,2396
10626,2884
10627,3136
10628,3690
10629,2959
10630,3548
10631,3783
10632,3992
10633,2964
10634,3646
10635,4089
10636,4335
10637,3743
10638,3748
10639,3009
10640,4219
10641,3969
10642,3792
10643,3853
10644,4122
10645,4115
10646,4955
10647,4442
10648,3583
10649,4494
10650,4047
10651,2863
10652,3958
10653,3967
10654,4362
10655,4445
10656,4818
10657,3645
10658,3985
10659,4052
10660,4064
10661,3719
10662,3602
10663,3581
10664,3970
10665,3876
10666,4367
10667,3662
10668,4902
10669,4928
10670,3425
10671,3863
10672,4249
10673,3844
10674,3874
10675,3395
10676,2275
10677,4397
10678,3633
10679,3876
10680,5208
10681,5434
10682,3443
10683,3302
10684,3217
10685,2560
10686,3737
10687,4552
10688,3457
10689,3920
10690,3580
10691,4043
10692,4198
10693,3367
10694,3458
10695,3795
10696,3965
10697,3178
10698,3171
10699,3232
10700,3290
10701,3519
10702,4418
10703,3677
10704,4302
10705,3055
10706,2233
10707,3902
10708,3292
10709,3353
10710,4718
10711,4430
10712,5134
10713,5108
10714,6217
10715,4038
10716,5692
10717,3773
10718,4620
10719,3210
10720,3086
10721,3143
10722,3506
10723,3986
10724,4082
10725,3265
10726,4460
10727,3641
10728,5386
10729,3620
10730,3132
10731,3600
10732,2626
10733,3271
10734,3828
10735,2834
10736,3321
10737,3145
10738,2942
10739,3220
10740,3475
10741,4236
10742,5300
10743,4683
10744,4943
10745,4614
10746,5062
10747,3562
10748,3732
10749,4315
10750,4107
10751,2735
10752,2485
10753,4037
10754,2750
10755,3773
10756,3400
10757,3771
10758,5480
10759,5258
10760,6395
10761,5108
10762,3057
10763,3199
10764,4013
10765,2353
10766,3688
10767,4043
10768,3181
10769,4098
10770,3057
10771,3297
10772,3739
10773,4294
10774,3743
10775,4133
10776,3636
10777,4703
10778,4391
10779,3669
10780,2911
10781,4886
10782,3918
10783,4299
10784,4046
10785,4267
10786,3868
10787,5171
10788,3037
10789,4355
10790,3967
10791,5010
10792,4731
10793,4604
10794,4714
10795,5386
10796,3631
10797,5206
10798,4214
10799,1405
10800,4611
10801,3496
10802,2949
10803,3817
10804,3957
10805,3079
10806,3689
10807,1901
10808,3806
10809,4021
10810,3212
10811,4041
10812,3296
10813,4000
10814,3322
10815,4042
10816,3396
10817,3466
10818,3537
10819,3321
10820,3837
10821,3762
10822,4231
10823,3953
10824,3445
10825,4233
10826,3595
10827,4037
10828,3880
10829,3606
10830,3728
10831,4513
10832,5023
10833,4183
10834,5280
10835,4174
10836,4869
10837,3367
10838,4438
10839,4320
10840,4334
10841,4373
10842,4350
10843,4604
10844,4217
10845,3991
10846,4877
10847,5107
10848,5020
10849,4967
10850,4828
10851,5364
10852,5210
10853,5119
10854,4759
10855,5262
10856,5165
10857,4676
10858,4099
10859,4367
10860,5499
10861,4416
10862,5347
10863,4402
10864,4337
10865,4013
10866,3508
10867,4144
10868,3240
10869,3168
10870,2772
10871,4451
10872,3958
10873,3367
10874,3749
10875,3783
10876,3342
10877,3574
10878,3422
10879,3274
10880,3338
10881,3578
10882,3540
10883,4518
10884,3243
10885,3400
10886,3741
10887,4442
10888,4123
10889,3451
10890,3917
10891,4230
10892,4449
10893,4577
10894,4674
10895,4259
10896,3916
10897,4387
10898,4660
10899,4298
10900,4294
10901,5014
10902,4124
10903,4110
10904,3951
10905,4210
10906,4881
10907,5085
10908,3712
10909,5751
10910,3653
10911,5289
10912,4678
10913,5039
10914,4922
10915,4851
10916,3232
10917,3975
10918,3615
10919,4688
10920,4120
10921,4057
10922,4379
10923,4449
10924,4150
10925,4350
10926,3976
10927,4073
10928,3824
10929,3616
10930,3604
10931,3309
10932,2502
10933,4163
10934,4451
10935,3724
10936,3677
10937,4144
10938,3634
10939,3702
10940,3773
10941,3544
10942,4440
10943,3902
10944,5277
10945,4338
10946,4184
10947,4124
10948,3661
10949,3556
10950,4295
10951,4431
10952,4516
10953,4512
10954,4761
10955,4433
10956,4189
10957,3974
10958,5011
10959,4122
10960,4949
10961,4455
10962,4027
10963,4457
10964,4282
10965,4358
10966,5214
10967,4050
10968,3615
10969,4411
10970,3958
10971,5270
10972,3855
10973,5164
10974,5621
10975,5195
10976,3627
10977,3155
10978,2612
10979,4567
10980,3895
10981,4578
10982,4181
10983,4508
10984,4093
10985,4281
10986,3768
10987,3012
10988,3896
10989,3956
10990,3762
10991,2432
10992,2558
10993,2692
10994,2405
10995,2734
10996,2545
10997,2462
10998,2915
10999,3156
11000,3532
11001,2866
11002,3416
11003,3586
11004,3577
11005,3801
11006,4313
11007,4168
11008,3770
11009,5046
11010,3623
11011,3465
11012,4255
11013,3483
11014,4479
11015,4103
11016,3658
11017,3696
11018,4425
11019,4231
11020,4313
11021,4565
11022,4758
11023,3305
11024,4506
11025,4545
11026,3201
11027,3563
11028,3808
11029,3512
11030,3465
11031,3567
11032,3739
11033,3401
11034,3574
11035,3149
11036,3082
11037,3693
11038,3955
11039,4595
11040,5168
11041,5136
11042,4695
11043,5361
11044,4836
11045,5095
11046,5021
11047,3169
11048,3682
11049,3894
11050,4200
11051,2863
11052,4181
11053,5021
11054,5430
11055,4787
11056,4487
11057,4262
11058,2568
11059,3864
11060,2832
11061,3375
11062,3094
11063,2524
11064,1767
11065,2080
11066,3036
11067,3489
11068,5420
11069,2999
11070,3625
11071,3383
11072,3868
11073,3349
11074,3860
11075,3013
11076,4281
11077,3422
11078,3804
11079,3689
11080,4254
11081,3813
11082,3986
11083,4169
11084,4012
11085,3787
11086,4121
11087,4076
11088,4577
11089,4560
11090,3085
11091,3460
11092,4285
11093,3540
11094,3807
11095,3593
11096,3706
11097,3647
11098,3465
11099,3628
11100,3783
11101,3189
11102,3580
11103,3267
11104,3088
11105,4213
11106,2658
11107,3172
11108,4096
11109,4042
11110,3995
11111,3603
11112,5259
11113,5196
11114,5263
11115,3999
11116,4755
11117,5291
11118,5219
11119,4708
11120,4044
11121,4347
11122,4451
11123,3227
11124,4557
11125,3430
11126,3771
11127,3711
11128,5337
11129,4974
11130,5281
11131,4722
11132,3973
11133,4370
11134,4315
11135,4123
11136,4218
11137,2139
11138,2871
11139,3916
11140,3272
11141,3838
11142,3662
11143,4578
11144,3627
11145,3240
11146,4310
11147,4314
11148,4392
11149,3588
11150,4152
11151,3687
11152,3874
11153,4228
11154,4243
11155,3339
11156,3816
11157,3400
11158,4409
11159,4038
11160,3784
11161,4706
11162,3659
11163,4040
11164,4308
11165,3227
11166,3561
11167,4170
11168,3612
11169,4755
11170,3913
11171,4465
11172,4189
11173,4462
11174,3452
11175,3712
11176,4052
11177,3721
11178,3533
11179,3344
11180,4014
11181,3354
11182,3924
11183,4265
11184,3649
11185,4106
11186,3867
11187,3613
11188,2936
11189,3961
11190,3901
11191,3462
11192,4261
11193,4573
11194,3811
11195,4267
11196,4234
11197,5349
11198,3515
11199,3868
11200,4303
11201,3587
11202,3426
11203,3267
11204,2826
11205,2915
11206,5071
11207,4116
11208,4929
11209,4050
11210,4493
11211,4293
11212,2887
11213,3204
11214,3938
11215,2363
11216,4034
11217,3834
11218,3587
11219,3150
11220,3860
11221,4032
11222,3983
11223,3639
11224,3753
11225,4381
11226,3576
11227,4102
11228,4346
11229,3282
11230,3569
11231,4506
11232,3982
11233,5049
11234,3266
11235,3757
11236,3837
11237,4543
11238,4185
11239,3584
11240,3136
11241,3858
11242,3361
11243,4498
11244,3195
11245,2903
11246,3998
11247,3568
11248,4187
11249,4410
11250,3572
11251,2393
11252,3001
11253,3798
11254,3647
11255,3353
11256,2895
11257,3514
11258,4581
11259,3826
11260,4635
11261,4061
11262,3883
11263,3473
11264,2949
11265,3956
11266,3826
11267,3684
11268,3185
11269,4095
11270,3067
11271,4091
11272,2777
11273,5419
11274,3318
11275,3426
11276,2640
11277,3280
11278,3343
11279,2991
11280,4493
11281,3031
11282,5246
11283,3837
11284,4124
11285,3855
11286,4019
11287,4214
11288,3459
11289,3130
11290,3225
11291,3936
11292,3817
11293,5662
11294,4437
11295,3909
11296,4976
11297,3828
11298,4042
11299,4813
11300,3677
11301,4604
11302,3259
11303,3943
11304,3956
11305,3620
11306,3280
11307,3063
11308,3033
11309,4549
11310,3299
11311,3250
11312,3727
11313,3235
11314,3851
11315,3268
11316,3791
11317,2979
11318,3962
11319,3995
11320,3140
11321,2715
11322,3436
11323,3233
11324,3664
11325,4060
11326,3572
11327,4549
11328,3873
11329,3507
11330,3228
11331,3834
11332,2225
11333,3041
11334,3866
11335,3098
11336,3120
11337,2294
11338,1931
11339,3698
11340,3806
11341,3960
11342,4336
11343,3100
11344,2939
11345,3178
11346,3358
11347,3606
11348,3266
11349,2920
11350,3330
11351,2721
11352,2904
11353,3579
11354,3245
11355,3021
11356,3283
11357,3899
11358,3559
11359,3642
11360,3652
11361,3863
11362,3356
11363,4466
11364,4697
11365,4357
11366,3836
11367,3761
11368,3823
11369,4895
11370,3341
11371,3526
11372,2588
11373,2551
11374,1874
11375,1358
11376,4076
11377,2362
11378,4256
11379,3251
11380,3251
11381,3797
11382,3409
11383,3012
11384,3781
11385,3501
11386,4045
11387,3206
11388,3539
11389,3234
11390,3534
11391,3548
11392,3552
11393,4357
11394,3753
11395,3777
11396,3739
11397,3553
11398,3865
11399,3000
11400,4006
11401,3485
11402,3731
11403,3009
11404,2377
11405,1852
11406,3450
11407,2587
11408,2575
11409,2330
11410,2708
11411,3298
11412,3060
11413,2291
11414,1934
11415,1136
11416,2312
11417,2208
11418,3278
11419,3908
11420,3782
11421,3371
11422,2819
11423,3897
11424,2641
11425,3245
11426,2708
11427,3510
11428,3120
11429,3098
11430,3368
11431,2694
11432,3033
11433,3257
11434,1189
11435,1773
11436,2421
11437,3885
11438,1855
11439,1583
11440,3580
11441,2406
11442,5407
11443,4571
11444,4391
11445,4521
11446,4128
11447,3386
11448,3496
11449,4600
11450,4933
11451,4376
11452,4391
11453,4716
11454,5022
11455,2594
11456,3658
11457,2257
11458,4483
11459,3512
11460,3637
